extern "C" {
extern const unsigned char models_har_cnn_tinyml_int8_tflite[] = {
  0x20, 0x00, 0x00, 0x00, 0x54, 0x46, 0x4c, 0x33, 0x00, 0x00, 0x00, 0x00,
  0x14, 0x00, 0x20, 0x00, 0x1c, 0x00, 0x18, 0x00, 0x14, 0x00, 0x10, 0x00,
  0x0c, 0x00, 0x00, 0x00, 0x08, 0x00, 0x04, 0x00, 0x14, 0x00, 0x00, 0x00,
  0x1c, 0x00, 0x00, 0x00, 0x84, 0x00, 0x00, 0x00, 0xdc, 0x00, 0x00, 0x00,
  0x8c, 0x3b, 0x00, 0x00, 0x9c, 0x3b, 0x00, 0x00, 0xd0, 0x5e, 0x00, 0x00,
  0x03, 0x00, 0x00, 0x00, 0x01, 0x00, 0x00, 0x00, 0x04, 0x00, 0x00, 0x00,
  0x4a, 0xc1, 0xff, 0xff, 0x0c, 0x00, 0x00, 0x00, 0x1c, 0x00, 0x00, 0x00,
  0x3c, 0x00, 0x00, 0x00, 0x0f, 0x00, 0x00, 0x00, 0x73, 0x65, 0x72, 0x76,
  0x69, 0x6e, 0x67, 0x5f, 0x64, 0x65, 0x66, 0x61, 0x75, 0x6c, 0x74, 0x00,
  0x01, 0x00, 0x00, 0x00, 0x04, 0x00, 0x00, 0x00, 0x98, 0xff, 0xff, 0xff,
  0x1e, 0x00, 0x00, 0x00, 0x04, 0x00, 0x00, 0x00, 0x08, 0x00, 0x00, 0x00,
  0x6f, 0x75, 0x74, 0x70, 0x75, 0x74, 0x5f, 0x30, 0x00, 0x00, 0x00, 0x00,
  0x01, 0x00, 0x00, 0x00, 0x04, 0x00, 0x00, 0x00, 0x2e, 0xc4, 0xff, 0xff,
  0x04, 0x00, 0x00, 0x00, 0x05, 0x00, 0x00, 0x00, 0x69, 0x6e, 0x70, 0x75,
  0x74, 0x00, 0x00, 0x00, 0x02, 0x00, 0x00, 0x00, 0x34, 0x00, 0x00, 0x00,
  0x04, 0x00, 0x00, 0x00, 0xdc, 0xff, 0xff, 0xff, 0x21, 0x00, 0x00, 0x00,
  0x04, 0x00, 0x00, 0x00, 0x13, 0x00, 0x00, 0x00, 0x43, 0x4f, 0x4e, 0x56,
  0x45, 0x52, 0x53, 0x49, 0x4f, 0x4e, 0x5f, 0x4d, 0x45, 0x54, 0x41, 0x44,
  0x41, 0x54, 0x41, 0x00, 0x08, 0x00, 0x0c, 0x00, 0x08, 0x00, 0x04, 0x00,
  0x08, 0x00, 0x00, 0x00, 0x20, 0x00, 0x00, 0x00, 0x04, 0x00, 0x00, 0x00,
  0x13, 0x00, 0x00, 0x00, 0x6d, 0x69, 0x6e, 0x5f, 0x72, 0x75, 0x6e, 0x74,
  0x69, 0x6d, 0x65, 0x5f, 0x76, 0x65, 0x72, 0x73, 0x69, 0x6f, 0x6e, 0x00,
  0x22, 0x00, 0x00, 0x00, 0xac, 0x3a, 0x00, 0x00, 0xa4, 0x3a, 0x00, 0x00,
  0x90, 0x3a, 0x00, 0x00, 0x74, 0x3a, 0x00, 0x00, 0x60, 0x3a, 0x00, 0x00,
  0x44, 0x3a, 0x00, 0x00, 0x28, 0x3a, 0x00, 0x00, 0x0c, 0x3a, 0x00, 0x00,
  0xe4, 0x39, 0x00, 0x00, 0x14, 0x39, 0x00, 0x00, 0x84, 0x38, 0x00, 0x00,
  0x74, 0x30, 0x00, 0x00, 0x64, 0x2f, 0x00, 0x00, 0x54, 0x07, 0x00, 0x00,
  0xc4, 0x06, 0x00, 0x00, 0x14, 0x01, 0x00, 0x00, 0x0c, 0x01, 0x00, 0x00,
  0x04, 0x01, 0x00, 0x00, 0xfc, 0x00, 0x00, 0x00, 0xf4, 0x00, 0x00, 0x00,
  0xec, 0x00, 0x00, 0x00, 0xe4, 0x00, 0x00, 0x00, 0xdc, 0x00, 0x00, 0x00,
  0xd4, 0x00, 0x00, 0x00, 0xcc, 0x00, 0x00, 0x00, 0xc4, 0x00, 0x00, 0x00,
  0xbc, 0x00, 0x00, 0x00, 0xb4, 0x00, 0x00, 0x00, 0xac, 0x00, 0x00, 0x00,
  0xa4, 0x00, 0x00, 0x00, 0x9c, 0x00, 0x00, 0x00, 0x94, 0x00, 0x00, 0x00,
  0x74, 0x00, 0x00, 0x00, 0x04, 0x00, 0x00, 0x00, 0x2a, 0xc5, 0xff, 0xff,
  0x04, 0x00, 0x00, 0x00, 0x60, 0x00, 0x00, 0x00, 0x0c, 0x00, 0x00, 0x00,
  0x08, 0x00, 0x0e, 0x00, 0x08, 0x00, 0x04, 0x00, 0x08, 0x00, 0x00, 0x00,
  0x10, 0x00, 0x00, 0x00, 0x28, 0x00, 0x00, 0x00, 0x00, 0x00, 0x06, 0x00,
  0x08, 0x00, 0x04, 0x00, 0x06, 0x00, 0x00, 0x00, 0x04, 0x00, 0x00, 0x00,
  0x01, 0x00, 0x00, 0x00, 0xeb, 0x03, 0x00, 0x00, 0x0c, 0x00, 0x18, 0x00,
  0x14, 0x00, 0x10, 0x00, 0x0c, 0x00, 0x04, 0x00, 0x0c, 0x00, 0x00, 0x00,
  0x73, 0xe6, 0x46, 0x35, 0x9b, 0x88, 0x06, 0xbc, 0x02, 0x00, 0x00, 0x00,
  0x02, 0x00, 0x00, 0x00, 0x04, 0x00, 0x00, 0x00, 0x06, 0x00, 0x00, 0x00,
  0x32, 0x2e, 0x32, 0x30, 0x2e, 0x30, 0x00, 0x00, 0x96, 0xc5, 0xff, 0xff,
  0x04, 0x00, 0x00, 0x00, 0x10, 0x00, 0x00, 0x00, 0x31, 0x2e, 0x31, 0x34,
  0x2e, 0x30, 0x00, 0x00, 0x00, 0x00, 0x00, 0x00, 0x00, 0x00, 0x00, 0x00,
  0xd8, 0xa3, 0xff, 0xff, 0xdc, 0xa3, 0xff, 0xff, 0xe0, 0xa3, 0xff, 0xff,
  0xe4, 0xa3, 0xff, 0xff, 0xe8, 0xa3, 0xff, 0xff, 0xec, 0xa3, 0xff, 0xff,
  0xf0, 0xa3, 0xff, 0xff, 0xf4, 0xa3, 0xff, 0xff, 0xf8, 0xa3, 0xff, 0xff,
  0xfc, 0xa3, 0xff, 0xff, 0x00, 0xa4, 0xff, 0xff, 0x04, 0xa4, 0xff, 0xff,
  0x08, 0xa4, 0xff, 0xff, 0x0c, 0xa4, 0xff, 0xff, 0x10, 0xa4, 0xff, 0xff,
  0x14, 0xa4, 0xff, 0xff, 0xf2, 0xc5, 0xff, 0xff, 0x04, 0x00, 0x00, 0x00,
  0xa0, 0x05, 0x00, 0x00, 0x81, 0x10, 0x24, 0x1a, 0xff, 0xff, 0x00, 0x36,
  0xe1, 0xcc, 0xcd, 0xf9, 0x16, 0x0b, 0xe8, 0xd5, 0xe7, 0x20, 0xf8, 0x1e,
  0xe1, 0xd4, 0x36, 0x15, 0xe9, 0x23, 0xf9, 0xe0, 0x03, 0xc5, 0x21, 0x0c,
  0x04, 0xe9, 0xd5, 0x14, 0x34, 0x97, 0xbb, 0x0c, 0x04, 0x03, 0x29, 0x2c,
  0xe4, 0x91, 0x18, 0xfb, 0x42, 0x16, 0xc3, 0xee, 0xdc, 0x08, 0xb0, 0xcd,
  0x0c, 0xbd, 0x1a, 0xb8, 0x16, 0x7f, 0x82, 0xdb, 0xe6, 0xf5, 0x1c, 0x03,
  0xd2, 0x41, 0x0d, 0x8a, 0xe0, 0x1a, 0x0a, 0xf5, 0x22, 0xc0, 0x39, 0x2b,
  0x92, 0xf6, 0xdf, 0xae, 0xd9, 0xf0, 0x12, 0xc9, 0xe0, 0x10, 0x14, 0x13,
  0x38, 0x27, 0x17, 0xd8, 0x40, 0xb4, 0xe1, 0xe5, 0x30, 0xf2, 0xe3, 0xfa,
  0x5b, 0x11, 0x89, 0x3a, 0x1e, 0x0c, 0xfd, 0x0e, 0xf0, 0xd4, 0xef, 0x99,
  0x28, 0xcf, 0xfe, 0xcf, 0x24, 0xda, 0xd2, 0x06, 0x84, 0xd8, 0xfe, 0x3f,
  0xdc, 0xd2, 0x0f, 0x1d, 0x10, 0x81, 0x09, 0xa2, 0x50, 0x01, 0x33, 0x05,
  0xfe, 0xb4, 0x32, 0xdc, 0xb5, 0xdb, 0x2f, 0xeb, 0xe3, 0xab, 0x3e, 0x30,
  0x50, 0x0a, 0x35, 0x2f, 0x0a, 0xf7, 0x07, 0xe0, 0x04, 0xea, 0xac, 0x0d,
  0xe4, 0xda, 0x51, 0xe4, 0xce, 0xc3, 0xfa, 0x81, 0xfa, 0xda, 0x30, 0x47,
  0xac, 0x35, 0x2e, 0x57, 0x41, 0x07, 0xa6, 0xe0, 0xe4, 0x10, 0x7f, 0x35,
  0x52, 0xdc, 0xd7, 0x11, 0x31, 0xd7, 0x41, 0x1f, 0x4b, 0x4e, 0xb1, 0xce,
  0x2c, 0xf3, 0xc1, 0x36, 0x54, 0x60, 0x0e, 0x4a, 0x60, 0xce, 0xe1, 0xb0,
  0x0f, 0x19, 0x10, 0xfe, 0x84, 0x00, 0x35, 0x26, 0x4a, 0x1e, 0x5d, 0x11,
  0x4d, 0x36, 0xfb, 0x81, 0xdc, 0xbc, 0xf4, 0x36, 0x18, 0x07, 0x45, 0xc4,
  0x0f, 0x4a, 0x0b, 0xe4, 0x4b, 0x1d, 0xfe, 0x1a, 0x22, 0x1f, 0xd6, 0x00,
  0x11, 0x0d, 0x11, 0x38, 0xf4, 0x31, 0x33, 0x0d, 0xce, 0xe5, 0x17, 0xb7,
  0x3d, 0x47, 0x09, 0x32, 0x14, 0xeb, 0xb8, 0xf5, 0x10, 0x66, 0x91, 0x9e,
  0xb4, 0xe1, 0xdf, 0x89, 0xc5, 0xbe, 0xc7, 0x0d, 0x3a, 0x9a, 0xca, 0xf3,
  0x9f, 0x47, 0xf2, 0x7f, 0x08, 0xb1, 0x1e, 0x21, 0xf4, 0x47, 0x5d, 0x42,
  0x43, 0x28, 0x12, 0x65, 0x07, 0x25, 0xf8, 0x20, 0x2d, 0x56, 0x2c, 0xea,
  0x09, 0xf3, 0x2f, 0x36, 0x36, 0x3f, 0x1d, 0x20, 0x96, 0xe3, 0xf8, 0xa2,
  0x3f, 0x35, 0x17, 0x5a, 0xfa, 0xfa, 0x29, 0x76, 0xe1, 0x7f, 0x20, 0x62,
  0x35, 0x5f, 0xa4, 0x02, 0xb9, 0xcd, 0x1f, 0xc9, 0xda, 0x23, 0x33, 0x8f,
  0x3d, 0x9f, 0xd9, 0xf8, 0xac, 0x11, 0xdb, 0x4d, 0xe4, 0x01, 0xb7, 0x98,
  0x2a, 0x5e, 0x33, 0xf2, 0xb0, 0xcd, 0x12, 0xfb, 0xe3, 0xb4, 0x13, 0xe6,
  0x2c, 0xc4, 0x18, 0xcb, 0xb1, 0xf7, 0xbf, 0x1e, 0x53, 0x30, 0x04, 0xf2,
  0x12, 0x27, 0x1c, 0xcc, 0x3d, 0x14, 0xf2, 0xc7, 0x32, 0xfb, 0xde, 0x0d,
  0xf2, 0xd7, 0xf7, 0x05, 0x21, 0x7f, 0xd8, 0x17, 0x0a, 0xb2, 0x21, 0x43,
  0xf5, 0x02, 0xeb, 0x12, 0x24, 0x2c, 0xaf, 0x0b, 0x01, 0x26, 0xd0, 0x81,
  0xbf, 0xf9, 0x0d, 0x0e, 0xb1, 0xf1, 0x18, 0xaf, 0xac, 0x18, 0xf4, 0x2f,
  0x39, 0x08, 0xc1, 0x27, 0xee, 0xd4, 0xf0, 0x11, 0x01, 0x0f, 0xd8, 0x06,
  0xbc, 0xc0, 0xfe, 0x00, 0xd5, 0x16, 0x2d, 0xad, 0x3e, 0xee, 0x0d, 0x71,
  0x2a, 0xf2, 0xe7, 0x1a, 0x34, 0xd1, 0x5e, 0x33, 0x15, 0x49, 0x40, 0x0f,
  0xe9, 0x2d, 0xf8, 0xe0, 0xe1, 0x1e, 0x29, 0x14, 0x0c, 0x3d, 0xdc, 0x06,
  0x16, 0x59, 0x27, 0x1e, 0xd4, 0x32, 0x12, 0x58, 0x2f, 0x7f, 0x5e, 0xaf,
  0xf9, 0x23, 0x09, 0xd9, 0x6f, 0xfa, 0x47, 0x11, 0x18, 0xca, 0x47, 0xf2,
  0x01, 0xf6, 0xac, 0x15, 0xed, 0x03, 0xcd, 0x11, 0xd5, 0xea, 0xf4, 0x08,
  0x77, 0xbf, 0xda, 0x2c, 0xb3, 0x0d, 0x24, 0x44, 0xb3, 0x27, 0xe8, 0xfa,
  0x06, 0x1e, 0x04, 0x48, 0x58, 0x81, 0xea, 0xcb, 0x49, 0x21, 0xa2, 0xe7,
  0xf2, 0x49, 0x90, 0x00, 0x73, 0x37, 0x01, 0x39, 0x03, 0x00, 0x48, 0xc4,
  0xed, 0x2e, 0xd9, 0xcb, 0x0a, 0xd0, 0xf2, 0xe8, 0x81, 0x18, 0x1b, 0x4b,
  0xcd, 0xd5, 0xd8, 0x0e, 0xe7, 0xd2, 0xc9, 0x70, 0xdc, 0x1f, 0xd6, 0xd0,
  0xb2, 0xe3, 0x9d, 0x04, 0x04, 0x48, 0xba, 0xc0, 0xec, 0x1e, 0xd1, 0xac,
  0xcb, 0x23, 0x18, 0xac, 0xd9, 0x17, 0xf4, 0x67, 0x58, 0xdd, 0xab, 0x14,
  0x24, 0xd1, 0xfa, 0xdd, 0x19, 0xb8, 0x27, 0xcb, 0xfd, 0x18, 0xde, 0x19,
  0x0d, 0xd5, 0xe0, 0x42, 0xc1, 0xad, 0x25, 0xe0, 0xee, 0xeb, 0x43, 0xb3,
  0xe1, 0x81, 0x81, 0x34, 0x3d, 0x26, 0x2f, 0x19, 0xa9, 0xca, 0x0c, 0x2c,
  0x18, 0x06, 0x1b, 0x46, 0x22, 0x22, 0x0d, 0x13, 0xde, 0xc6, 0x11, 0xc6,
  0x14, 0xd9, 0xd5, 0xf1, 0x22, 0x07, 0x13, 0x21, 0x05, 0x4b, 0x2d, 0x3a,
  0xfa, 0x18, 0x2e, 0xfc, 0xdf, 0xf0, 0x3d, 0x52, 0xd9, 0xd0, 0x15, 0xdc,
  0x05, 0x15, 0xd4, 0x7f, 0x42, 0x24, 0x3e, 0x7f, 0x1c, 0xfc, 0x11, 0xf8,
  0xd3, 0x56, 0xc0, 0x0a, 0x3f, 0x07, 0x38, 0x18, 0x8c, 0xb2, 0xe3, 0xb0,
  0x30, 0x9d, 0xf3, 0x27, 0xc0, 0x00, 0x18, 0xfa, 0x3d, 0x3d, 0x4f, 0x14,
  0xc0, 0x35, 0xab, 0xfa, 0x20, 0xdc, 0xf8, 0x95, 0x4b, 0x7b, 0xf9, 0xc9,
  0x07, 0xb8, 0xcd, 0x5b, 0x05, 0xb5, 0xda, 0x61, 0x17, 0x6f, 0x0d, 0x12,
  0x3d, 0x2e, 0xee, 0x3a, 0x41, 0xea, 0x20, 0x0c, 0xf9, 0x03, 0x32, 0x32,
  0xd7, 0xf6, 0x1b, 0x1c, 0xd1, 0xc1, 0x41, 0x16, 0x47, 0x02, 0x1b, 0xe0,
  0xe5, 0xcc, 0x1b, 0xac, 0xec, 0x7f, 0xa2, 0x9c, 0x17, 0xb0, 0x10, 0x08,
  0x2a, 0xe3, 0xf5, 0xeb, 0x02, 0x48, 0x7f, 0x0d, 0xc9, 0x16, 0x09, 0x59,
  0xfa, 0xfe, 0xdb, 0x04, 0xac, 0xfc, 0x27, 0x1e, 0x2a, 0x18, 0xff, 0xfb,
  0x19, 0xca, 0x22, 0xb8, 0xe6, 0xf8, 0x0e, 0x0c, 0xe8, 0xb5, 0x1d, 0x2c,
  0xff, 0x18, 0xce, 0xcf, 0xe2, 0xf9, 0xa8, 0xfc, 0xfa, 0x21, 0xfb, 0x6a,
  0x3e, 0x4d, 0x01, 0x2b, 0x7d, 0x44, 0x35, 0xc5, 0xd1, 0x83, 0xd3, 0x2d,
  0xee, 0x5a, 0x20, 0xa6, 0xbe, 0xb9, 0xf2, 0x31, 0xc8, 0xf6, 0x32, 0x1a,
  0x30, 0x8d, 0xf2, 0xac, 0xaa, 0x00, 0x0b, 0xce, 0x01, 0x56, 0x2e, 0x10,
  0x7f, 0xdb, 0x14, 0xa3, 0x7b, 0x17, 0xfd, 0x2a, 0x1a, 0x9b, 0x7f, 0xd2,
  0xb5, 0xf9, 0xa5, 0x4d, 0x62, 0x99, 0xac, 0x2b, 0xe2, 0x30, 0xd8, 0xe8,
  0xdc, 0xe4, 0x23, 0xa7, 0xa7, 0xc7, 0x01, 0xa6, 0x1d, 0x37, 0x95, 0x28,
  0xbf, 0x9c, 0x04, 0xbd, 0xf0, 0x17, 0x4f, 0x90, 0xdf, 0xc9, 0x34, 0x91,
  0xbc, 0x2f, 0x3c, 0xc8, 0xf7, 0x6e, 0x0c, 0xbe, 0xc3, 0x53, 0x24, 0xfe,
  0x35, 0xce, 0x7f, 0x3f, 0x3c, 0xee, 0x2b, 0x78, 0xf4, 0xde, 0x3b, 0xef,
  0xf2, 0x1b, 0xf3, 0xcd, 0xf6, 0x37, 0xad, 0xed, 0xe6, 0x2a, 0xf1, 0xc9,
  0x9b, 0xe6, 0x16, 0x41, 0x0c, 0xb3, 0xfc, 0x0e, 0x4d, 0x97, 0x04, 0x1e,
  0xd8, 0xb1, 0xf7, 0x0a, 0x2b, 0x02, 0xeb, 0x16, 0x22, 0xb3, 0x44, 0x9c,
  0x1c, 0xbe, 0x3f, 0xbb, 0x12, 0xf3, 0x16, 0xf1, 0xea, 0x1c, 0x12, 0x2e,
  0x46, 0x7f, 0x1a, 0xbb, 0x35, 0xb6, 0x08, 0xe5, 0xf2, 0xf9, 0xe2, 0x66,
  0x32, 0x24, 0x49, 0xad, 0xfb, 0xd4, 0xd0, 0x7c, 0x6e, 0x0a, 0x09, 0x2a,
  0x0a, 0x1e, 0x13, 0xec, 0xea, 0xbe, 0x2e, 0x40, 0xf2, 0x5e, 0x2f, 0xc6,
  0xcc, 0x81, 0x23, 0xf1, 0x1b, 0xf6, 0x2d, 0x1b, 0x19, 0x72, 0xc0, 0xb4,
  0x9f, 0x5c, 0x2c, 0xeb, 0x94, 0xe0, 0xce, 0xbf, 0xdc, 0x1c, 0xdb, 0xf1,
  0x66, 0x0a, 0x15, 0x2b, 0x89, 0xf7, 0xdc, 0xf9, 0x7f, 0x6f, 0x3f, 0x2e,
  0xdb, 0x14, 0xbb, 0xf8, 0x15, 0x16, 0x26, 0x58, 0x29, 0x03, 0xad, 0xca,
  0xe2, 0xb1, 0x73, 0x09, 0xb3, 0x4f, 0xe0, 0xeb, 0xfd, 0xbf, 0xc5, 0xd2,
  0xf3, 0x23, 0x14, 0xc1, 0xfd, 0x82, 0xa0, 0xd5, 0x8c, 0xa7, 0xd6, 0xcc,
  0xfb, 0x44, 0x82, 0xa9, 0x13, 0x22, 0x37, 0xef, 0x3e, 0xcb, 0x7f, 0xfb,
  0xe2, 0x43, 0xe1, 0x41, 0xc4, 0xa3, 0xd3, 0xee, 0x1f, 0xf0, 0x33, 0x20,
  0xaf, 0xc6, 0xd2, 0x18, 0x70, 0x32, 0x08, 0xfe, 0x11, 0x52, 0xf9, 0xb2,
  0xdb, 0xc2, 0xcd, 0xc1, 0x92, 0x2b, 0x5e, 0x5a, 0xf3, 0x71, 0xc2, 0x08,
  0xa0, 0x81, 0x20, 0x26, 0xc2, 0xaf, 0x2b, 0xd6, 0xcf, 0xb3, 0xfd, 0xf0,
  0x2f, 0x26, 0x2d, 0x17, 0x10, 0x18, 0x1f, 0xb9, 0x70, 0x4d, 0xd2, 0x36,
  0x2a, 0x14, 0x12, 0x34, 0x9a, 0xde, 0xda, 0xbe, 0xfa, 0x0f, 0x99, 0xbe,
  0xe8, 0x81, 0xf1, 0x81, 0xf6, 0x29, 0xc0, 0x8a, 0x29, 0xfe, 0x92, 0x8f,
  0xc7, 0xbe, 0xd2, 0xe8, 0xc1, 0x19, 0x9f, 0xec, 0xc9, 0xd8, 0xeb, 0xbe,
  0x2c, 0x50, 0x72, 0xea, 0xa9, 0x67, 0x2f, 0x1b, 0xef, 0x33, 0xe4, 0xba,
  0x1d, 0x73, 0xf4, 0x44, 0xd8, 0xfb, 0xe1, 0x4e, 0x4c, 0x1d, 0x6e, 0x7f,
  0x29, 0x51, 0xe9, 0x06, 0xad, 0xf0, 0xf5, 0xe8, 0x47, 0x8c, 0x7a, 0xc6,
  0xe1, 0xa1, 0x39, 0x09, 0x20, 0xd1, 0x41, 0xd4, 0x46, 0xff, 0xd6, 0xfa,
  0xe0, 0x35, 0x14, 0x31, 0x2e, 0x28, 0x28, 0xd5, 0x3f, 0x87, 0x0b, 0xdf,
  0x0d, 0x6a, 0xd7, 0x1f, 0x2c, 0x1e, 0x00, 0xb4, 0x37, 0x1b, 0x7f, 0x16,
  0xed, 0x84, 0xad, 0x1d, 0x62, 0xb0, 0xa3, 0xef, 0x5a, 0x00, 0xc1, 0x1f,
  0x34, 0xf9, 0xe4, 0xb5, 0xd7, 0x25, 0x1b, 0x12, 0xb8, 0x39, 0x7f, 0xe5,
  0x02, 0xfb, 0xe2, 0x27, 0xc7, 0xc1, 0x2e, 0x61, 0x04, 0xb9, 0xfd, 0xbf,
  0xed, 0xfa, 0x20, 0xe3, 0x3d, 0xde, 0x41, 0xca, 0xe8, 0xd6, 0x34, 0x29,
  0x43, 0x4b, 0xee, 0x81, 0xc7, 0xde, 0xe0, 0x5b, 0x2e, 0x46, 0x3b, 0x17,
  0xce, 0xd9, 0xd5, 0x40, 0xde, 0xe7, 0x13, 0x7a, 0x13, 0xc8, 0x85, 0xff,
  0x23, 0xef, 0xf8, 0xc5, 0x79, 0x1c, 0xd3, 0xde, 0xbc, 0xe9, 0x25, 0xea,
  0x5b, 0x14, 0x4c, 0xa5, 0xb4, 0xa2, 0x0d, 0xdb, 0xeb, 0xdc, 0x81, 0xd9,
  0x1f, 0x11, 0xee, 0xe3, 0xf9, 0x23, 0x1a, 0x96, 0xb9, 0x08, 0x74, 0x12,
  0xf7, 0x01, 0x23, 0xc6, 0x07, 0x27, 0x1a, 0x07, 0x03, 0x18, 0x52, 0x01,
  0x03, 0xf3, 0x00, 0x29, 0x01, 0x29, 0x23, 0xe4, 0xd6, 0x43, 0xe6, 0xb7,
  0x39, 0x4d, 0x2a, 0xf9, 0x00, 0xf6, 0xce, 0x08, 0x1f, 0x42, 0xf5, 0x44,
  0x39, 0x16, 0xcb, 0xbe, 0xd0, 0x16, 0x0a, 0xc0, 0x16, 0xf0, 0xf6, 0xc6,
  0x99, 0xe8, 0xd1, 0x32, 0x37, 0xe9, 0x0b, 0x61, 0x21, 0x88, 0x02, 0xf9,
  0x1a, 0xba, 0x43, 0x3e, 0xcd, 0x2a, 0xc3, 0x26, 0xbc, 0xe4, 0xd9, 0xdd,
  0xdb, 0xd8, 0x6e, 0x81, 0x9e, 0xcb, 0xff, 0xff, 0x04, 0x00, 0x00, 0x00,
  0x80, 0x00, 0x00, 0x00, 0xd4, 0xfc, 0xff, 0xff, 0x66, 0xfe, 0xff, 0xff,
  0x99, 0xfa, 0xff, 0xff, 0x31, 0xff, 0xff, 0xff, 0xd5, 0xfb, 0xff, 0xff,
  0x80, 0xfa, 0xff, 0xff, 0x54, 0xfc, 0xff, 0xff, 0x87, 0xfe, 0xff, 0xff,
  0xb2, 0xfe, 0xff, 0xff, 0x3c, 0x00, 0x00, 0x00, 0x84, 0x00, 0x00, 0x00,
  0xf9, 0xff, 0xff, 0xff, 0x89, 0xfb, 0xff, 0xff, 0x6e, 0xfc, 0xff, 0xff,
  0x91, 0xfd, 0xff, 0xff, 0x89, 0xfd, 0xff, 0xff, 0x7b, 0x00, 0x00, 0x00,
  0x7d, 0xfe, 0xff, 0xff, 0x25, 0x01, 0x00, 0x00, 0x2c, 0xfe, 0xff, 0xff,
  0x0d, 0xfd, 0xff, 0xff, 0x9f, 0xfd, 0xff, 0xff, 0x58, 0xfe, 0xff, 0xff,
  0xd4, 0xfb, 0xff, 0xff, 0xa1, 0xfc, 0xff, 0xff, 0x22, 0xfe, 0xff, 0xff,
  0x30, 0x00, 0x00, 0x00, 0x2b, 0xfc, 0xff, 0xff, 0xee, 0xf9, 0xff, 0xff,
  0x5f, 0xfb, 0xff, 0xff, 0x5e, 0xfe, 0xff, 0xff, 0x7c, 0xfe, 0xff, 0xff,
  0x2a, 0xcc, 0xff, 0xff, 0x04, 0x00, 0x00, 0x00, 0x00, 0x28, 0x00, 0x00,
  0x43, 0x00, 0x10, 0xaa, 0xc5, 0xe7, 0xf7, 0x14, 0xed, 0xf1, 0x01, 0xb6,
  0xed, 0x94, 0xaa, 0x2b, 0x37, 0xcd, 0x1b, 0x62, 0xe3, 0xcd, 0x58, 0xc7,
  0xc7, 0x1c, 0xdd, 0x16, 0x0b, 0xf8, 0xea, 0x1d, 0xf7, 0xf1, 0xe8, 0x16,
  0xad, 0x01, 0x20, 0xfd, 0x18, 0x44, 0x2b, 0x06, 0x2a, 0x0e, 0xd3, 0xce,
  0x1e, 0x2d, 0x2f, 0xf9, 0xee, 0xef, 0x52, 0x94, 0xe2, 0xc2, 0x31, 0x0f,
  0xfd, 0x00, 0x31, 0xbb, 0xc4, 0x90, 0xbb, 0xbb, 0xdd, 0xbe, 0xef, 0xd8,
  0xb0, 0xc7, 0xdf, 0x25, 0xb6, 0xa0, 0xc7, 0xdf, 0x1a, 0x2a, 0xcf, 0xd0,
  0x3a, 0x07, 0x2a, 0xca, 0xee, 0xa8, 0x26, 0x26, 0xd4, 0x4e, 0x23, 0xa4,
  0xfd, 0xf4, 0x28, 0x06, 0x01, 0x22, 0xc1, 0x24, 0xfe, 0x0e, 0x3c, 0x07,
  0x03, 0xff, 0x02, 0xdc, 0x1b, 0x1e, 0xfd, 0x58, 0x13, 0xd9, 0x22, 0xd5,
  0xbe, 0xac, 0x06, 0xdd, 0xf4, 0x47, 0xdb, 0x03, 0xfa, 0x81, 0xb7, 0xfb,
  0xc4, 0xcd, 0xcc, 0xf1, 0xdf, 0xd3, 0x2b, 0xc0, 0xc1, 0x01, 0xaf, 0x00,
  0x24, 0x1d, 0x0b, 0x04, 0x2f, 0x43, 0x3b, 0xfb, 0xbf, 0xc9, 0x29, 0xe7,
  0x03, 0xeb, 0x10, 0x03, 0xc0, 0x3e, 0xda, 0xd3, 0x75, 0xfa, 0x5f, 0xfa,
  0x1e, 0x44, 0xf7, 0xff, 0x34, 0x59, 0xe7, 0xa6, 0xdf, 0x31, 0xd1, 0xf9,
  0xf4, 0x13, 0xee, 0xf6, 0xf1, 0x07, 0x00, 0x0f, 0xea, 0xb5, 0xf1, 0xc6,
  0xb5, 0x10, 0xcc, 0x06, 0xe0, 0xd8, 0x6c, 0xf5, 0xff, 0x51, 0xbb, 0xce,
  0x3c, 0xb6, 0x10, 0xf8, 0x0e, 0x3b, 0x56, 0xf5, 0x37, 0x43, 0xd5, 0x33,
  0xb7, 0x0d, 0x35, 0x05, 0x0e, 0xb1, 0x9a, 0x41, 0xcc, 0xed, 0x04, 0xbd,
  0x36, 0xce, 0xd7, 0x06, 0x32, 0x4a, 0xd0, 0xcc, 0x25, 0xa8, 0x0f, 0xd6,
  0xfa, 0xce, 0x0a, 0xb8, 0x15, 0x1e, 0x91, 0x49, 0x2b, 0x1e, 0xbf, 0xda,
  0xa2, 0xac, 0xea, 0x0a, 0xd2, 0x05, 0xbe, 0x0b, 0x45, 0xc5, 0x44, 0x17,
  0x44, 0xea, 0x04, 0xb6, 0xf0, 0x16, 0xe9, 0xbd, 0xf8, 0x21, 0x61, 0x0f,
  0x0f, 0xd1, 0x90, 0xe3, 0xbf, 0xd3, 0xca, 0xc5, 0x98, 0x9c, 0xfc, 0x3b,
  0xd9, 0xf0, 0x02, 0xd0, 0x05, 0x56, 0xc4, 0x10, 0x42, 0x0a, 0x7f, 0xf4,
  0x26, 0xb7, 0x28, 0xf2, 0xc3, 0xd1, 0x03, 0xdd, 0x1a, 0xbd, 0xeb, 0x0f,
  0x31, 0xd1, 0x2b, 0xa6, 0x9a, 0xdb, 0xfc, 0x25, 0x0d, 0xcd, 0x06, 0xb1,
  0xfd, 0xef, 0x1a, 0xe4, 0xed, 0x81, 0x2f, 0xe0, 0xcf, 0xb1, 0xcb, 0xe3,
  0xa7, 0x00, 0x27, 0xfc, 0xbd, 0x11, 0x28, 0xef, 0xe7, 0xa7, 0xa8, 0x1c,
  0x08, 0xaf, 0xe1, 0x12, 0xd7, 0xdc, 0xe4, 0x19, 0xfe, 0xd0, 0x0a, 0xe1,
  0x8d, 0xd5, 0x3a, 0x31, 0xd3, 0xee, 0xd3, 0x22, 0xe7, 0xee, 0x06, 0xbd,
  0xc7, 0xbe, 0x16, 0x1f, 0xcc, 0xb8, 0xbc, 0xbb, 0xa8, 0xe0, 0xe6, 0x07,
  0xf4, 0x22, 0x21, 0xc2, 0xce, 0x22, 0xd3, 0xb5, 0xd7, 0xcc, 0xe2, 0x36,
  0xda, 0x25, 0x0b, 0xc6, 0xba, 0xaa, 0xb5, 0xc8, 0xba, 0xf4, 0x05, 0x4e,
  0x16, 0xdb, 0x96, 0xd0, 0xe2, 0xe6, 0xcd, 0x14, 0x14, 0x0e, 0x36, 0x0c,
  0xcb, 0xe6, 0x37, 0xae, 0xc1, 0x9b, 0xdd, 0x50, 0x99, 0xb7, 0xaf, 0xe7,
  0xdb, 0xf7, 0x42, 0xce, 0xe8, 0xce, 0x36, 0xc8, 0xee, 0x0b, 0xd5, 0x02,
  0x0d, 0xa0, 0xfc, 0x13, 0xc1, 0x16, 0x05, 0xa6, 0x41, 0xf4, 0x30, 0xca,
  0xb5, 0x9e, 0x07, 0x0d, 0x16, 0x22, 0xd9, 0xe2, 0xc1, 0xfd, 0x20, 0xdd,
  0x2b, 0x2c, 0xcd, 0x3b, 0xfa, 0x8e, 0xd9, 0xbf, 0x13, 0xcc, 0xa6, 0xd7,
  0x42, 0xf3, 0xd1, 0x18, 0xf2, 0x60, 0x25, 0x11, 0x90, 0xd5, 0xdd, 0x66,
  0xe8, 0x28, 0x0e, 0x11, 0x2c, 0x32, 0xd7, 0xd2, 0x1d, 0x32, 0xde, 0xdd,
  0xf9, 0x4f, 0xbb, 0x41, 0x1a, 0x28, 0x28, 0xe4, 0x22, 0xcb, 0xdf, 0x00,
  0xe3, 0x7f, 0xeb, 0xfb, 0xe6, 0xdb, 0xc6, 0xfc, 0xfd, 0x2f, 0xf2, 0x19,
  0x0a, 0x0d, 0xf5, 0xe1, 0xf6, 0x41, 0xbd, 0x2e, 0x05, 0x3f, 0xb7, 0x1a,
  0xf5, 0x0c, 0x23, 0xdd, 0xed, 0x21, 0x31, 0x19, 0x24, 0xca, 0x14, 0xea,
  0x0d, 0xbe, 0xe9, 0x46, 0xe8, 0x27, 0x07, 0x3f, 0x5a, 0xe3, 0xc6, 0xc8,
  0xc4, 0x0b, 0xd8, 0x1f, 0xf5, 0x68, 0xae, 0xf1, 0x61, 0x0b, 0x1a, 0xcc,
  0x6e, 0xd7, 0xe6, 0xec, 0xf7, 0x51, 0x5f, 0xee, 0xe3, 0xd9, 0xee, 0x3f,
  0x24, 0x37, 0x22, 0xff, 0xfa, 0x10, 0x0e, 0xaa, 0xd2, 0xee, 0xe1, 0x10,
  0x25, 0xf9, 0xdf, 0xf2, 0x19, 0xfb, 0xc2, 0xf5, 0x2e, 0x09, 0x31, 0x1b,
  0xe7, 0x59, 0x11, 0xf0, 0xa8, 0xf6, 0xcd, 0xe8, 0x35, 0x4f, 0xf6, 0xe7,
  0x42, 0x07, 0xf6, 0xc0, 0x23, 0x40, 0xe5, 0x06, 0x26, 0x4c, 0xc3, 0xf4,
  0x22, 0xe3, 0xf6, 0x2f, 0xc5, 0xfe, 0xcd, 0xe4, 0xf9, 0xc7, 0x0b, 0x35,
  0x1a, 0x14, 0x2d, 0x14, 0x29, 0xfa, 0x02, 0xdc, 0x19, 0x26, 0xf2, 0x50,
  0xed, 0x27, 0xf4, 0xea, 0xe1, 0xca, 0x28, 0x1b, 0xae, 0xc8, 0x33, 0x02,
  0xcc, 0x28, 0xf7, 0xb8, 0xbb, 0x15, 0x3f, 0x14, 0x24, 0x10, 0x42, 0x28,
  0xed, 0xc7, 0x04, 0xe3, 0x35, 0xde, 0xd7, 0x4e, 0x0e, 0x35, 0xe5, 0xd2,
  0xed, 0xd6, 0x2f, 0xf9, 0xc0, 0x01, 0xef, 0x2c, 0xac, 0xdb, 0xf5, 0xdf,
  0xe7, 0xf3, 0xd4, 0x65, 0x1e, 0x05, 0x33, 0xed, 0xef, 0x1e, 0x2e, 0xfa,
  0x25, 0x02, 0x00, 0xe6, 0xe6, 0x2e, 0x2e, 0xde, 0x18, 0xcb, 0x36, 0x49,
  0xde, 0xf8, 0xf2, 0xe5, 0xfb, 0x01, 0x52, 0x35, 0x04, 0xc3, 0xe8, 0x45,
  0x4a, 0x52, 0xe3, 0x2d, 0x2c, 0x19, 0x03, 0xd1, 0x0f, 0xc5, 0x3a, 0x5b,
  0xfe, 0x4d, 0xea, 0xce, 0xe5, 0xea, 0x53, 0xe0, 0xd2, 0xe3, 0x03, 0xf3,
  0xf8, 0x21, 0xdf, 0x01, 0xb3, 0xb1, 0xfa, 0x23, 0x1e, 0x7f, 0xfb, 0xe7,
  0xd9, 0x13, 0xc7, 0xaa, 0xea, 0xd0, 0x17, 0x23, 0x15, 0x36, 0xce, 0xf2,
  0xe9, 0x12, 0x21, 0xef, 0xe7, 0x07, 0x15, 0x3d, 0xfc, 0x2d, 0x3b, 0xce,
  0xb6, 0x9a, 0xb7, 0x52, 0xb7, 0x46, 0xef, 0xf4, 0x7f, 0x39, 0x8c, 0xe0,
  0x17, 0x08, 0x54, 0x0c, 0x29, 0xd4, 0xf2, 0xda, 0xf7, 0xe2, 0xbe, 0xeb,
  0xc3, 0x4a, 0xfc, 0x1d, 0xb8, 0xb3, 0x4e, 0xf0, 0xd2, 0xb0, 0x10, 0x00,
  0x9c, 0xda, 0x69, 0x02, 0xe0, 0xff, 0x86, 0xf4, 0x30, 0xfe, 0x1a, 0x2c,
  0x21, 0xf1, 0xb4, 0x26, 0x19, 0xc8, 0x0e, 0xf6, 0xb0, 0xdf, 0x7e, 0xc7,
  0x01, 0xd4, 0xfd, 0xcc, 0x8b, 0x93, 0x1f, 0xad, 0xe4, 0x36, 0x67, 0x5d,
  0xe5, 0x22, 0xa0, 0xbf, 0xef, 0xda, 0x20, 0x20, 0xb6, 0x44, 0xec, 0x4c,
  0xbd, 0xc3, 0xd3, 0x31, 0x1e, 0x26, 0x6a, 0xbe, 0x11, 0x10, 0x6c, 0x25,
  0xa9, 0xd1, 0x96, 0xb5, 0xb5, 0xa7, 0x35, 0x30, 0xff, 0x12, 0x0e, 0xfa,
  0x5c, 0xeb, 0xc5, 0x70, 0xb5, 0xf7, 0x14, 0xc5, 0x19, 0xa2, 0xed, 0x3a,
  0xfa, 0x6b, 0x6a, 0xea, 0xa2, 0xec, 0x65, 0xaf, 0xf3, 0x85, 0xef, 0x0e,
  0x02, 0x0b, 0x5d, 0x61, 0x25, 0xdc, 0x04, 0x09, 0xa5, 0xc8, 0x00, 0x3f,
  0xed, 0x8b, 0xd1, 0x0e, 0xe2, 0xe0, 0x17, 0x39, 0xd2, 0x09, 0xfc, 0xe0,
  0x21, 0xdd, 0xd0, 0xf8, 0x14, 0xe7, 0x1a, 0x1a, 0xb0, 0x9d, 0x45, 0x02,
  0x0e, 0x1b, 0xb5, 0x40, 0xb7, 0xc6, 0x3d, 0x9e, 0xf0, 0x90, 0x31, 0x16,
  0x5d, 0xde, 0xcf, 0xee, 0x52, 0xbf, 0x1e, 0xc3, 0x38, 0x23, 0xad, 0x07,
  0x06, 0xc8, 0xf6, 0xb9, 0xc1, 0xa3, 0x14, 0xfe, 0x99, 0x12, 0xb1, 0x24,
  0xf7, 0x31, 0x22, 0x95, 0xd0, 0x92, 0x3d, 0x53, 0x16, 0xc4, 0x81, 0xdd,
  0xe8, 0xff, 0xef, 0x31, 0x3d, 0xdc, 0x0d, 0xf3, 0x12, 0xef, 0xfc, 0x9c,
  0xb3, 0xdb, 0xd3, 0xd2, 0x9e, 0xe6, 0x17, 0x2c, 0xb9, 0x20, 0x1d, 0x0b,
  0xb1, 0xb2, 0xae, 0x77, 0x40, 0xe3, 0x92, 0xbf, 0x18, 0x03, 0xae, 0x32,
  0x7f, 0x3f, 0xeb, 0x03, 0x33, 0xdf, 0xef, 0x0c, 0xc1, 0x9f, 0xe2, 0x0c,
  0xf1, 0xe0, 0x23, 0x08, 0xf0, 0x40, 0x74, 0x0b, 0xc1, 0x07, 0xb1, 0x15,
  0x17, 0xf3, 0xa9, 0x21, 0x3a, 0x3c, 0xe1, 0xbe, 0x03, 0xf1, 0x05, 0x0d,
  0x0b, 0x41, 0x0f, 0xe6, 0xe2, 0xa6, 0x02, 0xeb, 0xc8, 0x28, 0x1a, 0xdb,
  0x17, 0x3f, 0xf9, 0x8a, 0x77, 0x74, 0xae, 0x14, 0x06, 0x4b, 0xc4, 0x2e,
  0x3a, 0x03, 0x22, 0x38, 0x0a, 0x36, 0xd3, 0xc2, 0x60, 0xf1, 0x67, 0xee,
  0x52, 0xe1, 0xf8, 0xb0, 0xfe, 0x02, 0x56, 0xe9, 0xf7, 0xcd, 0x35, 0xe8,
  0x14, 0xf0, 0xb0, 0xe8, 0x0e, 0xc0, 0xfd, 0x20, 0x22, 0xae, 0xa9, 0x30,
  0x31, 0x1f, 0xb1, 0xf1, 0x71, 0x10, 0x44, 0x00, 0x41, 0xc7, 0x51, 0xc7,
  0xfb, 0xd9, 0x21, 0xe4, 0xcc, 0xbc, 0x4e, 0xca, 0xe3, 0xf7, 0x11, 0xe8,
  0x0c, 0xb2, 0x37, 0xba, 0xd9, 0xd8, 0xf3, 0x00, 0x11, 0x28, 0xfc, 0xb8,
  0x7a, 0x4d, 0xde, 0x01, 0x13, 0x47, 0x39, 0xc0, 0xbc, 0x0c, 0x4c, 0xf8,
  0xcd, 0x01, 0x18, 0x2b, 0xfe, 0x23, 0xdd, 0xf7, 0xef, 0x18, 0x1f, 0x10,
  0x04, 0xb5, 0xb6, 0xe3, 0xf8, 0x55, 0xd9, 0x1d, 0xfa, 0x5a, 0x2a, 0xbe,
  0xe5, 0x47, 0x01, 0xeb, 0xe4, 0xda, 0x02, 0xda, 0xd7, 0x0b, 0x1d, 0x18,
  0xf5, 0x34, 0xe5, 0x1f, 0x38, 0x16, 0x39, 0xeb, 0x29, 0xb1, 0xd7, 0xe7,
  0x13, 0x34, 0xfd, 0xcc, 0x7f, 0x1e, 0x19, 0xeb, 0x11, 0xea, 0x21, 0xe1,
  0xb6, 0x3e, 0xd7, 0xe0, 0xdb, 0x30, 0x5c, 0x01, 0x2a, 0xef, 0xb6, 0x0c,
  0xf7, 0xbc, 0x33, 0x1a, 0xcd, 0x02, 0xf4, 0x40, 0xdf, 0xed, 0x41, 0xf1,
  0x67, 0x12, 0x24, 0xd3, 0xae, 0x24, 0xf7, 0x29, 0xdb, 0x3b, 0x22, 0xbb,
  0xeb, 0x37, 0x49, 0x13, 0xd4, 0x27, 0xb6, 0xef, 0x01, 0xc5, 0x27, 0x24,
  0xfa, 0xb4, 0xa4, 0xdb, 0xf9, 0x3d, 0xcf, 0xdd, 0x5b, 0x2c, 0x65, 0xc1,
  0xc9, 0xe2, 0xee, 0x1e, 0xf0, 0x05, 0x05, 0xcd, 0xda, 0xf6, 0x0c, 0xf3,
  0x32, 0x0c, 0xeb, 0x59, 0xd7, 0xba, 0x05, 0x08, 0xc1, 0xb2, 0xac, 0xd3,
  0xf8, 0x16, 0x51, 0xb2, 0x2d, 0x3c, 0x18, 0xc8, 0xbf, 0x17, 0xf1, 0xfd,
  0xde, 0x36, 0xda, 0xd2, 0x04, 0xd7, 0x2f, 0x28, 0x25, 0x05, 0xe3, 0x54,
  0xd7, 0xad, 0xf9, 0xed, 0xa8, 0xf7, 0xbc, 0x48, 0xe1, 0x29, 0xea, 0xac,
  0x53, 0x29, 0xf4, 0x10, 0xd5, 0x2c, 0xcc, 0xee, 0x18, 0x24, 0xdd, 0x02,
  0xe8, 0xf0, 0x76, 0x12, 0xc4, 0xdd, 0xfe, 0x3a, 0xdc, 0xba, 0xf1, 0xad,
  0xf0, 0xe9, 0xfa, 0x0f, 0xf0, 0x40, 0xe5, 0xd7, 0xeb, 0x0f, 0x54, 0xff,
  0xcb, 0xfb, 0xbb, 0x7f, 0x29, 0xec, 0xfa, 0x10, 0xd1, 0x19, 0x28, 0x20,
  0x32, 0x21, 0x9a, 0x49, 0xd9, 0x97, 0xe2, 0xc6, 0x0c, 0xae, 0xf1, 0xfa,
  0x5e, 0x3e, 0x0c, 0xe7, 0x38, 0x44, 0xf6, 0x41, 0x66, 0xe2, 0x0d, 0x0d,
  0xe0, 0xda, 0xf7, 0x53, 0xcc, 0xca, 0x4c, 0xfc, 0xd3, 0x54, 0x13, 0x47,
  0xd4, 0x2d, 0xd8, 0xc8, 0xe2, 0xd0, 0x10, 0xfe, 0x02, 0xe3, 0x2a, 0x69,
  0x67, 0x33, 0xfb, 0x2f, 0x0c, 0xb4, 0xe3, 0xd2, 0x39, 0x32, 0x38, 0x2c,
  0xbe, 0xb8, 0xf9, 0xca, 0xe0, 0x28, 0xec, 0xfa, 0xc1, 0x49, 0xdd, 0x26,
  0x63, 0xce, 0xb0, 0xe9, 0x23, 0x47, 0x08, 0x39, 0x2f, 0x01, 0x26, 0x31,
  0x7f, 0xd1, 0xae, 0xbe, 0x21, 0x12, 0x0b, 0x4a, 0xe4, 0xe4, 0x3e, 0xf3,
  0x00, 0xfb, 0xd5, 0x5e, 0xe6, 0x32, 0xe7, 0xf7, 0x47, 0x1f, 0xfa, 0xbf,
  0x34, 0x34, 0xd4, 0x5f, 0x78, 0x20, 0xd0, 0x77, 0x03, 0xb5, 0x00, 0x0f,
  0x0f, 0xd1, 0x0f, 0xff, 0xfe, 0xc6, 0xfc, 0xbd, 0xfe, 0x40, 0xcc, 0x35,
  0x48, 0xcc, 0xf2, 0xc2, 0xd6, 0x8b, 0xf3, 0x05, 0x2b, 0x18, 0xe5, 0x21,
  0x2f, 0x43, 0xde, 0x35, 0x5f, 0x96, 0xe9, 0xc4, 0x13, 0x0e, 0xe8, 0x0d,
  0xe6, 0xe2, 0x1c, 0xed, 0x2e, 0x51, 0xfd, 0x37, 0xf4, 0x31, 0xd7, 0xc0,
  0x70, 0x0d, 0xee, 0xfc, 0xc0, 0xf4, 0x12, 0xdf, 0xfb, 0xd6, 0xfe, 0xd2,
  0xec, 0x71, 0x37, 0xa6, 0x15, 0xdf, 0xe2, 0xff, 0x16, 0x6b, 0x99, 0x56,
  0x32, 0xdf, 0x1c, 0xd3, 0x09, 0x3e, 0x18, 0xec, 0xf9, 0xdd, 0x01, 0xff,
  0xdd, 0xe5, 0xe6, 0xaf, 0xbd, 0x11, 0xec, 0xc7, 0xf2, 0x55, 0x3f, 0xc0,
  0xff, 0xda, 0xd1, 0x46, 0xfa, 0x4d, 0xd7, 0x20, 0x08, 0x0a, 0x70, 0x0e,
  0x2e, 0xc6, 0x4f, 0x18, 0xc8, 0xfb, 0x18, 0x45, 0x23, 0x4d, 0xd5, 0x06,
  0x30, 0xfe, 0x03, 0x02, 0xcc, 0x7f, 0xf0, 0xe7, 0xef, 0xdd, 0xd8, 0x0a,
  0xdb, 0x29, 0xcf, 0x6d, 0xe3, 0x16, 0x46, 0xc9, 0xdf, 0xbd, 0x1a, 0xd6,
  0x2f, 0xfb, 0xca, 0x33, 0x1f, 0x0f, 0xd3, 0xf2, 0xdb, 0xaf, 0x08, 0xbe,
  0xbc, 0x2f, 0xda, 0xd3, 0xfc, 0xe9, 0xaf, 0x52, 0x34, 0x08, 0xa9, 0xe7,
  0x14, 0xe0, 0xe1, 0xeb, 0x20, 0xea, 0x15, 0x12, 0x2b, 0x2f, 0xe1, 0x0a,
  0x0e, 0xe4, 0xa5, 0xcf, 0xe2, 0xa1, 0x5c, 0xf0, 0xe7, 0x58, 0x1f, 0x29,
  0xbc, 0xcf, 0xe2, 0x5a, 0x0c, 0x7b, 0x8e, 0x10, 0x27, 0x07, 0x0e, 0xbe,
  0x20, 0x1f, 0x4c, 0x2a, 0xf9, 0x10, 0xc5, 0xd0, 0x33, 0xfa, 0xee, 0x0e,
  0x49, 0x5f, 0x2b, 0xe0, 0xca, 0xec, 0x02, 0x12, 0x2b, 0xe3, 0x1a, 0x30,
  0x35, 0x04, 0x1c, 0xd8, 0xb3, 0xfd, 0x16, 0xfe, 0x0b, 0x33, 0x9c, 0x26,
  0x4f, 0xf4, 0xdb, 0x1c, 0x2d, 0xf2, 0xdd, 0xe0, 0x52, 0x7f, 0x0d, 0xf5,
  0xf5, 0xcb, 0x23, 0x37, 0xf9, 0xe3, 0xfc, 0x20, 0x19, 0x12, 0xef, 0xca,
  0xb4, 0x05, 0x17, 0xce, 0x29, 0x18, 0xde, 0x20, 0x0e, 0x47, 0xe4, 0xe4,
  0x26, 0x06, 0x1b, 0x0b, 0x3a, 0x30, 0x2b, 0x06, 0xd4, 0xcd, 0x20, 0x31,
  0xf3, 0xfa, 0x17, 0x63, 0xfe, 0xd3, 0x0e, 0xcd, 0xbf, 0x15, 0x12, 0xfa,
  0x21, 0x3f, 0xf4, 0x1b, 0x36, 0x35, 0xfc, 0xe0, 0xfc, 0x12, 0x06, 0x33,
  0x29, 0x7f, 0x1d, 0xce, 0xc0, 0xc0, 0x0d, 0x0f, 0xf1, 0xe2, 0x0e, 0x32,
  0xfe, 0x15, 0xe6, 0xc5, 0xcc, 0xef, 0x20, 0xcc, 0x1d, 0x08, 0x0a, 0x1e,
  0xff, 0x30, 0xe2, 0xc8, 0xe2, 0xfa, 0xdf, 0x18, 0x41, 0x40, 0x11, 0xd5,
  0xd7, 0xc9, 0x2d, 0x0f, 0x03, 0xcc, 0xe8, 0x4d, 0x00, 0xca, 0xec, 0xdb,
  0xc5, 0xe4, 0xe8, 0xd5, 0x0d, 0x2b, 0x06, 0x27, 0x27, 0x0c, 0xfa, 0xcc,
  0xe0, 0xe9, 0x45, 0x1a, 0xee, 0x2c, 0x17, 0x19, 0xb8, 0xb9, 0x3a, 0xf1,
  0x66, 0x22, 0x40, 0x36, 0x19, 0xf2, 0xf5, 0xcb, 0x2b, 0xe9, 0x2b, 0x13,
  0xd4, 0xeb, 0xbe, 0x26, 0x0e, 0x65, 0x10, 0xbd, 0x02, 0xd3, 0xfd, 0x07,
  0xce, 0xfd, 0xdb, 0x10, 0x9f, 0xa5, 0xed, 0x33, 0x00, 0xd6, 0x06, 0xed,
  0xd3, 0xb4, 0x01, 0xb3, 0xce, 0xb1, 0xeb, 0xf2, 0xcb, 0xc1, 0xa4, 0x36,
  0x4b, 0x15, 0x5f, 0xee, 0xdd, 0xdf, 0x1c, 0x51, 0xbb, 0x0a, 0xd9, 0x3b,
  0xa0, 0xfa, 0xdd, 0x06, 0xdd, 0x18, 0x02, 0x21, 0xcd, 0xe6, 0xe8, 0x0a,
  0xe2, 0xa4, 0xf5, 0x33, 0x19, 0xed, 0x85, 0x21, 0x0b, 0x5f, 0x48, 0x30,
  0xd4, 0xf8, 0xe9, 0xff, 0xb6, 0xfa, 0x00, 0x31, 0x04, 0xf6, 0x2b, 0xe1,
  0x14, 0xe1, 0x08, 0x24, 0x08, 0x19, 0x33, 0xc8, 0xfc, 0xc6, 0xe1, 0x30,
  0x0a, 0xb4, 0xc3, 0x1a, 0xfb, 0x61, 0xf7, 0xa9, 0xe5, 0xcb, 0xee, 0x48,
  0x07, 0xb2, 0xec, 0x01, 0x02, 0xf8, 0x3f, 0x2e, 0x24, 0xe3, 0xda, 0x2d,
  0xd1, 0xb0, 0x05, 0xe2, 0x09, 0x90, 0xfe, 0x1a, 0xf5, 0xf0, 0x81, 0x17,
  0xf1, 0x2b, 0x26, 0x07, 0x0a, 0xc2, 0xc6, 0x56, 0x05, 0xea, 0xf4, 0x2c,
  0x10, 0x2b, 0xe4, 0x12, 0xce, 0xb4, 0xb3, 0x1b, 0x1f, 0x29, 0xe9, 0xfa,
  0xf9, 0xf7, 0x28, 0xe3, 0xeb, 0x1d, 0xf7, 0x17, 0xd9, 0x39, 0x2a, 0x08,
  0x1b, 0xb5, 0xcb, 0x16, 0x32, 0xec, 0x10, 0x0e, 0xfd, 0x0d, 0xdf, 0xf8,
  0x1b, 0xd1, 0xb4, 0xe5, 0x0a, 0x16, 0xdb, 0x06, 0x17, 0xfe, 0x56, 0xfd,
  0xed, 0x31, 0x4b, 0x42, 0xea, 0x16, 0xdb, 0xcb, 0xdb, 0x00, 0x14, 0x28,
  0x12, 0xd2, 0xc8, 0x01, 0xf2, 0xf0, 0xeb, 0xe9, 0x25, 0xe4, 0x0c, 0xf1,
  0x11, 0x5f, 0x9e, 0x3b, 0x09, 0x27, 0x22, 0xa0, 0xd3, 0x1f, 0xe3, 0x31,
  0x3c, 0x0a, 0xc1, 0xfd, 0xfe, 0x15, 0xf9, 0x0e, 0x22, 0xda, 0xcc, 0x2c,
  0xc6, 0x52, 0x0b, 0x06, 0xe9, 0xda, 0xd2, 0x1c, 0xd1, 0x05, 0x9a, 0xf3,
  0xe3, 0x07, 0x7f, 0xeb, 0xdd, 0x24, 0xf9, 0x34, 0x59, 0xf1, 0xf5, 0xca,
  0xf0, 0x0c, 0xef, 0x28, 0xf7, 0xd0, 0xd6, 0xcf, 0xad, 0x48, 0xed, 0x1c,
  0xfb, 0xcd, 0xb0, 0x2b, 0x24, 0x4a, 0x90, 0xfe, 0x02, 0xf5, 0x42, 0xc4,
  0xed, 0x33, 0x1c, 0x47, 0x31, 0x0f, 0xd5, 0xe7, 0x47, 0xf2, 0xec, 0xfc,
  0xdd, 0x74, 0x0c, 0xf6, 0xe6, 0xba, 0xf2, 0x3c, 0xee, 0x0e, 0xf5, 0x1f,
  0x01, 0x09, 0x42, 0xd2, 0xe1, 0x0d, 0xd7, 0x1e, 0x56, 0x2f, 0xe2, 0x4e,
  0x0d, 0xd2, 0x20, 0xf4, 0x13, 0xd1, 0x24, 0x28, 0x16, 0xd4, 0xec, 0xfb,
  0xf2, 0xc7, 0xd6, 0xf5, 0x29, 0xd0, 0x47, 0x2d, 0x32, 0x17, 0xfc, 0xe4,
  0x13, 0xf9, 0x04, 0x17, 0x05, 0x24, 0x03, 0xeb, 0x70, 0x06, 0xf3, 0xc0,
  0x03, 0xe2, 0xe0, 0x16, 0xff, 0x36, 0x34, 0x11, 0xe2, 0xb5, 0xae, 0x25,
  0xd1, 0x17, 0x2f, 0xd5, 0x1c, 0xdf, 0xdc, 0x89, 0x25, 0x50, 0x23, 0x04,
  0x2c, 0x5d, 0xe8, 0xfe, 0x27, 0xde, 0xfb, 0xe8, 0x7f, 0x2b, 0x1f, 0xf1,
  0xe6, 0x53, 0xef, 0xc8, 0xf3, 0xb3, 0xb3, 0xf7, 0xfe, 0x3b, 0x61, 0x25,
  0x0b, 0x02, 0x1b, 0xa9, 0xfc, 0xd4, 0xfd, 0x41, 0x05, 0x61, 0xb3, 0x17,
  0x35, 0x04, 0x4f, 0xfd, 0x57, 0x07, 0xf1, 0xd8, 0x00, 0x20, 0x1f, 0x3c,
  0x0b, 0xec, 0xf0, 0x00, 0x1f, 0xd8, 0x6c, 0xff, 0x19, 0xff, 0xce, 0xd2,
  0xe9, 0x3e, 0xea, 0xef, 0x1b, 0x1d, 0xe1, 0x48, 0x3e, 0x25, 0x1b, 0x03,
  0x1b, 0xf6, 0xe6, 0x4a, 0x13, 0xf1, 0xf2, 0x18, 0x03, 0x05, 0x2a, 0xe4,
  0x28, 0xe5, 0xc7, 0x6c, 0x16, 0x2c, 0x1a, 0xc4, 0x42, 0x5d, 0x1c, 0xc6,
  0x09, 0x29, 0x25, 0x04, 0x73, 0xfd, 0xe8, 0x9f, 0x4b, 0x06, 0x2f, 0xf4,
  0xfd, 0x74, 0x45, 0xec, 0xa4, 0x00, 0xe5, 0x85, 0x21, 0xcb, 0xf5, 0x50,
  0x2a, 0x07, 0xf5, 0xe4, 0x14, 0xfd, 0x7f, 0xe5, 0xd1, 0x2f, 0xc2, 0x5f,
  0xf4, 0xc5, 0xed, 0xa9, 0x47, 0xed, 0xed, 0xd5, 0x76, 0xfd, 0x11, 0xd5,
  0xc0, 0x40, 0xbe, 0x93, 0x03, 0xc4, 0xf0, 0x24, 0xe2, 0xf3, 0x3f, 0xcf,
  0xd7, 0x40, 0x07, 0xb4, 0xf7, 0x50, 0x18, 0xcc, 0x09, 0xf8, 0xf5, 0x15,
  0xfd, 0xde, 0xa8, 0x32, 0x49, 0x41, 0x2c, 0x14, 0x14, 0xce, 0xe1, 0x15,
  0x18, 0xad, 0x23, 0x68, 0x94, 0x0b, 0x28, 0xd9, 0x19, 0x5b, 0x35, 0x1b,
  0x4d, 0x36, 0x33, 0xd8, 0x14, 0xdb, 0xd8, 0x0f, 0x4f, 0x16, 0xaa, 0x25,
  0x45, 0x13, 0x03, 0x13, 0xae, 0x2f, 0xc8, 0x89, 0x1f, 0x99, 0x23, 0x34,
  0xd9, 0x30, 0x1c, 0xdc, 0x05, 0x3a, 0x23, 0xae, 0x0e, 0xe9, 0x22, 0x5d,
  0x76, 0x17, 0x06, 0xb1, 0xf5, 0x16, 0xae, 0xe0, 0x01, 0xee, 0x1b, 0xfa,
  0xbc, 0x2c, 0xcb, 0xe8, 0x01, 0xec, 0xfc, 0x06, 0xfd, 0x62, 0x9d, 0x24,
  0xe6, 0xc0, 0x2c, 0xf4, 0xd6, 0x53, 0xce, 0x33, 0xcd, 0x11, 0xd3, 0x1b,
  0xc3, 0xcf, 0xb9, 0x12, 0xb5, 0xbf, 0x11, 0xcc, 0xe3, 0x12, 0xb0, 0xd9,
  0x20, 0x19, 0x0c, 0x2b, 0x15, 0x1c, 0x94, 0x1d, 0x1d, 0xd7, 0x7e, 0x35,
  0x18, 0xc6, 0x22, 0x53, 0x43, 0xf0, 0x04, 0x39, 0xff, 0x2a, 0x20, 0xea,
  0x1a, 0x17, 0xc1, 0xe0, 0xeb, 0x3f, 0x12, 0xaa, 0xcb, 0xb7, 0x0f, 0x2e,
  0x39, 0x75, 0xc9, 0x14, 0xf4, 0xe4, 0xf4, 0xd7, 0xc6, 0x21, 0xfd, 0x1d,
  0xe5, 0x19, 0xf8, 0xdf, 0x30, 0xd1, 0x06, 0x2c, 0xbe, 0xd6, 0xd9, 0xf3,
  0xec, 0xf9, 0xac, 0xef, 0xd1, 0x0f, 0x08, 0xde, 0xe2, 0x3f, 0xae, 0xd7,
  0xc4, 0xfc, 0x71, 0xe9, 0x02, 0xef, 0x1d, 0x09, 0xd9, 0xe6, 0x9c, 0x01,
  0x12, 0xf1, 0x13, 0x31, 0x18, 0xd5, 0x35, 0xe5, 0xff, 0x2e, 0xd2, 0xe0,
  0x37, 0xe5, 0xb0, 0x3b, 0x21, 0x7f, 0xba, 0x01, 0x11, 0x20, 0x69, 0x0e,
  0xef, 0x1c, 0xd0, 0x3e, 0x38, 0x22, 0xb9, 0x0f, 0x00, 0xf5, 0x2a, 0x25,
  0x1a, 0xf8, 0x05, 0x25, 0x32, 0xed, 0x35, 0xf4, 0xec, 0xee, 0x41, 0x03,
  0xc0, 0xc8, 0x32, 0x2e, 0x14, 0xf8, 0x10, 0xd8, 0xe0, 0xd0, 0x3e, 0xca,
  0xf0, 0xfb, 0xe1, 0x18, 0xe5, 0x5c, 0xeb, 0x2b, 0x7f, 0xdc, 0x08, 0x63,
  0x2d, 0x09, 0x09, 0xf7, 0xfb, 0x34, 0x0c, 0x07, 0xe3, 0x9c, 0x10, 0x28,
  0xd6, 0xfe, 0xec, 0x06, 0xe8, 0x0b, 0xe3, 0x00, 0xb8, 0xd4, 0xe3, 0x4f,
  0xc3, 0x12, 0x32, 0x1e, 0x24, 0xe7, 0x14, 0x52, 0x47, 0xf0, 0x2f, 0x3f,
  0x03, 0xf1, 0xfe, 0xf9, 0xbe, 0xf0, 0x5f, 0x45, 0x0f, 0x09, 0x2c, 0x08,
  0x2b, 0xaf, 0x10, 0xd0, 0xea, 0x05, 0x19, 0xe5, 0xf5, 0x5b, 0x21, 0x0d,
  0x5f, 0x25, 0xca, 0x2f, 0x54, 0x04, 0x51, 0xe5, 0xe9, 0xeb, 0x74, 0xf4,
  0xcc, 0xd8, 0x5d, 0xfe, 0x00, 0xe6, 0x1e, 0x34, 0xf0, 0xd2, 0x0d, 0xd8,
  0xc6, 0xf7, 0xbf, 0x02, 0xf9, 0x10, 0x25, 0x0f, 0x79, 0xf1, 0xce, 0x19,
  0x7b, 0xca, 0x4d, 0xb7, 0x3e, 0xd7, 0xe0, 0xd9, 0xb9, 0xd5, 0x34, 0x32,
  0xd8, 0x27, 0x39, 0x0a, 0xf6, 0xe0, 0x1c, 0x06, 0xee, 0xd1, 0xd9, 0x3c,
  0x0f, 0xd4, 0xe1, 0xc0, 0x1c, 0x32, 0x75, 0xd5, 0xc5, 0x44, 0xf2, 0xf9,
  0xd7, 0x0b, 0x19, 0x16, 0x29, 0x65, 0x02, 0xd4, 0x0f, 0x11, 0xdb, 0x34,
  0x1e, 0xf2, 0x60, 0xe4, 0xfb, 0xf5, 0xfb, 0x3c, 0x21, 0x15, 0xe6, 0xcd,
  0xdf, 0x17, 0x7f, 0xf4, 0xf2, 0xe9, 0xda, 0x03, 0xea, 0x61, 0xd1, 0xe7,
  0x4d, 0x72, 0x17, 0x05, 0x30, 0x07, 0xc7, 0x0f, 0xef, 0x02, 0xdf, 0x16,
  0xaa, 0xfb, 0x14, 0xf8, 0xb4, 0xde, 0xf8, 0xa7, 0xe5, 0x3b, 0xb7, 0xf3,
  0xb4, 0x24, 0xf6, 0xfb, 0x20, 0xef, 0xed, 0xfa, 0x21, 0x4e, 0x4f, 0x2a,
  0xf4, 0x13, 0xd7, 0x35, 0x00, 0x0f, 0xe8, 0xde, 0xc4, 0xe6, 0xc5, 0xdf,
  0x00, 0xef, 0xd0, 0xeb, 0xb8, 0x3c, 0x33, 0xff, 0xe5, 0x40, 0xed, 0x07,
  0x0a, 0x61, 0xef, 0x0c, 0x38, 0x3a, 0x1b, 0xd8, 0x58, 0xed, 0xf9, 0x3e,
  0xf7, 0x44, 0x4a, 0xca, 0x0c, 0xe2, 0xfc, 0x05, 0xfa, 0x10, 0xf2, 0xac,
  0xde, 0x0e, 0x69, 0xfc, 0xe7, 0x41, 0xfc, 0x23, 0x24, 0x0b, 0xe7, 0x03,
  0x63, 0x34, 0x26, 0xd6, 0x44, 0x35, 0x18, 0x3d, 0x0e, 0xdc, 0x0d, 0xf3,
  0xaa, 0x01, 0xf9, 0xf5, 0xe9, 0xb9, 0x0c, 0xd0, 0xd3, 0xf9, 0x02, 0xac,
  0x84, 0xb4, 0xdf, 0x38, 0x1d, 0x0e, 0xeb, 0x0f, 0xbf, 0xd6, 0x06, 0x9c,
  0x08, 0xb7, 0x08, 0xe4, 0x1d, 0xfb, 0x81, 0xee, 0xfb, 0xa6, 0xfc, 0xca,
  0xce, 0xc4, 0xea, 0x07, 0xfd, 0x19, 0xeb, 0xf9, 0xba, 0xa1, 0xf1, 0x34,
  0xf9, 0xf1, 0xd3, 0xba, 0xe1, 0xc2, 0x23, 0xa8, 0xd6, 0xd0, 0x28, 0x08,
  0xdf, 0xe8, 0xe1, 0xd7, 0xd2, 0xf2, 0xfa, 0xe0, 0x05, 0xc0, 0x4a, 0x1b,
  0xef, 0x20, 0xd1, 0xf0, 0xaa, 0xa8, 0xe5, 0xc1, 0x39, 0x39, 0xe7, 0xb5,
  0xbc, 0xc7, 0xd1, 0xf9, 0x01, 0xab, 0xc8, 0xfc, 0x2a, 0xc2, 0x83, 0xf1,
  0xef, 0x01, 0xc7, 0xcb, 0xbf, 0xf4, 0x10, 0xce, 0x17, 0xc3, 0x0a, 0xae,
  0xf3, 0xa9, 0x1b, 0x3e, 0xd5, 0x16, 0xeb, 0x0e, 0x08, 0x1e, 0xec, 0xad,
  0x17, 0xde, 0xca, 0xee, 0xbe, 0xd5, 0x9e, 0x27, 0xf3, 0xd4, 0xdf, 0xc6,
  0x03, 0xe2, 0x13, 0xd3, 0x23, 0xe7, 0xc2, 0xf8, 0xf1, 0xbc, 0xca, 0xd8,
  0xb0, 0xd8, 0xfa, 0x08, 0xa6, 0xcd, 0xfa, 0xd7, 0xec, 0xe0, 0xe6, 0xf0,
  0xf8, 0xd0, 0xe9, 0xd0, 0xbb, 0x1f, 0xb2, 0xc9, 0x38, 0xc9, 0x16, 0x31,
  0x42, 0x0e, 0xe5, 0x24, 0x26, 0xf3, 0xd6, 0x9a, 0x4c, 0xae, 0x1e, 0xd1,
  0x38, 0x2f, 0x39, 0xef, 0x01, 0x0e, 0x2f, 0xac, 0xe0, 0xfc, 0x17, 0xe9,
  0x09, 0xbb, 0x20, 0xe5, 0xe4, 0xd0, 0xfd, 0x39, 0x3d, 0xb6, 0x41, 0xc7,
  0xef, 0x1d, 0x06, 0x9e, 0x12, 0xed, 0xe2, 0x1d, 0xdc, 0x04, 0xe6, 0x28,
  0xf6, 0x53, 0x12, 0xbd, 0xcc, 0x47, 0x31, 0x58, 0xe2, 0x0d, 0xf0, 0x2e,
  0xfa, 0xce, 0xd9, 0xf2, 0xfe, 0xee, 0xec, 0x21, 0x3c, 0xec, 0xe2, 0xac,
  0xc6, 0xb0, 0x27, 0x31, 0x01, 0xf2, 0x09, 0x1e, 0x07, 0x0e, 0x3d, 0x27,
  0xf8, 0x04, 0x1d, 0xfd, 0x17, 0xfb, 0xec, 0x1e, 0x4a, 0xee, 0x9f, 0xe4,
  0x7f, 0xce, 0xfb, 0x20, 0xfa, 0x39, 0x42, 0x0e, 0xc2, 0xbc, 0xe6, 0x2f,
  0x23, 0x1b, 0xd2, 0x4b, 0x19, 0x1d, 0x3d, 0xe4, 0xdd, 0xe2, 0xf2, 0x21,
  0x4a, 0x00, 0xc6, 0xef, 0xed, 0x24, 0xa5, 0x47, 0x00, 0xfa, 0xe8, 0xfe,
  0x12, 0x69, 0x18, 0x97, 0xea, 0xde, 0xe1, 0xf4, 0xd7, 0x3e, 0x12, 0xd1,
  0xd7, 0x4b, 0x4b, 0xaf, 0x13, 0xfb, 0x64, 0x54, 0xd6, 0xf3, 0xe9, 0xf5,
  0x3f, 0xe1, 0x05, 0xd1, 0x19, 0x20, 0x69, 0xdf, 0xbd, 0xe3, 0xf1, 0x1d,
  0xf5, 0xf3, 0x29, 0x3f, 0x25, 0xfb, 0x56, 0xb0, 0x14, 0x0f, 0x02, 0x03,
  0x01, 0x17, 0x25, 0x2a, 0x0f, 0xc9, 0xec, 0xde, 0x20, 0xf6, 0x08, 0xf9,
  0x56, 0x55, 0x43, 0xdf, 0xd5, 0x04, 0xec, 0x38, 0xde, 0xe7, 0x25, 0x05,
  0x1d, 0xe7, 0x12, 0xdf, 0x03, 0x4e, 0xbf, 0xc7, 0xce, 0x49, 0x10, 0xf9,
  0x22, 0xed, 0x04, 0x30, 0x27, 0x18, 0x21, 0xce, 0x13, 0x43, 0x20, 0xd7,
  0x00, 0xdb, 0xf1, 0xeb, 0xeb, 0x01, 0xea, 0x11, 0xfc, 0x3f, 0x08, 0xd0,
  0xe8, 0xcf, 0xed, 0x22, 0xd3, 0x41, 0xcc, 0xe4, 0xdf, 0x10, 0xd4, 0x05,
  0x14, 0xea, 0x11, 0xdc, 0x5a, 0x7f, 0x4c, 0xe1, 0xe5, 0xb6, 0xec, 0x39,
  0xdd, 0xf5, 0xdb, 0xf7, 0x21, 0x1f, 0x2c, 0xf5, 0x1d, 0x3f, 0xd6, 0x0e,
  0x16, 0xfe, 0xfe, 0x25, 0x00, 0xd1, 0xc0, 0xdf, 0x43, 0x22, 0xdc, 0xcf,
  0x11, 0x49, 0x22, 0xd7, 0x04, 0xf9, 0x29, 0xe9, 0x1d, 0x33, 0xf8, 0x1f,
  0x26, 0x24, 0x20, 0xb7, 0x0f, 0xe3, 0xec, 0xfa, 0x11, 0x39, 0x25, 0x0a,
  0x26, 0xf0, 0xfa, 0x10, 0xc6, 0x31, 0x39, 0x0b, 0xc6, 0xc9, 0xba, 0x2a,
  0x1e, 0x0f, 0x54, 0x2c, 0x44, 0x43, 0x14, 0x1a, 0xd4, 0xdc, 0x1d, 0x48,
  0xc3, 0xd5, 0xf2, 0xdf, 0xaf, 0x01, 0xf5, 0x2e, 0x15, 0xce, 0x21, 0x02,
  0x06, 0x12, 0x5f, 0xd4, 0xdf, 0xf5, 0xc3, 0x5b, 0xce, 0xf8, 0xf2, 0x01,
  0x14, 0xd4, 0x50, 0xc1, 0x17, 0xe7, 0xd8, 0x34, 0xe6, 0xd7, 0xd8, 0x0f,
  0xbd, 0x22, 0x22, 0x01, 0xcf, 0x2c, 0x0a, 0x05, 0xb4, 0x41, 0x09, 0x1a,
  0xf1, 0xea, 0xc5, 0x18, 0x48, 0x22, 0x4c, 0xfb, 0xeb, 0x2d, 0x18, 0xd0,
  0xd2, 0xb9, 0xbd, 0x25, 0xd1, 0xd5, 0xf2, 0xff, 0xd8, 0xd2, 0xe7, 0xdd,
  0xdb, 0xe1, 0x21, 0xec, 0xd4, 0x00, 0x4f, 0xf1, 0xb7, 0xd6, 0xd9, 0x1d,
  0x1a, 0x1a, 0x7f, 0x24, 0x3f, 0x18, 0xf4, 0x27, 0xd8, 0xb4, 0xf9, 0x25,
  0xcf, 0xfa, 0x31, 0x20, 0xf8, 0x20, 0x21, 0x17, 0xcb, 0x30, 0x45, 0x14,
  0xf5, 0xf4, 0xff, 0x3b, 0xe7, 0xd4, 0xa1, 0x27, 0x11, 0xda, 0x12, 0xf3,
  0x53, 0xfe, 0x36, 0x07, 0xf4, 0xb4, 0xe5, 0xef, 0xf4, 0x02, 0xe6, 0x24,
  0xf0, 0xdc, 0xe2, 0x24, 0xfc, 0x2b, 0x06, 0xf9, 0xb7, 0x26, 0xe1, 0x07,
  0xa4, 0xc3, 0xc7, 0xfc, 0x52, 0x0c, 0x69, 0xd3, 0xfd, 0x45, 0xe9, 0xdb,
  0x39, 0x22, 0x49, 0x72, 0xfc, 0xdb, 0xf4, 0x15, 0x08, 0x15, 0x08, 0x2d,
  0xd1, 0xf4, 0x3a, 0xe1, 0xb4, 0xbb, 0x55, 0xca, 0xc3, 0xdf, 0xc2, 0xdc,
  0xd1, 0x30, 0x7f, 0xd9, 0x2d, 0x14, 0xfa, 0xb3, 0xfc, 0xdf, 0x56, 0x0b,
  0x23, 0xcc, 0x26, 0x25, 0xbc, 0xb4, 0x1c, 0xd7, 0xef, 0x05, 0xd6, 0xc7,
  0xc5, 0xe3, 0xeb, 0x08, 0xcc, 0x1e, 0xd2, 0x38, 0xd9, 0x78, 0x1d, 0x18,
  0x35, 0x0d, 0x16, 0xae, 0x0c, 0x19, 0xf8, 0x06, 0xf4, 0xce, 0x25, 0xfa,
  0x00, 0xd6, 0x42, 0x05, 0xe9, 0x2e, 0x32, 0xf5, 0x92, 0xdb, 0xee, 0x20,
  0xb2, 0x0a, 0xfb, 0xc7, 0xfe, 0x55, 0x42, 0xfe, 0xfa, 0xec, 0x26, 0xe5,
  0xef, 0x17, 0x20, 0x7d, 0x22, 0xca, 0xc5, 0x35, 0x02, 0x9e, 0x14, 0x03,
  0xd7, 0x1b, 0xee, 0x9f, 0xdc, 0x0a, 0x3a, 0x0e, 0x03, 0xab, 0x12, 0x2f,
  0xe2, 0x04, 0x7c, 0x04, 0xe1, 0xf7, 0x27, 0xcb, 0x00, 0x2b, 0x27, 0xea,
  0x55, 0xdd, 0xff, 0xd3, 0x29, 0xb9, 0x17, 0x39, 0xc3, 0x03, 0x17, 0xb6,
  0x12, 0xc5, 0xab, 0xd6, 0xb9, 0x6a, 0x7f, 0xbf, 0xbf, 0x29, 0xd5, 0x00,
  0xb8, 0xd6, 0x28, 0xf3, 0x76, 0x2f, 0x04, 0xe5, 0x31, 0x4f, 0xde, 0xbc,
  0xe7, 0x1f, 0x21, 0x0c, 0x05, 0xcf, 0xf7, 0xd2, 0x14, 0x14, 0xb8, 0xcd,
  0xbe, 0x39, 0x09, 0xa8, 0x98, 0x21, 0x35, 0xc8, 0xf5, 0xfc, 0xd5, 0x09,
  0x57, 0x64, 0x46, 0xd8, 0x51, 0x23, 0xb9, 0xe3, 0xde, 0x36, 0xf2, 0xd3,
  0xfe, 0xe2, 0xc1, 0xf2, 0x24, 0x14, 0x0b, 0xd5, 0xcb, 0x5e, 0x13, 0xa2,
  0xaa, 0xfd, 0xf1, 0xfa, 0xc8, 0x5a, 0x29, 0xd1, 0x07, 0x21, 0x3e, 0x27,
  0x20, 0x00, 0xff, 0x32, 0x3a, 0xf2, 0xff, 0xca, 0xd1, 0xec, 0xad, 0x3b,
  0xea, 0x1b, 0x11, 0xaf, 0xcd, 0xf7, 0x5c, 0xcc, 0xd1, 0x00, 0xc7, 0x21,
  0xe4, 0x26, 0x1e, 0x3b, 0x1e, 0x23, 0x5d, 0x15, 0x3f, 0xfd, 0x06, 0xf0,
  0x12, 0xf4, 0x24, 0xde, 0xce, 0xf9, 0x11, 0x48, 0xec, 0x3a, 0xbd, 0xb2,
  0xd8, 0x6c, 0x48, 0xe3, 0xdd, 0x25, 0xf6, 0x08, 0xd6, 0xfa, 0xdd, 0xdb,
  0x23, 0x00, 0x2d, 0x3d, 0x15, 0x61, 0xe9, 0xde, 0x0e, 0x11, 0x2a, 0x02,
  0xf8, 0x12, 0x23, 0x45, 0x07, 0xbc, 0xd9, 0x0d, 0xa3, 0xeb, 0xc3, 0xc1,
  0x0e, 0xe2, 0xf6, 0x13, 0xc9, 0xc1, 0xbe, 0xb4, 0x02, 0x3f, 0xee, 0xcf,
  0xe5, 0x81, 0x42, 0xc0, 0x1c, 0xfb, 0x35, 0xdc, 0x11, 0x0e, 0x0a, 0xdf,
  0xec, 0xda, 0x21, 0xb6, 0xd0, 0x8b, 0xcb, 0x15, 0x13, 0xb2, 0xd8, 0xbe,
  0xfc, 0x2e, 0xea, 0xc2, 0x22, 0x2d, 0xa8, 0xee, 0x40, 0xbd, 0x4e, 0x06,
  0x39, 0x02, 0xbd, 0x2a, 0x24, 0xe6, 0x30, 0xc1, 0xe4, 0x9c, 0xea, 0xaf,
  0x9c, 0xa7, 0xfe, 0x0b, 0xc3, 0x12, 0x05, 0x27, 0xf0, 0x33, 0x8d, 0x1c,
  0x22, 0x15, 0xc1, 0xfc, 0x10, 0xa4, 0xe3, 0xf8, 0xce, 0x9c, 0x26, 0xc6,
  0xba, 0x33, 0xc0, 0xf4, 0xd5, 0x95, 0x28, 0x2a, 0xf4, 0xc9, 0x84, 0xdf,
  0x0c, 0x36, 0x2e, 0xfe, 0xb0, 0xe3, 0xe2, 0x26, 0x0b, 0x04, 0xd8, 0xcf,
  0xca, 0xb1, 0x33, 0xf3, 0x2d, 0xa5, 0x21, 0x0d, 0xd4, 0x13, 0x31, 0xa7,
  0xfb, 0xfb, 0x20, 0xc6, 0x0a, 0xaf, 0xf5, 0xec, 0xb9, 0xc0, 0xed, 0x12,
  0xc4, 0x36, 0xdc, 0xac, 0xdd, 0xfb, 0x19, 0x0b, 0xe0, 0x9d, 0xb7, 0x3c,
  0x15, 0xb4, 0xf9, 0x2d, 0x29, 0x17, 0xfb, 0xc2, 0xc5, 0x50, 0xb1, 0x2d,
  0x7f, 0x17, 0xff, 0x41, 0x23, 0xf5, 0xff, 0xa0, 0xcb, 0xe9, 0x28, 0xad,
  0xb8, 0xa2, 0xf3, 0xed, 0xc2, 0x3f, 0xdb, 0x21, 0x2a, 0x09, 0x11, 0xce,
  0xe3, 0x1e, 0xb8, 0x33, 0x97, 0x04, 0x1c, 0x4e, 0x13, 0xfd, 0xdb, 0x3e,
  0x50, 0xd3, 0xcd, 0xdd, 0x17, 0xd4, 0xe9, 0xb2, 0x9a, 0x17, 0xe8, 0xfd,
  0xfc, 0x39, 0xcf, 0x23, 0xd6, 0x91, 0x10, 0xb7, 0x17, 0x0d, 0x19, 0xe4,
  0xd3, 0x4b, 0x00, 0x0d, 0x4e, 0xf7, 0x0f, 0xed, 0x03, 0xef, 0x3c, 0xdb,
  0xa8, 0xac, 0xd3, 0xbc, 0x9a, 0x0f, 0xe9, 0x09, 0xb8, 0xee, 0xd6, 0xac,
  0xda, 0xc7, 0xcb, 0xae, 0xf6, 0x16, 0xd8, 0x3d, 0xa6, 0x4f, 0x01, 0x5a,
  0x52, 0xd6, 0x1f, 0x16, 0x20, 0x12, 0xf0, 0xb5, 0x0e, 0xa1, 0x3a, 0xbf,
  0xd8, 0xbf, 0x07, 0x2b, 0x2b, 0x29, 0x07, 0xcf, 0x02, 0xe9, 0xcd, 0xda,
  0x18, 0xf7, 0x1b, 0x09, 0xdc, 0x43, 0xe5, 0x2a, 0xf7, 0xe2, 0xbe, 0x33,
  0x1a, 0x21, 0x3e, 0xb0, 0xf7, 0xd0, 0x1e, 0xe6, 0xf2, 0xad, 0x16, 0x00,
  0xfe, 0x44, 0xc8, 0xcb, 0x1f, 0x09, 0x1a, 0xb3, 0xd1, 0xd6, 0xf5, 0x36,
  0x67, 0x0b, 0x2e, 0x21, 0xe5, 0x1e, 0xdd, 0x73, 0xab, 0xee, 0x13, 0xf0,
  0xf5, 0xcc, 0x4e, 0xd5, 0x1f, 0xff, 0xcd, 0xb2, 0xe6, 0x5b, 0x33, 0x09,
  0x1a, 0x0e, 0x15, 0x31, 0x19, 0x67, 0xcf, 0x3c, 0x49, 0x15, 0xce, 0x4a,
  0x01, 0x0e, 0xcd, 0x2a, 0xf9, 0xed, 0x05, 0x16, 0x4c, 0xe0, 0x3a, 0x49,
  0xf6, 0xce, 0xd5, 0xba, 0x03, 0x41, 0xf9, 0xd0, 0xc7, 0x42, 0xe8, 0x77,
  0x2b, 0x21, 0x12, 0x34, 0x20, 0xde, 0xf5, 0x2f, 0x49, 0xd3, 0x9d, 0x3b,
  0xc6, 0xdc, 0x4d, 0xec, 0x32, 0xd4, 0x41, 0x1c, 0x09, 0xc4, 0xbc, 0xa5,
  0xcd, 0x39, 0x01, 0x04, 0xb8, 0x07, 0xd2, 0x1f, 0x57, 0x04, 0xfd, 0x36,
  0x05, 0xd9, 0x01, 0x52, 0x31, 0x07, 0xd4, 0x30, 0xf2, 0xdc, 0xed, 0x39,
  0x1c, 0xe6, 0x2e, 0x3c, 0xeb, 0xbc, 0xba, 0xd3, 0xfd, 0xf6, 0x00, 0xac,
  0xe6, 0x2f, 0x01, 0x31, 0x32, 0x29, 0x44, 0xf2, 0xd5, 0xc1, 0x00, 0xe9,
  0xee, 0xde, 0xe7, 0xff, 0x2e, 0xbd, 0xfa, 0xd7, 0x2b, 0xf9, 0x33, 0x19,
  0x93, 0x96, 0xf2, 0xaa, 0xbd, 0xe1, 0xfd, 0xe7, 0x3a, 0xd1, 0xde, 0x7f,
  0x33, 0x10, 0xea, 0xfc, 0x9d, 0xbf, 0xdc, 0xe1, 0x2c, 0x0a, 0xeb, 0x18,
  0xe2, 0x76, 0x1a, 0xfc, 0x30, 0x37, 0xf4, 0xe4, 0x60, 0x1f, 0x26, 0x52,
  0x15, 0x1f, 0x09, 0x28, 0xcc, 0xfd, 0x6f, 0xf2, 0xd8, 0xd0, 0xa2, 0x05,
  0x0d, 0x39, 0x27, 0xa3, 0x2f, 0xe3, 0x68, 0x28, 0xdc, 0x5e, 0x29, 0x4d,
  0xfa, 0x4d, 0xee, 0xcc, 0xdd, 0x2c, 0x51, 0xe8, 0xe6, 0xf2, 0xe3, 0x2e,
  0xe9, 0x28, 0x5e, 0xbc, 0xb4, 0xf0, 0x09, 0x3a, 0x11, 0x37, 0x34, 0x9d,
  0xee, 0x52, 0x48, 0xcf, 0x02, 0x49, 0x21, 0xf8, 0xe4, 0x1f, 0x2b, 0xee,
  0x13, 0xf0, 0xd2, 0x63, 0x6e, 0x32, 0x1a, 0x29, 0x0c, 0xe3, 0x0e, 0xe3,
  0xaf, 0x0d, 0x06, 0xfc, 0x96, 0xe9, 0xcf, 0xbc, 0x38, 0x08, 0x3a, 0x0b,
  0xc0, 0x36, 0x51, 0x58, 0x27, 0x38, 0xf5, 0xbc, 0x3e, 0x4e, 0x39, 0xe3,
  0x0b, 0xf2, 0xd8, 0x44, 0x0b, 0xe7, 0x48, 0xc0, 0xaf, 0xcc, 0xd8, 0x4e,
  0xf4, 0xfc, 0x06, 0xf9, 0xf0, 0xeb, 0xfc, 0x22, 0x28, 0x4b, 0xf0, 0x14,
  0xc9, 0x7f, 0x0d, 0xef, 0xef, 0x48, 0x38, 0x02, 0x60, 0x11, 0xb2, 0x10,
  0xe3, 0x06, 0x33, 0xf9, 0xba, 0xcf, 0x07, 0xe9, 0x0f, 0xda, 0x1d, 0xcb,
  0x04, 0x26, 0xbd, 0x25, 0xf1, 0xe6, 0x6b, 0x28, 0xe1, 0xf8, 0xc2, 0xac,
  0xac, 0xc5, 0x63, 0x9e, 0x10, 0xf1, 0xdf, 0xd7, 0x08, 0xac, 0xaa, 0xff,
  0xad, 0xf0, 0xa7, 0x31, 0xf8, 0x28, 0xe1, 0x12, 0x42, 0x42, 0xe7, 0xd0,
  0x1a, 0x99, 0x3b, 0xb4, 0x0c, 0xaa, 0xb0, 0xe4, 0xba, 0xfa, 0x1c, 0xb3,
  0x23, 0xe9, 0x1d, 0x2f, 0x43, 0x99, 0xe8, 0xab, 0xa9, 0xa7, 0xc0, 0x0f,
  0xd5, 0x38, 0x28, 0xef, 0x19, 0x12, 0x19, 0x0d, 0x33, 0xcf, 0x09, 0x25,
  0x14, 0x19, 0x0d, 0xaa, 0xcf, 0xea, 0x5f, 0xf2, 0xfc, 0xb1, 0x28, 0xed,
  0x0c, 0x8f, 0x09, 0xdb, 0xf9, 0xd8, 0xce, 0xd9, 0x0b, 0x04, 0xdc, 0xcb,
  0x33, 0xae, 0xbb, 0x11, 0xe4, 0xfa, 0x1b, 0xfb, 0xd7, 0xb7, 0xc3, 0x14,
  0xcb, 0xe5, 0x10, 0xb6, 0x34, 0x0a, 0xbf, 0x3f, 0x31, 0xa1, 0xb8, 0xa3,
  0xbc, 0xb6, 0xf0, 0xec, 0xd6, 0xdc, 0x06, 0x0a, 0x4b, 0xae, 0x20, 0xb7,
  0xf1, 0x97, 0x25, 0xcd, 0x1c, 0xf2, 0xd4, 0xfb, 0x81, 0x9f, 0x1f, 0xee,
  0xf1, 0x13, 0x0a, 0x15, 0xe3, 0x89, 0xf8, 0xdf, 0x14, 0xb9, 0xbd, 0xe5,
  0xe1, 0xc4, 0x06, 0xc4, 0xd8, 0x20, 0xf4, 0xc0, 0xcf, 0xe6, 0xd6, 0x56,
  0xe8, 0x17, 0x2a, 0xc0, 0x3b, 0x29, 0x06, 0x17, 0x30, 0x38, 0x06, 0x1c,
  0x0d, 0xe8, 0xce, 0xe4, 0xbd, 0xc4, 0xd5, 0x12, 0x26, 0xbc, 0x2c, 0xa4,
  0x12, 0xf5, 0x3e, 0xd9, 0xfd, 0x55, 0x11, 0x08, 0x1a, 0x65, 0x02, 0xda,
  0x34, 0xfe, 0x3e, 0x00, 0x44, 0xed, 0xcf, 0xe7, 0xfa, 0x39, 0x24, 0xff,
  0xd5, 0xd3, 0xe8, 0xdc, 0xfc, 0x06, 0x39, 0xdb, 0xe4, 0x32, 0x2b, 0xef,
  0xfb, 0x46, 0x06, 0x73, 0x13, 0x1b, 0xd0, 0x03, 0x25, 0x2d, 0xf6, 0xd8,
  0xef, 0x19, 0xd5, 0x1a, 0xb6, 0x04, 0x10, 0x19, 0xe1, 0x0f, 0x0a, 0x38,
  0xee, 0xe3, 0x11, 0xf7, 0xfa, 0x4c, 0x68, 0xed, 0xb9, 0x1e, 0xcc, 0x1d,
  0x27, 0xf6, 0xfe, 0x04, 0x2d, 0x70, 0xd4, 0x20, 0x22, 0x37, 0xf0, 0x27,
  0xb8, 0x07, 0x56, 0xd4, 0x03, 0xed, 0x04, 0x1f, 0xde, 0x21, 0xe3, 0xe6,
  0x15, 0x2c, 0xfe, 0xf9, 0xe8, 0xfb, 0xfe, 0x11, 0x15, 0x7f, 0xc0, 0xdf,
  0xff, 0xf9, 0x29, 0xe3, 0x47, 0xd0, 0xda, 0x2c, 0xf2, 0x01, 0x3c, 0x07,
  0xd7, 0x18, 0x12, 0x0d, 0x30, 0x11, 0xf2, 0x39, 0xd8, 0xfc, 0x18, 0xf5,
  0x9d, 0xfc, 0xdc, 0x0c, 0xc2, 0xd8, 0xb1, 0x40, 0xbf, 0x4b, 0xdb, 0xf9,
  0x20, 0x3f, 0xf3, 0x24, 0xc9, 0x08, 0x29, 0xfb, 0x7e, 0x21, 0x15, 0xb9,
  0x14, 0x28, 0xce, 0x24, 0xdb, 0xf9, 0x2d, 0xf8, 0xc8, 0xfb, 0xad, 0xbb,
  0x19, 0xef, 0xbe, 0x3c, 0x40, 0x32, 0xc7, 0xb3, 0x10, 0x36, 0xf3, 0x1c,
  0xfc, 0xff, 0xb9, 0x2e, 0x0f, 0x01, 0xad, 0x07, 0x5e, 0x26, 0xce, 0x09,
  0xd4, 0x3b, 0x01, 0xdf, 0xd9, 0xcf, 0xb2, 0xdb, 0xed, 0x1d, 0xfd, 0x23,
  0x24, 0x5d, 0xe0, 0xde, 0xf7, 0x4b, 0x74, 0x0d, 0xd7, 0x44, 0xf9, 0x53,
  0x2c, 0xf1, 0xf6, 0xf9, 0x76, 0xd7, 0x1c, 0xcd, 0x2c, 0x72, 0x16, 0x36,
  0xc5, 0x08, 0xb1, 0x0b, 0xe4, 0xfc, 0x19, 0x17, 0xe2, 0x17, 0xae, 0xc1,
  0xe2, 0x51, 0x61, 0x17, 0x49, 0x14, 0x01, 0xf6, 0x67, 0x10, 0xcd, 0x12,
  0x0d, 0xc1, 0xec, 0xd6, 0xfe, 0x40, 0x05, 0xfd, 0xd5, 0xc4, 0xf3, 0x1a,
  0xd2, 0xc6, 0xc9, 0x00, 0x09, 0x42, 0xc9, 0x16, 0xe5, 0xf3, 0x1b, 0xae,
  0x05, 0x37, 0x06, 0x30, 0x7f, 0xff, 0xbe, 0xb8, 0xf4, 0x45, 0xfd, 0x1a,
  0x12, 0xe5, 0xdc, 0x1e, 0x5d, 0x07, 0x2c, 0xeb, 0x34, 0x08, 0x26, 0xe3,
  0xe2, 0xb5, 0x31, 0xf5, 0x2e, 0xf0, 0xf4, 0x3d, 0xf4, 0xbc, 0x18, 0xb9,
  0xd7, 0xfa, 0xc1, 0xef, 0xdc, 0xf3, 0x1c, 0x19, 0xe3, 0xed, 0xdc, 0x40,
  0x08, 0xd9, 0x0c, 0xad, 0x0b, 0xe1, 0x0c, 0xeb, 0xea, 0x1b, 0xeb, 0xd0,
  0x23, 0x0a, 0xf6, 0x30, 0x28, 0xdc, 0xff, 0xbc, 0xdf, 0x13, 0xe3, 0xf4,
  0xda, 0x4b, 0x13, 0xef, 0x3f, 0xe4, 0x28, 0x02, 0x7f, 0xd8, 0x0a, 0x18,
  0xf8, 0xf2, 0x21, 0xde, 0xed, 0xe6, 0xf7, 0xf1, 0x30, 0xcf, 0x07, 0xee,
  0x1c, 0xdd, 0x1c, 0xd2, 0xc8, 0xb8, 0xb6, 0x1f, 0xcc, 0xed, 0xfc, 0x15,
  0x58, 0x07, 0xed, 0x2d, 0x3e, 0x05, 0x25, 0xba, 0x42, 0xd2, 0x43, 0xf9,
  0xad, 0x11, 0x2b, 0x0f, 0xec, 0x13, 0xdf, 0xfb, 0xec, 0xd4, 0x08, 0x00,
  0xdd, 0xe0, 0xd3, 0x2f, 0xd6, 0x1c, 0x27, 0x44, 0x60, 0xf7, 0x02, 0xf6,
  0x52, 0x01, 0x40, 0xfc, 0x01, 0x21, 0xfc, 0xdc, 0xe0, 0xf1, 0x00, 0xea,
  0x2d, 0xe5, 0x0d, 0x1d, 0x13, 0xc7, 0xed, 0xd7, 0x05, 0x24, 0xc0, 0xec,
  0x1b, 0xfa, 0x00, 0x00, 0x02, 0xa6, 0x9e, 0x10, 0xd7, 0x2a, 0x62, 0x0f,
  0x7a, 0xe0, 0xfd, 0x28, 0xc9, 0xcf, 0xaf, 0xcd, 0x1a, 0x87, 0xce, 0x61,
  0xd0, 0x2d, 0xe7, 0xd7, 0xde, 0x68, 0x51, 0xec, 0xf9, 0x1f, 0x0a, 0x63,
  0xee, 0xdd, 0xe3, 0x69, 0x48, 0xd6, 0x47, 0xc1, 0xef, 0xfd, 0xc1, 0xfa,
  0x22, 0xb2, 0xba, 0x03, 0xda, 0x9c, 0x06, 0xe9, 0xb6, 0x13, 0xf9, 0xe0,
  0x52, 0x56, 0x23, 0x32, 0x29, 0xca, 0x6c, 0x0b, 0x10, 0xa5, 0xd0, 0x35,
  0xf3, 0x16, 0x2e, 0xec, 0xfd, 0x26, 0x15, 0x38, 0xcb, 0xa9, 0xeb, 0xdf,
  0xbd, 0xba, 0x46, 0x36, 0xec, 0x1a, 0xa7, 0xbd, 0x07, 0x52, 0x2f, 0xd6,
  0xd2, 0xcc, 0xd4, 0x72, 0x9d, 0xb7, 0xa9, 0x4b, 0x59, 0xfe, 0xf9, 0xe0,
  0x7a, 0xf1, 0x2e, 0xdd, 0xaa, 0x1f, 0xca, 0x05, 0xbe, 0x81, 0x2e, 0x16,
  0xc3, 0xfb, 0x9d, 0x2c, 0x6e, 0x18, 0xce, 0x15, 0x01, 0x2e, 0xe9, 0x49,
  0xe2, 0xd3, 0x92, 0x1f, 0xde, 0xe3, 0x66, 0xe2, 0x70, 0x1d, 0xa7, 0x4a,
  0x12, 0xab, 0xf4, 0xe4, 0xb4, 0xae, 0x07, 0x5c, 0xc7, 0xb2, 0xd6, 0x31,
  0x11, 0x34, 0x40, 0x3c, 0xf6, 0xfd, 0x21, 0xbd, 0xec, 0xcd, 0x16, 0xd9,
  0xda, 0xe8, 0x0d, 0x5d, 0x48, 0xf8, 0xfc, 0xcf, 0x11, 0xf4, 0x04, 0x56,
  0xf4, 0xe4, 0x1c, 0x2e, 0xd7, 0x97, 0xab, 0xea, 0xe1, 0x1d, 0xee, 0xf3,
  0xb7, 0xd8, 0x08, 0x3a, 0xf4, 0xaa, 0x11, 0x56, 0x18, 0xc1, 0x44, 0x13,
  0x4f, 0xdb, 0xca, 0x07, 0xe3, 0xfd, 0x0a, 0xda, 0xb3, 0xdb, 0x26, 0x40,
  0x8b, 0xa9, 0x97, 0xdb, 0xd0, 0xf4, 0x44, 0x0a, 0xf0, 0xda, 0x50, 0xcb,
  0x17, 0x1d, 0x12, 0xf5, 0x57, 0x05, 0x11, 0x4c, 0x61, 0xeb, 0x02, 0x1b,
  0x18, 0xe1, 0xd2, 0x48, 0xce, 0xe8, 0xfd, 0x3b, 0x09, 0xb5, 0xe0, 0x09,
  0xf9, 0x31, 0xee, 0xb4, 0xc9, 0x2f, 0x3d, 0x25, 0xfc, 0x25, 0x01, 0x47,
  0x10, 0xdd, 0xf1, 0x49, 0xe9, 0xed, 0x81, 0x17, 0xcf, 0xae, 0xfb, 0x5c,
  0xc3, 0x99, 0x1f, 0xfa, 0xea, 0x0e, 0xaa, 0xce, 0x0a, 0x29, 0x1d, 0xeb,
  0x27, 0x23, 0x0c, 0xe6, 0xee, 0xbc, 0xdc, 0xff, 0x25, 0x3b, 0xe8, 0x14,
  0x5c, 0x1a, 0xb9, 0xe9, 0x35, 0xc8, 0xcf, 0xff, 0xe7, 0xdb, 0xb7, 0x1b,
  0xa5, 0x25, 0xf4, 0x3d, 0x3a, 0xfb, 0x1a, 0xd7, 0x00, 0xf6, 0xc3, 0xab,
  0xd8, 0x08, 0x36, 0xb7, 0xc9, 0x2e, 0x00, 0x15, 0xbf, 0x16, 0x0a, 0x37,
  0x07, 0x35, 0x53, 0xc4, 0x44, 0x38, 0xb9, 0xf1, 0xfb, 0xeb, 0x04, 0x24,
  0xbe, 0xec, 0x13, 0x16, 0xd6, 0x00, 0xc7, 0x99, 0x13, 0x5c, 0x2b, 0xc5,
  0xc2, 0x08, 0xdb, 0xcf, 0xfc, 0xf3, 0xe8, 0x20, 0x46, 0xf8, 0x08, 0x06,
  0x21, 0x25, 0x08, 0x00, 0x1c, 0x31, 0x01, 0xdc, 0x28, 0x01, 0x38, 0xfd,
  0x2a, 0x0e, 0xfd, 0xd1, 0xd0, 0x52, 0x45, 0xf9, 0xb0, 0xfd, 0xd2, 0xed,
  0xaf, 0xf1, 0x39, 0x28, 0x2c, 0x2a, 0xdc, 0x1f, 0x5e, 0xfb, 0xd5, 0x04,
  0x08, 0xe7, 0xf0, 0xc7, 0xd8, 0xca, 0xe8, 0x41, 0x2d, 0x4d, 0xf0, 0xaf,
  0x22, 0xdc, 0x6d, 0xc5, 0xd9, 0x26, 0x1e, 0x12, 0xe2, 0x07, 0xe1, 0x23,
  0x06, 0x4a, 0x7f, 0x02, 0x26, 0x1c, 0xaa, 0xc9, 0x0d, 0xfa, 0x40, 0x0c,
  0xcf, 0x12, 0xe4, 0x32, 0xf7, 0xd6, 0xee, 0xa7, 0x05, 0x62, 0x4f, 0xab,
  0xc9, 0x3f, 0x21, 0x08, 0xc2, 0xdc, 0xf5, 0xfa, 0x56, 0x3a, 0x44, 0xbd,
  0x18, 0x44, 0xf8, 0x0e, 0xff, 0x1b, 0x1e, 0xfa, 0x30, 0xe2, 0xeb, 0xf3,
  0x23, 0x20, 0xc4, 0xf8, 0x59, 0x21, 0x3b, 0xde, 0xde, 0xdd, 0xca, 0xa7,
  0x2c, 0xcc, 0xfc, 0xd3, 0xbf, 0x02, 0x07, 0xb2, 0xf1, 0x18, 0x28, 0x42,
  0xdb, 0xdf, 0xf3, 0x12, 0x6c, 0x2d, 0x8d, 0x0b, 0x4b, 0xf1, 0xec, 0x25,
  0xf3, 0x27, 0xf1, 0x0c, 0x4f, 0x10, 0x3e, 0xff, 0x39, 0x26, 0x23, 0xdf,
  0xd0, 0xbe, 0xe0, 0xee, 0xd9, 0x3b, 0x0e, 0xf8, 0x03, 0xcf, 0xcc, 0x0f,
  0x2b, 0xf1, 0xe8, 0x52, 0x17, 0xdf, 0xd0, 0x02, 0x6d, 0x08, 0x29, 0x0d,
  0x12, 0xbc, 0xe3, 0xff, 0x1a, 0x20, 0x4a, 0x06, 0xc0, 0xe3, 0xe1, 0xc7,
  0xf7, 0x12, 0x35, 0xc5, 0x2f, 0xbf, 0x0b, 0x2a, 0xec, 0x0f, 0x81, 0x3a,
  0x2b, 0x4c, 0xec, 0xee, 0x23, 0x13, 0xda, 0x08, 0x2e, 0xc7, 0x1e, 0xfc,
  0x43, 0xc2, 0x0b, 0xfb, 0xb2, 0x0f, 0x12, 0x98, 0xce, 0xef, 0x0f, 0x20,
  0x32, 0xc2, 0xf3, 0xe5, 0xff, 0xff, 0xea, 0xf0, 0xea, 0xe2, 0x18, 0x01,
  0x1e, 0xeb, 0xf3, 0xe3, 0x1e, 0xe6, 0x21, 0xb1, 0x4c, 0x02, 0xe3, 0x4b,
  0xa3, 0xd9, 0xb8, 0xc3, 0xc7, 0xfa, 0xf7, 0xb6, 0x67, 0xa5, 0xea, 0xf9,
  0x4e, 0x21, 0xeb, 0xf8, 0x13, 0x13, 0xe5, 0xec, 0x38, 0x2d, 0x15, 0x5d,
  0xee, 0xc4, 0xe7, 0xd0, 0xd3, 0xf9, 0xcc, 0xe8, 0xf3, 0xbb, 0xb7, 0x11,
  0xf2, 0x21, 0x0c, 0x2b, 0x45, 0x11, 0xbd, 0x04, 0xcf, 0xdf, 0xf5, 0x4a,
  0xf3, 0x7c, 0xe9, 0xfe, 0x0e, 0x25, 0x1c, 0x58, 0x13, 0xdc, 0x38, 0xd7,
  0x45, 0xd2, 0x01, 0xfc, 0xf1, 0x00, 0xc4, 0x11, 0xe1, 0xeb, 0xe7, 0x1a,
  0xfe, 0xeb, 0xfd, 0x23, 0x03, 0x3c, 0x02, 0x7f, 0xce, 0x28, 0xcc, 0xfd,
  0x2c, 0x11, 0x29, 0x24, 0x03, 0xca, 0xe9, 0xcc, 0xfd, 0x10, 0xf9, 0xc3,
  0x18, 0xfa, 0xee, 0xcd, 0xdc, 0xe6, 0xea, 0x14, 0x17, 0x05, 0xd0, 0xe1,
  0x08, 0xd2, 0x5a, 0x7e, 0x11, 0x21, 0xff, 0x15, 0xe8, 0xf2, 0xee, 0x2a,
  0xd1, 0xc7, 0xf7, 0xd1, 0xfa, 0xf7, 0x46, 0x10, 0x15, 0xeb, 0xf8, 0x38,
  0xde, 0xfa, 0xee, 0x2e, 0x35, 0x25, 0xf2, 0x4b, 0x0f, 0xff, 0x04, 0x74,
  0x1b, 0x7d, 0xdd, 0xfe, 0x2b, 0x14, 0xd6, 0x2c, 0x1d, 0xbe, 0xea, 0xcf,
  0x1d, 0xc8, 0x43, 0x2a, 0x28, 0xf8, 0xd2, 0xcd, 0xeb, 0xec, 0xe3, 0x49,
  0xf7, 0x29, 0x21, 0x4c, 0xef, 0x29, 0x19, 0x68, 0xf5, 0xca, 0x6b, 0xc0,
  0x92, 0xd7, 0xd6, 0xe5, 0xc7, 0x49, 0x61, 0x51, 0x0b, 0x22, 0xbf, 0x1b,
  0xe1, 0xfe, 0xfd, 0xef, 0xcb, 0xd7, 0xd9, 0xf4, 0xec, 0xe0, 0xfa, 0x09,
  0xb1, 0x0b, 0x29, 0x15, 0x10, 0xe9, 0xd4, 0xd5, 0xed, 0xf5, 0xc1, 0x17,
  0xc6, 0x58, 0x12, 0xfd, 0x3f, 0x03, 0xc9, 0xf9, 0x5c, 0x1e, 0x09, 0x23,
  0x2f, 0xf3, 0xbe, 0x1e, 0x0c, 0xdf, 0x18, 0x49, 0xe3, 0xff, 0x1e, 0xd2,
  0xe0, 0xaa, 0x3b, 0xa8, 0xa6, 0xde, 0xdb, 0x0d, 0xb6, 0x02, 0x4f, 0xf9,
  0xfd, 0x26, 0xe6, 0xb6, 0xf3, 0x2a, 0xd1, 0xf4, 0x0f, 0x35, 0x11, 0x06,
  0xcc, 0xd8, 0xfc, 0xd8, 0xb3, 0xc8, 0xf9, 0x2c, 0xb4, 0x95, 0xfb, 0xe7,
  0xb1, 0xbf, 0x49, 0xe4, 0xdc, 0xc7, 0xc8, 0x1e, 0x34, 0xf0, 0xaa, 0xba,
  0x18, 0x67, 0x07, 0xf8, 0x35, 0xca, 0xde, 0xf0, 0xf6, 0x9c, 0x0e, 0xd3,
  0xaf, 0xde, 0xfd, 0xbd, 0xb9, 0xcb, 0x6d, 0x98, 0x81, 0x33, 0xce, 0xb1,
  0x07, 0x0d, 0x5d, 0x22, 0x20, 0xcc, 0xc0, 0xd9, 0x4b, 0x51, 0x21, 0x47,
  0x31, 0xbb, 0xe7, 0x43, 0xff, 0x9e, 0x16, 0xb2, 0xf1, 0xf1, 0x28, 0xc0,
  0x47, 0x36, 0xfd, 0x17, 0xf0, 0xda, 0xd1, 0x18, 0xd5, 0xea, 0xe8, 0x29,
  0x05, 0xfc, 0x3e, 0x3a, 0xdb, 0x31, 0xda, 0xc5, 0xde, 0x02, 0xfb, 0xcd,
  0xe4, 0x15, 0x25, 0xf9, 0x33, 0xd6, 0xf7, 0xe6, 0x0e, 0xef, 0xec, 0x36,
  0x0d, 0xeb, 0xd5, 0xea, 0x07, 0x18, 0xf5, 0xf6, 0xd7, 0x04, 0x3a, 0xdc,
  0x16, 0x03, 0xdc, 0xf1, 0xf2, 0x23, 0x45, 0xf3, 0xc7, 0x31, 0xb5, 0x28,
  0xd9, 0xdc, 0x2f, 0xb8, 0x18, 0x1a, 0x19, 0x74, 0xf0, 0xfc, 0xfb, 0x28,
  0xeb, 0x07, 0xfd, 0xef, 0x2c, 0xc5, 0x49, 0x11, 0xe9, 0xc6, 0xc5, 0xca,
  0x07, 0x0d, 0x14, 0xe6, 0x17, 0x7f, 0xb2, 0xd1, 0x2a, 0x32, 0xeb, 0xfb,
  0x0e, 0xf0, 0x2e, 0xf3, 0xec, 0x3d, 0x12, 0x2d, 0xd6, 0x0b, 0xdd, 0x41,
  0xcc, 0xd6, 0xf5, 0x1f, 0x0a, 0xac, 0xd9, 0xcb, 0x2b, 0x16, 0x3b, 0xde,
  0x26, 0x18, 0xae, 0xde, 0x6b, 0x30, 0xfc, 0x0a, 0x17, 0x1f, 0xcc, 0x63,
  0xef, 0xfe, 0x09, 0x2f, 0x0c, 0xe0, 0xba, 0xfd, 0xf0, 0xf3, 0x1a, 0x5b,
  0x08, 0xb2, 0xfb, 0x9a, 0x1c, 0xf9, 0xc4, 0x0d, 0xf8, 0x49, 0xb6, 0x67,
  0x6c, 0x32, 0x3d, 0xfc, 0xa1, 0xf4, 0xdc, 0xbd, 0xde, 0xe2, 0x52, 0xd3,
  0xf4, 0x1a, 0xf1, 0x3c, 0x11, 0x3e, 0x17, 0x05, 0x0b, 0xde, 0x32, 0x7c,
  0x3a, 0x0a, 0xb6, 0x2c, 0x1c, 0xfe, 0x37, 0x01, 0xa0, 0xf0, 0xf7, 0x57,
  0xc9, 0xe0, 0xc5, 0xa5, 0xdf, 0x28, 0x53, 0x09, 0xee, 0x7f, 0x42, 0x33,
  0xba, 0x5c, 0x27, 0xc9, 0x2a, 0x3c, 0x12, 0xf8, 0xea, 0x1a, 0xf3, 0x29,
  0x07, 0x0e, 0x25, 0x15, 0xa7, 0xb7, 0xf7, 0x32, 0xb5, 0xd4, 0x34, 0x9e,
  0xbb, 0x2a, 0x05, 0xae, 0xf0, 0x34, 0x1f, 0x24, 0xd6, 0x06, 0xe2, 0xd4,
  0x3d, 0x47, 0xd2, 0x30, 0x1d, 0x3f, 0xcf, 0x3b, 0xc6, 0xe8, 0x74, 0x28,
  0xdf, 0x07, 0xf4, 0x12, 0xed, 0xce, 0x06, 0xab, 0x14, 0x2b, 0x21, 0x07,
  0xc7, 0x59, 0xcb, 0x18, 0x18, 0x2c, 0x13, 0xcf, 0x7c, 0x2c, 0x49, 0x06,
  0x63, 0xff, 0xf8, 0xfb, 0xcb, 0xe6, 0x2d, 0xb7, 0xc6, 0xd7, 0xe5, 0x12,
  0xde, 0x02, 0x4a, 0xbd, 0xc0, 0xc6, 0x5a, 0xd0, 0xed, 0x7d, 0xf0, 0xfb,
  0xeb, 0x38, 0xd6, 0xd2, 0xf8, 0x4d, 0xfc, 0x12, 0x51, 0xb8, 0xe8, 0x18,
  0x13, 0x31, 0x73, 0xdd, 0xa3, 0x1d, 0xbb, 0x16, 0xc1, 0xf0, 0x0f, 0xa3,
  0x7b, 0x06, 0xf2, 0x06, 0x01, 0x33, 0x00, 0x40, 0xd7, 0x0f, 0x01, 0x25,
  0xf3, 0xd5, 0x1a, 0x2a, 0xe8, 0xe3, 0x00, 0x4d, 0xf5, 0xc9, 0xf9, 0xdf,
  0x9f, 0xcf, 0xd1, 0xee, 0x26, 0x14, 0x0f, 0xad, 0x19, 0x5b, 0x6d, 0xce,
  0xcc, 0x45, 0xe7, 0x17, 0xdd, 0x46, 0x3a, 0x19, 0x07, 0x3f, 0x30, 0x1c,
  0x2d, 0x0d, 0xf8, 0x4f, 0xd5, 0xe8, 0x11, 0x24, 0x20, 0xc8, 0xd0, 0x12,
  0x1e, 0x29, 0xbf, 0xd5, 0x0a, 0x16, 0x7f, 0x02, 0xaa, 0x1a, 0x34, 0xf1,
  0xd8, 0x24, 0x3f, 0x15, 0x31, 0x47, 0x11, 0xcd, 0x53, 0x29, 0xba, 0x01,
  0xbb, 0x20, 0x42, 0x0a, 0xd5, 0x1b, 0xb2, 0x1a, 0x02, 0x09, 0x39, 0xc2,
  0x4c, 0x1f, 0x35, 0xd0, 0xb2, 0x0e, 0x47, 0x29, 0xe8, 0xea, 0xeb, 0xcb,
  0x4e, 0x0e, 0x2b, 0x2a, 0x16, 0x0d, 0x01, 0xfb, 0xf3, 0x1f, 0xff, 0xfe,
  0xb6, 0x03, 0xb8, 0xda, 0xde, 0x3e, 0xc9, 0xa6, 0x5b, 0x5a, 0x71, 0xb5,
  0xbb, 0x1f, 0x2d, 0x1f, 0x0f, 0x71, 0xc2, 0xdf, 0xe6, 0x63, 0x37, 0x0e,
  0x52, 0xf0, 0xc2, 0xf6, 0x0b, 0xf3, 0x24, 0x06, 0xe2, 0xbf, 0xed, 0x2f,
  0xdc, 0xf6, 0xdc, 0xe5, 0xe5, 0x08, 0x2f, 0x00, 0x0f, 0x1c, 0x37, 0xb5,
  0x05, 0x1c, 0x24, 0x05, 0xf0, 0x23, 0x2d, 0x15, 0x2b, 0xe3, 0xc9, 0x33,
  0x01, 0xe2, 0x0e, 0xf3, 0xbb, 0xdf, 0xc1, 0xf1, 0x33, 0x21, 0xeb, 0xda,
  0x09, 0xf5, 0x41, 0x09, 0x1f, 0x13, 0x27, 0xca, 0xf5, 0x24, 0x28, 0xec,
  0xef, 0xc4, 0x27, 0xf7, 0xf0, 0x17, 0x24, 0x1b, 0x24, 0xc9, 0xe0, 0xd8,
  0xed, 0xba, 0xc2, 0x02, 0xe8, 0x0c, 0xc7, 0xcf, 0x1b, 0x3e, 0x1e, 0xd1,
  0xdc, 0x53, 0x04, 0x04, 0xc6, 0xd7, 0x20, 0xe0, 0xfa, 0x22, 0x69, 0x19,
  0x18, 0x2d, 0xee, 0x25, 0xc9, 0xf3, 0x43, 0x25, 0xec, 0xcc, 0xca, 0xe9,
  0x33, 0x3f, 0xe1, 0xb0, 0x04, 0x43, 0x48, 0xc9, 0xd4, 0x44, 0x08, 0xda,
  0xe7, 0xf8, 0x12, 0xf1, 0x11, 0x19, 0xe7, 0x0c, 0x24, 0x31, 0xe5, 0x29,
  0xf7, 0xdc, 0x21, 0xc9, 0x0f, 0xe3, 0xf2, 0x22, 0x0f, 0x4a, 0xd3, 0xf9,
  0x47, 0x22, 0x0c, 0x01, 0xca, 0x0f, 0x23, 0xe4, 0x06, 0x42, 0xd2, 0xed,
  0x0a, 0x11, 0x7f, 0x34, 0x28, 0xfc, 0x1d, 0x13, 0xed, 0xd3, 0x0e, 0xca,
  0xf8, 0xef, 0xc6, 0x18, 0xfa, 0xe0, 0x27, 0x17, 0x0f, 0x21, 0x14, 0x04,
  0xb1, 0xbb, 0xce, 0x1e, 0x21, 0xf4, 0x1d, 0x7f, 0x3d, 0x07, 0xd7, 0xb0,
  0x02, 0x20, 0xfa, 0xe8, 0x2d, 0x41, 0xdd, 0x1f, 0x75, 0xfe, 0xcb, 0xd7,
  0x68, 0xfd, 0x09, 0xea, 0x0c, 0x15, 0x3e, 0xd5, 0xc6, 0xbe, 0xe1, 0x0c,
  0xcf, 0xff, 0xd7, 0x03, 0xf9, 0xe8, 0xd9, 0xba, 0xea, 0x17, 0x14, 0xee,
  0x1d, 0x0d, 0xad, 0x1a, 0xfb, 0xfd, 0xcd, 0xd1, 0x53, 0xf3, 0xe7, 0xd7,
  0xef, 0x7d, 0xf4, 0xd1, 0x08, 0xd2, 0xdf, 0x57, 0x1b, 0x1e, 0x2e, 0x61,
  0xdf, 0xd6, 0xe2, 0xce, 0xfa, 0x2a, 0xfc, 0x38, 0x66, 0x45, 0xc6, 0xfa,
  0x43, 0x12, 0x00, 0xed, 0x21, 0xfb, 0xcd, 0x15, 0xe9, 0xf3, 0x1e, 0x16,
  0xc9, 0xbc, 0xd4, 0x4f, 0x16, 0xe9, 0x28, 0x60, 0x2b, 0x0c, 0xce, 0xd9,
  0xf4, 0xf5, 0xf1, 0xec, 0x1e, 0x07, 0x28, 0x23, 0xfa, 0x09, 0x1f, 0x02,
  0xf3, 0xd5, 0xe4, 0xc0, 0x0a, 0x60, 0x0e, 0xfa, 0xe3, 0xad, 0xe7, 0xfa,
  0x1c, 0x1a, 0x10, 0x22, 0x07, 0xd9, 0xe4, 0xb0, 0x06, 0x4c, 0x09, 0xf8,
  0x18, 0xfd, 0x0d, 0x49, 0x42, 0x39, 0x1e, 0xd7, 0xd7, 0xcd, 0x18, 0xba,
  0x5f, 0xd8, 0xc2, 0xc8, 0xcd, 0xfd, 0xf4, 0xae, 0x15, 0x1b, 0xa6, 0xe7,
  0xc9, 0xdd, 0x18, 0xc5, 0x22, 0xec, 0xcc, 0xe9, 0x47, 0xa9, 0x98, 0xbd,
  0xf7, 0x88, 0xde, 0xff, 0x04, 0xe4, 0xca, 0xe0, 0x37, 0xfc, 0xfd, 0x04,
  0xbd, 0xc5, 0x1e, 0xf1, 0xe2, 0xf7, 0xa6, 0x35, 0xa0, 0xbd, 0xdb, 0xed,
  0xb8, 0xfe, 0x33, 0x51, 0xd7, 0xc7, 0x8f, 0xec, 0x00, 0x01, 0xa8, 0x2e,
  0x29, 0xa9, 0xf7, 0x21, 0x25, 0x1e, 0x01, 0xd7, 0xff, 0xcd, 0xde, 0x0b,
  0xf5, 0x2b, 0xf0, 0xd9, 0xa7, 0x16, 0x03, 0x9b, 0x07, 0x05, 0xed, 0x30,
  0x13, 0xc7, 0x9a, 0xc3, 0xd7, 0xbe, 0x9f, 0xda, 0xe2, 0xee, 0x62, 0xf0,
  0x6f, 0x13, 0x0d, 0xc8, 0xaa, 0xa8, 0xde, 0xf9, 0xfa, 0xc6, 0xeb, 0xc5,
  0x89, 0xa9, 0x48, 0xcf, 0xcc, 0x47, 0xc3, 0x3e, 0x29, 0x88, 0xda, 0xed,
  0x01, 0xda, 0xd7, 0x22, 0xd1, 0x0c, 0x1b, 0xe7, 0x2c, 0x0e, 0xb7, 0x00,
  0xa8, 0xc0, 0x11, 0xcd, 0xc9, 0x8d, 0x9b, 0xd4, 0x81, 0xc4, 0x40, 0x95,
  0xe1, 0xff, 0x1a, 0x1c, 0xc5, 0xbc, 0xb3, 0x9f, 0xb7, 0xac, 0xbe, 0x16,
  0x21, 0x15, 0x3b, 0x4b, 0x00, 0xb6, 0xe0, 0x24, 0x00, 0xe6, 0x1a, 0x30,
  0xe3, 0x0f, 0x47, 0x0f, 0xd6, 0xb9, 0xf0, 0xc1, 0xe3, 0x21, 0x00, 0xd8,
  0xf7, 0x31, 0xee, 0x14, 0xff, 0x2e, 0xf1, 0xec, 0x57, 0x58, 0x28, 0x72,
  0x01, 0x10, 0xca, 0x40, 0xfb, 0xb6, 0xff, 0x3a, 0xd5, 0xdd, 0x6a, 0x47,
  0xdd, 0xbe, 0xd8, 0xd4, 0xd6, 0x1c, 0xf8, 0x00, 0x10, 0x55, 0xb1, 0x2d,
  0x49, 0x53, 0xcb, 0xd2, 0x28, 0xda, 0x14, 0x2c, 0xf7, 0x11, 0x06, 0x04,
  0x23, 0xf5, 0xe3, 0x1a, 0x3e, 0x08, 0x55, 0x05, 0xd3, 0xd8, 0xed, 0x0d,
  0xed, 0xfb, 0x21, 0x23, 0x1a, 0x7f, 0xcb, 0xe1, 0x1a, 0xe1, 0x3f, 0x17,
  0xf6, 0x4c, 0x09, 0x52, 0xfb, 0x22, 0xf3, 0x1d, 0x3f, 0xd8, 0x0b, 0x47,
  0x17, 0xf6, 0x45, 0x4a, 0xf6, 0xc0, 0xfa, 0x08, 0xf0, 0x24, 0xe8, 0x2c,
  0x03, 0xeb, 0xe1, 0xff, 0x62, 0xfb, 0xd5, 0xfa, 0xf5, 0xfb, 0x01, 0x6c,
  0xe1, 0x1b, 0x16, 0x41, 0x6e, 0xcb, 0x05, 0x18, 0x01, 0x09, 0xe6, 0x33,
  0xf5, 0xb9, 0xfa, 0xdd, 0xf4, 0xfa, 0x09, 0x2e, 0x0a, 0x58, 0xaf, 0xb9,
  0x52, 0x04, 0x11, 0x09, 0xbb, 0xf9, 0x3f, 0x93, 0x2f, 0x1b, 0x2c, 0xdd,
  0xe7, 0x71, 0xec, 0x2b, 0xca, 0xf7, 0x07, 0xda, 0x3b, 0x20, 0xbe, 0x2d,
  0x5d, 0x26, 0x00, 0xf8, 0xc7, 0xa6, 0x41, 0xe0, 0xef, 0xcc, 0x2e, 0x06,
  0xe0, 0x22, 0xf2, 0xa2, 0x12, 0xfb, 0x4a, 0xe9, 0x1a, 0xe3, 0x2c, 0x1b,
  0xde, 0x3b, 0xe0, 0xc6, 0x43, 0x3d, 0xe4, 0xe6, 0x33, 0x09, 0xce, 0xfc,
  0xf4, 0xbb, 0x1a, 0x2a, 0xcc, 0xeb, 0x25, 0xed, 0xf5, 0x16, 0x14, 0x9b,
  0xd2, 0xee, 0xcb, 0xc4, 0x0e, 0xff, 0xf5, 0x02, 0x0e, 0xfd, 0xfd, 0xe6,
  0x41, 0x3d, 0x0f, 0x1f, 0x79, 0xbe, 0xbd, 0x5a, 0xe9, 0xb9, 0x48, 0xfc,
  0xf3, 0xc6, 0xf8, 0xdb, 0xac, 0x1c, 0x58, 0xe7, 0x11, 0xab, 0x44, 0xe5,
  0xbd, 0x4e, 0xe2, 0x34, 0xd5, 0x62, 0xd3, 0xea, 0x1d, 0x06, 0x52, 0x17,
  0x08, 0xd3, 0xb0, 0x47, 0x28, 0xd0, 0x61, 0xb6, 0xf2, 0xf6, 0x0f, 0x42,
  0x07, 0x1e, 0xf1, 0x91, 0x26, 0x2a, 0x11, 0xf3, 0xb6, 0x58, 0xcb, 0x0a,
  0x1d, 0xe8, 0x2e, 0xf5, 0x37, 0x24, 0xe9, 0xe3, 0x34, 0xf4, 0xfb, 0xdf,
  0xdb, 0xf6, 0x7f, 0x16, 0xec, 0x01, 0x2b, 0xda, 0x00, 0xfb, 0x39, 0x2a,
  0xc5, 0x00, 0xa2, 0x55, 0xff, 0xff, 0x20, 0xdb, 0xf8, 0x04, 0xd5, 0xe7,
  0x00, 0xc8, 0xf6, 0x23, 0xe8, 0xd6, 0xfb, 0x65, 0xd1, 0x0e, 0xfa, 0x2b,
  0x07, 0xfc, 0x1b, 0x2e, 0xd5, 0x2a, 0x1f, 0xfd, 0xf5, 0xc3, 0xaf, 0x07,
  0xe4, 0x19, 0x34, 0x19, 0x22, 0x39, 0xff, 0xd1, 0x0f, 0xf1, 0xcf, 0x4f,
  0xd5, 0xfd, 0xef, 0xf8, 0xd0, 0xcc, 0xd2, 0xce, 0xf2, 0x0d, 0x2a, 0x2f,
  0xd8, 0x16, 0x07, 0x36, 0xdf, 0xe2, 0xbb, 0xef, 0x59, 0x04, 0x79, 0xf1,
  0x27, 0x1c, 0x0a, 0xe5, 0x15, 0xd2, 0xde, 0xf2, 0xd2, 0xed, 0xf6, 0x1d,
  0xe3, 0x04, 0xf5, 0x02, 0xf1, 0x38, 0x47, 0xf4, 0xaf, 0x26, 0x25, 0xef,
  0x05, 0x01, 0xee, 0x49, 0x00, 0x17, 0x3a, 0x3d, 0x33, 0xce, 0xff, 0xcc,
  0xf2, 0xcc, 0xc0, 0x5e, 0xdb, 0xcb, 0xeb, 0x31, 0x16, 0xfa, 0xde, 0xed,
  0x09, 0xda, 0xf3, 0xde, 0xb9, 0x23, 0x21, 0x30, 0x06, 0xc7, 0x9c, 0x21,
  0x08, 0x06, 0x7f, 0x31, 0xfa, 0x21, 0xe1, 0xc7, 0xe1, 0xbf, 0xf8, 0xec,
  0xf0, 0xdc, 0x2d, 0x07, 0xe2, 0x04, 0x1e, 0x32, 0xf5, 0x4f, 0x00, 0xe4,
  0xdf, 0x04, 0x1c, 0x3c, 0x14, 0x31, 0xcd, 0x5f, 0x35, 0x17, 0x42, 0x10,
  0x18, 0x07, 0xe6, 0x1c, 0xe6, 0xa5, 0xca, 0x48, 0x01, 0x19, 0xf9, 0xcd,
  0xc7, 0x35, 0xfa, 0xda, 0x22, 0x27, 0x2d, 0x07, 0xf1, 0xda, 0x3f, 0x3f,
  0xf9, 0xe3, 0xef, 0xe4, 0x10, 0xec, 0x1e, 0x12, 0x47, 0xfc, 0xf7, 0x29,
  0xd2, 0xb7, 0xf1, 0xe1, 0xf1, 0x1f, 0x0c, 0xf0, 0xb4, 0x57, 0x06, 0xff,
  0xf8, 0x10, 0x30, 0x06, 0xde, 0x10, 0x14, 0x05, 0xfd, 0xc1, 0xf8, 0x13,
  0xf0, 0x21, 0x49, 0x55, 0xef, 0x16, 0x24, 0xe2, 0x25, 0xd6, 0xd5, 0x45,
  0xff, 0x2e, 0xf8, 0xe6, 0xa3, 0x20, 0xbc, 0xd6, 0xe1, 0x28, 0x3e, 0xfe,
  0xbf, 0x23, 0x0c, 0x5a, 0x0d, 0x02, 0xd9, 0x35, 0x52, 0xe7, 0x22, 0x13,
  0x20, 0xfe, 0x0f, 0xf4, 0x0e, 0xe9, 0xea, 0x11, 0x02, 0x0e, 0x33, 0xd9,
  0xc6, 0xe5, 0xe2, 0x1a, 0x15, 0x09, 0x16, 0x2f, 0xfa, 0xea, 0x18, 0x03,
  0x23, 0x10, 0xc8, 0xfa, 0x7f, 0xef, 0x2f, 0x03, 0x12, 0xf1, 0x2f, 0xff,
  0xda, 0xbc, 0x06, 0x14, 0xf2, 0xfc, 0x09, 0xde, 0xd1, 0xba, 0xfc, 0x0c,
  0x10, 0x0d, 0xdb, 0x17, 0x30, 0xf9, 0xdf, 0xfc, 0x48, 0x1b, 0xf1, 0x2a,
  0xfd, 0xf3, 0xe0, 0xf7, 0xe8, 0xdf, 0xfd, 0x46, 0x0f, 0xd1, 0xe5, 0x20,
  0xec, 0x13, 0x4a, 0xf4, 0x03, 0x68, 0xe3, 0x0d, 0xfe, 0x4a, 0x0a, 0x05,
  0x36, 0x09, 0x18, 0x3a, 0x18, 0x07, 0xf9, 0xe2, 0x14, 0xee, 0xf3, 0x20,
  0x10, 0x0a, 0x1c, 0x5a, 0xe4, 0x03, 0xfe, 0xfe, 0xf6, 0x10, 0x3e, 0x30,
  0xd7, 0x19, 0xe1, 0x1d, 0x7f, 0x1f, 0x32, 0xdf, 0x4b, 0xeb, 0x0b, 0x07,
  0x31, 0x1e, 0xf7, 0x01, 0x0c, 0xe0, 0x04, 0xdb, 0x12, 0xcd, 0xf7, 0xfe,
  0x01, 0xe6, 0xde, 0xef, 0xfe, 0x30, 0x00, 0x2e, 0xdc, 0x45, 0xbc, 0x05,
  0x19, 0x14, 0xfc, 0xf0, 0xff, 0x2b, 0x13, 0x44, 0xff, 0x06, 0xdc, 0xe5,
  0xeb, 0xca, 0x20, 0x29, 0xf6, 0xdf, 0x1a, 0x26, 0xda, 0x0e, 0xd3, 0xd5,
  0xdd, 0x0d, 0x39, 0x31, 0x00, 0x3e, 0xe8, 0x24, 0x0d, 0x0d, 0x1b, 0x25,
  0x57, 0x40, 0x22, 0x07, 0x35, 0x2b, 0xf3, 0x40, 0x04, 0xf3, 0xec, 0x19,
  0x0d, 0xed, 0x16, 0x2a, 0xe7, 0xe1, 0xf8, 0x10, 0x13, 0x20, 0x44, 0xe6,
  0xf2, 0xf2, 0xe5, 0x1f, 0x20, 0x44, 0x19, 0x0a, 0x2d, 0xba, 0xc3, 0xe9,
  0x08, 0x31, 0xc7, 0x2f, 0xfb, 0xf1, 0xa2, 0xd2, 0xd5, 0xdf, 0x47, 0x51,
  0x18, 0xe0, 0xf4, 0xcd, 0x14, 0x32, 0xfc, 0xf9, 0x56, 0x67, 0xc2, 0x28,
  0x56, 0x0d, 0x06, 0x1b, 0x39, 0xf9, 0xa3, 0x40, 0xb5, 0x00, 0x14, 0xc3,
  0xcd, 0xa5, 0xde, 0xab, 0xfc, 0xc2, 0x3f, 0x67, 0x29, 0xfc, 0x5a, 0x95,
  0x24, 0x4c, 0xbe, 0xdf, 0xd7, 0xfb, 0x19, 0xea, 0x5b, 0x03, 0x20, 0xf3,
  0x0b, 0x42, 0xa4, 0x05, 0xbf, 0xfa, 0xe8, 0xbc, 0xbd, 0xd2, 0x9d, 0xbf,
  0xd6, 0x09, 0x68, 0x7c, 0xd3, 0x0e, 0x22, 0x84, 0x0c, 0x2e, 0xf3, 0x06,
  0x5a, 0x30, 0xf2, 0x51, 0x66, 0xd5, 0xf5, 0xdc, 0x71, 0x34, 0xa8, 0xf8,
  0x30, 0x31, 0xf6, 0x0e, 0xfa, 0xec, 0xd5, 0xa5, 0x02, 0xd3, 0x5e, 0xe0,
  0x02, 0xb2, 0x60, 0xb1, 0x1d, 0x7f, 0xe9, 0x31, 0x5a, 0x36, 0xc3, 0xd3,
  0x3a, 0xe5, 0xfe, 0xda, 0x16, 0x0f, 0x9b, 0xd5, 0xed, 0x27, 0xe8, 0x1f,
  0xb6, 0x87, 0xa2, 0xb6, 0xab, 0xd7, 0x51, 0x04, 0x25, 0x23, 0x34, 0xe1,
  0xfd, 0x78, 0x0f, 0xe0, 0x4e, 0x21, 0xc6, 0x00, 0x04, 0x18, 0xe3, 0xd2,
  0x35, 0xcd, 0x0f, 0x24, 0x4e, 0x7f, 0xce, 0xeb, 0xf8, 0xd3, 0x12, 0xe7,
  0x00, 0xd4, 0x1d, 0x1c, 0xec, 0x16, 0x21, 0xd2, 0x07, 0xd7, 0x3c, 0x1e,
  0x0b, 0x5c, 0x1b, 0x24, 0x47, 0x07, 0xee, 0x02, 0xf6, 0xe4, 0xf8, 0xf7,
  0x64, 0xfc, 0xf6, 0xe6, 0xce, 0xcb, 0x15, 0xdb, 0xf7, 0xc9, 0xeb, 0x33,
  0xfa, 0x16, 0x0f, 0xcf, 0xf4, 0x14, 0xfa, 0xf6, 0x3a, 0x28, 0x2e, 0xe9,
  0x28, 0xf9, 0xf8, 0xd8, 0x25, 0x03, 0xee, 0x0b, 0x44, 0xd5, 0xe0, 0xbd,
  0xe6, 0xcf, 0xe8, 0xf9, 0xe6, 0xbf, 0x24, 0x0a, 0xf5, 0x38, 0xfe, 0xb5,
  0xf0, 0xdb, 0x17, 0xe9, 0xfd, 0x04, 0x14, 0x07, 0xf4, 0x28, 0xfd, 0xe7,
  0x4e, 0x28, 0xe5, 0x28, 0x36, 0xd7, 0x10, 0xf7, 0xe7, 0xcd, 0xf8, 0x18,
  0xf9, 0xcf, 0x11, 0x2e, 0xcf, 0x26, 0xe1, 0xf0, 0xd8, 0x20, 0x19, 0x19,
  0x0a, 0xfb, 0x19, 0x18, 0xe4, 0xe3, 0xd1, 0x26, 0x6f, 0x27, 0xfb, 0x10,
  0x08, 0xd8, 0xeb, 0xe4, 0xed, 0x14, 0xfe, 0xe0, 0xff, 0xc4, 0x00, 0x30,
  0xf1, 0x26, 0x0a, 0xe8, 0xd6, 0x00, 0x0c, 0x24, 0xf3, 0x50, 0xcf, 0xfb,
  0xf9, 0xe9, 0x09, 0xd2, 0x20, 0x3e, 0xe3, 0x29, 0x07, 0x1a, 0xfc, 0x19,
  0x2d, 0xfd, 0xe6, 0xef, 0x06, 0x13, 0xed, 0xe1, 0xd9, 0xce, 0x1f, 0xa4,
  0xd5, 0xeb, 0xb1, 0x27, 0x17, 0x2a, 0xc2, 0xcf, 0xd4, 0xc0, 0xe0, 0x22,
  0x46, 0x43, 0x27, 0xf2, 0x35, 0xef, 0x51, 0xf0, 0x40, 0xe4, 0xec, 0xd3,
  0x06, 0x2c, 0xf1, 0x20, 0xbb, 0x16, 0x17, 0xda, 0xee, 0x18, 0xef, 0x41,
  0xc4, 0xbf, 0xf2, 0xde, 0x1e, 0xa5, 0xbc, 0xee, 0x05, 0x48, 0x2f, 0xe2,
  0x7f, 0x04, 0xe7, 0xe3, 0x33, 0xce, 0xca, 0xce, 0xf2, 0xd6, 0xf0, 0x16,
  0xa8, 0x01, 0x34, 0x94, 0xfe, 0x1f, 0xf4, 0x1e, 0xcf, 0xfd, 0xe0, 0xb9,
  0xd6, 0xb6, 0xb1, 0xdd, 0x5f, 0x2a, 0x2a, 0xe1, 0x17, 0x35, 0x35, 0x22,
  0x1b, 0xe5, 0xd2, 0x30, 0xd6, 0x3a, 0xfe, 0xe7, 0xc8, 0x01, 0x10, 0xc4,
  0xc4, 0x25, 0xe8, 0x18, 0xb6, 0xfe, 0xa7, 0xc8, 0x3f, 0xda, 0x9e, 0x2d,
  0x6e, 0xfd, 0xee, 0xc4, 0x36, 0x4b, 0x16, 0x2f, 0x5a, 0x06, 0xc1, 0xe2,
  0x12, 0x0a, 0x37, 0x21, 0xb5, 0xe9, 0x72, 0x00, 0x21, 0x45, 0xf1, 0x03,
  0xfe, 0x09, 0x0f, 0xe7, 0x00, 0x0d, 0x9c, 0x0a, 0xab, 0x04, 0x05, 0x3b,
  0x09, 0xdc, 0xdb, 0x7f, 0xe5, 0xb4, 0x19, 0xee, 0x3d, 0xde, 0x0d, 0xf4,
  0xeb, 0xa6, 0x03, 0xdf, 0x08, 0x01, 0xf1, 0x0f, 0xc4, 0xd3, 0xb6, 0x10,
  0x27, 0x06, 0x24, 0xd3, 0xfc, 0x10, 0xd2, 0x70, 0xe4, 0xa3, 0xcf, 0x0a,
  0x1a, 0xdc, 0x1e, 0x1e, 0x19, 0xd6, 0xcf, 0xe0, 0x04, 0xa3, 0x02, 0xdf,
  0xc8, 0xfd, 0x37, 0xe0, 0xcc, 0xbc, 0xdc, 0xb4, 0x4e, 0x54, 0x0f, 0x05,
  0xa3, 0x12, 0x38, 0x45, 0xce, 0xb7, 0xd0, 0x55, 0x02, 0xb3, 0x1a, 0x13,
  0xf6, 0xe3, 0x1e, 0x3c, 0xcc, 0xe3, 0xf7, 0x3b, 0xe4, 0x19, 0x3a, 0xad,
  0xce, 0xca, 0x9c, 0xe9, 0xe7, 0xe7, 0x03, 0x31, 0xe8, 0x3d, 0x0e, 0x32,
  0x2f, 0xb7, 0xd1, 0xec, 0x55, 0xee, 0x32, 0xbb, 0xfb, 0x10, 0x12, 0x07,
  0xf4, 0xac, 0xf4, 0x1d, 0x02, 0x27, 0x2d, 0xbb, 0xce, 0x01, 0xa7, 0x2e,
  0x3d, 0x43, 0xca, 0xd8, 0xaf, 0x37, 0x2b, 0x4f, 0xe4, 0xb4, 0xe8, 0x4e,
  0x28, 0xcc, 0x39, 0x16, 0x30, 0xc8, 0xab, 0x0f, 0xd6, 0xcb, 0x0a, 0x0e,
  0x07, 0x23, 0xd0, 0xaf, 0xcb, 0x06, 0x94, 0xde, 0x05, 0xe2, 0x22, 0xec,
  0x10, 0x46, 0x81, 0x42, 0x20, 0x23, 0xd0, 0x0e, 0x26, 0x26, 0xe7, 0xae,
  0xd1, 0xe0, 0x73, 0xdd, 0x06, 0xc7, 0x09, 0xf0, 0xdc, 0x1a, 0xd7, 0x00,
  0x1a, 0xe2, 0xfa, 0xe5, 0x15, 0xff, 0xe0, 0x35, 0xc5, 0x13, 0xb0, 0x35,
  0x45, 0xd6, 0x2f, 0xef, 0x1f, 0x06, 0x08, 0xde, 0xc7, 0xd9, 0x35, 0x14,
  0xa8, 0x02, 0x7d, 0xbb, 0x28, 0x40, 0x16, 0x21, 0x30, 0x0c, 0x4a, 0xe2,
  0x2a, 0xfc, 0xeb, 0x15, 0xd7, 0x42, 0xa7, 0x2f, 0x27, 0x31, 0xc0, 0xe1,
  0xec, 0x38, 0xfe, 0xc0, 0x01, 0xbc, 0x09, 0xcc, 0xf2, 0xbb, 0x03, 0x2f,
  0x03, 0x50, 0xc6, 0xd1, 0x46, 0x08, 0x35, 0x1d, 0x26, 0xc7, 0x09, 0xe6,
  0x3f, 0xfb, 0xab, 0x38, 0x68, 0xf3, 0x2d, 0x02, 0x03, 0xe1, 0x02, 0xe1,
  0xa5, 0xcb, 0x1a, 0x07, 0xb5, 0xbb, 0x62, 0xe3, 0x21, 0x1e, 0xd4, 0x15,
  0x03, 0x36, 0x02, 0x1c, 0xf8, 0xea, 0xbf, 0xeb, 0x19, 0x54, 0xd1, 0xde,
  0x01, 0x11, 0xd1, 0x12, 0x14, 0xe7, 0xeb, 0xd7, 0xc6, 0xf0, 0x0d, 0xd1,
  0xd9, 0xbd, 0x4a, 0xc0, 0x17, 0x35, 0xc4, 0xdc, 0xfb, 0xf0, 0x3f, 0xf1,
  0x02, 0xc4, 0xc9, 0x00, 0xce, 0xea, 0x08, 0x21, 0xc6, 0xca, 0xe2, 0x4f,
  0x30, 0x58, 0x16, 0x05, 0xf8, 0x19, 0x30, 0xbd, 0xf1, 0xeb, 0xf9, 0xd0,
  0x0f, 0x0e, 0xe2, 0x04, 0x89, 0xfd, 0x1e, 0x2c, 0xf4, 0xe9, 0xd6, 0x3d,
  0xcd, 0xf8, 0x0c, 0x1a, 0xf9, 0xfb, 0xe4, 0x4d, 0x31, 0xf0, 0x3b, 0x3c,
  0x2f, 0x03, 0x7f, 0xf2, 0x51, 0x9d, 0xf0, 0x5f, 0xda, 0xe2, 0xe3, 0x10,
  0xe6, 0xf2, 0x3a, 0x20, 0x0a, 0xe3, 0x11, 0xf7, 0x82, 0x3c, 0x1b, 0x0b,
  0xc3, 0x19, 0x25, 0x05, 0xeb, 0x12, 0x33, 0x2f, 0x21, 0x00, 0x1e, 0xfb,
  0xba, 0xca, 0xd0, 0x39, 0x1b, 0xff, 0x14, 0x22, 0x30, 0x40, 0x65, 0xf2,
  0xf0, 0xe1, 0x2c, 0x44, 0x85, 0x1c, 0x28, 0xc1, 0xd4, 0xe4, 0xdc, 0x31,
  0x6b, 0x4a, 0x45, 0x1e, 0xef, 0x2c, 0xec, 0xf5, 0x11, 0xc1, 0x05, 0xfb,
  0xd4, 0x42, 0xe8, 0xf7, 0xa5, 0xf2, 0x61, 0xd4, 0xae, 0xe5, 0x0d, 0x05,
  0xdc, 0xce, 0xf0, 0x34, 0x27, 0xf5, 0xe7, 0x6e, 0x29, 0x56, 0x14, 0x33,
  0xdb, 0x30, 0x43, 0xcd, 0x2b, 0xc9, 0x18, 0x7b, 0x30, 0x1e, 0xc9, 0xd1,
  0xcc, 0xee, 0x44, 0xee, 0xcc, 0xd2, 0x2a, 0xfe, 0x21, 0xf9, 0x28, 0x5c,
  0x98, 0x0e, 0x20, 0xe4, 0xec, 0x77, 0xcf, 0x26, 0x2b, 0xea, 0xa1, 0xd9,
  0x19, 0xd2, 0x98, 0x04, 0xdd, 0xd5, 0x59, 0x10, 0xb6, 0x16, 0x38, 0x48,
  0x0e, 0x05, 0x35, 0x0a, 0xe4, 0x56, 0x2d, 0xc7, 0xed, 0xdd, 0xe3, 0x14,
  0x25, 0x2b, 0x20, 0xe0, 0x30, 0xd5, 0x0e, 0xe3, 0x03, 0xe4, 0x82, 0x7a,
  0x25, 0x38, 0x2c, 0x00, 0x87, 0x5d, 0x14, 0xff, 0xb6, 0x08, 0xea, 0xc3,
  0xc0, 0xbb, 0xd3, 0x63, 0xc7, 0xd1, 0xfc, 0x41, 0xf5, 0x22, 0xf9, 0x22,
  0xc2, 0x24, 0xfb, 0xe5, 0x25, 0xbf, 0xc2, 0xe7, 0x00, 0xff, 0x0e, 0xbc,
  0xca, 0x38, 0xd6, 0x35, 0x2e, 0x11, 0xc1, 0xcc, 0x20, 0xca, 0x2c, 0x29,
  0x26, 0xd4, 0xe1, 0xee, 0x33, 0x11, 0x41, 0xf0, 0xbe, 0x23, 0xb1, 0xff,
  0xc0, 0xf6, 0x81, 0x74, 0x21, 0x10, 0x69, 0x8a, 0xb6, 0x33, 0x28, 0xf0,
  0xb1, 0x2c, 0x43, 0xb0, 0x02, 0x04, 0xbe, 0xda, 0x26, 0xf2, 0xbf, 0x31,
  0xea, 0x70, 0xbd, 0xea, 0xf1, 0x08, 0xed, 0x74, 0xfd, 0x13, 0xbc, 0x14,
  0xb0, 0xf7, 0x74, 0xbe, 0xb3, 0x2e, 0x38, 0xf2, 0xf0, 0x0f, 0xc2, 0xe4,
  0xde, 0xfb, 0x1a, 0x5b, 0xf1, 0xff, 0xfa, 0x5f, 0x2a, 0x10, 0x2a, 0x03,
  0xde, 0xf8, 0x3d, 0x2c, 0xfc, 0xe7, 0xdc, 0x64, 0xdd, 0xfe, 0x0f, 0xf8,
  0xd6, 0x49, 0xd3, 0x29, 0xf6, 0x58, 0xe6, 0x1b, 0xf5, 0x00, 0x01, 0x1e,
  0x18, 0xfa, 0xf3, 0x57, 0x49, 0x12, 0xd1, 0x32, 0x10, 0xf5, 0x01, 0x11,
  0x04, 0xbc, 0xe3, 0xfa, 0xf5, 0x0e, 0xf1, 0x0a, 0xba, 0xfa, 0x14, 0x14,
  0x4a, 0x14, 0xe7, 0x02, 0x0f, 0xe8, 0x29, 0x20, 0xee, 0x24, 0xdc, 0x09,
  0x1d, 0x00, 0x1b, 0x0b, 0x10, 0xe7, 0xfe, 0xf7, 0xc5, 0xe3, 0xff, 0x18,
  0xee, 0xeb, 0x22, 0xd8, 0xa9, 0x24, 0xb9, 0x34, 0x23, 0x2b, 0x2c, 0x1d,
  0x2c, 0xee, 0x00, 0x67, 0xec, 0xf1, 0xb3, 0x31, 0x14, 0x13, 0x1a, 0x03,
  0x1d, 0xd9, 0xd2, 0x10, 0xac, 0xe4, 0xf5, 0x00, 0xf7, 0x17, 0x0d, 0xee,
  0x92, 0xed, 0xce, 0x0a, 0x04, 0x4e, 0x0b, 0xe0, 0x03, 0xe6, 0x34, 0x13,
  0xf3, 0xdd, 0xdb, 0x7f, 0x39, 0xd8, 0x43, 0x46, 0xf1, 0xed, 0xfc, 0xf2,
  0x07, 0xb5, 0xc7, 0x48, 0xf1, 0x0b, 0x05, 0xdd, 0xaf, 0xf3, 0xf4, 0xe8,
  0x05, 0x3c, 0x2d, 0x10, 0xdc, 0xbc, 0x16, 0x0f, 0x97, 0xef, 0xe8, 0x21,
  0x22, 0x1a, 0x0b, 0x05, 0xe7, 0xec, 0x15, 0xec, 0x3b, 0xf7, 0x1e, 0x19,
  0xf9, 0x10, 0x1a, 0x08, 0xda, 0xfa, 0x33, 0xda, 0xbb, 0xe9, 0x02, 0xd2,
  0xd3, 0xd9, 0xf5, 0xb3, 0x99, 0xdd, 0xd9, 0xf4, 0xf8, 0xdf, 0x7a, 0x4c,
  0xbd, 0xe0, 0x25, 0xf4, 0x01, 0x1c, 0x23, 0x55, 0x44, 0x2b, 0xe2, 0xea,
  0x8c, 0xa7, 0xf4, 0x1a, 0xbe, 0xed, 0x2c, 0xb0, 0xfc, 0x96, 0x27, 0xd5,
  0xf2, 0x0e, 0xca, 0x65, 0x38, 0x2f, 0x44, 0x25, 0x18, 0xe8, 0xed, 0x28,
  0x25, 0x2a, 0x20, 0x07, 0x18, 0x1b, 0xef, 0x0d, 0xe0, 0xc2, 0xfc, 0x19,
  0xb2, 0x42, 0xf7, 0xc0, 0x10, 0x9a, 0x3f, 0x33, 0xe0, 0xd8, 0xdc, 0xcb,
  0xf0, 0x54, 0x0e, 0x5b, 0x22, 0x4f, 0x3a, 0xdf, 0xdc, 0xd0, 0x42, 0x24,
  0x1f, 0x02, 0x23, 0xcf, 0xdb, 0x02, 0x3d, 0x4e, 0xc8, 0x15, 0xce, 0x88,
  0xe6, 0xd3, 0x13, 0xc9, 0xaa, 0xa0, 0xc6, 0x0d, 0x3d, 0x6a, 0x16, 0x45,
  0xd9, 0x00, 0x44, 0xce, 0x05, 0x11, 0x51, 0x52, 0xf4, 0xc5, 0xd5, 0x1a,
  0xc6, 0x05, 0xfc, 0x04, 0x08, 0x30, 0x4c, 0x81, 0xee, 0x81, 0xee, 0xf6,
  0xc4, 0xd3, 0xc2, 0x02, 0xf9, 0x32, 0x1e, 0xee, 0x0b, 0xe7, 0x09, 0x0a,
  0x07, 0xfc, 0x39, 0x3b, 0x29, 0xf2, 0xed, 0x04, 0xc8, 0xf2, 0x3f, 0x25,
  0xbb, 0x0e, 0xd8, 0x9c, 0xe8, 0xb7, 0x47, 0x06, 0xa7, 0x06, 0x01, 0x05,
  0x35, 0xf7, 0x3d, 0x3b, 0x0e, 0x1a, 0x19, 0xd8, 0x30, 0xf1, 0x0e, 0x1d,
  0x1e, 0xed, 0x1a, 0xbc, 0xca, 0xe0, 0x32, 0xdc, 0xe0, 0x0a, 0x0e, 0xac,
  0xfd, 0xcd, 0xff, 0xd1, 0xae, 0xe0, 0x0a, 0x6e, 0x14, 0xfc, 0x3a, 0xea,
  0xfc, 0x0f, 0x1e, 0xd3, 0xc9, 0xfb, 0x01, 0x66, 0x21, 0x38, 0x3c, 0xea,
  0xe1, 0xc2, 0x3b, 0x06, 0x1c, 0xc4, 0x1e, 0xc9, 0xda, 0xc8, 0x49, 0xe7,
  0xb3, 0x08, 0xf9, 0x37, 0x12, 0x55, 0x0f, 0x0e, 0x0c, 0x08, 0x0f, 0x15,
  0xd1, 0x0a, 0x51, 0xf3, 0x02, 0xe2, 0x23, 0x11, 0xe1, 0xac, 0x1b, 0x1e,
  0xcc, 0xec, 0xc0, 0xda, 0xed, 0xe4, 0x2d, 0x1a, 0xaa, 0xa5, 0xaa, 0x10,
  0x1b, 0x75, 0xe1, 0x1f, 0x02, 0x01, 0xc2, 0xca, 0x16, 0xfe, 0x49, 0x39,
  0x24, 0x1e, 0x02, 0x01, 0xf1, 0x1a, 0x18, 0xdd, 0xe2, 0x1e, 0xfc, 0xe2,
  0xd0, 0x9e, 0xf6, 0xfb, 0xef, 0xcc, 0xd7, 0x25, 0x11, 0xff, 0x5a, 0xe4,
  0x22, 0x2b, 0x48, 0x06, 0xd8, 0x0f, 0x36, 0x40, 0x2b, 0x07, 0xf5, 0xd0,
  0xb9, 0xce, 0x44, 0x32, 0xb7, 0x1b, 0xe2, 0xa3, 0xc8, 0x8b, 0x44, 0xd0,
  0x90, 0xe4, 0xaa, 0x67, 0x0c, 0x4f, 0x52, 0x14, 0x23, 0xf3, 0x21, 0xd6,
  0xff, 0x07, 0x46, 0x74, 0x08, 0x0d, 0x12, 0xc7, 0xbe, 0xbf, 0x71, 0xea,
  0xce, 0x15, 0x2f, 0xc1, 0xff, 0xbe, 0x2e, 0x26, 0x81, 0xdb, 0xcc, 0x0e,
  0x46, 0x35, 0x79, 0x0c, 0x25, 0xf4, 0x07, 0x11, 0xd1, 0x28, 0x5c, 0xf9,
  0xe7, 0x1e, 0x18, 0xb4, 0xd7, 0x08, 0x41, 0x08, 0x19, 0xce, 0xfe, 0x9b,
  0x90, 0xe8, 0x48, 0xc8, 0x8d, 0xa1, 0xe9, 0x2c, 0x72, 0x21, 0x10, 0x20,
  0xe8, 0xe4, 0x52, 0xd2, 0xf2, 0x24, 0x1b, 0xd9, 0x14, 0x1d, 0xde, 0xde,
  0xc7, 0xac, 0x53, 0xe8, 0xca, 0xf6, 0x14, 0xc7, 0xf4, 0xd0, 0xf1, 0xf0,
  0xa2, 0xc0, 0xd6, 0x3e, 0x0b, 0xf0, 0xf6, 0x46, 0x1f, 0x29, 0xe0, 0xfb,
  0xf2, 0xe6, 0x37, 0x18, 0x2a, 0x02, 0x34, 0x04, 0xa4, 0xcb, 0x1c, 0xe9,
  0x00, 0x22, 0xe8, 0xf3, 0x26, 0xf1, 0xdc, 0xf8, 0xff, 0x1a, 0x04, 0xf3,
  0xaa, 0x31, 0x59, 0x04, 0xe6, 0xcb, 0x1f, 0x0f, 0x64, 0xd1, 0x1f, 0x1a,
  0x26, 0x28, 0xc5, 0xff, 0x41, 0xe5, 0x54, 0x2d, 0xcd, 0xd7, 0xc6, 0x0d,
  0x06, 0x04, 0x13, 0x9d, 0x0d, 0xf1, 0x66, 0xc3, 0xf7, 0x03, 0xe7, 0xfa,
  0xe2, 0xdf, 0xc2, 0xcb, 0x4c, 0x38, 0x06, 0x25, 0x4e, 0x33, 0xb4, 0x58,
  0x2f, 0xee, 0x0f, 0xed, 0xce, 0x19, 0x31, 0x1e, 0x26, 0xcb, 0xc9, 0xf8,
  0xc4, 0x67, 0x2a, 0xc3, 0xac, 0xf2, 0x63, 0xc3, 0xf5, 0xec, 0xc9, 0xbd,
  0x46, 0x68, 0x12, 0x15, 0x59, 0xbb, 0xd2, 0x6e, 0x25, 0xe4, 0x43, 0x23,
  0xce, 0x2f, 0x01, 0xdd, 0xd6, 0xf7, 0x35, 0xfa, 0x09, 0xfe, 0x01, 0x1e,
  0xcd, 0x21, 0xf1, 0xc5, 0xf6, 0x7f, 0xa0, 0xef, 0x54, 0x1e, 0x49, 0xeb,
  0xf8, 0xd0, 0xf9, 0x65, 0x1d, 0x38, 0x37, 0xba, 0xee, 0xf8, 0xc8, 0x63,
  0xfc, 0x05, 0x38, 0xc6, 0xcb, 0xb5, 0xf1, 0x0d, 0xc3, 0x2f, 0xf0, 0x1b,
  0x25, 0x5d, 0xa7, 0x3b, 0x24, 0x57, 0xea, 0x04, 0x13, 0xc6, 0x08, 0x37,
  0x0f, 0xf8, 0xb2, 0xdf, 0xb4, 0x07, 0xf5, 0x6a, 0xee, 0xdc, 0x08, 0xf5,
  0x4b, 0xd5, 0x25, 0xee, 0x3b, 0x23, 0x34, 0xf0, 0xee, 0xaf, 0xc5, 0x0e,
  0xbc, 0xe2, 0xe5, 0x00, 0x2c, 0xcb, 0xdb, 0x33, 0x10, 0x0c, 0xb0, 0xe4,
  0x25, 0xa7, 0xe9, 0x06, 0xda, 0x3c, 0xb0, 0x3b, 0x4f, 0x3e, 0x1d, 0xe9,
  0x0f, 0xe2, 0xea, 0xc4, 0x40, 0xa5, 0xd9, 0x04, 0xb9, 0xcb, 0x23, 0xe3,
  0x36, 0x0e, 0x67, 0x3a, 0x17, 0xda, 0x42, 0xbd, 0xcb, 0xd7, 0xbe, 0xf9,
  0xce, 0xe6, 0x9a, 0x3d, 0x67, 0x3e, 0xcf, 0xd5, 0xd4, 0x38, 0xcc, 0x81,
  0x21, 0xc7, 0x33, 0xd5, 0x0d, 0xfb, 0xd4, 0xb2, 0xdd, 0xb3, 0x0d, 0xea,
  0x43, 0xd5, 0xeb, 0x16, 0xf0, 0xae, 0x85, 0x21, 0x0a, 0x27, 0xcc, 0xcd,
  0xe5, 0x14, 0xfd, 0x20, 0x1f, 0x01, 0x1b, 0xe6, 0xe1, 0xc7, 0xc1, 0x1c,
  0x0c, 0x2f, 0x07, 0xba, 0x0a, 0xef, 0x50, 0x29, 0xea, 0xf3, 0x1b, 0xd1,
  0x4a, 0xdc, 0xd1, 0x33, 0x0c, 0xda, 0x00, 0x31, 0x0f, 0xdf, 0xba, 0x23,
  0x31, 0x42, 0xfb, 0x93, 0x1d, 0xee, 0x0b, 0x30, 0xbe, 0xe3, 0x16, 0xd1,
  0xe7, 0xcf, 0x17, 0x0c, 0xf9, 0xc3, 0xbb, 0xdf, 0xc8, 0xb0, 0x8f, 0x2a,
  0x28, 0x30, 0xd7, 0xf5, 0xf3, 0xfd, 0xcd, 0x05, 0x31, 0xff, 0xea, 0xe9,
  0xbf, 0xac, 0x03, 0x03, 0x09, 0x33, 0x32, 0xbe, 0xe5, 0x33, 0x4d, 0x2a,
  0xf7, 0xf9, 0x17, 0x4e, 0xcc, 0xd7, 0xe9, 0xbf, 0x3f, 0xcf, 0xbc, 0x27,
  0x3f, 0xd5, 0x09, 0x13, 0x51, 0x4a, 0x0d, 0x13, 0x16, 0x97, 0xc1, 0x1a,
  0xca, 0xf4, 0x22, 0xf0, 0xd9, 0x5d, 0x57, 0xd1, 0xf4, 0x5c, 0x0c, 0xf7,
  0x0c, 0x14, 0x10, 0x13, 0x33, 0xd7, 0x1d, 0xfc, 0x0c, 0xd1, 0xf7, 0x4c,
  0xe3, 0x31, 0x0a, 0x94, 0xbb, 0xef, 0xe0, 0x5a, 0x2c, 0x33, 0x47, 0xc0,
  0x09, 0x0e, 0x47, 0xa5, 0xda, 0xf6, 0x0d, 0x36, 0xe8, 0x03, 0xaf, 0xdc,
  0xec, 0xe0, 0xeb, 0x35, 0x17, 0x2a, 0xf3, 0x02, 0x38, 0x4e, 0xd8, 0xb9,
  0x21, 0xcf, 0x09, 0xe3, 0xe3, 0xd1, 0xd5, 0x24, 0xed, 0x1d, 0x7f, 0x1f,
  0x06, 0xf3, 0x52, 0xe5, 0x38, 0xfa, 0xcc, 0xe4, 0xd8, 0xc7, 0xcf, 0x18,
  0x1a, 0xd2, 0x21, 0x03, 0x14, 0x3e, 0xcf, 0x85, 0xda, 0xe7, 0xd4, 0x61,
  0xe9, 0x0a, 0x4e, 0x2d, 0xec, 0x3e, 0x2d, 0xc1, 0xee, 0x3b, 0x0d, 0x57,
  0x33, 0xf6, 0x09, 0x20, 0x36, 0xf4, 0xff, 0xff, 0x04, 0x00, 0x00, 0x00,
  0x00, 0x01, 0x00, 0x00, 0xda, 0x3f, 0x00, 0x00, 0xdf, 0x27, 0x00, 0x00,
  0x25, 0x98, 0x00, 0x00, 0xb2, 0xf2, 0xff, 0xff, 0x05, 0xeb, 0xff, 0xff,
  0xa5, 0x28, 0x00, 0x00, 0xe8, 0x3b, 0x00, 0x00, 0xa0, 0xf5, 0xff, 0xff,
  0x78, 0x1d, 0x00, 0x00, 0x55, 0xda, 0xff, 0xff, 0x60, 0x0a, 0x00, 0x00,
  0x78, 0xeb, 0xff, 0xff, 0x20, 0x31, 0x00, 0x00, 0x9b, 0x0c, 0x00, 0x00,
  0xc6, 0xe5, 0xff, 0xff, 0x15, 0xe9, 0xff, 0xff, 0xb5, 0x1e, 0x00, 0x00,
  0x13, 0xce, 0xff, 0xff, 0xed, 0xdb, 0xff, 0xff, 0x2d, 0xb9, 0x00, 0x00,
  0x8a, 0xf4, 0xff, 0xff, 0xef, 0xe4, 0xff, 0xff, 0xa0, 0x03, 0x00, 0x00,
  0x8c, 0xf9, 0xff, 0xff, 0x5d, 0xf6, 0xff, 0xff, 0x31, 0x7f, 0x00, 0x00,
  0xdc, 0x39, 0x00, 0x00, 0xfc, 0xfb, 0xff, 0xff, 0x3b, 0xba, 0xff, 0xff,
  0x38, 0x74, 0x00, 0x00, 0x32, 0xe4, 0xff, 0xff, 0xad, 0x03, 0x00, 0x00,
  0x87, 0x05, 0x00, 0x00, 0xe5, 0x17, 0x00, 0x00, 0x1b, 0x1d, 0x00, 0x00,
  0x4e, 0xf5, 0xff, 0xff, 0xe8, 0x1c, 0x00, 0x00, 0x5d, 0xeb, 0xff, 0xff,
  0x3e, 0x43, 0x00, 0x00, 0x3b, 0x00, 0x00, 0x00, 0xc3, 0xe0, 0xff, 0xff,
  0xfa, 0xd5, 0xff, 0xff, 0xe1, 0xee, 0xff, 0xff, 0xf1, 0xfd, 0xff, 0xff,
  0x5f, 0xa7, 0x00, 0x00, 0x85, 0xcf, 0xff, 0xff, 0x14, 0xf6, 0xff, 0xff,
  0xbd, 0xfe, 0xff, 0xff, 0xb6, 0xe6, 0xff, 0xff, 0x43, 0xc8, 0xff, 0xff,
  0x7e, 0x14, 0x00, 0x00, 0xff, 0xff, 0xff, 0xff, 0x8e, 0x16, 0x00, 0x00,
  0xea, 0x35, 0x00, 0x00, 0x59, 0x0a, 0x00, 0x00, 0x35, 0xd8, 0xff, 0xff,
  0xc5, 0x19, 0x00, 0x00, 0xf8, 0xea, 0xff, 0xff, 0x3b, 0xff, 0xff, 0xff,
  0x18, 0x04, 0x00, 0x00, 0x0e, 0x04, 0x00, 0x00, 0xb9, 0xde, 0xff, 0xff,
  0x17, 0x3a, 0x00, 0x00, 0x95, 0xeb, 0xff, 0xff, 0x42, 0xf5, 0xff, 0xff,
  0x04, 0x00, 0x00, 0x00, 0x00, 0x08, 0x00, 0x00, 0x46, 0x28, 0xa9, 0x00,
  0xf7, 0xe7, 0x97, 0x3e, 0xe3, 0xf1, 0x9c, 0xa7, 0x1c, 0x10, 0xf8, 0x85,
  0x0b, 0x6e, 0x10, 0xc5, 0x07, 0xb0, 0x7f, 0x35, 0xea, 0x41, 0x1e, 0x2c,
  0xf5, 0xeb, 0x5b, 0xbb, 0xf9, 0xe3, 0x4c, 0x11, 0xab, 0xf7, 0x42, 0xcf,
  0x38, 0x5b, 0xa3, 0xb4, 0xac, 0xe7, 0x2c, 0x38, 0x4c, 0x01, 0xf6, 0xba,
  0xba, 0x50, 0x36, 0x7a, 0x43, 0xae, 0x67, 0x23, 0x7b, 0x35, 0xca, 0xc8,
  0x0a, 0x2d, 0xac, 0x9b, 0x6b, 0x26, 0xf7, 0x81, 0xbb, 0xfb, 0x8c, 0xea,
  0x67, 0xde, 0x4a, 0x8e, 0xd4, 0x75, 0xcf, 0x24, 0x19, 0xc6, 0x15, 0x05,
  0x99, 0x57, 0x27, 0x4a, 0xc7, 0x3f, 0xc0, 0xd5, 0x30, 0x65, 0xd7, 0x9b,
  0xca, 0x71, 0xce, 0x55, 0xe2, 0xa9, 0xb9, 0x1e, 0xe0, 0x2f, 0xd5, 0x5a,
  0x2a, 0xe0, 0xf4, 0xf1, 0xff, 0x08, 0xb5, 0x36, 0xba, 0x3f, 0x61, 0x03,
  0x53, 0xbd, 0x16, 0xdd, 0xdb, 0x5a, 0x5a, 0xb1, 0xc4, 0x43, 0x67, 0x22,
  0x70, 0xec, 0xbc, 0x28, 0x30, 0xe7, 0x95, 0xbf, 0x17, 0x08, 0xe8, 0x3f,
  0x1c, 0xbd, 0x35, 0xd9, 0xd2, 0x11, 0x1a, 0xa6, 0xb4, 0x5d, 0xb8, 0xa0,
  0x76, 0xd6, 0x4f, 0xfd, 0x3e, 0xe8, 0xf7, 0x9d, 0x81, 0x0c, 0x58, 0xd5,
  0x62, 0x19, 0xf4, 0xd9, 0xc2, 0x1d, 0x2d, 0x4d, 0x60, 0x40, 0x1e, 0xcd,
  0xa4, 0xd5, 0xa1, 0xe2, 0x0b, 0x05, 0x2a, 0xdf, 0x22, 0x01, 0xb7, 0xac,
  0x36, 0x7f, 0xc9, 0x00, 0x0f, 0xb7, 0xf5, 0x11, 0xc4, 0xe0, 0x21, 0xab,
  0xc5, 0xf4, 0x15, 0xd4, 0xb8, 0x36, 0x5e, 0x19, 0xf9, 0xc3, 0xbe, 0x95,
  0x66, 0xc7, 0x3e, 0xa4, 0x5b, 0x21, 0x1d, 0x13, 0xfa, 0x38, 0x51, 0xb8,
  0x24, 0xc7, 0x53, 0xf0, 0xa8, 0x07, 0x69, 0x60, 0x48, 0xa2, 0xfd, 0x9f,
  0x04, 0xc6, 0x2c, 0x72, 0x56, 0xc6, 0x45, 0x6d, 0x25, 0x0b, 0xc2, 0x10,
  0x8a, 0x85, 0x00, 0x8a, 0x37, 0xbc, 0xf6, 0x87, 0xea, 0x8a, 0xc0, 0xf9,
  0x81, 0x89, 0x17, 0x84, 0x5b, 0x4b, 0x56, 0x45, 0xc1, 0x67, 0x65, 0x54,
  0xeb, 0x9a, 0xa4, 0x12, 0xfe, 0xcb, 0xe5, 0x66, 0x00, 0x43, 0x89, 0xb4,
  0x68, 0xac, 0x44, 0x62, 0x34, 0x8d, 0xe3, 0x0d, 0x85, 0x46, 0xb8, 0x53,
  0xcc, 0xbd, 0xd5, 0xed, 0xd7, 0x1c, 0x87, 0x9f, 0xee, 0xd5, 0xdf, 0x5c,
  0xdc, 0xd5, 0xfa, 0x88, 0x2f, 0x4b, 0x52, 0xf1, 0x99, 0xdd, 0x36, 0x1d,
  0x47, 0x57, 0x07, 0x19, 0x2d, 0xdf, 0x22, 0x32, 0x1a, 0x20, 0xb7, 0x71,
  0x32, 0x1b, 0x1b, 0xdd, 0x14, 0x16, 0xfe, 0x04, 0xe5, 0x20, 0x33, 0x38,
  0x07, 0x45, 0xe4, 0x2a, 0xf8, 0xc7, 0x11, 0x34, 0xb8, 0x33, 0x11, 0x12,
  0x3c, 0x2d, 0xca, 0xbf, 0xac, 0x4e, 0x01, 0x38, 0x7f, 0x4b, 0x1e, 0x92,
  0xb3, 0xd8, 0xbc, 0x95, 0xeb, 0xd2, 0x3c, 0x15, 0xe4, 0x1a, 0x10, 0xcb,
  0x0e, 0xf0, 0x11, 0x68, 0x49, 0x1c, 0x49, 0x2b, 0xb0, 0x2a, 0x89, 0x4b,
  0x70, 0xf1, 0x2b, 0xd2, 0x0e, 0xfd, 0x00, 0x31, 0xd9, 0xd5, 0x11, 0x8c,
  0xff, 0x08, 0x52, 0x51, 0x52, 0x96, 0xb5, 0xd7, 0xc3, 0xd2, 0x1b, 0xe0,
  0x69, 0x32, 0x57, 0x81, 0x19, 0xe4, 0x58, 0x17, 0xac, 0xc5, 0xa4, 0xf6,
  0xeb, 0xb7, 0x06, 0x4d, 0x64, 0xc1, 0xf6, 0xf7, 0x2f, 0xed, 0x39, 0x33,
  0xc2, 0x3e, 0xae, 0x13, 0xeb, 0xad, 0x0e, 0xfc, 0xfd, 0x75, 0x11, 0xe9,
  0xbe, 0x9c, 0x6e, 0x44, 0x9f, 0x33, 0x46, 0xd9, 0x25, 0x5d, 0xc8, 0x08,
  0xde, 0xca, 0xd0, 0x04, 0x7f, 0x2a, 0x37, 0xb9, 0xfb, 0xed, 0xa8, 0xe9,
  0x35, 0x71, 0xbb, 0x42, 0xd7, 0x57, 0xe2, 0x76, 0x10, 0x4b, 0x15, 0xf0,
  0xd2, 0x32, 0x27, 0x5e, 0x56, 0xcd, 0x0a, 0x63, 0xa2, 0xb1, 0x22, 0x53,
  0x42, 0x47, 0x2a, 0x08, 0x2e, 0x1d, 0x8d, 0xbb, 0x6e, 0x51, 0x93, 0x34,
  0xe2, 0xef, 0x33, 0xc8, 0x49, 0xcb, 0x0c, 0xea, 0x70, 0xe8, 0x11, 0xd5,
  0x1b, 0xae, 0x4c, 0x7f, 0x44, 0x23, 0x4b, 0xf3, 0x1f, 0xd1, 0xeb, 0x24,
  0xf1, 0x44, 0x52, 0xa0, 0x0a, 0x01, 0x57, 0xec, 0x42, 0xeb, 0xf5, 0x9e,
  0x18, 0x14, 0x2c, 0x3b, 0xde, 0x97, 0x95, 0xd9, 0xb9, 0xe5, 0xf4, 0x39,
  0x6d, 0x17, 0x0b, 0x56, 0x6f, 0x4e, 0x59, 0xdf, 0xdc, 0xa9, 0xfa, 0x66,
  0xc8, 0x4f, 0x24, 0x81, 0xa4, 0x4f, 0xee, 0x21, 0x4f, 0xcd, 0x1e, 0x71,
  0x70, 0xae, 0x44, 0xb6, 0xe1, 0x47, 0x4c, 0xae, 0xa6, 0xe5, 0xd3, 0x6f,
  0x95, 0xc3, 0x40, 0x6d, 0xa6, 0x13, 0xc7, 0x13, 0x46, 0x6a, 0x25, 0x7e,
  0xbf, 0x8c, 0xff, 0xee, 0x37, 0x30, 0x9f, 0x42, 0xf0, 0x4c, 0x6c, 0x5f,
  0x38, 0x67, 0x1b, 0x0e, 0x64, 0x1b, 0x50, 0x1d, 0xcc, 0xcd, 0xf7, 0x3a,
  0xca, 0xff, 0x0d, 0xbc, 0x25, 0xbc, 0xe8, 0x41, 0x3f, 0x36, 0x7e, 0x1b,
  0xc3, 0x2d, 0xb1, 0x7f, 0x42, 0x13, 0xc6, 0x3a, 0x10, 0x2e, 0x2f, 0xbb,
  0xd2, 0x2f, 0x38, 0x21, 0x0e, 0x14, 0xbc, 0x0c, 0x03, 0xd0, 0xcb, 0xe6,
  0x26, 0xd0, 0xce, 0x29, 0xc3, 0x11, 0x4c, 0xad, 0xd8, 0xdf, 0xbb, 0xc3,
  0xdb, 0x1c, 0xdd, 0x11, 0xee, 0x14, 0x0d, 0x0b, 0x6c, 0x06, 0xc2, 0x15,
  0xfd, 0x0f, 0x38, 0x37, 0x0a, 0xfc, 0xe2, 0xcd, 0xd1, 0xa5, 0x5b, 0x3a,
  0xcd, 0x24, 0xea, 0x5d, 0x3c, 0x5f, 0x52, 0x7f, 0x54, 0xf7, 0x29, 0x47,
  0x0b, 0xfa, 0xaf, 0xaa, 0x3c, 0x4a, 0xc6, 0x1c, 0x9e, 0xe7, 0xdf, 0x24,
  0x35, 0xe2, 0x99, 0xe0, 0x3f, 0xd9, 0x01, 0x48, 0xd2, 0x4c, 0x23, 0xd6,
  0xec, 0x3a, 0xf9, 0x95, 0x11, 0x07, 0x3c, 0x73, 0x56, 0xce, 0x0d, 0xb7,
  0x62, 0x5d, 0xaf, 0xbc, 0x97, 0x1d, 0x20, 0x22, 0x7f, 0x29, 0xe6, 0xf1,
  0x02, 0xfc, 0x1e, 0xc6, 0xad, 0xc3, 0x7f, 0xe6, 0xbc, 0x6d, 0xaf, 0x4e,
  0xfb, 0xa6, 0xf0, 0xb5, 0x54, 0xac, 0xe1, 0x0a, 0x0d, 0x2a, 0xc4, 0x26,
  0xa3, 0xfd, 0xe0, 0x72, 0xcb, 0x1f, 0x04, 0xde, 0xe0, 0x9c, 0xf7, 0x4f,
  0xdd, 0x06, 0xce, 0xee, 0xe5, 0x27, 0x11, 0xa5, 0x37, 0x04, 0xd8, 0x47,
  0xef, 0x48, 0x44, 0xe2, 0x40, 0xfd, 0xef, 0x19, 0xdb, 0xa3, 0x33, 0x34,
  0xb6, 0x86, 0x5d, 0x49, 0x02, 0x0d, 0xbf, 0xe0, 0x98, 0x1a, 0x8a, 0x55,
  0x76, 0x86, 0x39, 0xab, 0x79, 0xfd, 0xa6, 0x18, 0x3e, 0x8d, 0xe8, 0xfe,
  0xb0, 0x99, 0xb2, 0x8e, 0x90, 0x10, 0x0f, 0x0f, 0xae, 0x86, 0xa0, 0xcd,
  0x61, 0x34, 0x67, 0x5f, 0xeb, 0xf0, 0x81, 0x84, 0x9c, 0x9a, 0x6e, 0xef,
  0xc6, 0xb3, 0x70, 0xec, 0xc9, 0xec, 0xa5, 0x43, 0xde, 0xcc, 0xdd, 0x8f,
  0x13, 0xf9, 0xc4, 0xe0, 0x0a, 0x43, 0xde, 0x96, 0x09, 0x96, 0xca, 0xf6,
  0xdf, 0xe2, 0x15, 0x02, 0xbe, 0x6e, 0xec, 0x7f, 0x7c, 0x70, 0xcc, 0xd7,
  0x58, 0x2a, 0xb5, 0x00, 0xa1, 0xb6, 0xfa, 0xf6, 0xb6, 0x1f, 0xf5, 0x0c,
  0x45, 0x43, 0x2f, 0x1e, 0x06, 0xb0, 0xe6, 0xee, 0xc5, 0x18, 0x52, 0xb0,
  0xf6, 0xab, 0xad, 0xdd, 0x0e, 0x5a, 0xe5, 0x66, 0x32, 0x11, 0x6b, 0xda,
  0x37, 0xf4, 0xb2, 0xf3, 0xfb, 0xa4, 0xe1, 0x48, 0xc6, 0x04, 0x83, 0xb5,
  0x9f, 0xc9, 0xdd, 0x55, 0x2d, 0x89, 0x06, 0x8c, 0xd3, 0x06, 0x35, 0x12,
  0x1d, 0xca, 0xe3, 0xba, 0xe5, 0xe1, 0x42, 0x15, 0x0b, 0xb9, 0xcc, 0xa7,
  0xf1, 0x58, 0xa9, 0x87, 0x85, 0xcf, 0x13, 0x81, 0x63, 0x9c, 0xd8, 0x07,
  0x10, 0xd8, 0x99, 0xfa, 0xe0, 0x0a, 0xb8, 0x3a, 0xb9, 0x0b, 0xc0, 0x64,
  0xb3, 0xe6, 0x46, 0x32, 0x04, 0x57, 0x1f, 0x41, 0x19, 0xe3, 0xc3, 0xc3,
  0xb5, 0xcd, 0xab, 0x12, 0x56, 0x5a, 0xb5, 0xc5, 0x96, 0x21, 0x25, 0x9e,
  0x1e, 0xbc, 0xc0, 0xb7, 0xd6, 0x66, 0xe0, 0xac, 0x4d, 0xf7, 0x7b, 0x0a,
  0xea, 0xb8, 0x30, 0x40, 0x1b, 0x0a, 0xb1, 0x8c, 0x64, 0xdc, 0x30, 0x8e,
  0x4d, 0x19, 0xb0, 0x21, 0xd7, 0xe4, 0xab, 0xcc, 0xc7, 0x54, 0xae, 0x61,
  0x6e, 0x11, 0xd6, 0xbd, 0x0c, 0x7f, 0x65, 0x13, 0x01, 0xec, 0x65, 0x52,
  0xff, 0x9a, 0xfb, 0xf3, 0x0b, 0x23, 0x3e, 0x11, 0x23, 0x19, 0x06, 0xda,
  0xae, 0xae, 0x0e, 0x06, 0xe6, 0x5b, 0xbe, 0x1a, 0x35, 0xdd, 0x94, 0xf3,
  0x46, 0x81, 0xf4, 0xf3, 0x8f, 0x5e, 0xd5, 0xf1, 0xef, 0xc1, 0xd6, 0xec,
  0xf1, 0x5d, 0x1d, 0x9f, 0x33, 0x57, 0xd8, 0x4f, 0xdc, 0xad, 0xf2, 0xa3,
  0x02, 0x2a, 0xcd, 0x38, 0x3b, 0x21, 0xd9, 0xe4, 0xc5, 0x55, 0x34, 0x57,
  0x56, 0x55, 0x58, 0x71, 0x6d, 0xef, 0xd2, 0x57, 0x1d, 0x0d, 0xf2, 0x29,
  0xea, 0xcf, 0x0a, 0xb4, 0xe4, 0xe7, 0x64, 0x2a, 0xbe, 0x3e, 0x37, 0xf8,
  0x7c, 0x99, 0x27, 0x0b, 0x56, 0x7f, 0x07, 0x2c, 0x53, 0x5e, 0x94, 0x1f,
  0x15, 0x11, 0x1e, 0x6d, 0x8e, 0xb6, 0xb4, 0x64, 0x30, 0x1a, 0x00, 0x3d,
  0x75, 0x36, 0x46, 0xf1, 0x18, 0xf3, 0xef, 0xad, 0xda, 0x20, 0xd6, 0x08,
  0xc3, 0xcd, 0x2c, 0xd4, 0xf0, 0xc4, 0x09, 0x06, 0x3f, 0xfd, 0x23, 0xed,
  0x11, 0xe0, 0x09, 0xcd, 0xd4, 0xc1, 0xd3, 0x21, 0xe2, 0x28, 0x1f, 0x20,
  0xeb, 0x68, 0x3f, 0x67, 0x0c, 0x0e, 0xfa, 0xbe, 0x0b, 0xf5, 0xfb, 0xf4,
  0xe2, 0x46, 0x61, 0x7f, 0xa6, 0xe7, 0xc2, 0x5d, 0x13, 0x3c, 0xe6, 0xaf,
  0x42, 0xec, 0xc2, 0x23, 0x02, 0xad, 0xff, 0x55, 0xe1, 0x65, 0xfc, 0x22,
  0x41, 0xf9, 0x03, 0x33, 0x45, 0x1d, 0x16, 0x18, 0x36, 0x27, 0xe0, 0x1f,
  0x18, 0xf1, 0xfa, 0x57, 0x38, 0xd1, 0xfa, 0xbe, 0x43, 0x38, 0x32, 0xe3,
  0x1e, 0x74, 0xfa, 0xf5, 0x12, 0xb0, 0x1d, 0xb2, 0x08, 0x02, 0x92, 0x3c,
  0x1d, 0xbd, 0x52, 0x15, 0x82, 0x1a, 0x40, 0x63, 0xd3, 0x39, 0x11, 0xc7,
  0x3c, 0xfd, 0x1a, 0x17, 0x10, 0x22, 0x23, 0xcc, 0xc8, 0xe0, 0xc2, 0xba,
  0x27, 0x1b, 0xde, 0xe7, 0x59, 0xed, 0xe9, 0xa6, 0xd6, 0x7f, 0x0e, 0x38,
  0xf4, 0x44, 0xe6, 0xf5, 0xec, 0xe2, 0x56, 0xc6, 0x4e, 0x5f, 0x48, 0xad,
  0xe7, 0x37, 0x03, 0xf7, 0x79, 0xf5, 0xdd, 0xa0, 0xca, 0x03, 0x19, 0xdd,
  0xcb, 0x21, 0xec, 0x27, 0x4b, 0x10, 0x05, 0x49, 0x32, 0x32, 0x5b, 0xa8,
  0x34, 0x74, 0xca, 0xa6, 0x06, 0xd9, 0xe0, 0xe4, 0x3f, 0xad, 0x15, 0x8a,
  0x2c, 0x27, 0x7c, 0xf3, 0x7f, 0x07, 0x4d, 0x2d, 0xc7, 0xfb, 0x17, 0xae,
  0x3d, 0x1f, 0x50, 0xcf, 0xad, 0xcf, 0x3b, 0xd6, 0x4f, 0xf0, 0x08, 0xbb,
  0x20, 0xd3, 0xd3, 0x00, 0xc8, 0x17, 0xe5, 0xeb, 0x26, 0xbe, 0x8a, 0xf6,
  0x19, 0x18, 0x91, 0x1e, 0xa4, 0x97, 0xf5, 0x54, 0x2a, 0xd8, 0x19, 0x1b,
  0xe5, 0x44, 0x26, 0x39, 0x81, 0x01, 0x99, 0x26, 0x4d, 0x69, 0xf5, 0x91,
  0x11, 0x29, 0x65, 0xa9, 0xad, 0x2a, 0xa4, 0x2b, 0xe3, 0x99, 0x1a, 0x64,
  0xf0, 0x1b, 0xae, 0xa8, 0x3e, 0xea, 0x92, 0x8e, 0xb1, 0xee, 0x30, 0x5e,
  0x57, 0x45, 0x20, 0xfb, 0x08, 0x29, 0x40, 0xfb, 0xed, 0x39, 0x6b, 0xec,
  0x1a, 0x35, 0xba, 0x1d, 0x0c, 0xbc, 0xd9, 0xee, 0xbe, 0x16, 0x0a, 0x4b,
  0xb6, 0x37, 0xe1, 0xd8, 0x5b, 0x4e, 0xef, 0xef, 0x1e, 0x7f, 0x23, 0x11,
  0x5f, 0xfb, 0x1f, 0x37, 0x3f, 0x1c, 0x63, 0xb8, 0xe4, 0x43, 0x39, 0xfb,
  0x3b, 0xf6, 0x4c, 0xcd, 0x25, 0xeb, 0x1d, 0x02, 0x52, 0xd7, 0x1b, 0xf1,
  0x93, 0xc7, 0x21, 0x30, 0xfd, 0x09, 0xea, 0x28, 0xfb, 0x42, 0x7f, 0xee,
  0xf9, 0xd5, 0x32, 0x65, 0x37, 0xef, 0x53, 0xa9, 0x11, 0xc3, 0xf7, 0xe4,
  0x05, 0xf3, 0x1f, 0x5a, 0xdf, 0x0a, 0xe9, 0x10, 0x25, 0x49, 0x1a, 0xbc,
  0x0f, 0x2b, 0x2e, 0xd3, 0x52, 0xdb, 0x19, 0x3b, 0x02, 0xc2, 0x5d, 0xc0,
  0xe6, 0x30, 0x41, 0xa2, 0x38, 0xe5, 0xd8, 0x14, 0xc7, 0x93, 0xda, 0xc5,
  0x2d, 0xee, 0x08, 0xf8, 0xf4, 0xd6, 0x1a, 0x51, 0xd5, 0x2b, 0x5e, 0x0a,
  0x72, 0xf7, 0xbb, 0xf6, 0x7f, 0x53, 0xd6, 0xb3, 0xec, 0x8f, 0x2e, 0x8d,
  0xa9, 0x24, 0xeb, 0x28, 0x49, 0x1e, 0x45, 0xc9, 0x5c, 0xb0, 0x42, 0x52,
  0x20, 0x00, 0xf8, 0xb8, 0x29, 0xd1, 0x41, 0x00, 0xde, 0xcd, 0xdb, 0x35,
  0xbf, 0xee, 0x15, 0x19, 0x75, 0x09, 0x4c, 0xa6, 0xb2, 0xb7, 0xfd, 0xfe,
  0x48, 0xc3, 0xfa, 0x2e, 0xe1, 0xfd, 0xe3, 0x02, 0x69, 0x3e, 0x4d, 0x67,
  0x3f, 0xe7, 0x36, 0x2b, 0x36, 0xd2, 0x48, 0xd4, 0xc9, 0x0c, 0x4c, 0x90,
  0x1a, 0x0b, 0xe8, 0x84, 0x44, 0xec, 0xf2, 0xc6, 0xfd, 0xf7, 0x31, 0xcf,
  0xc9, 0x81, 0xeb, 0x5e, 0xb8, 0xe9, 0xfd, 0x2f, 0x04, 0x0c, 0xb8, 0xd2,
  0xe8, 0x4c, 0xeb, 0xb5, 0x04, 0x58, 0xd4, 0x19, 0x02, 0xc5, 0xab, 0xce,
  0xe3, 0xd4, 0x0c, 0xdd, 0xc8, 0xa6, 0xc7, 0xcf, 0xef, 0x48, 0x8c, 0xbb,
  0xab, 0xf1, 0x65, 0x1f, 0x10, 0x30, 0xf1, 0x15, 0x13, 0x26, 0xb9, 0x05,
  0x5f, 0x43, 0x05, 0xe3, 0x37, 0xd4, 0x14, 0x86, 0x0d, 0xce, 0xbb, 0x3b,
  0x19, 0xb6, 0x62, 0x5c, 0xb2, 0xec, 0x03, 0x49, 0x6f, 0x62, 0xc6, 0xc1,
  0xe5, 0x23, 0x54, 0xf8, 0x3e, 0xdd, 0xb6, 0x64, 0xb6, 0x1b, 0x6d, 0xc4,
  0xed, 0x5d, 0x3e, 0x9c, 0x0e, 0x9b, 0xf7, 0x43, 0xcd, 0x81, 0xfe, 0xa1,
  0xc0, 0xa6, 0x85, 0xca, 0x17, 0xd6, 0xf6, 0x68, 0x39, 0x59, 0xbd, 0xe7,
  0xdb, 0x47, 0x0c, 0x31, 0x1e, 0xe7, 0x46, 0xce, 0xaa, 0x10, 0x36, 0x0c,
  0x26, 0x5b, 0xb5, 0x21, 0x17, 0xbb, 0x8c, 0x2a, 0x53, 0x87, 0xfd, 0x17,
  0x84, 0xb8, 0xc8, 0xbc, 0xc6, 0x2c, 0xf2, 0x0b, 0x33, 0x7f, 0x34, 0xdd,
  0x4c, 0x18, 0x09, 0x3a, 0xb4, 0xe6, 0x88, 0x9c, 0xe1, 0x40, 0xea, 0x74,
  0x43, 0x10, 0xa7, 0x2d, 0xf3, 0xfc, 0xb5, 0x15, 0x74, 0x3d, 0x03, 0x45,
  0x52, 0x26, 0x2e, 0x1b, 0xd9, 0xf1, 0x46, 0x65, 0xe6, 0x12, 0x61, 0xb2,
  0xcb, 0xd2, 0xed, 0x36, 0xb6, 0x99, 0x36, 0x46, 0x2e, 0xac, 0x3d, 0xe5,
  0x10, 0x7b, 0xb3, 0xcb, 0x65, 0x3b, 0x95, 0x11, 0x08, 0x1c, 0x63, 0x37,
  0xba, 0x99, 0xe1, 0x7c, 0xce, 0x13, 0xcc, 0xfa, 0x52, 0x66, 0x64, 0x52,
  0x98, 0x2f, 0x58, 0x9c, 0x1f, 0xa9, 0x01, 0x38, 0x03, 0x96, 0xaf, 0x3f,
  0xd0, 0x85, 0x30, 0xc9, 0xc9, 0x7f, 0x17, 0xa8, 0xda, 0x09, 0xb2, 0x7b,
  0xb0, 0x02, 0x50, 0xb5, 0xac, 0x62, 0x89, 0x7a, 0x4a, 0xbb, 0x7f, 0x18,
  0x3f, 0xd8, 0xc2, 0xba, 0xd5, 0x11, 0x50, 0x36, 0x22, 0xc6, 0xd6, 0x10,
  0xe3, 0xd4, 0x52, 0x34, 0x53, 0x1c, 0xe3, 0x08, 0x6d, 0x1c, 0xad, 0x70,
  0x09, 0xd2, 0xbf, 0x1a, 0xc6, 0x7a, 0xf1, 0x1c, 0x14, 0xe3, 0x57, 0xec,
  0x69, 0x11, 0x31, 0xe8, 0xe5, 0x08, 0xd9, 0xbb, 0x1a, 0xbe, 0x94, 0xb7,
  0x96, 0x30, 0xad, 0x71, 0x33, 0xf3, 0x1a, 0x43, 0x2c, 0x76, 0xbe, 0x2d,
  0xc7, 0xcd, 0xf4, 0xf3, 0x99, 0x79, 0x7f, 0xb7, 0x16, 0x3e, 0x67, 0x64,
  0x2b, 0x82, 0xbc, 0x10, 0x5b, 0xf9, 0x22, 0xdf, 0x3a, 0xbd, 0xf7, 0x4d,
  0x47, 0x4a, 0xd9, 0x0b, 0x72, 0x0f, 0x12, 0x33, 0xd0, 0x61, 0xfd, 0x4f,
  0x63, 0xb0, 0x6c, 0xc0, 0x45, 0xab, 0x01, 0x4f, 0xd8, 0x38, 0xf2, 0xc0,
  0x5a, 0x38, 0xf4, 0x1b, 0x4e, 0xfd, 0xff, 0xff, 0x04, 0x00, 0x00, 0x00,
  0x80, 0x00, 0x00, 0x00, 0xfc, 0x03, 0x00, 0x00, 0xfe, 0xff, 0xff, 0xff,
  0x90, 0x03, 0x00, 0x00, 0xf0, 0x01, 0x00, 0x00, 0xcb, 0xfd, 0xff, 0xff,
  0xc3, 0x03, 0x00, 0x00, 0x3e, 0x02, 0x00, 0x00, 0x4b, 0xff, 0xff, 0xff,
  0x32, 0x00, 0x00, 0x00, 0xc3, 0xff, 0xff, 0xff, 0xca, 0x01, 0x00, 0x00,
  0xe2, 0x01, 0x00, 0x00, 0x6c, 0x03, 0x00, 0x00, 0x00, 0x00, 0x00, 0x00,
  0x47, 0x00, 0x00, 0x00, 0x93, 0xfd, 0xff, 0xff, 0x38, 0x00, 0x00, 0x00,
  0x32, 0x03, 0x00, 0x00, 0x3c, 0x03, 0x00, 0x00, 0x3b, 0x03, 0x00, 0x00,
  0x74, 0x03, 0x00, 0x00, 0xaf, 0x03, 0x00, 0x00, 0xef, 0x02, 0x00, 0x00,
  0x06, 0x03, 0x00, 0x00, 0x7b, 0x02, 0x00, 0x00, 0xc2, 0x01, 0x00, 0x00,
  0xd6, 0x01, 0x00, 0x00, 0x81, 0x02, 0x00, 0x00, 0xfa, 0x00, 0x00, 0x00,
  0x8f, 0x01, 0x00, 0x00, 0xf3, 0x01, 0x00, 0x00, 0x45, 0xff, 0xff, 0xff,
  0xda, 0xfd, 0xff, 0xff, 0x04, 0x00, 0x00, 0x00, 0xc0, 0x00, 0x00, 0x00,
  0x35, 0xad, 0xd7, 0x44, 0xf3, 0x8a, 0x0e, 0x40, 0x42, 0xd8, 0xc9, 0xa9,
  0xe7, 0x05, 0xf1, 0x23, 0xf8, 0xf4, 0x1e, 0x81, 0x84, 0x17, 0x8c, 0x2a,
  0x1d, 0x40, 0xc9, 0x57, 0xa6, 0x27, 0xe4, 0x28, 0x3e, 0x48, 0xce, 0x2e,
  0xd5, 0x88, 0x81, 0x34, 0x35, 0x1e, 0xe6, 0xb4, 0xbe, 0xd5, 0x9f, 0x2f,
  0x60, 0x49, 0xd4, 0x04, 0x23, 0xdc, 0xb4, 0x0c, 0xa3, 0x1e, 0x95, 0xc6,
  0x32, 0xca, 0x17, 0x23, 0xc1, 0xe0, 0xc8, 0xeb, 0x0e, 0xf3, 0x81, 0x52,
  0xa0, 0x40, 0xe3, 0x2f, 0x9b, 0x06, 0xa3, 0xd6, 0xd6, 0xe9, 0x37, 0x0e,
  0x89, 0xb1, 0xb1, 0x27, 0xad, 0xe4, 0xf5, 0xcf, 0xb2, 0x35, 0x36, 0x2c,
  0x81, 0xc5, 0x53, 0x97, 0x1c, 0x0b, 0x16, 0x33, 0xe1, 0x9d, 0x3b, 0x0e,
  0xbc, 0x1c, 0x2d, 0xd8, 0x32, 0xf5, 0xc8, 0xf4, 0x1e, 0x42, 0xe5, 0x44,
  0x48, 0xa7, 0xbd, 0x1a, 0xde, 0x91, 0xc5, 0x03, 0xea, 0x35, 0x41, 0xf2,
  0xe6, 0x07, 0xc7, 0x9d, 0x31, 0xee, 0xfb, 0xde, 0xb3, 0x2f, 0xaa, 0x02,
  0xfd, 0x39, 0xb9, 0x81, 0x20, 0x35, 0x04, 0x36, 0x3a, 0xb0, 0x3d, 0x2c,
  0x32, 0xe2, 0xa5, 0xd2, 0xd2, 0xaf, 0xf7, 0xc4, 0xe2, 0xdc, 0x11, 0xe6,
  0x2e, 0x17, 0x3c, 0x22, 0x29, 0x2c, 0x34, 0xca, 0xe2, 0x61, 0x3e, 0x25,
  0x81, 0xca, 0xb9, 0xa1, 0xfb, 0x4c, 0xef, 0xd9, 0x1b, 0xb6, 0xae, 0xb3,
  0xa6, 0xfe, 0xff, 0xff, 0x04, 0x00, 0x00, 0x00, 0x18, 0x00, 0x00, 0x00,
  0x18, 0xff, 0xff, 0xff, 0xca, 0xfe, 0xff, 0xff, 0x5c, 0x00, 0x00, 0x00,
  0x0e, 0x01, 0x00, 0x00, 0xac, 0x00, 0x00, 0x00, 0x0c, 0xfe, 0xff, 0xff,
  0xca, 0xfe, 0xff, 0xff, 0x04, 0x00, 0x00, 0x00, 0x0c, 0x00, 0x00, 0x00,
  0xff, 0xff, 0xff, 0xff, 0x20, 0x00, 0x00, 0x00, 0x40, 0x00, 0x00, 0x00,
  0xe2, 0xfe, 0xff, 0xff, 0x04, 0x00, 0x00, 0x00, 0x0c, 0x00, 0x00, 0x00,
  0xff, 0xff, 0xff, 0xff, 0x40, 0x00, 0x00, 0x00, 0x40, 0x00, 0x00, 0x00,
  0xfa, 0xfe, 0xff, 0xff, 0x04, 0x00, 0x00, 0x00, 0x0c, 0x00, 0x00, 0x00,
  0xff, 0xff, 0xff, 0xff, 0x40, 0x00, 0x00, 0x00, 0x20, 0x00, 0x00, 0x00,
  0x12, 0xff, 0xff, 0xff, 0x04, 0x00, 0x00, 0x00, 0x04, 0x00, 0x00, 0x00,
  0x01, 0x00, 0x00, 0x00, 0x22, 0xff, 0xff, 0xff, 0x04, 0x00, 0x00, 0x00,
  0x0c, 0x00, 0x00, 0x00, 0xff, 0xff, 0xff, 0xff, 0x80, 0x00, 0x00, 0x00,
  0x20, 0x00, 0x00, 0x00, 0x3a, 0xff, 0xff, 0xff, 0x04, 0x00, 0x00, 0x00,
  0x04, 0x00, 0x00, 0x00, 0xfd, 0xff, 0xff, 0xff, 0x70, 0xdd, 0xff, 0xff,
  0x74, 0xdd, 0xff, 0xff, 0x0f, 0x00, 0x00, 0x00, 0x4d, 0x4c, 0x49, 0x52,
  0x20, 0x43, 0x6f, 0x6e, 0x76, 0x65, 0x72, 0x74, 0x65, 0x64, 0x2e, 0x00,
  0x01, 0x00, 0x00, 0x00, 0x14, 0x00, 0x00, 0x00, 0x00, 0x00, 0x0e, 0x00,
  0x18, 0x00, 0x14, 0x00, 0x10, 0x00, 0x0c, 0x00, 0x08, 0x00, 0x04, 0x00,
  0x0e, 0x00, 0x00, 0x00, 0x14, 0x00, 0x00, 0x00, 0x1c, 0x00, 0x00, 0x00,
  0xd0, 0x03, 0x00, 0x00, 0xd4, 0x03, 0x00, 0x00, 0xd8, 0x03, 0x00, 0x00,
  0x04, 0x00, 0x00, 0x00, 0x6d, 0x61, 0x69, 0x6e, 0x00, 0x00, 0x00, 0x00,
  0x10, 0x00, 0x00, 0x00, 0x88, 0x03, 0x00, 0x00, 0x28, 0x03, 0x00, 0x00,
  0xf0, 0x02, 0x00, 0x00, 0xb4, 0x02, 0x00, 0x00, 0x60, 0x02, 0x00, 0x00,
  0x28, 0x02, 0x00, 0x00, 0xf8, 0x01, 0x00, 0x00, 0xb4, 0x01, 0x00, 0x00,
  0x8c, 0x01, 0x00, 0x00, 0x5c, 0x01, 0x00, 0x00, 0x18, 0x01, 0x00, 0x00,
  0xf0, 0x00, 0x00, 0x00, 0xbc, 0x00, 0x00, 0x00, 0x78, 0x00, 0x00, 0x00,
  0x40, 0x00, 0x00, 0x00, 0x04, 0x00, 0x00, 0x00, 0xde, 0xfd, 0xff, 0xff,
  0x1c, 0x00, 0x00, 0x00, 0x00, 0x00, 0x00, 0x09, 0x1c, 0x00, 0x00, 0x00,
  0x20, 0x00, 0x00, 0x00, 0x06, 0x00, 0x00, 0x00, 0x00, 0x00, 0x06, 0x00,
  0x08, 0x00, 0x04, 0x00, 0x06, 0x00, 0x00, 0x00, 0x00, 0x00, 0x80, 0x3f,
  0x01, 0x00, 0x00, 0x00, 0x1e, 0x00, 0x00, 0x00, 0x01, 0x00, 0x00, 0x00,
  0x1d, 0x00, 0x00, 0x00, 0x5a, 0xfd, 0xff, 0xff, 0x14, 0x00, 0x00, 0x00,
  0x00, 0x00, 0x00, 0x08, 0x10, 0x00, 0x00, 0x00, 0x14, 0x00, 0x00, 0x00,
  0x05, 0x00, 0x00, 0x00, 0x5c, 0xde, 0xff, 0xff, 0x01, 0x00, 0x00, 0x00,
  0x1d, 0x00, 0x00, 0x00, 0x03, 0x00, 0x00, 0x00, 0x1c, 0x00, 0x00, 0x00,
  0x08, 0x00, 0x00, 0x00, 0x07, 0x00, 0x00, 0x00, 0x4a, 0xfe, 0xff, 0xff,
  0x1c, 0x00, 0x00, 0x00, 0x00, 0x00, 0x00, 0x08, 0x1c, 0x00, 0x00, 0x00,
  0x20, 0x00, 0x00, 0x00, 0x05, 0x00, 0x00, 0x00, 0x00, 0x00, 0x06, 0x00,
  0x08, 0x00, 0x07, 0x00, 0x06, 0x00, 0x00, 0x00, 0x00, 0x00, 0x00, 0x01,
  0x01, 0x00, 0x00, 0x00, 0x1c, 0x00, 0x00, 0x00, 0x03, 0x00, 0x00, 0x00,
  0x1b, 0x00, 0x00, 0x00, 0x0a, 0x00, 0x00, 0x00, 0x09, 0x00, 0x00, 0x00,
  0xce, 0xfd, 0xff, 0xff, 0x14, 0x00, 0x00, 0x00, 0x00, 0x00, 0x00, 0x1b,
  0x10, 0x00, 0x00, 0x00, 0x14, 0x00, 0x00, 0x00, 0x04, 0x00, 0x00, 0x00,
  0xd0, 0xde, 0xff, 0xff, 0x01, 0x00, 0x00, 0x00, 0x1b, 0x00, 0x00, 0x00,
  0x02, 0x00, 0x00, 0x00, 0x1a, 0x00, 0x00, 0x00, 0x03, 0x00, 0x00, 0x00,
  0x2e, 0xfe, 0xff, 0xff, 0x0c, 0x00, 0x00, 0x00, 0x10, 0x00, 0x00, 0x00,
  0x02, 0x00, 0x00, 0x00, 0x01, 0x00, 0x00, 0x00, 0x1a, 0x00, 0x00, 0x00,
  0x02, 0x00, 0x00, 0x00, 0x19, 0x00, 0x00, 0x00, 0x06, 0x00, 0x00, 0x00,
  0x22, 0xfe, 0xff, 0xff, 0x14, 0x00, 0x00, 0x00, 0x00, 0x00, 0x00, 0x05,
  0x24, 0x00, 0x00, 0x00, 0x28, 0x00, 0x00, 0x00, 0x03, 0x00, 0x00, 0x00,
  0xce, 0xfe, 0xff, 0xff, 0x01, 0x00, 0x00, 0x00, 0x02, 0x00, 0x00, 0x00,
  0x01, 0x00, 0x00, 0x00, 0x02, 0x00, 0x00, 0x00, 0x00, 0x00, 0x00, 0x01,
  0x01, 0x00, 0x00, 0x00, 0x19, 0x00, 0x00, 0x00, 0x01, 0x00, 0x00, 0x00,
  0x18, 0x00, 0x00, 0x00, 0x06, 0xfe, 0xff, 0xff, 0x10, 0x00, 0x00, 0x00,
  0x00, 0x00, 0x00, 0x34, 0x0c, 0x00, 0x00, 0x00, 0x10, 0x00, 0x00, 0x00,
  0x60, 0xdf, 0xff, 0xff, 0x01, 0x00, 0x00, 0x00, 0x18, 0x00, 0x00, 0x00,
  0x02, 0x00, 0x00, 0x00, 0x17, 0x00, 0x00, 0x00, 0x03, 0x00, 0x00, 0x00,
  0xbe, 0xfe, 0xff, 0xff, 0x0c, 0x00, 0x00, 0x00, 0x10, 0x00, 0x00, 0x00,
  0x02, 0x00, 0x00, 0x00, 0x01, 0x00, 0x00, 0x00, 0x17, 0x00, 0x00, 0x00,
  0x02, 0x00, 0x00, 0x00, 0x16, 0x00, 0x00, 0x00, 0x05, 0x00, 0x00, 0x00,
  0xb2, 0xfe, 0xff, 0xff, 0x14, 0x00, 0x00, 0x00, 0x00, 0x00, 0x00, 0x01,
  0x1c, 0x00, 0x00, 0x00, 0x20, 0x00, 0x00, 0x00, 0x01, 0x00, 0x00, 0x00,
  0xa4, 0xfe, 0xff, 0xff, 0x00, 0x00, 0x00, 0x01, 0x01, 0x00, 0x00, 0x00,
  0x01, 0x00, 0x00, 0x00, 0x01, 0x00, 0x00, 0x00, 0x16, 0x00, 0x00, 0x00,
  0x03, 0x00, 0x00, 0x00, 0x15, 0x00, 0x00, 0x00, 0x0c, 0x00, 0x00, 0x00,
  0x0b, 0x00, 0x00, 0x00, 0x96, 0xfe, 0xff, 0xff, 0x10, 0x00, 0x00, 0x00,
  0x00, 0x00, 0x00, 0x34, 0x0c, 0x00, 0x00, 0x00, 0x10, 0x00, 0x00, 0x00,
  0xf0, 0xdf, 0xff, 0xff, 0x01, 0x00, 0x00, 0x00, 0x15, 0x00, 0x00, 0x00,
  0x02, 0x00, 0x00, 0x00, 0x14, 0x00, 0x00, 0x00, 0x01, 0x00, 0x00, 0x00,
  0x4e, 0xff, 0xff, 0xff, 0x0c, 0x00, 0x00, 0x00, 0x10, 0x00, 0x00, 0x00,
  0x02, 0x00, 0x00, 0x00, 0x01, 0x00, 0x00, 0x00, 0x14, 0x00, 0x00, 0x00,
  0x02, 0x00, 0x00, 0x00, 0x13, 0x00, 0x00, 0x00, 0x04, 0x00, 0x00, 0x00,
  0x00, 0x00, 0x0e, 0x00, 0x1a, 0x00, 0x14, 0x00, 0x10, 0x00, 0x0c, 0x00,
  0x0b, 0x00, 0x04, 0x00, 0x0e, 0x00, 0x00, 0x00, 0x24, 0x00, 0x00, 0x00,
  0x00, 0x00, 0x00, 0x05, 0x34, 0x00, 0x00, 0x00, 0x38, 0x00, 0x00, 0x00,
  0x03, 0x00, 0x00, 0x00, 0x00, 0x00, 0x0e, 0x00, 0x18, 0x00, 0x17, 0x00,
  0x10, 0x00, 0x0c, 0x00, 0x08, 0x00, 0x04, 0x00, 0x0e, 0x00, 0x00, 0x00,
  0x01, 0x00, 0x00, 0x00, 0x02, 0x00, 0x00, 0x00, 0x01, 0x00, 0x00, 0x00,
  0x02, 0x00, 0x00, 0x00, 0x00, 0x00, 0x00, 0x01, 0x01, 0x00, 0x00, 0x00,
  0x13, 0x00, 0x00, 0x00, 0x01, 0x00, 0x00, 0x00, 0x12, 0x00, 0x00, 0x00,
  0x46, 0xff, 0xff, 0xff, 0x10, 0x00, 0x00, 0x00, 0x00, 0x00, 0x00, 0x34,
  0x0c, 0x00, 0x00, 0x00, 0x10, 0x00, 0x00, 0x00, 0xa0, 0xe0, 0xff, 0xff,
  0x01, 0x00, 0x00, 0x00, 0x12, 0x00, 0x00, 0x00, 0x02, 0x00, 0x00, 0x00,
  0x11, 0x00, 0x00, 0x00, 0x03, 0x00, 0x00, 0x00, 0x00, 0x00, 0x0a, 0x00,
  0x10, 0x00, 0x0c, 0x00, 0x08, 0x00, 0x04, 0x00, 0x0a, 0x00, 0x00, 0x00,
  0x0c, 0x00, 0x00, 0x00, 0x10, 0x00, 0x00, 0x00, 0x02, 0x00, 0x00, 0x00,
  0x01, 0x00, 0x00, 0x00, 0x11, 0x00, 0x00, 0x00, 0x02, 0x00, 0x00, 0x00,
  0x10, 0x00, 0x00, 0x00, 0x02, 0x00, 0x00, 0x00, 0x00, 0x00, 0x0e, 0x00,
  0x18, 0x00, 0x14, 0x00, 0x10, 0x00, 0x0c, 0x00, 0x0b, 0x00, 0x04, 0x00,
  0x0e, 0x00, 0x00, 0x00, 0x20, 0x00, 0x00, 0x00, 0x00, 0x00, 0x00, 0x01,
  0x28, 0x00, 0x00, 0x00, 0x2c, 0x00, 0x00, 0x00, 0x01, 0x00, 0x00, 0x00,
  0x0c, 0x00, 0x10, 0x00, 0x00, 0x00, 0x0c, 0x00, 0x08, 0x00, 0x07, 0x00,
  0x0c, 0x00, 0x00, 0x00, 0x00, 0x00, 0x00, 0x01, 0x01, 0x00, 0x00, 0x00,
  0x01, 0x00, 0x00, 0x00, 0x01, 0x00, 0x00, 0x00, 0x10, 0x00, 0x00, 0x00,
  0x03, 0x00, 0x00, 0x00, 0x0f, 0x00, 0x00, 0x00, 0x0e, 0x00, 0x00, 0x00,
  0x0d, 0x00, 0x00, 0x00, 0x00, 0x00, 0x0e, 0x00, 0x14, 0x00, 0x00, 0x00,
  0x10, 0x00, 0x0c, 0x00, 0x0b, 0x00, 0x04, 0x00, 0x0e, 0x00, 0x00, 0x00,
  0x10, 0x00, 0x00, 0x00, 0x00, 0x00, 0x00, 0x34, 0x0c, 0x00, 0x00, 0x00,
  0x10, 0x00, 0x00, 0x00, 0x68, 0xe1, 0xff, 0xff, 0x01, 0x00, 0x00, 0x00,
  0x0f, 0x00, 0x00, 0x00, 0x02, 0x00, 0x00, 0x00, 0x00, 0x00, 0x00, 0x00,
  0x01, 0x00, 0x00, 0x00, 0x01, 0x00, 0x00, 0x00, 0x1e, 0x00, 0x00, 0x00,
  0x01, 0x00, 0x00, 0x00, 0x00, 0x00, 0x00, 0x00, 0x1f, 0x00, 0x00, 0x00,
  0xa4, 0x1e, 0x00, 0x00, 0x4c, 0x1e, 0x00, 0x00, 0xf4, 0x1d, 0x00, 0x00,
  0xb8, 0x1d, 0x00, 0x00, 0x78, 0x1d, 0x00, 0x00, 0x38, 0x1d, 0x00, 0x00,
  0xf8, 0x1c, 0x00, 0x00, 0x58, 0x1c, 0x00, 0x00, 0xb4, 0x1b, 0x00, 0x00,
  0xe0, 0x19, 0x00, 0x00, 0x04, 0x18, 0x00, 0x00, 0xb0, 0x14, 0x00, 0x00,
  0x4c, 0x11, 0x00, 0x00, 0x78, 0x0f, 0x00, 0x00, 0x94, 0x0d, 0x00, 0x00,
  0xf0, 0x0c, 0x00, 0x00, 0x44, 0x0b, 0x00, 0x00, 0xc4, 0x09, 0x00, 0x00,
  0x24, 0x09, 0x00, 0x00, 0x90, 0x08, 0x00, 0x00, 0xf8, 0x07, 0x00, 0x00,
  0x58, 0x07, 0x00, 0x00, 0xac, 0x05, 0x00, 0x00, 0x2c, 0x04, 0x00, 0x00,
  0x8c, 0x03, 0x00, 0x00, 0xf8, 0x02, 0x00, 0x00, 0x60, 0x02, 0x00, 0x00,
  0xd8, 0x01, 0x00, 0x00, 0x1c, 0x01, 0x00, 0x00, 0x80, 0x00, 0x00, 0x00,
  0x04, 0x00, 0x00, 0x00, 0xee, 0xe1, 0xff, 0xff, 0x00, 0x00, 0x00, 0x01,
  0x18, 0x00, 0x00, 0x00, 0x20, 0x00, 0x00, 0x00, 0x3c, 0x00, 0x00, 0x00,
  0x1f, 0x00, 0x00, 0x00, 0x00, 0x00, 0x00, 0x09, 0x50, 0x00, 0x00, 0x00,
  0x02, 0x00, 0x00, 0x00, 0xff, 0xff, 0xff, 0xff, 0x06, 0x00, 0x00, 0x00,
  0xd4, 0xe1, 0xff, 0xff, 0x08, 0x00, 0x00, 0x00, 0x10, 0x00, 0x00, 0x00,
  0x01, 0x00, 0x00, 0x00, 0x80, 0xff, 0xff, 0xff, 0xff, 0xff, 0xff, 0xff,
  0x01, 0x00, 0x00, 0x00, 0x00, 0x00, 0x80, 0x3b, 0x1b, 0x00, 0x00, 0x00,
  0x53, 0x74, 0x61, 0x74, 0x65, 0x66, 0x75, 0x6c, 0x50, 0x61, 0x72, 0x74,
  0x69, 0x74, 0x69, 0x6f, 0x6e, 0x65, 0x64, 0x43, 0x61, 0x6c, 0x6c, 0x5f,
  0x31, 0x3a, 0x30, 0x00, 0x02, 0x00, 0x00, 0x00, 0x01, 0x00, 0x00, 0x00,
  0x06, 0x00, 0x00, 0x00, 0x66, 0xe2, 0xff, 0xff, 0x00, 0x00, 0x00, 0x01,
  0x18, 0x00, 0x00, 0x00, 0x20, 0x00, 0x00, 0x00, 0x3c, 0x00, 0x00, 0x00,
  0x1e, 0x00, 0x00, 0x00, 0x00, 0x00, 0x00, 0x09, 0x70, 0x00, 0x00, 0x00,
  0x02, 0x00, 0x00, 0x00, 0xff, 0xff, 0xff, 0xff, 0x06, 0x00, 0x00, 0x00,
  0x4c, 0xe2, 0xff, 0xff, 0x08, 0x00, 0x00, 0x00, 0x10, 0x00, 0x00, 0x00,
  0x01, 0x00, 0x00, 0x00, 0xee, 0xff, 0xff, 0xff, 0xff, 0xff, 0xff, 0xff,
  0x01, 0x00, 0x00, 0x00, 0x98, 0x83, 0x38, 0x3e, 0x3a, 0x00, 0x00, 0x00,
  0x43, 0x4e, 0x4e, 0x5f, 0x54, 0x69, 0x6e, 0x79, 0x4d, 0x4c, 0x5f, 0x31,
  0x2f, 0x6f, 0x75, 0x74, 0x70, 0x75, 0x74, 0x5f, 0x31, 0x2f, 0x4d, 0x61,
  0x74, 0x4d, 0x75, 0x6c, 0x3b, 0x43, 0x4e, 0x4e, 0x5f, 0x54, 0x69, 0x6e,
  0x79, 0x4d, 0x4c, 0x5f, 0x31, 0x2f, 0x6f, 0x75, 0x74, 0x70, 0x75, 0x74,
  0x5f, 0x31, 0x2f, 0x42, 0x69, 0x61, 0x73, 0x41, 0x64, 0x64, 0x00, 0x00,
  0x02, 0x00, 0x00, 0x00, 0x01, 0x00, 0x00, 0x00, 0x06, 0x00, 0x00, 0x00,
  0xfe, 0xe2, 0xff, 0xff, 0x00, 0x00, 0x00, 0x01, 0x18, 0x00, 0x00, 0x00,
  0x20, 0x00, 0x00, 0x00, 0x3c, 0x00, 0x00, 0x00, 0x1d, 0x00, 0x00, 0x00,
  0x00, 0x00, 0x00, 0x09, 0x90, 0x00, 0x00, 0x00, 0x02, 0x00, 0x00, 0x00,
  0xff, 0xff, 0xff, 0xff, 0x20, 0x00, 0x00, 0x00, 0xe4, 0xe2, 0xff, 0xff,
  0x08, 0x00, 0x00, 0x00, 0x10, 0x00, 0x00, 0x00, 0x01, 0x00, 0x00, 0x00,
  0x80, 0xff, 0xff, 0xff, 0xff, 0xff, 0xff, 0xff, 0x01, 0x00, 0x00, 0x00,
  0x8c, 0x35, 0x3e, 0x3d, 0x58, 0x00, 0x00, 0x00, 0x43, 0x4e, 0x4e, 0x5f,
  0x54, 0x69, 0x6e, 0x79, 0x4d, 0x4c, 0x5f, 0x31, 0x2f, 0x64, 0x65, 0x6e,
  0x73, 0x65, 0x5f, 0x31, 0x5f, 0x31, 0x2f, 0x4d, 0x61, 0x74, 0x4d, 0x75,
  0x6c, 0x3b, 0x43, 0x4e, 0x4e, 0x5f, 0x54, 0x69, 0x6e, 0x79, 0x4d, 0x4c,
  0x5f, 0x31, 0x2f, 0x64, 0x65, 0x6e, 0x73, 0x65, 0x5f, 0x31, 0x5f, 0x31,
  0x2f, 0x52, 0x65, 0x6c, 0x75, 0x3b, 0x43, 0x4e, 0x4e, 0x5f, 0x54, 0x69,
  0x6e, 0x79, 0x4d, 0x4c, 0x5f, 0x31, 0x2f, 0x64, 0x65, 0x6e, 0x73, 0x65,
  0x5f, 0x31, 0x5f, 0x31, 0x2f, 0x42, 0x69, 0x61, 0x73, 0x41, 0x64, 0x64,
  0x00, 0x00, 0x00, 0x00, 0x02, 0x00, 0x00, 0x00, 0x01, 0x00, 0x00, 0x00,
  0x20, 0x00, 0x00, 0x00, 0xb6, 0xe3, 0xff, 0xff, 0x00, 0x00, 0x00, 0x01,
  0x18, 0x00, 0x00, 0x00, 0x20, 0x00, 0x00, 0x00, 0x40, 0x00, 0x00, 0x00,
  0x1c, 0x00, 0x00, 0x00, 0x00, 0x00, 0x00, 0x09, 0x5c, 0x00, 0x00, 0x00,
  0x02, 0x00, 0x00, 0x00, 0xff, 0xff, 0xff, 0xff, 0x40, 0x00, 0x00, 0x00,
  0x9c, 0xe3, 0xff, 0xff, 0x08, 0x00, 0x00, 0x00, 0x14, 0x00, 0x00, 0x00,
  0x01, 0x00, 0x00, 0x00, 0x80, 0xff, 0xff, 0xff, 0xff, 0xff, 0xff, 0xff,
  0x00, 0x00, 0x00, 0x00, 0x01, 0x00, 0x00, 0x00, 0x5b, 0x5f, 0xad, 0x3c,
  0x23, 0x00, 0x00, 0x00, 0x43, 0x4e, 0x4e, 0x5f, 0x54, 0x69, 0x6e, 0x79,
  0x4d, 0x4c, 0x5f, 0x31, 0x2f, 0x67, 0x6c, 0x6f, 0x62, 0x61, 0x6c, 0x5f,
  0x61, 0x76, 0x67, 0x5f, 0x70, 0x6f, 0x6f, 0x6c, 0x5f, 0x31, 0x2f, 0x4d,
  0x65, 0x61, 0x6e, 0x00, 0x02, 0x00, 0x00, 0x00, 0x01, 0x00, 0x00, 0x00,
  0x40, 0x00, 0x00, 0x00, 0x3a, 0xe4, 0xff, 0xff, 0x00, 0x00, 0x00, 0x01,
  0x18, 0x00, 0x00, 0x00, 0x24, 0x00, 0x00, 0x00, 0x44, 0x00, 0x00, 0x00,
  0x1b, 0x00, 0x00, 0x00, 0x00, 0x00, 0x00, 0x09, 0x68, 0x00, 0x00, 0x00,
  0x03, 0x00, 0x00, 0x00, 0xff, 0xff, 0xff, 0xff, 0x20, 0x00, 0x00, 0x00,
  0x40, 0x00, 0x00, 0x00, 0x24, 0xe4, 0xff, 0xff, 0x08, 0x00, 0x00, 0x00,
  0x14, 0x00, 0x00, 0x00, 0x01, 0x00, 0x00, 0x00, 0x80, 0xff, 0xff, 0xff,
  0xff, 0xff, 0xff, 0xff, 0x00, 0x00, 0x00, 0x00, 0x01, 0x00, 0x00, 0x00,
  0x9d, 0x9c, 0xfc, 0x3c, 0x2a, 0x00, 0x00, 0x00, 0x43, 0x4e, 0x4e, 0x5f,
  0x54, 0x69, 0x6e, 0x79, 0x4d, 0x4c, 0x5f, 0x31, 0x2f, 0x6d, 0x61, 0x78,
  0x70, 0x6f, 0x6f, 0x6c, 0x5f, 0x32, 0x5f, 0x31, 0x2f, 0x4d, 0x61, 0x78,
  0x50, 0x6f, 0x6f, 0x6c, 0x31, 0x64, 0x2f, 0x53, 0x71, 0x75, 0x65, 0x65,
  0x7a, 0x65, 0x00, 0x00, 0x03, 0x00, 0x00, 0x00, 0x01, 0x00, 0x00, 0x00,
  0x20, 0x00, 0x00, 0x00, 0x40, 0x00, 0x00, 0x00, 0xce, 0xe4, 0xff, 0xff,
  0x00, 0x00, 0x00, 0x01, 0x18, 0x00, 0x00, 0x00, 0x28, 0x00, 0x00, 0x00,
  0x44, 0x00, 0x00, 0x00, 0x1a, 0x00, 0x00, 0x00, 0x00, 0x00, 0x00, 0x09,
  0x60, 0x00, 0x00, 0x00, 0x04, 0x00, 0x00, 0x00, 0xff, 0xff, 0xff, 0xff,
  0x01, 0x00, 0x00, 0x00, 0x20, 0x00, 0x00, 0x00, 0x40, 0x00, 0x00, 0x00,
  0xbc, 0xe4, 0xff, 0xff, 0x08, 0x00, 0x00, 0x00, 0x10, 0x00, 0x00, 0x00,
  0x01, 0x00, 0x00, 0x00, 0x80, 0xff, 0xff, 0xff, 0xff, 0xff, 0xff, 0xff,
  0x01, 0x00, 0x00, 0x00, 0x9d, 0x9c, 0xfc, 0x3c, 0x22, 0x00, 0x00, 0x00,
  0x43, 0x4e, 0x4e, 0x5f, 0x54, 0x69, 0x6e, 0x79, 0x4d, 0x4c, 0x5f, 0x31,
  0x2f, 0x6d, 0x61, 0x78, 0x70, 0x6f, 0x6f, 0x6c, 0x5f, 0x32, 0x5f, 0x31,
  0x2f, 0x4d, 0x61, 0x78, 0x50, 0x6f, 0x6f, 0x6c, 0x31, 0x64, 0x00, 0x00,
  0x04, 0x00, 0x00, 0x00, 0x01, 0x00, 0x00, 0x00, 0x01, 0x00, 0x00, 0x00,
  0x20, 0x00, 0x00, 0x00, 0x40, 0x00, 0x00, 0x00, 0x5e, 0xe5, 0xff, 0xff,
  0x00, 0x00, 0x00, 0x01, 0x18, 0x00, 0x00, 0x00, 0x28, 0x00, 0x00, 0x00,
  0x44, 0x00, 0x00, 0x00, 0x19, 0x00, 0x00, 0x00, 0x00, 0x00, 0x00, 0x09,
  0x6c, 0x00, 0x00, 0x00, 0x04, 0x00, 0x00, 0x00, 0xff, 0xff, 0xff, 0xff,
  0x01, 0x00, 0x00, 0x00, 0x40, 0x00, 0x00, 0x00, 0x40, 0x00, 0x00, 0x00,
  0x4c, 0xe5, 0xff, 0xff, 0x08, 0x00, 0x00, 0x00, 0x10, 0x00, 0x00, 0x00,
  0x01, 0x00, 0x00, 0x00, 0x80, 0xff, 0xff, 0xff, 0xff, 0xff, 0xff, 0xff,
  0x01, 0x00, 0x00, 0x00, 0x9d, 0x9c, 0xfc, 0x3c, 0x2d, 0x00, 0x00, 0x00,
  0x43, 0x4e, 0x4e, 0x5f, 0x54, 0x69, 0x6e, 0x79, 0x4d, 0x4c, 0x5f, 0x31,
  0x2f, 0x6d, 0x61, 0x78, 0x70, 0x6f, 0x6f, 0x6c, 0x5f, 0x32, 0x5f, 0x31,
  0x2f, 0x4d, 0x61, 0x78, 0x50, 0x6f, 0x6f, 0x6c, 0x31, 0x64, 0x2f, 0x45,
  0x78, 0x70, 0x61, 0x6e, 0x64, 0x44, 0x69, 0x6d, 0x73, 0x00, 0x00, 0x00,
  0x04, 0x00, 0x00, 0x00, 0x01, 0x00, 0x00, 0x00, 0x01, 0x00, 0x00, 0x00,
  0x40, 0x00, 0x00, 0x00, 0x40, 0x00, 0x00, 0x00, 0xfa, 0xe5, 0xff, 0xff,
  0x00, 0x00, 0x00, 0x01, 0x18, 0x00, 0x00, 0x00, 0x24, 0x00, 0x00, 0x00,
  0x44, 0x00, 0x00, 0x00, 0x18, 0x00, 0x00, 0x00, 0x00, 0x00, 0x00, 0x09,
  0x50, 0x01, 0x00, 0x00, 0x03, 0x00, 0x00, 0x00, 0xff, 0xff, 0xff, 0xff,
  0x40, 0x00, 0x00, 0x00, 0x40, 0x00, 0x00, 0x00, 0xe4, 0xe5, 0xff, 0xff,
  0x08, 0x00, 0x00, 0x00, 0x14, 0x00, 0x00, 0x00, 0x01, 0x00, 0x00, 0x00,
  0x80, 0xff, 0xff, 0xff, 0xff, 0xff, 0xff, 0xff, 0x00, 0x00, 0x00, 0x00,
  0x01, 0x00, 0x00, 0x00, 0x9d, 0x9c, 0xfc, 0x3c, 0x12, 0x01, 0x00, 0x00,
  0x43, 0x4e, 0x4e, 0x5f, 0x54, 0x69, 0x6e, 0x79, 0x4d, 0x4c, 0x5f, 0x31,
  0x2f, 0x72, 0x65, 0x6c, 0x75, 0x5f, 0x32, 0x5f, 0x31, 0x2f, 0x52, 0x65,
  0x6c, 0x75, 0x3b, 0x43, 0x4e, 0x4e, 0x5f, 0x54, 0x69, 0x6e, 0x79, 0x4d,
  0x4c, 0x5f, 0x31, 0x2f, 0x62, 0x6e, 0x5f, 0x32, 0x5f, 0x31, 0x2f, 0x62,
  0x61, 0x74, 0x63, 0x68, 0x6e, 0x6f, 0x72, 0x6d, 0x2f, 0x61, 0x64, 0x64,
  0x5f, 0x31, 0x3b, 0x43, 0x4e, 0x4e, 0x5f, 0x54, 0x69, 0x6e, 0x79, 0x4d,
  0x4c, 0x5f, 0x31, 0x2f, 0x63, 0x6f, 0x6e, 0x76, 0x31, 0x64, 0x5f, 0x32,
  0x5f, 0x31, 0x2f, 0x63, 0x6f, 0x6e, 0x76, 0x6f, 0x6c, 0x75, 0x74, 0x69,
  0x6f, 0x6e, 0x2f, 0x53, 0x71, 0x75, 0x65, 0x65, 0x7a, 0x65, 0x3b, 0x43,
  0x4e, 0x4e, 0x5f, 0x54, 0x69, 0x6e, 0x79, 0x4d, 0x4c, 0x5f, 0x31, 0x2f,
  0x62, 0x6e, 0x5f, 0x32, 0x5f, 0x31, 0x2f, 0x62, 0x61, 0x74, 0x63, 0x68,
  0x6e, 0x6f, 0x72, 0x6d, 0x2f, 0x6d, 0x75, 0x6c, 0x5f, 0x31, 0x3b, 0x43,
  0x4e, 0x4e, 0x5f, 0x54, 0x69, 0x6e, 0x79, 0x4d, 0x4c, 0x5f, 0x31, 0x2f,
  0x63, 0x6f, 0x6e, 0x76, 0x31, 0x64, 0x5f, 0x32, 0x5f, 0x31, 0x2f, 0x42,
  0x69, 0x61, 0x73, 0x41, 0x64, 0x64, 0x3b, 0x43, 0x4e, 0x4e, 0x5f, 0x54,
  0x69, 0x6e, 0x79, 0x4d, 0x4c, 0x5f, 0x31, 0x2f, 0x63, 0x6f, 0x6e, 0x76,
  0x31, 0x64, 0x5f, 0x32, 0x5f, 0x31, 0x2f, 0x53, 0x71, 0x75, 0x65, 0x65,
  0x7a, 0x65, 0x3b, 0x43, 0x4e, 0x4e, 0x5f, 0x54, 0x69, 0x6e, 0x79, 0x4d,
  0x4c, 0x5f, 0x31, 0x2f, 0x62, 0x6e, 0x5f, 0x32, 0x5f, 0x31, 0x2f, 0x62,
  0x61, 0x74, 0x63, 0x68, 0x6e, 0x6f, 0x72, 0x6d, 0x2f, 0x6d, 0x75, 0x6c,
  0x3b, 0x43, 0x4e, 0x4e, 0x5f, 0x54, 0x69, 0x6e, 0x79, 0x4d, 0x4c, 0x5f,
  0x31, 0x2f, 0x62, 0x6e, 0x5f, 0x32, 0x5f, 0x31, 0x2f, 0x62, 0x61, 0x74,
  0x63, 0x68, 0x6e, 0x6f, 0x72, 0x6d, 0x2f, 0x73, 0x75, 0x62, 0x00, 0x00,
  0x03, 0x00, 0x00, 0x00, 0x01, 0x00, 0x00, 0x00, 0x40, 0x00, 0x00, 0x00,
  0x40, 0x00, 0x00, 0x00, 0x76, 0xe7, 0xff, 0xff, 0x00, 0x00, 0x00, 0x01,
  0x18, 0x00, 0x00, 0x00, 0x28, 0x00, 0x00, 0x00, 0x48, 0x00, 0x00, 0x00,
  0x17, 0x00, 0x00, 0x00, 0x00, 0x00, 0x00, 0x09, 0x78, 0x01, 0x00, 0x00,
  0x04, 0x00, 0x00, 0x00, 0xff, 0xff, 0xff, 0xff, 0x01, 0x00, 0x00, 0x00,
  0x40, 0x00, 0x00, 0x00, 0x40, 0x00, 0x00, 0x00, 0x64, 0xe7, 0xff, 0xff,
  0x08, 0x00, 0x00, 0x00, 0x14, 0x00, 0x00, 0x00, 0x01, 0x00, 0x00, 0x00,
  0x80, 0xff, 0xff, 0xff, 0xff, 0xff, 0xff, 0xff, 0x00, 0x00, 0x00, 0x00,
  0x01, 0x00, 0x00, 0x00, 0x9d, 0x9c, 0xfc, 0x3c, 0x36, 0x01, 0x00, 0x00,
  0x43, 0x4e, 0x4e, 0x5f, 0x54, 0x69, 0x6e, 0x79, 0x4d, 0x4c, 0x5f, 0x31,
  0x2f, 0x72, 0x65, 0x6c, 0x75, 0x5f, 0x32, 0x5f, 0x31, 0x2f, 0x52, 0x65,
  0x6c, 0x75, 0x3b, 0x43, 0x4e, 0x4e, 0x5f, 0x54, 0x69, 0x6e, 0x79, 0x4d,
  0x4c, 0x5f, 0x31, 0x2f, 0x62, 0x6e, 0x5f, 0x32, 0x5f, 0x31, 0x2f, 0x62,
  0x61, 0x74, 0x63, 0x68, 0x6e, 0x6f, 0x72, 0x6d, 0x2f, 0x61, 0x64, 0x64,
  0x5f, 0x31, 0x3b, 0x43, 0x4e, 0x4e, 0x5f, 0x54, 0x69, 0x6e, 0x79, 0x4d,
  0x4c, 0x5f, 0x31, 0x2f, 0x63, 0x6f, 0x6e, 0x76, 0x31, 0x64, 0x5f, 0x32,
  0x5f, 0x31, 0x2f, 0x63, 0x6f, 0x6e, 0x76, 0x6f, 0x6c, 0x75, 0x74, 0x69,
  0x6f, 0x6e, 0x2f, 0x53, 0x71, 0x75, 0x65, 0x65, 0x7a, 0x65, 0x3b, 0x43,
  0x4e, 0x4e, 0x5f, 0x54, 0x69, 0x6e, 0x79, 0x4d, 0x4c, 0x5f, 0x31, 0x2f,
  0x62, 0x6e, 0x5f, 0x32, 0x5f, 0x31, 0x2f, 0x62, 0x61, 0x74, 0x63, 0x68,
  0x6e, 0x6f, 0x72, 0x6d, 0x2f, 0x6d, 0x75, 0x6c, 0x5f, 0x31, 0x3b, 0x43,
  0x4e, 0x4e, 0x5f, 0x54, 0x69, 0x6e, 0x79, 0x4d, 0x4c, 0x5f, 0x31, 0x2f,
  0x63, 0x6f, 0x6e, 0x76, 0x31, 0x64, 0x5f, 0x32, 0x5f, 0x31, 0x2f, 0x42,
  0x69, 0x61, 0x73, 0x41, 0x64, 0x64, 0x3b, 0x43, 0x4e, 0x4e, 0x5f, 0x54,
  0x69, 0x6e, 0x79, 0x4d, 0x4c, 0x5f, 0x31, 0x2f, 0x63, 0x6f, 0x6e, 0x76,
  0x31, 0x64, 0x5f, 0x32, 0x5f, 0x31, 0x2f, 0x53, 0x71, 0x75, 0x65, 0x65,
  0x7a, 0x65, 0x3b, 0x43, 0x4e, 0x4e, 0x5f, 0x54, 0x69, 0x6e, 0x79, 0x4d,
  0x4c, 0x5f, 0x31, 0x2f, 0x62, 0x6e, 0x5f, 0x32, 0x5f, 0x31, 0x2f, 0x62,
  0x61, 0x74, 0x63, 0x68, 0x6e, 0x6f, 0x72, 0x6d, 0x2f, 0x6d, 0x75, 0x6c,
  0x3b, 0x43, 0x4e, 0x4e, 0x5f, 0x54, 0x69, 0x6e, 0x79, 0x4d, 0x4c, 0x5f,
  0x31, 0x2f, 0x62, 0x6e, 0x5f, 0x32, 0x5f, 0x31, 0x2f, 0x62, 0x61, 0x74,
  0x63, 0x68, 0x6e, 0x6f, 0x72, 0x6d, 0x2f, 0x73, 0x75, 0x62, 0x3b, 0x43,
  0x4e, 0x4e, 0x5f, 0x54, 0x69, 0x6e, 0x79, 0x4d, 0x4c, 0x5f, 0x31, 0x2f,
  0x63, 0x6f, 0x6e, 0x76, 0x31, 0x64, 0x5f, 0x32, 0x5f, 0x31, 0x2f, 0x63,
  0x6f, 0x6e, 0x76, 0x6f, 0x6c, 0x75, 0x74, 0x69, 0x6f, 0x6e, 0x00, 0x00,
  0x04, 0x00, 0x00, 0x00, 0x01, 0x00, 0x00, 0x00, 0x01, 0x00, 0x00, 0x00,
  0x40, 0x00, 0x00, 0x00, 0x40, 0x00, 0x00, 0x00, 0x1e, 0xe9, 0xff, 0xff,
  0x00, 0x00, 0x00, 0x01, 0x18, 0x00, 0x00, 0x00, 0x28, 0x00, 0x00, 0x00,
  0x44, 0x00, 0x00, 0x00, 0x16, 0x00, 0x00, 0x00, 0x00, 0x00, 0x00, 0x09,
  0x6c, 0x00, 0x00, 0x00, 0x04, 0x00, 0x00, 0x00, 0xff, 0xff, 0xff, 0xff,
  0x01, 0x00, 0x00, 0x00, 0x40, 0x00, 0x00, 0x00, 0x20, 0x00, 0x00, 0x00,
  0x0c, 0xe9, 0xff, 0xff, 0x08, 0x00, 0x00, 0x00, 0x10, 0x00, 0x00, 0x00,
  0x01, 0x00, 0x00, 0x00, 0x80, 0xff, 0xff, 0xff, 0xff, 0xff, 0xff, 0xff,
  0x01, 0x00, 0x00, 0x00, 0x87, 0xd1, 0x0b, 0x3d, 0x2e, 0x00, 0x00, 0x00,
  0x43, 0x4e, 0x4e, 0x5f, 0x54, 0x69, 0x6e, 0x79, 0x4d, 0x4c, 0x5f, 0x31,
  0x2f, 0x63, 0x6f, 0x6e, 0x76, 0x31, 0x64, 0x5f, 0x32, 0x5f, 0x31, 0x2f,
  0x63, 0x6f, 0x6e, 0x76, 0x6f, 0x6c, 0x75, 0x74, 0x69, 0x6f, 0x6e, 0x2f,
  0x45, 0x78, 0x70, 0x61, 0x6e, 0x64, 0x44, 0x69, 0x6d, 0x73, 0x00, 0x00,
  0x04, 0x00, 0x00, 0x00, 0x01, 0x00, 0x00, 0x00, 0x01, 0x00, 0x00, 0x00,
  0x40, 0x00, 0x00, 0x00, 0x20, 0x00, 0x00, 0x00, 0xba, 0xe9, 0xff, 0xff,
  0x00, 0x00, 0x00, 0x01, 0x18, 0x00, 0x00, 0x00, 0x24, 0x00, 0x00, 0x00,
  0x44, 0x00, 0x00, 0x00, 0x15, 0x00, 0x00, 0x00, 0x00, 0x00, 0x00, 0x09,
  0x68, 0x00, 0x00, 0x00, 0x03, 0x00, 0x00, 0x00, 0xff, 0xff, 0xff, 0xff,
  0x40, 0x00, 0x00, 0x00, 0x20, 0x00, 0x00, 0x00, 0xa4, 0xe9, 0xff, 0xff,
  0x08, 0x00, 0x00, 0x00, 0x14, 0x00, 0x00, 0x00, 0x01, 0x00, 0x00, 0x00,
  0x80, 0xff, 0xff, 0xff, 0xff, 0xff, 0xff, 0xff, 0x00, 0x00, 0x00, 0x00,
  0x01, 0x00, 0x00, 0x00, 0x87, 0xd1, 0x0b, 0x3d, 0x2a, 0x00, 0x00, 0x00,
  0x43, 0x4e, 0x4e, 0x5f, 0x54, 0x69, 0x6e, 0x79, 0x4d, 0x4c, 0x5f, 0x31,
  0x2f, 0x6d, 0x61, 0x78, 0x70, 0x6f, 0x6f, 0x6c, 0x5f, 0x31, 0x5f, 0x31,
  0x2f, 0x4d, 0x61, 0x78, 0x50, 0x6f, 0x6f, 0x6c, 0x31, 0x64, 0x2f, 0x53,
  0x71, 0x75, 0x65, 0x65, 0x7a, 0x65, 0x00, 0x00, 0x03, 0x00, 0x00, 0x00,
  0x01, 0x00, 0x00, 0x00, 0x40, 0x00, 0x00, 0x00, 0x20, 0x00, 0x00, 0x00,
  0x4e, 0xea, 0xff, 0xff, 0x00, 0x00, 0x00, 0x01, 0x18, 0x00, 0x00, 0x00,
  0x28, 0x00, 0x00, 0x00, 0x44, 0x00, 0x00, 0x00, 0x14, 0x00, 0x00, 0x00,
  0x00, 0x00, 0x00, 0x09, 0x60, 0x00, 0x00, 0x00, 0x04, 0x00, 0x00, 0x00,
  0xff, 0xff, 0xff, 0xff, 0x01, 0x00, 0x00, 0x00, 0x40, 0x00, 0x00, 0x00,
  0x20, 0x00, 0x00, 0x00, 0x3c, 0xea, 0xff, 0xff, 0x08, 0x00, 0x00, 0x00,
  0x10, 0x00, 0x00, 0x00, 0x01, 0x00, 0x00, 0x00, 0x80, 0xff, 0xff, 0xff,
  0xff, 0xff, 0xff, 0xff, 0x01, 0x00, 0x00, 0x00, 0x87, 0xd1, 0x0b, 0x3d,
  0x22, 0x00, 0x00, 0x00, 0x43, 0x4e, 0x4e, 0x5f, 0x54, 0x69, 0x6e, 0x79,
  0x4d, 0x4c, 0x5f, 0x31, 0x2f, 0x6d, 0x61, 0x78, 0x70, 0x6f, 0x6f, 0x6c,
  0x5f, 0x31, 0x5f, 0x31, 0x2f, 0x4d, 0x61, 0x78, 0x50, 0x6f, 0x6f, 0x6c,
  0x31, 0x64, 0x00, 0x00, 0x04, 0x00, 0x00, 0x00, 0x01, 0x00, 0x00, 0x00,
  0x01, 0x00, 0x00, 0x00, 0x40, 0x00, 0x00, 0x00, 0x20, 0x00, 0x00, 0x00,
  0xde, 0xea, 0xff, 0xff, 0x00, 0x00, 0x00, 0x01, 0x18, 0x00, 0x00, 0x00,
  0x28, 0x00, 0x00, 0x00, 0x44, 0x00, 0x00, 0x00, 0x13, 0x00, 0x00, 0x00,
  0x00, 0x00, 0x00, 0x09, 0x6c, 0x00, 0x00, 0x00, 0x04, 0x00, 0x00, 0x00,
  0xff, 0xff, 0xff, 0xff, 0x01, 0x00, 0x00, 0x00, 0x80, 0x00, 0x00, 0x00,
  0x20, 0x00, 0x00, 0x00, 0xcc, 0xea, 0xff, 0xff, 0x08, 0x00, 0x00, 0x00,
  0x10, 0x00, 0x00, 0x00, 0x01, 0x00, 0x00, 0x00, 0x80, 0xff, 0xff, 0xff,
  0xff, 0xff, 0xff, 0xff, 0x01, 0x00, 0x00, 0x00, 0x87, 0xd1, 0x0b, 0x3d,
  0x2d, 0x00, 0x00, 0x00, 0x43, 0x4e, 0x4e, 0x5f, 0x54, 0x69, 0x6e, 0x79,
  0x4d, 0x4c, 0x5f, 0x31, 0x2f, 0x6d, 0x61, 0x78, 0x70, 0x6f, 0x6f, 0x6c,
  0x5f, 0x31, 0x5f, 0x31, 0x2f, 0x4d, 0x61, 0x78, 0x50, 0x6f, 0x6f, 0x6c,
  0x31, 0x64, 0x2f, 0x45, 0x78, 0x70, 0x61, 0x6e, 0x64, 0x44, 0x69, 0x6d,
  0x73, 0x00, 0x00, 0x00, 0x04, 0x00, 0x00, 0x00, 0x01, 0x00, 0x00, 0x00,
  0x01, 0x00, 0x00, 0x00, 0x80, 0x00, 0x00, 0x00, 0x20, 0x00, 0x00, 0x00,
  0x7a, 0xeb, 0xff, 0xff, 0x00, 0x00, 0x00, 0x01, 0x18, 0x00, 0x00, 0x00,
  0x24, 0x00, 0x00, 0x00, 0x44, 0x00, 0x00, 0x00, 0x12, 0x00, 0x00, 0x00,
  0x00, 0x00, 0x00, 0x09, 0x50, 0x01, 0x00, 0x00, 0x03, 0x00, 0x00, 0x00,
  0xff, 0xff, 0xff, 0xff, 0x80, 0x00, 0x00, 0x00, 0x20, 0x00, 0x00, 0x00,
  0x64, 0xeb, 0xff, 0xff, 0x08, 0x00, 0x00, 0x00, 0x14, 0x00, 0x00, 0x00,
  0x01, 0x00, 0x00, 0x00, 0x80, 0xff, 0xff, 0xff, 0xff, 0xff, 0xff, 0xff,
  0x00, 0x00, 0x00, 0x00, 0x01, 0x00, 0x00, 0x00, 0x87, 0xd1, 0x0b, 0x3d,
  0x12, 0x01, 0x00, 0x00, 0x43, 0x4e, 0x4e, 0x5f, 0x54, 0x69, 0x6e, 0x79,
  0x4d, 0x4c, 0x5f, 0x31, 0x2f, 0x72, 0x65, 0x6c, 0x75, 0x5f, 0x31, 0x5f,
  0x31, 0x2f, 0x52, 0x65, 0x6c, 0x75, 0x3b, 0x43, 0x4e, 0x4e, 0x5f, 0x54,
  0x69, 0x6e, 0x79, 0x4d, 0x4c, 0x5f, 0x31, 0x2f, 0x62, 0x6e, 0x5f, 0x31,
  0x5f, 0x31, 0x2f, 0x62, 0x61, 0x74, 0x63, 0x68, 0x6e, 0x6f, 0x72, 0x6d,
  0x2f, 0x61, 0x64, 0x64, 0x5f, 0x31, 0x3b, 0x43, 0x4e, 0x4e, 0x5f, 0x54,
  0x69, 0x6e, 0x79, 0x4d, 0x4c, 0x5f, 0x31, 0x2f, 0x63, 0x6f, 0x6e, 0x76,
  0x31, 0x64, 0x5f, 0x31, 0x5f, 0x31, 0x2f, 0x63, 0x6f, 0x6e, 0x76, 0x6f,
  0x6c, 0x75, 0x74, 0x69, 0x6f, 0x6e, 0x2f, 0x53, 0x71, 0x75, 0x65, 0x65,
  0x7a, 0x65, 0x3b, 0x43, 0x4e, 0x4e, 0x5f, 0x54, 0x69, 0x6e, 0x79, 0x4d,
  0x4c, 0x5f, 0x31, 0x2f, 0x62, 0x6e, 0x5f, 0x31, 0x5f, 0x31, 0x2f, 0x62,
  0x61, 0x74, 0x63, 0x68, 0x6e, 0x6f, 0x72, 0x6d, 0x2f, 0x6d, 0x75, 0x6c,
  0x5f, 0x31, 0x3b, 0x43, 0x4e, 0x4e, 0x5f, 0x54, 0x69, 0x6e, 0x79, 0x4d,
  0x4c, 0x5f, 0x31, 0x2f, 0x63, 0x6f, 0x6e, 0x76, 0x31, 0x64, 0x5f, 0x31,
  0x5f, 0x31, 0x2f, 0x42, 0x69, 0x61, 0x73, 0x41, 0x64, 0x64, 0x3b, 0x43,
  0x4e, 0x4e, 0x5f, 0x54, 0x69, 0x6e, 0x79, 0x4d, 0x4c, 0x5f, 0x31, 0x2f,
  0x63, 0x6f, 0x6e, 0x76, 0x31, 0x64, 0x5f, 0x31, 0x5f, 0x31, 0x2f, 0x53,
  0x71, 0x75, 0x65, 0x65, 0x7a, 0x65, 0x3b, 0x43, 0x4e, 0x4e, 0x5f, 0x54,
  0x69, 0x6e, 0x79, 0x4d, 0x4c, 0x5f, 0x31, 0x2f, 0x62, 0x6e, 0x5f, 0x31,
  0x5f, 0x31, 0x2f, 0x62, 0x61, 0x74, 0x63, 0x68, 0x6e, 0x6f, 0x72, 0x6d,
  0x2f, 0x6d, 0x75, 0x6c, 0x3b, 0x43, 0x4e, 0x4e, 0x5f, 0x54, 0x69, 0x6e,
  0x79, 0x4d, 0x4c, 0x5f, 0x31, 0x2f, 0x62, 0x6e, 0x5f, 0x31, 0x5f, 0x31,
  0x2f, 0x62, 0x61, 0x74, 0x63, 0x68, 0x6e, 0x6f, 0x72, 0x6d, 0x2f, 0x73,
  0x75, 0x62, 0x00, 0x00, 0x03, 0x00, 0x00, 0x00, 0x01, 0x00, 0x00, 0x00,
  0x80, 0x00, 0x00, 0x00, 0x20, 0x00, 0x00, 0x00, 0xf6, 0xec, 0xff, 0xff,
  0x00, 0x00, 0x00, 0x01, 0x18, 0x00, 0x00, 0x00, 0x28, 0x00, 0x00, 0x00,
  0x48, 0x00, 0x00, 0x00, 0x11, 0x00, 0x00, 0x00, 0x00, 0x00, 0x00, 0x09,
  0x78, 0x01, 0x00, 0x00, 0x04, 0x00, 0x00, 0x00, 0xff, 0xff, 0xff, 0xff,
  0x01, 0x00, 0x00, 0x00, 0x80, 0x00, 0x00, 0x00, 0x20, 0x00, 0x00, 0x00,
  0xe4, 0xec, 0xff, 0xff, 0x08, 0x00, 0x00, 0x00, 0x14, 0x00, 0x00, 0x00,
  0x01, 0x00, 0x00, 0x00, 0x80, 0xff, 0xff, 0xff, 0xff, 0xff, 0xff, 0xff,
  0x00, 0x00, 0x00, 0x00, 0x01, 0x00, 0x00, 0x00, 0x87, 0xd1, 0x0b, 0x3d,
  0x36, 0x01, 0x00, 0x00, 0x43, 0x4e, 0x4e, 0x5f, 0x54, 0x69, 0x6e, 0x79,
  0x4d, 0x4c, 0x5f, 0x31, 0x2f, 0x72, 0x65, 0x6c, 0x75, 0x5f, 0x31, 0x5f,
  0x31, 0x2f, 0x52, 0x65, 0x6c, 0x75, 0x3b, 0x43, 0x4e, 0x4e, 0x5f, 0x54,
  0x69, 0x6e, 0x79, 0x4d, 0x4c, 0x5f, 0x31, 0x2f, 0x62, 0x6e, 0x5f, 0x31,
  0x5f, 0x31, 0x2f, 0x62, 0x61, 0x74, 0x63, 0x68, 0x6e, 0x6f, 0x72, 0x6d,
  0x2f, 0x61, 0x64, 0x64, 0x5f, 0x31, 0x3b, 0x43, 0x4e, 0x4e, 0x5f, 0x54,
  0x69, 0x6e, 0x79, 0x4d, 0x4c, 0x5f, 0x31, 0x2f, 0x63, 0x6f, 0x6e, 0x76,
  0x31, 0x64, 0x5f, 0x31, 0x5f, 0x31, 0x2f, 0x63, 0x6f, 0x6e, 0x76, 0x6f,
  0x6c, 0x75, 0x74, 0x69, 0x6f, 0x6e, 0x2f, 0x53, 0x71, 0x75, 0x65, 0x65,
  0x7a, 0x65, 0x3b, 0x43, 0x4e, 0x4e, 0x5f, 0x54, 0x69, 0x6e, 0x79, 0x4d,
  0x4c, 0x5f, 0x31, 0x2f, 0x62, 0x6e, 0x5f, 0x31, 0x5f, 0x31, 0x2f, 0x62,
  0x61, 0x74, 0x63, 0x68, 0x6e, 0x6f, 0x72, 0x6d, 0x2f, 0x6d, 0x75, 0x6c,
  0x5f, 0x31, 0x3b, 0x43, 0x4e, 0x4e, 0x5f, 0x54, 0x69, 0x6e, 0x79, 0x4d,
  0x4c, 0x5f, 0x31, 0x2f, 0x63, 0x6f, 0x6e, 0x76, 0x31, 0x64, 0x5f, 0x31,
  0x5f, 0x31, 0x2f, 0x42, 0x69, 0x61, 0x73, 0x41, 0x64, 0x64, 0x3b, 0x43,
  0x4e, 0x4e, 0x5f, 0x54, 0x69, 0x6e, 0x79, 0x4d, 0x4c, 0x5f, 0x31, 0x2f,
  0x63, 0x6f, 0x6e, 0x76, 0x31, 0x64, 0x5f, 0x31, 0x5f, 0x31, 0x2f, 0x53,
  0x71, 0x75, 0x65, 0x65, 0x7a, 0x65, 0x3b, 0x43, 0x4e, 0x4e, 0x5f, 0x54,
  0x69, 0x6e, 0x79, 0x4d, 0x4c, 0x5f, 0x31, 0x2f, 0x62, 0x6e, 0x5f, 0x31,
  0x5f, 0x31, 0x2f, 0x62, 0x61, 0x74, 0x63, 0x68, 0x6e, 0x6f, 0x72, 0x6d,
  0x2f, 0x6d, 0x75, 0x6c, 0x3b, 0x43, 0x4e, 0x4e, 0x5f, 0x54, 0x69, 0x6e,
  0x79, 0x4d, 0x4c, 0x5f, 0x31, 0x2f, 0x62, 0x6e, 0x5f, 0x31, 0x5f, 0x31,
  0x2f, 0x62, 0x61, 0x74, 0x63, 0x68, 0x6e, 0x6f, 0x72, 0x6d, 0x2f, 0x73,
  0x75, 0x62, 0x3b, 0x43, 0x4e, 0x4e, 0x5f, 0x54, 0x69, 0x6e, 0x79, 0x4d,
  0x4c, 0x5f, 0x31, 0x2f, 0x63, 0x6f, 0x6e, 0x76, 0x31, 0x64, 0x5f, 0x31,
  0x5f, 0x31, 0x2f, 0x63, 0x6f, 0x6e, 0x76, 0x6f, 0x6c, 0x75, 0x74, 0x69,
  0x6f, 0x6e, 0x00, 0x00, 0x04, 0x00, 0x00, 0x00, 0x01, 0x00, 0x00, 0x00,
  0x01, 0x00, 0x00, 0x00, 0x80, 0x00, 0x00, 0x00, 0x20, 0x00, 0x00, 0x00,
  0x9e, 0xee, 0xff, 0xff, 0x00, 0x00, 0x00, 0x01, 0x18, 0x00, 0x00, 0x00,
  0x28, 0x00, 0x00, 0x00, 0x48, 0x00, 0x00, 0x00, 0x10, 0x00, 0x00, 0x00,
  0x00, 0x00, 0x00, 0x09, 0x70, 0x00, 0x00, 0x00, 0x04, 0x00, 0x00, 0x00,
  0xff, 0xff, 0xff, 0xff, 0x01, 0x00, 0x00, 0x00, 0x80, 0x00, 0x00, 0x00,
  0x09, 0x00, 0x00, 0x00, 0x8c, 0xee, 0xff, 0xff, 0x08, 0x00, 0x00, 0x00,
  0x14, 0x00, 0x00, 0x00, 0x01, 0x00, 0x00, 0x00, 0x14, 0x00, 0x00, 0x00,
  0x00, 0x00, 0x00, 0x00, 0x00, 0x00, 0x00, 0x00, 0x01, 0x00, 0x00, 0x00,
  0x3d, 0x6a, 0x70, 0x3d, 0x2e, 0x00, 0x00, 0x00, 0x43, 0x4e, 0x4e, 0x5f,
  0x54, 0x69, 0x6e, 0x79, 0x4d, 0x4c, 0x5f, 0x31, 0x2f, 0x63, 0x6f, 0x6e,
  0x76, 0x31, 0x64, 0x5f, 0x31, 0x5f, 0x31, 0x2f, 0x63, 0x6f, 0x6e, 0x76,
  0x6f, 0x6c, 0x75, 0x74, 0x69, 0x6f, 0x6e, 0x2f, 0x45, 0x78, 0x70, 0x61,
  0x6e, 0x64, 0x44, 0x69, 0x6d, 0x73, 0x00, 0x00, 0x04, 0x00, 0x00, 0x00,
  0x01, 0x00, 0x00, 0x00, 0x01, 0x00, 0x00, 0x00, 0x80, 0x00, 0x00, 0x00,
  0x09, 0x00, 0x00, 0x00, 0x92, 0xef, 0xff, 0xff, 0x00, 0x00, 0x00, 0x01,
  0x14, 0x00, 0x00, 0x00, 0xa8, 0x01, 0x00, 0x00, 0x0f, 0x00, 0x00, 0x00,
  0x00, 0x00, 0x00, 0x09, 0xb4, 0x01, 0x00, 0x00, 0x14, 0xef, 0xff, 0xff,
  0x08, 0x00, 0x00, 0x00, 0x0c, 0x01, 0x00, 0x00, 0x20, 0x00, 0x00, 0x00,
  0x00, 0x00, 0x00, 0x00, 0x00, 0x00, 0x00, 0x00, 0x00, 0x00, 0x00, 0x00,
  0x00, 0x00, 0x00, 0x00, 0x00, 0x00, 0x00, 0x00, 0x00, 0x00, 0x00, 0x00,
  0x00, 0x00, 0x00, 0x00, 0x00, 0x00, 0x00, 0x00, 0x00, 0x00, 0x00, 0x00,
  0x00, 0x00, 0x00, 0x00, 0x00, 0x00, 0x00, 0x00, 0x00, 0x00, 0x00, 0x00,
  0x00, 0x00, 0x00, 0x00, 0x00, 0x00, 0x00, 0x00, 0x00, 0x00, 0x00, 0x00,
  0x00, 0x00, 0x00, 0x00, 0x00, 0x00, 0x00, 0x00, 0x00, 0x00, 0x00, 0x00,
  0x00, 0x00, 0x00, 0x00, 0x00, 0x00, 0x00, 0x00, 0x00, 0x00, 0x00, 0x00,
  0x00, 0x00, 0x00, 0x00, 0x00, 0x00, 0x00, 0x00, 0x00, 0x00, 0x00, 0x00,
  0x00, 0x00, 0x00, 0x00, 0x00, 0x00, 0x00, 0x00, 0x00, 0x00, 0x00, 0x00,
  0x00, 0x00, 0x00, 0x00, 0x00, 0x00, 0x00, 0x00, 0x00, 0x00, 0x00, 0x00,
  0x00, 0x00, 0x00, 0x00, 0x00, 0x00, 0x00, 0x00, 0x00, 0x00, 0x00, 0x00,
  0x00, 0x00, 0x00, 0x00, 0x00, 0x00, 0x00, 0x00, 0x00, 0x00, 0x00, 0x00,
  0x00, 0x00, 0x00, 0x00, 0x00, 0x00, 0x00, 0x00, 0x00, 0x00, 0x00, 0x00,
  0x00, 0x00, 0x00, 0x00, 0x00, 0x00, 0x00, 0x00, 0x00, 0x00, 0x00, 0x00,
  0x00, 0x00, 0x00, 0x00, 0x00, 0x00, 0x00, 0x00, 0x00, 0x00, 0x00, 0x00,
  0x00, 0x00, 0x00, 0x00, 0x00, 0x00, 0x00, 0x00, 0x00, 0x00, 0x00, 0x00,
  0x00, 0x00, 0x00, 0x00, 0x00, 0x00, 0x00, 0x00, 0x00, 0x00, 0x00, 0x00,
  0x00, 0x00, 0x00, 0x00, 0x00, 0x00, 0x00, 0x00, 0x00, 0x00, 0x00, 0x00,
  0x00, 0x00, 0x00, 0x00, 0x00, 0x00, 0x00, 0x00, 0x00, 0x00, 0x00, 0x00,
  0x00, 0x00, 0x00, 0x00, 0x00, 0x00, 0x00, 0x00, 0x00, 0x00, 0x00, 0x00,
  0x00, 0x00, 0x00, 0x00, 0x00, 0x00, 0x00, 0x00, 0x00, 0x00, 0x00, 0x00,
  0x00, 0x00, 0x00, 0x00, 0x00, 0x00, 0x00, 0x00, 0x20, 0x00, 0x00, 0x00,
  0x63, 0xc1, 0x81, 0x3b, 0x60, 0x1d, 0x10, 0x3b, 0x6a, 0x7f, 0xde, 0x3a,
  0x17, 0xd9, 0x1f, 0x3b, 0xf0, 0x0f, 0x49, 0x3b, 0xc6, 0xb0, 0x3a, 0x3b,
  0x97, 0xe4, 0x3e, 0x3b, 0xa8, 0x3d, 0x02, 0x3b, 0x27, 0xd2, 0x3b, 0x3b,
  0x70, 0xb7, 0x47, 0x3b, 0x4d, 0xdf, 0x1e, 0x3b, 0xa2, 0x29, 0x13, 0x3b,
  0xc3, 0x32, 0xda, 0x3a, 0x05, 0xb1, 0x01, 0x3b, 0x91, 0x6d, 0x2b, 0x3b,
  0x0b, 0xf6, 0x29, 0x3b, 0x8d, 0xba, 0x41, 0x3b, 0x9e, 0x0f, 0x9d, 0x3b,
  0x98, 0x9d, 0x87, 0x3b, 0x12, 0xe4, 0x0a, 0x3b, 0x80, 0x9e, 0x46, 0x3b,
  0x20, 0xb0, 0x58, 0x3b, 0x4e, 0x67, 0x58, 0x3b, 0xc9, 0xbc, 0xba, 0x3a,
  0x7a, 0x5c, 0x2a, 0x3b, 0x72, 0xd2, 0x02, 0x3b, 0x2e, 0x79, 0x6e, 0x3b,
  0x24, 0xe1, 0x0b, 0x3b, 0x00, 0x15, 0x11, 0x3b, 0x1d, 0x61, 0xe5, 0x3a,
  0x4c, 0x37, 0x45, 0x3b, 0x95, 0xa2, 0xf5, 0x3a, 0x12, 0x00, 0x00, 0x00,
  0x74, 0x66, 0x6c, 0x2e, 0x70, 0x73, 0x65, 0x75, 0x64, 0x6f, 0x5f, 0x71,
  0x63, 0x6f, 0x6e, 0x73, 0x74, 0x37, 0x00, 0x00, 0x04, 0x00, 0x00, 0x00,
  0x20, 0x00, 0x00, 0x00, 0x01, 0x00, 0x00, 0x00, 0x05, 0x00, 0x00, 0x00,
  0x09, 0x00, 0x00, 0x00, 0x72, 0xf1, 0xff, 0xff, 0x00, 0x00, 0x00, 0x01,
  0x14, 0x00, 0x00, 0x00, 0xa4, 0x01, 0x00, 0x00, 0x0e, 0x00, 0x00, 0x00,
  0x00, 0x00, 0x00, 0x02, 0xb0, 0x01, 0x00, 0x00, 0xf4, 0xf0, 0xff, 0xff,
  0x08, 0x00, 0x00, 0x00, 0x08, 0x01, 0x00, 0x00, 0x20, 0x00, 0x00, 0x00,
  0x00, 0x00, 0x00, 0x00, 0x00, 0x00, 0x00, 0x00, 0x00, 0x00, 0x00, 0x00,
  0x00, 0x00, 0x00, 0x00, 0x00, 0x00, 0x00, 0x00, 0x00, 0x00, 0x00, 0x00,
  0x00, 0x00, 0x00, 0x00, 0x00, 0x00, 0x00, 0x00, 0x00, 0x00, 0x00, 0x00,
  0x00, 0x00, 0x00, 0x00, 0x00, 0x00, 0x00, 0x00, 0x00, 0x00, 0x00, 0x00,
  0x00, 0x00, 0x00, 0x00, 0x00, 0x00, 0x00, 0x00, 0x00, 0x00, 0x00, 0x00,
  0x00, 0x00, 0x00, 0x00, 0x00, 0x00, 0x00, 0x00, 0x00, 0x00, 0x00, 0x00,
  0x00, 0x00, 0x00, 0x00, 0x00, 0x00, 0x00, 0x00, 0x00, 0x00, 0x00, 0x00,
  0x00, 0x00, 0x00, 0x00, 0x00, 0x00, 0x00, 0x00, 0x00, 0x00, 0x00, 0x00,
  0x00, 0x00, 0x00, 0x00, 0x00, 0x00, 0x00, 0x00, 0x00, 0x00, 0x00, 0x00,
  0x00, 0x00, 0x00, 0x00, 0x00, 0x00, 0x00, 0x00, 0x00, 0x00, 0x00, 0x00,
  0x00, 0x00, 0x00, 0x00, 0x00, 0x00, 0x00, 0x00, 0x00, 0x00, 0x00, 0x00,
  0x00, 0x00, 0x00, 0x00, 0x00, 0x00, 0x00, 0x00, 0x00, 0x00, 0x00, 0x00,
  0x00, 0x00, 0x00, 0x00, 0x00, 0x00, 0x00, 0x00, 0x00, 0x00, 0x00, 0x00,
  0x00, 0x00, 0x00, 0x00, 0x00, 0x00, 0x00, 0x00, 0x00, 0x00, 0x00, 0x00,
  0x00, 0x00, 0x00, 0x00, 0x00, 0x00, 0x00, 0x00, 0x00, 0x00, 0x00, 0x00,
  0x00, 0x00, 0x00, 0x00, 0x00, 0x00, 0x00, 0x00, 0x00, 0x00, 0x00, 0x00,
  0x00, 0x00, 0x00, 0x00, 0x00, 0x00, 0x00, 0x00, 0x00, 0x00, 0x00, 0x00,
  0x00, 0x00, 0x00, 0x00, 0x00, 0x00, 0x00, 0x00, 0x00, 0x00, 0x00, 0x00,
  0x00, 0x00, 0x00, 0x00, 0x00, 0x00, 0x00, 0x00, 0x00, 0x00, 0x00, 0x00,
  0x00, 0x00, 0x00, 0x00, 0x00, 0x00, 0x00, 0x00, 0x00, 0x00, 0x00, 0x00,
  0x00, 0x00, 0x00, 0x00, 0x00, 0x00, 0x00, 0x00, 0x00, 0x00, 0x00, 0x00,
  0x00, 0x00, 0x00, 0x00, 0x20, 0x00, 0x00, 0x00, 0x4c, 0xb6, 0x73, 0x39,
  0x59, 0x57, 0x07, 0x39, 0xc9, 0xf3, 0xd0, 0x38, 0xdc, 0x1d, 0x16, 0x39,
  0x62, 0xd2, 0x3c, 0x39, 0x33, 0x53, 0x2f, 0x39, 0x86, 0x45, 0x33, 0x39,
  0xb4, 0x9f, 0xf4, 0x38, 0xf6, 0x62, 0x30, 0x39, 0xdb, 0x8e, 0x3b, 0x39,
  0x47, 0x33, 0x15, 0x39, 0x1a, 0x34, 0x0a, 0x39, 0x24, 0xea, 0xcc, 0x38,
  0x8e, 0x97, 0xf3, 0x38, 0xdc, 0xfd, 0x20, 0x39, 0x33, 0x9d, 0x1f, 0x39,
  0x4a, 0xef, 0x35, 0x39, 0xd2, 0x7f, 0x93, 0x39, 0x0c, 0xb8, 0x7e, 0x39,
  0x74, 0x6f, 0x02, 0x39, 0x05, 0x87, 0x3a, 0x39, 0x0b, 0x7f, 0x4b, 0x39,
  0xa7, 0x3a, 0x4b, 0x39, 0x7b, 0x5e, 0xaf, 0x38, 0x65, 0xfd, 0x1f, 0x39,
  0x2a, 0xb7, 0xf5, 0x38, 0x92, 0xf4, 0x5f, 0x39, 0x1e, 0x5d, 0x03, 0x39,
  0xe5, 0x3f, 0x08, 0x39, 0x3c, 0x6a, 0xd7, 0x38, 0xaf, 0x35, 0x39, 0x39,
  0x5c, 0xae, 0xe6, 0x38, 0x12, 0x00, 0x00, 0x00, 0x74, 0x66, 0x6c, 0x2e,
  0x70, 0x73, 0x65, 0x75, 0x64, 0x6f, 0x5f, 0x71, 0x63, 0x6f, 0x6e, 0x73,
  0x74, 0x36, 0x00, 0x00, 0x01, 0x00, 0x00, 0x00, 0x20, 0x00, 0x00, 0x00,
  0x42, 0xf3, 0xff, 0xff, 0x00, 0x00, 0x00, 0x01, 0x14, 0x00, 0x00, 0x00,
  0x28, 0x03, 0x00, 0x00, 0x0d, 0x00, 0x00, 0x00, 0x00, 0x00, 0x00, 0x09,
  0x34, 0x03, 0x00, 0x00, 0xc4, 0xf2, 0xff, 0xff, 0x08, 0x00, 0x00, 0x00,
  0x0c, 0x02, 0x00, 0x00, 0x40, 0x00, 0x00, 0x00, 0x00, 0x00, 0x00, 0x00,
  0x00, 0x00, 0x00, 0x00, 0x00, 0x00, 0x00, 0x00, 0x00, 0x00, 0x00, 0x00,
  0x00, 0x00, 0x00, 0x00, 0x00, 0x00, 0x00, 0x00, 0x00, 0x00, 0x00, 0x00,
  0x00, 0x00, 0x00, 0x00, 0x00, 0x00, 0x00, 0x00, 0x00, 0x00, 0x00, 0x00,
  0x00, 0x00, 0x00, 0x00, 0x00, 0x00, 0x00, 0x00, 0x00, 0x00, 0x00, 0x00,
  0x00, 0x00, 0x00, 0x00, 0x00, 0x00, 0x00, 0x00, 0x00, 0x00, 0x00, 0x00,
  0x00, 0x00, 0x00, 0x00, 0x00, 0x00, 0x00, 0x00, 0x00, 0x00, 0x00, 0x00,
  0x00, 0x00, 0x00, 0x00, 0x00, 0x00, 0x00, 0x00, 0x00, 0x00, 0x00, 0x00,
  0x00, 0x00, 0x00, 0x00, 0x00, 0x00, 0x00, 0x00, 0x00, 0x00, 0x00, 0x00,
  0x00, 0x00, 0x00, 0x00, 0x00, 0x00, 0x00, 0x00, 0x00, 0x00, 0x00, 0x00,
  0x00, 0x00, 0x00, 0x00, 0x00, 0x00, 0x00, 0x00, 0x00, 0x00, 0x00, 0x00,
  0x00, 0x00, 0x00, 0x00, 0x00, 0x00, 0x00, 0x00, 0x00, 0x00, 0x00, 0x00,
  0x00, 0x00, 0x00, 0x00, 0x00, 0x00, 0x00, 0x00, 0x00, 0x00, 0x00, 0x00,
  0x00, 0x00, 0x00, 0x00, 0x00, 0x00, 0x00, 0x00, 0x00, 0x00, 0x00, 0x00,
  0x00, 0x00, 0x00, 0x00, 0x00, 0x00, 0x00, 0x00, 0x00, 0x00, 0x00, 0x00,
  0x00, 0x00, 0x00, 0x00, 0x00, 0x00, 0x00, 0x00, 0x00, 0x00, 0x00, 0x00,
  0x00, 0x00, 0x00, 0x00, 0x00, 0x00, 0x00, 0x00, 0x00, 0x00, 0x00, 0x00,
  0x00, 0x00, 0x00, 0x00, 0x00, 0x00, 0x00, 0x00, 0x00, 0x00, 0x00, 0x00,
  0x00, 0x00, 0x00, 0x00, 0x00, 0x00, 0x00, 0x00, 0x00, 0x00, 0x00, 0x00,
  0x00, 0x00, 0x00, 0x00, 0x00, 0x00, 0x00, 0x00, 0x00, 0x00, 0x00, 0x00,
  0x00, 0x00, 0x00, 0x00, 0x00, 0x00, 0x00, 0x00, 0x00, 0x00, 0x00, 0x00,
  0x00, 0x00, 0x00, 0x00, 0x00, 0x00, 0x00, 0x00, 0x00, 0x00, 0x00, 0x00,
  0x00, 0x00, 0x00, 0x00, 0x00, 0x00, 0x00, 0x00, 0x00, 0x00, 0x00, 0x00,
  0x00, 0x00, 0x00, 0x00, 0x00, 0x00, 0x00, 0x00, 0x00, 0x00, 0x00, 0x00,
  0x00, 0x00, 0x00, 0x00, 0x00, 0x00, 0x00, 0x00, 0x00, 0x00, 0x00, 0x00,
  0x00, 0x00, 0x00, 0x00, 0x00, 0x00, 0x00, 0x00, 0x00, 0x00, 0x00, 0x00,
  0x00, 0x00, 0x00, 0x00, 0x00, 0x00, 0x00, 0x00, 0x00, 0x00, 0x00, 0x00,
  0x00, 0x00, 0x00, 0x00, 0x00, 0x00, 0x00, 0x00, 0x00, 0x00, 0x00, 0x00,
  0x00, 0x00, 0x00, 0x00, 0x00, 0x00, 0x00, 0x00, 0x00, 0x00, 0x00, 0x00,
  0x00, 0x00, 0x00, 0x00, 0x00, 0x00, 0x00, 0x00, 0x00, 0x00, 0x00, 0x00,
  0x00, 0x00, 0x00, 0x00, 0x00, 0x00, 0x00, 0x00, 0x00, 0x00, 0x00, 0x00,
  0x00, 0x00, 0x00, 0x00, 0x00, 0x00, 0x00, 0x00, 0x00, 0x00, 0x00, 0x00,
  0x00, 0x00, 0x00, 0x00, 0x00, 0x00, 0x00, 0x00, 0x00, 0x00, 0x00, 0x00,
  0x00, 0x00, 0x00, 0x00, 0x00, 0x00, 0x00, 0x00, 0x00, 0x00, 0x00, 0x00,
  0x00, 0x00, 0x00, 0x00, 0x00, 0x00, 0x00, 0x00, 0x00, 0x00, 0x00, 0x00,
  0x00, 0x00, 0x00, 0x00, 0x00, 0x00, 0x00, 0x00, 0x00, 0x00, 0x00, 0x00,
  0x00, 0x00, 0x00, 0x00, 0x00, 0x00, 0x00, 0x00, 0x00, 0x00, 0x00, 0x00,
  0x00, 0x00, 0x00, 0x00, 0x00, 0x00, 0x00, 0x00, 0x00, 0x00, 0x00, 0x00,
  0x00, 0x00, 0x00, 0x00, 0x00, 0x00, 0x00, 0x00, 0x00, 0x00, 0x00, 0x00,
  0x00, 0x00, 0x00, 0x00, 0x00, 0x00, 0x00, 0x00, 0x00, 0x00, 0x00, 0x00,
  0x00, 0x00, 0x00, 0x00, 0x00, 0x00, 0x00, 0x00, 0x00, 0x00, 0x00, 0x00,
  0x00, 0x00, 0x00, 0x00, 0x00, 0x00, 0x00, 0x00, 0x00, 0x00, 0x00, 0x00,
  0x00, 0x00, 0x00, 0x00, 0x00, 0x00, 0x00, 0x00, 0x00, 0x00, 0x00, 0x00,
  0x00, 0x00, 0x00, 0x00, 0x00, 0x00, 0x00, 0x00, 0x40, 0x00, 0x00, 0x00,
  0x66, 0x67, 0xfb, 0x3a, 0xfe, 0x77, 0xe2, 0x3a, 0xbc, 0x22, 0x92, 0x3a,
  0xa1, 0x28, 0x1b, 0x3b, 0x81, 0x9a, 0x3c, 0x3b, 0xf8, 0x42, 0xd8, 0x3a,
  0x5c, 0x44, 0xf3, 0x3a, 0xa8, 0xa5, 0x00, 0x3b, 0x6d, 0x9c, 0xee, 0x3a,
  0x97, 0x70, 0x0f, 0x3b, 0x34, 0x66, 0x04, 0x3b, 0xee, 0x9c, 0x09, 0x3b,
  0x64, 0x99, 0xf8, 0x3a, 0xf2, 0x69, 0xdd, 0x3a, 0x81, 0xf8, 0x24, 0x3b,
  0x3a, 0xac, 0xf3, 0x3a, 0xc7, 0x00, 0xd1, 0x3a, 0x42, 0x2e, 0x1c, 0x3b,
  0xb5, 0xb9, 0x2e, 0x3b, 0xe6, 0xaa, 0x94, 0x3a, 0x19, 0x9b, 0xe1, 0x3a,
  0xd3, 0x2b, 0x31, 0x3b, 0x5b, 0xfd, 0x1f, 0x3b, 0x24, 0xa3, 0x2a, 0x3b,
  0xd6, 0x47, 0x0f, 0x3b, 0x20, 0x5c, 0xc4, 0x3a, 0xde, 0x3e, 0xe0, 0x3a,
  0xb2, 0x1a, 0x0d, 0x3b, 0x8d, 0x65, 0x15, 0x3b, 0x22, 0xb7, 0x8f, 0x3a,
  0x6b, 0xe8, 0x2a, 0x3b, 0x27, 0xda, 0xfb, 0x3a, 0x9e, 0x58, 0x1b, 0x3b,
  0x95, 0x25, 0x01, 0x3b, 0xd8, 0xc5, 0xf3, 0x3a, 0x28, 0xb6, 0x21, 0x3b,
  0x03, 0xed, 0xf9, 0x3a, 0x1a, 0x1a, 0x27, 0x3b, 0x04, 0xfa, 0xee, 0x3a,
  0x45, 0x04, 0x46, 0x3b, 0x3d, 0x89, 0x1f, 0x3b, 0xc5, 0xca, 0x18, 0x3b,
  0x65, 0x54, 0x37, 0x3b, 0xf2, 0x92, 0x1d, 0x3b, 0xc5, 0x73, 0x82, 0x3a,
  0xbd, 0x5c, 0x14, 0x3b, 0x44, 0x7d, 0x1a, 0x3b, 0x5f, 0x66, 0x32, 0x3b,
  0x2e, 0xdf, 0x5d, 0x3b, 0xd7, 0x6a, 0x24, 0x3b, 0x13, 0x8c, 0x08, 0x3b,
  0xb1, 0x4b, 0x4a, 0x3b, 0x05, 0xbd, 0xf4, 0x3a, 0xba, 0xa1, 0x19, 0x3b,
  0x28, 0x04, 0x09, 0x3b, 0xb0, 0x0b, 0x3a, 0x3b, 0xf9, 0xad, 0xeb, 0x3a,
  0x7a, 0xeb, 0x41, 0x3b, 0x1b, 0xf6, 0x18, 0x3b, 0x36, 0x5d, 0x3f, 0x3b,
  0xee, 0xf3, 0x1e, 0x3b, 0xc2, 0xeb, 0x0d, 0x3b, 0xa0, 0xcc, 0xea, 0x3a,
  0x58, 0xc4, 0xe4, 0x3a, 0x12, 0x00, 0x00, 0x00, 0x74, 0x66, 0x6c, 0x2e,
  0x70, 0x73, 0x65, 0x75, 0x64, 0x6f, 0x5f, 0x71, 0x63, 0x6f, 0x6e, 0x73,
  0x74, 0x35, 0x00, 0x00, 0x04, 0x00, 0x00, 0x00, 0x40, 0x00, 0x00, 0x00,
  0x01, 0x00, 0x00, 0x00, 0x05, 0x00, 0x00, 0x00, 0x20, 0x00, 0x00, 0x00,
  0xa2, 0xf6, 0xff, 0xff, 0x00, 0x00, 0x00, 0x01, 0x14, 0x00, 0x00, 0x00,
  0x24, 0x03, 0x00, 0x00, 0x0c, 0x00, 0x00, 0x00, 0x00, 0x00, 0x00, 0x02,
  0x30, 0x03, 0x00, 0x00, 0x24, 0xf6, 0xff, 0xff, 0x08, 0x00, 0x00, 0x00,
  0x08, 0x02, 0x00, 0x00, 0x40, 0x00, 0x00, 0x00, 0x00, 0x00, 0x00, 0x00,
  0x00, 0x00, 0x00, 0x00, 0x00, 0x00, 0x00, 0x00, 0x00, 0x00, 0x00, 0x00,
  0x00, 0x00, 0x00, 0x00, 0x00, 0x00, 0x00, 0x00, 0x00, 0x00, 0x00, 0x00,
  0x00, 0x00, 0x00, 0x00, 0x00, 0x00, 0x00, 0x00, 0x00, 0x00, 0x00, 0x00,
  0x00, 0x00, 0x00, 0x00, 0x00, 0x00, 0x00, 0x00, 0x00, 0x00, 0x00, 0x00,
  0x00, 0x00, 0x00, 0x00, 0x00, 0x00, 0x00, 0x00, 0x00, 0x00, 0x00, 0x00,
  0x00, 0x00, 0x00, 0x00, 0x00, 0x00, 0x00, 0x00, 0x00, 0x00, 0x00, 0x00,
  0x00, 0x00, 0x00, 0x00, 0x00, 0x00, 0x00, 0x00, 0x00, 0x00, 0x00, 0x00,
  0x00, 0x00, 0x00, 0x00, 0x00, 0x00, 0x00, 0x00, 0x00, 0x00, 0x00, 0x00,
  0x00, 0x00, 0x00, 0x00, 0x00, 0x00, 0x00, 0x00, 0x00, 0x00, 0x00, 0x00,
  0x00, 0x00, 0x00, 0x00, 0x00, 0x00, 0x00, 0x00, 0x00, 0x00, 0x00, 0x00,
  0x00, 0x00, 0x00, 0x00, 0x00, 0x00, 0x00, 0x00, 0x00, 0x00, 0x00, 0x00,
  0x00, 0x00, 0x00, 0x00, 0x00, 0x00, 0x00, 0x00, 0x00, 0x00, 0x00, 0x00,
  0x00, 0x00, 0x00, 0x00, 0x00, 0x00, 0x00, 0x00, 0x00, 0x00, 0x00, 0x00,
  0x00, 0x00, 0x00, 0x00, 0x00, 0x00, 0x00, 0x00, 0x00, 0x00, 0x00, 0x00,
  0x00, 0x00, 0x00, 0x00, 0x00, 0x00, 0x00, 0x00, 0x00, 0x00, 0x00, 0x00,
  0x00, 0x00, 0x00, 0x00, 0x00, 0x00, 0x00, 0x00, 0x00, 0x00, 0x00, 0x00,
  0x00, 0x00, 0x00, 0x00, 0x00, 0x00, 0x00, 0x00, 0x00, 0x00, 0x00, 0x00,
  0x00, 0x00, 0x00, 0x00, 0x00, 0x00, 0x00, 0x00, 0x00, 0x00, 0x00, 0x00,
  0x00, 0x00, 0x00, 0x00, 0x00, 0x00, 0x00, 0x00, 0x00, 0x00, 0x00, 0x00,
  0x00, 0x00, 0x00, 0x00, 0x00, 0x00, 0x00, 0x00, 0x00, 0x00, 0x00, 0x00,
  0x00, 0x00, 0x00, 0x00, 0x00, 0x00, 0x00, 0x00, 0x00, 0x00, 0x00, 0x00,
  0x00, 0x00, 0x00, 0x00, 0x00, 0x00, 0x00, 0x00, 0x00, 0x00, 0x00, 0x00,
  0x00, 0x00, 0x00, 0x00, 0x00, 0x00, 0x00, 0x00, 0x00, 0x00, 0x00, 0x00,
  0x00, 0x00, 0x00, 0x00, 0x00, 0x00, 0x00, 0x00, 0x00, 0x00, 0x00, 0x00,
  0x00, 0x00, 0x00, 0x00, 0x00, 0x00, 0x00, 0x00, 0x00, 0x00, 0x00, 0x00,
  0x00, 0x00, 0x00, 0x00, 0x00, 0x00, 0x00, 0x00, 0x00, 0x00, 0x00, 0x00,
  0x00, 0x00, 0x00, 0x00, 0x00, 0x00, 0x00, 0x00, 0x00, 0x00, 0x00, 0x00,
  0x00, 0x00, 0x00, 0x00, 0x00, 0x00, 0x00, 0x00, 0x00, 0x00, 0x00, 0x00,
  0x00, 0x00, 0x00, 0x00, 0x00, 0x00, 0x00, 0x00, 0x00, 0x00, 0x00, 0x00,
  0x00, 0x00, 0x00, 0x00, 0x00, 0x00, 0x00, 0x00, 0x00, 0x00, 0x00, 0x00,
  0x00, 0x00, 0x00, 0x00, 0x00, 0x00, 0x00, 0x00, 0x00, 0x00, 0x00, 0x00,
  0x00, 0x00, 0x00, 0x00, 0x00, 0x00, 0x00, 0x00, 0x00, 0x00, 0x00, 0x00,
  0x00, 0x00, 0x00, 0x00, 0x00, 0x00, 0x00, 0x00, 0x00, 0x00, 0x00, 0x00,
  0x00, 0x00, 0x00, 0x00, 0x00, 0x00, 0x00, 0x00, 0x00, 0x00, 0x00, 0x00,
  0x00, 0x00, 0x00, 0x00, 0x00, 0x00, 0x00, 0x00, 0x00, 0x00, 0x00, 0x00,
  0x00, 0x00, 0x00, 0x00, 0x00, 0x00, 0x00, 0x00, 0x00, 0x00, 0x00, 0x00,
  0x00, 0x00, 0x00, 0x00, 0x00, 0x00, 0x00, 0x00, 0x00, 0x00, 0x00, 0x00,
  0x00, 0x00, 0x00, 0x00, 0x00, 0x00, 0x00, 0x00, 0x00, 0x00, 0x00, 0x00,
  0x00, 0x00, 0x00, 0x00, 0x00, 0x00, 0x00, 0x00, 0x00, 0x00, 0x00, 0x00,
  0x00, 0x00, 0x00, 0x00, 0x00, 0x00, 0x00, 0x00, 0x00, 0x00, 0x00, 0x00,
  0x00, 0x00, 0x00, 0x00, 0x00, 0x00, 0x00, 0x00, 0x00, 0x00, 0x00, 0x00,
  0x00, 0x00, 0x00, 0x00, 0x00, 0x00, 0x00, 0x00, 0x00, 0x00, 0x00, 0x00,
  0x00, 0x00, 0x00, 0x00, 0x40, 0x00, 0x00, 0x00, 0xe8, 0x4e, 0x89, 0x38,
  0x05, 0x61, 0x77, 0x38, 0xef, 0xa0, 0x1f, 0x38, 0x1b, 0x7c, 0xa9, 0x38,
  0x83, 0x04, 0xce, 0x38, 0xbb, 0x3a, 0x6c, 0x38, 0x39, 0xdd, 0x84, 0x38,
  0x7b, 0x86, 0x8c, 0x38, 0x3b, 0x52, 0x82, 0x38, 0x11, 0xaf, 0x9c, 0x38,
  0xb7, 0x9f, 0x90, 0x38, 0xae, 0x51, 0x96, 0x38, 0xc2, 0xc6, 0x87, 0x38,
  0x7d, 0xdb, 0x71, 0x38, 0xe8, 0x33, 0xb4, 0x38, 0xf4, 0x15, 0x85, 0x38,
  0xf8, 0x4c, 0x64, 0x38, 0xe4, 0x99, 0xaa, 0x38, 0xae, 0xdb, 0xbe, 0x38,
  0xf2, 0x64, 0x22, 0x38, 0xba, 0x6f, 0x76, 0x38, 0x9c, 0x87, 0xc1, 0x38,
  0x05, 0xc3, 0xae, 0x38, 0x7b, 0x64, 0xba, 0x38, 0x8d, 0x82, 0x9c, 0x38,
  0x78, 0x7d, 0x56, 0x38, 0x58, 0xf3, 0x74, 0x38, 0xf8, 0x21, 0x9a, 0x38,
  0xd4, 0x30, 0xa3, 0x38, 0x20, 0xfc, 0x1c, 0x38, 0x28, 0xb0, 0xba, 0x38,
  0x95, 0x8d, 0x89, 0x38, 0x86, 0xb0, 0xa9, 0x38, 0x37, 0x12, 0x8d, 0x38,
  0xf1, 0x23, 0x85, 0x38, 0x85, 0xa4, 0xb0, 0x38, 0x3f, 0x80, 0x88, 0x38,
  0xe1, 0x87, 0xb6, 0x38, 0x58, 0x85, 0x82, 0x38, 0xc7, 0x4c, 0xd8, 0x38,
  0x2f, 0x44, 0xae, 0x38, 0x4e, 0xe6, 0xa6, 0x38, 0xbf, 0x41, 0xc8, 0x38,
  0x83, 0x1f, 0xac, 0x38, 0x43, 0x7f, 0x0e, 0x38, 0x91, 0x0f, 0xa2, 0x38,
  0xeb, 0xc0, 0xa8, 0x38, 0x32, 0xdf, 0xc2, 0x38, 0x8c, 0x5b, 0xf2, 0x38,
  0x29, 0x99, 0xb3, 0x38, 0xa1, 0x27, 0x95, 0x38, 0x57, 0xf9, 0xdc, 0x38,
  0xf1, 0xaa, 0x85, 0x38, 0x1c, 0xd1, 0xa7, 0x38, 0xcd, 0xaa, 0x95, 0x38,
  0x3c, 0x39, 0xcb, 0x38, 0x5c, 0xb8, 0x80, 0x38, 0x25, 0xd3, 0xd3, 0x38,
  0xa4, 0x15, 0xa7, 0x38, 0x79, 0x08, 0xd1, 0x38, 0x16, 0xa1, 0xad, 0x38,
  0x55, 0x06, 0x9b, 0x38, 0x48, 0x3d, 0x80, 0x38, 0xb1, 0xe3, 0x79, 0x38,
  0x12, 0x00, 0x00, 0x00, 0x74, 0x66, 0x6c, 0x2e, 0x70, 0x73, 0x65, 0x75,
  0x64, 0x6f, 0x5f, 0x71, 0x63, 0x6f, 0x6e, 0x73, 0x74, 0x34, 0x00, 0x00,
  0x01, 0x00, 0x00, 0x00, 0x40, 0x00, 0x00, 0x00, 0xf2, 0xf9, 0xff, 0xff,
  0x00, 0x00, 0x00, 0x01, 0x14, 0x00, 0x00, 0x00, 0xa8, 0x01, 0x00, 0x00,
  0x0b, 0x00, 0x00, 0x00, 0x00, 0x00, 0x00, 0x09, 0xb4, 0x01, 0x00, 0x00,
  0x74, 0xf9, 0xff, 0xff, 0x08, 0x00, 0x00, 0x00, 0x0c, 0x01, 0x00, 0x00,
  0x20, 0x00, 0x00, 0x00, 0x00, 0x00, 0x00, 0x00, 0x00, 0x00, 0x00, 0x00,
  0x00, 0x00, 0x00, 0x00, 0x00, 0x00, 0x00, 0x00, 0x00, 0x00, 0x00, 0x00,
  0x00, 0x00, 0x00, 0x00, 0x00, 0x00, 0x00, 0x00, 0x00, 0x00, 0x00, 0x00,
  0x00, 0x00, 0x00, 0x00, 0x00, 0x00, 0x00, 0x00, 0x00, 0x00, 0x00, 0x00,
  0x00, 0x00, 0x00, 0x00, 0x00, 0x00, 0x00, 0x00, 0x00, 0x00, 0x00, 0x00,
  0x00, 0x00, 0x00, 0x00, 0x00, 0x00, 0x00, 0x00, 0x00, 0x00, 0x00, 0x00,
  0x00, 0x00, 0x00, 0x00, 0x00, 0x00, 0x00, 0x00, 0x00, 0x00, 0x00, 0x00,
  0x00, 0x00, 0x00, 0x00, 0x00, 0x00, 0x00, 0x00, 0x00, 0x00, 0x00, 0x00,
  0x00, 0x00, 0x00, 0x00, 0x00, 0x00, 0x00, 0x00, 0x00, 0x00, 0x00, 0x00,
  0x00, 0x00, 0x00, 0x00, 0x00, 0x00, 0x00, 0x00, 0x00, 0x00, 0x00, 0x00,
  0x00, 0x00, 0x00, 0x00, 0x00, 0x00, 0x00, 0x00, 0x00, 0x00, 0x00, 0x00,
  0x00, 0x00, 0x00, 0x00, 0x00, 0x00, 0x00, 0x00, 0x00, 0x00, 0x00, 0x00,
  0x00, 0x00, 0x00, 0x00, 0x00, 0x00, 0x00, 0x00, 0x00, 0x00, 0x00, 0x00,
  0x00, 0x00, 0x00, 0x00, 0x00, 0x00, 0x00, 0x00, 0x00, 0x00, 0x00, 0x00,
  0x00, 0x00, 0x00, 0x00, 0x00, 0x00, 0x00, 0x00, 0x00, 0x00, 0x00, 0x00,
  0x00, 0x00, 0x00, 0x00, 0x00, 0x00, 0x00, 0x00, 0x00, 0x00, 0x00, 0x00,
  0x00, 0x00, 0x00, 0x00, 0x00, 0x00, 0x00, 0x00, 0x00, 0x00, 0x00, 0x00,
  0x00, 0x00, 0x00, 0x00, 0x00, 0x00, 0x00, 0x00, 0x00, 0x00, 0x00, 0x00,
  0x00, 0x00, 0x00, 0x00, 0x00, 0x00, 0x00, 0x00, 0x00, 0x00, 0x00, 0x00,
  0x00, 0x00, 0x00, 0x00, 0x00, 0x00, 0x00, 0x00, 0x00, 0x00, 0x00, 0x00,
  0x00, 0x00, 0x00, 0x00, 0x00, 0x00, 0x00, 0x00, 0x00, 0x00, 0x00, 0x00,
  0x00, 0x00, 0x00, 0x00, 0x00, 0x00, 0x00, 0x00, 0x00, 0x00, 0x00, 0x00,
  0x20, 0x00, 0x00, 0x00, 0xa7, 0x77, 0x3a, 0x3b, 0xc6, 0x6c, 0x30, 0x3b,
  0xa2, 0xd1, 0x57, 0x3b, 0xa9, 0x1f, 0x3d, 0x3b, 0x44, 0x0a, 0x0d, 0x3b,
  0x8d, 0xac, 0x6e, 0x3b, 0x30, 0x09, 0x3a, 0x3b, 0xe0, 0x24, 0x52, 0x3b,
  0x4e, 0x47, 0x30, 0x3b, 0x26, 0xef, 0x39, 0x3b, 0xc1, 0x56, 0x81, 0x3b,
  0x2f, 0x21, 0x46, 0x3b, 0xe9, 0x2d, 0x56, 0x3b, 0x7b, 0x55, 0xff, 0x3a,
  0x70, 0xbb, 0x4f, 0x3b, 0xf6, 0xec, 0x09, 0x3b, 0x8d, 0x09, 0x3f, 0x3b,
  0x69, 0x9b, 0x67, 0x3b, 0x3c, 0x2d, 0x54, 0x3b, 0x10, 0xf8, 0x6c, 0x3b,
  0xf8, 0xe0, 0x53, 0x3b, 0x25, 0x18, 0x5a, 0x3b, 0x52, 0x85, 0x53, 0x3b,
  0x00, 0x6f, 0x6f, 0x3b, 0x93, 0x9b, 0x64, 0x3b, 0x17, 0x05, 0x47, 0x3b,
  0x03, 0x27, 0x6c, 0x3b, 0xe2, 0x47, 0x3e, 0x3b, 0x34, 0x26, 0x2e, 0x3b,
  0xc9, 0xf5, 0x41, 0x3b, 0xb1, 0x7e, 0x40, 0x3b, 0x19, 0xfc, 0x37, 0x3b,
  0x12, 0x00, 0x00, 0x00, 0x74, 0x66, 0x6c, 0x2e, 0x70, 0x73, 0x65, 0x75,
  0x64, 0x6f, 0x5f, 0x71, 0x63, 0x6f, 0x6e, 0x73, 0x74, 0x33, 0x00, 0x00,
  0x02, 0x00, 0x00, 0x00, 0x20, 0x00, 0x00, 0x00, 0x40, 0x00, 0x00, 0x00,
  0xca, 0xfb, 0xff, 0xff, 0x00, 0x00, 0x00, 0x01, 0x14, 0x00, 0x00, 0x00,
  0xa4, 0x01, 0x00, 0x00, 0x0a, 0x00, 0x00, 0x00, 0x00, 0x00, 0x00, 0x02,
  0xb0, 0x01, 0x00, 0x00, 0x4c, 0xfb, 0xff, 0xff, 0x08, 0x00, 0x00, 0x00,
  0x08, 0x01, 0x00, 0x00, 0x20, 0x00, 0x00, 0x00, 0x00, 0x00, 0x00, 0x00,
  0x00, 0x00, 0x00, 0x00, 0x00, 0x00, 0x00, 0x00, 0x00, 0x00, 0x00, 0x00,
  0x00, 0x00, 0x00, 0x00, 0x00, 0x00, 0x00, 0x00, 0x00, 0x00, 0x00, 0x00,
  0x00, 0x00, 0x00, 0x00, 0x00, 0x00, 0x00, 0x00, 0x00, 0x00, 0x00, 0x00,
  0x00, 0x00, 0x00, 0x00, 0x00, 0x00, 0x00, 0x00, 0x00, 0x00, 0x00, 0x00,
  0x00, 0x00, 0x00, 0x00, 0x00, 0x00, 0x00, 0x00, 0x00, 0x00, 0x00, 0x00,
  0x00, 0x00, 0x00, 0x00, 0x00, 0x00, 0x00, 0x00, 0x00, 0x00, 0x00, 0x00,
  0x00, 0x00, 0x00, 0x00, 0x00, 0x00, 0x00, 0x00, 0x00, 0x00, 0x00, 0x00,
  0x00, 0x00, 0x00, 0x00, 0x00, 0x00, 0x00, 0x00, 0x00, 0x00, 0x00, 0x00,
  0x00, 0x00, 0x00, 0x00, 0x00, 0x00, 0x00, 0x00, 0x00, 0x00, 0x00, 0x00,
  0x00, 0x00, 0x00, 0x00, 0x00, 0x00, 0x00, 0x00, 0x00, 0x00, 0x00, 0x00,
  0x00, 0x00, 0x00, 0x00, 0x00, 0x00, 0x00, 0x00, 0x00, 0x00, 0x00, 0x00,
  0x00, 0x00, 0x00, 0x00, 0x00, 0x00, 0x00, 0x00, 0x00, 0x00, 0x00, 0x00,
  0x00, 0x00, 0x00, 0x00, 0x00, 0x00, 0x00, 0x00, 0x00, 0x00, 0x00, 0x00,
  0x00, 0x00, 0x00, 0x00, 0x00, 0x00, 0x00, 0x00, 0x00, 0x00, 0x00, 0x00,
  0x00, 0x00, 0x00, 0x00, 0x00, 0x00, 0x00, 0x00, 0x00, 0x00, 0x00, 0x00,
  0x00, 0x00, 0x00, 0x00, 0x00, 0x00, 0x00, 0x00, 0x00, 0x00, 0x00, 0x00,
  0x00, 0x00, 0x00, 0x00, 0x00, 0x00, 0x00, 0x00, 0x00, 0x00, 0x00, 0x00,
  0x00, 0x00, 0x00, 0x00, 0x00, 0x00, 0x00, 0x00, 0x00, 0x00, 0x00, 0x00,
  0x00, 0x00, 0x00, 0x00, 0x00, 0x00, 0x00, 0x00, 0x00, 0x00, 0x00, 0x00,
  0x00, 0x00, 0x00, 0x00, 0x00, 0x00, 0x00, 0x00, 0x00, 0x00, 0x00, 0x00,
  0x00, 0x00, 0x00, 0x00, 0x00, 0x00, 0x00, 0x00, 0x00, 0x00, 0x00, 0x00,
  0x20, 0x00, 0x00, 0x00, 0xa1, 0x90, 0x7c, 0x38, 0x72, 0xf6, 0x6e, 0x38,
  0x0e, 0x29, 0x92, 0x38, 0xd7, 0x14, 0x80, 0x38, 0xf2, 0x08, 0x3f, 0x38,
  0x82, 0xa3, 0xa1, 0x38, 0x02, 0xfb, 0x7b, 0x38, 0x32, 0x51, 0x8e, 0x38,
  0xb2, 0xc3, 0x6e, 0x38, 0xbd, 0xd7, 0x7b, 0x38, 0x9b, 0x2f, 0xaf, 0x38,
  0x3a, 0x2e, 0x86, 0x38, 0xce, 0x0c, 0x91, 0x38, 0xe0, 0xeb, 0x2c, 0x38,
  0x0b, 0xaf, 0x8c, 0x38, 0x04, 0xd1, 0x3a, 0x38, 0x9d, 0x60, 0x81, 0x38,
  0x4b, 0xda, 0x9c, 0x38, 0x9a, 0xb1, 0x8f, 0x38, 0xe7, 0x7b, 0xa0, 0x38,
  0xf3, 0x7d, 0x8f, 0x38, 0x8d, 0xb3, 0x93, 0x38, 0xe2, 0x3f, 0x8f, 0x38,
  0x32, 0x27, 0xa2, 0x38, 0x49, 0xd2, 0x9a, 0x38, 0x92, 0xc8, 0x86, 0x38,
  0x53, 0xee, 0x9f, 0x38, 0x74, 0xdd, 0x80, 0x38, 0x5e, 0xe1, 0x6b, 0x38,
  0x58, 0x5b, 0x83, 0x38, 0x51, 0x5d, 0x82, 0x38, 0xca, 0x33, 0x79, 0x38,
  0x12, 0x00, 0x00, 0x00, 0x74, 0x66, 0x6c, 0x2e, 0x70, 0x73, 0x65, 0x75,
  0x64, 0x6f, 0x5f, 0x71, 0x63, 0x6f, 0x6e, 0x73, 0x74, 0x32, 0x00, 0x00,
  0x01, 0x00, 0x00, 0x00, 0x20, 0x00, 0x00, 0x00, 0x9a, 0xfd, 0xff, 0xff,
  0x00, 0x00, 0x00, 0x01, 0x14, 0x00, 0x00, 0x00, 0x70, 0x00, 0x00, 0x00,
  0x09, 0x00, 0x00, 0x00, 0x00, 0x00, 0x00, 0x09, 0x7c, 0x00, 0x00, 0x00,
  0x1c, 0xfd, 0xff, 0xff, 0x08, 0x00, 0x00, 0x00, 0x3c, 0x00, 0x00, 0x00,
  0x06, 0x00, 0x00, 0x00, 0x00, 0x00, 0x00, 0x00, 0x00, 0x00, 0x00, 0x00,
  0x00, 0x00, 0x00, 0x00, 0x00, 0x00, 0x00, 0x00, 0x00, 0x00, 0x00, 0x00,
  0x00, 0x00, 0x00, 0x00, 0x00, 0x00, 0x00, 0x00, 0x00, 0x00, 0x00, 0x00,
  0x00, 0x00, 0x00, 0x00, 0x00, 0x00, 0x00, 0x00, 0x00, 0x00, 0x00, 0x00,
  0x00, 0x00, 0x00, 0x00, 0x00, 0x00, 0x00, 0x00, 0x06, 0x00, 0x00, 0x00,
  0xcd, 0x23, 0xcf, 0x3b, 0x1c, 0x7f, 0xe4, 0x3b, 0x8e, 0x0b, 0xc3, 0x3b,
  0x9c, 0xde, 0xaf, 0x3b, 0x42, 0xcc, 0xd8, 0x3b, 0x1c, 0xe5, 0xc1, 0x3b,
  0x12, 0x00, 0x00, 0x00, 0x74, 0x66, 0x6c, 0x2e, 0x70, 0x73, 0x65, 0x75,
  0x64, 0x6f, 0x5f, 0x71, 0x63, 0x6f, 0x6e, 0x73, 0x74, 0x31, 0x00, 0x00,
  0x02, 0x00, 0x00, 0x00, 0x06, 0x00, 0x00, 0x00, 0x20, 0x00, 0x00, 0x00,
  0x3a, 0xfe, 0xff, 0xff, 0x00, 0x00, 0x00, 0x01, 0x14, 0x00, 0x00, 0x00,
  0x70, 0x00, 0x00, 0x00, 0x08, 0x00, 0x00, 0x00, 0x00, 0x00, 0x00, 0x02,
  0x7c, 0x00, 0x00, 0x00, 0xbc, 0xfd, 0xff, 0xff, 0x08, 0x00, 0x00, 0x00,
  0x3c, 0x00, 0x00, 0x00, 0x06, 0x00, 0x00, 0x00, 0x00, 0x00, 0x00, 0x00,
  0x00, 0x00, 0x00, 0x00, 0x00, 0x00, 0x00, 0x00, 0x00, 0x00, 0x00, 0x00,
  0x00, 0x00, 0x00, 0x00, 0x00, 0x00, 0x00, 0x00, 0x00, 0x00, 0x00, 0x00,
  0x00, 0x00, 0x00, 0x00, 0x00, 0x00, 0x00, 0x00, 0x00, 0x00, 0x00, 0x00,
  0x00, 0x00, 0x00, 0x00, 0x00, 0x00, 0x00, 0x00, 0x00, 0x00, 0x00, 0x00,
  0x06, 0x00, 0x00, 0x00, 0xe6, 0xe7, 0x99, 0x39, 0x22, 0xc6, 0xa9, 0x39,
  0x5f, 0xeb, 0x90, 0x39, 0x01, 0xac, 0x82, 0x39, 0xf2, 0x14, 0xa1, 0x39,
  0x99, 0x10, 0x90, 0x39, 0x11, 0x00, 0x00, 0x00, 0x74, 0x66, 0x6c, 0x2e,
  0x70, 0x73, 0x65, 0x75, 0x64, 0x6f, 0x5f, 0x71, 0x63, 0x6f, 0x6e, 0x73,
  0x74, 0x00, 0x00, 0x00, 0x01, 0x00, 0x00, 0x00, 0x06, 0x00, 0x00, 0x00,
  0xd6, 0xfe, 0xff, 0xff, 0x00, 0x00, 0x00, 0x01, 0x14, 0x00, 0x00, 0x00,
  0x14, 0x00, 0x00, 0x00, 0x07, 0x00, 0x00, 0x00, 0x00, 0x00, 0x00, 0x02,
  0x1c, 0x00, 0x00, 0x00, 0xc0, 0xfe, 0xff, 0xff, 0x0f, 0x00, 0x00, 0x00,
  0x61, 0x72, 0x69, 0x74, 0x68, 0x2e, 0x63, 0x6f, 0x6e, 0x73, 0x74, 0x61,
  0x6e, 0x74, 0x35, 0x00, 0x01, 0x00, 0x00, 0x00, 0x03, 0x00, 0x00, 0x00,
  0x12, 0xff, 0xff, 0xff, 0x00, 0x00, 0x00, 0x01, 0x14, 0x00, 0x00, 0x00,
  0x14, 0x00, 0x00, 0x00, 0x06, 0x00, 0x00, 0x00, 0x00, 0x00, 0x00, 0x02,
  0x1c, 0x00, 0x00, 0x00, 0xfc, 0xfe, 0xff, 0xff, 0x0f, 0x00, 0x00, 0x00,
  0x61, 0x72, 0x69, 0x74, 0x68, 0x2e, 0x63, 0x6f, 0x6e, 0x73, 0x74, 0x61,
  0x6e, 0x74, 0x34, 0x00, 0x01, 0x00, 0x00, 0x00, 0x03, 0x00, 0x00, 0x00,
  0x4e, 0xff, 0xff, 0xff, 0x00, 0x00, 0x00, 0x01, 0x14, 0x00, 0x00, 0x00,
  0x14, 0x00, 0x00, 0x00, 0x05, 0x00, 0x00, 0x00, 0x00, 0x00, 0x00, 0x02,
  0x1c, 0x00, 0x00, 0x00, 0x38, 0xff, 0xff, 0xff, 0x0f, 0x00, 0x00, 0x00,
  0x61, 0x72, 0x69, 0x74, 0x68, 0x2e, 0x63, 0x6f, 0x6e, 0x73, 0x74, 0x61,
  0x6e, 0x74, 0x33, 0x00, 0x01, 0x00, 0x00, 0x00, 0x03, 0x00, 0x00, 0x00,
  0x8a, 0xff, 0xff, 0xff, 0x00, 0x00, 0x00, 0x01, 0x14, 0x00, 0x00, 0x00,
  0x14, 0x00, 0x00, 0x00, 0x04, 0x00, 0x00, 0x00, 0x00, 0x00, 0x00, 0x02,
  0x1c, 0x00, 0x00, 0x00, 0x74, 0xff, 0xff, 0xff, 0x0f, 0x00, 0x00, 0x00,
  0x61, 0x72, 0x69, 0x74, 0x68, 0x2e, 0x63, 0x6f, 0x6e, 0x73, 0x74, 0x61,
  0x6e, 0x74, 0x32, 0x00, 0x00, 0x00, 0x00, 0x00, 0xc2, 0xff, 0xff, 0xff,
  0x00, 0x00, 0x00, 0x01, 0x14, 0x00, 0x00, 0x00, 0x14, 0x00, 0x00, 0x00,
  0x03, 0x00, 0x00, 0x00, 0x00, 0x00, 0x00, 0x02, 0x1c, 0x00, 0x00, 0x00,
  0xac, 0xff, 0xff, 0xff, 0x0f, 0x00, 0x00, 0x00, 0x61, 0x72, 0x69, 0x74,
  0x68, 0x2e, 0x63, 0x6f, 0x6e, 0x73, 0x74, 0x61, 0x6e, 0x74, 0x31, 0x00,
  0x01, 0x00, 0x00, 0x00, 0x03, 0x00, 0x00, 0x00, 0x00, 0x00, 0x16, 0x00,
  0x1c, 0x00, 0x18, 0x00, 0x17, 0x00, 0x10, 0x00, 0x0c, 0x00, 0x08, 0x00,
  0x00, 0x00, 0x00, 0x00, 0x00, 0x00, 0x07, 0x00, 0x16, 0x00, 0x00, 0x00,
  0x00, 0x00, 0x00, 0x01, 0x18, 0x00, 0x00, 0x00, 0x18, 0x00, 0x00, 0x00,
  0x02, 0x00, 0x00, 0x00, 0x00, 0x00, 0x00, 0x02, 0x20, 0x00, 0x00, 0x00,
  0x04, 0x00, 0x04, 0x00, 0x04, 0x00, 0x00, 0x00, 0x0e, 0x00, 0x00, 0x00,
  0x61, 0x72, 0x69, 0x74, 0x68, 0x2e, 0x63, 0x6f, 0x6e, 0x73, 0x74, 0x61,
  0x6e, 0x74, 0x00, 0x00, 0x00, 0x00, 0x00, 0x00, 0x00, 0x00, 0x16, 0x00,
  0x20, 0x00, 0x1c, 0x00, 0x1b, 0x00, 0x14, 0x00, 0x10, 0x00, 0x0c, 0x00,
  0x00, 0x00, 0x00, 0x00, 0x08, 0x00, 0x07, 0x00, 0x16, 0x00, 0x00, 0x00,
  0x00, 0x00, 0x00, 0x01, 0x18, 0x00, 0x00, 0x00, 0x30, 0x00, 0x00, 0x00,
  0x50, 0x00, 0x00, 0x00, 0x01, 0x00, 0x00, 0x00, 0x00, 0x00, 0x00, 0x09,
  0x60, 0x00, 0x00, 0x00, 0x03, 0x00, 0x00, 0x00, 0xff, 0xff, 0xff, 0xff,
  0x80, 0x00, 0x00, 0x00, 0x09, 0x00, 0x00, 0x00, 0x0c, 0x00, 0x0c, 0x00,
  0x00, 0x00, 0x00, 0x00, 0x08, 0x00, 0x04, 0x00, 0x0c, 0x00, 0x00, 0x00,
  0x08, 0x00, 0x00, 0x00, 0x14, 0x00, 0x00, 0x00, 0x01, 0x00, 0x00, 0x00,
  0x14, 0x00, 0x00, 0x00, 0x00, 0x00, 0x00, 0x00, 0x00, 0x00, 0x00, 0x00,
  0x01, 0x00, 0x00, 0x00, 0x3d, 0x6a, 0x70, 0x3d, 0x17, 0x00, 0x00, 0x00,
  0x73, 0x65, 0x72, 0x76, 0x69, 0x6e, 0x67, 0x5f, 0x64, 0x65, 0x66, 0x61,
  0x75, 0x6c, 0x74, 0x5f, 0x69, 0x6e, 0x70, 0x75, 0x74, 0x3a, 0x30, 0x00,
  0x03, 0x00, 0x00, 0x00, 0x01, 0x00, 0x00, 0x00, 0x80, 0x00, 0x00, 0x00,
  0x09, 0x00, 0x00, 0x00, 0x07, 0x00, 0x00, 0x00, 0x90, 0x00, 0x00, 0x00,
  0x70, 0x00, 0x00, 0x00, 0x54, 0x00, 0x00, 0x00, 0x40, 0x00, 0x00, 0x00,
  0x2c, 0x00, 0x00, 0x00, 0x18, 0x00, 0x00, 0x00, 0x04, 0x00, 0x00, 0x00,
  0xb4, 0xff, 0xff, 0xff, 0x19, 0x00, 0x00, 0x00, 0x02, 0x00, 0x00, 0x00,
  0x00, 0x00, 0x00, 0x19, 0xc4, 0xff, 0xff, 0xff, 0x09, 0x00, 0x00, 0x00,
  0x04, 0x00, 0x00, 0x00, 0x00, 0x00, 0x00, 0x09, 0xd4, 0xff, 0xff, 0xff,
  0x28, 0x00, 0x00, 0x00, 0x02, 0x00, 0x00, 0x00, 0x00, 0x00, 0x00, 0x28,
  0xe4, 0xff, 0xff, 0xff, 0x11, 0x00, 0x00, 0x00, 0x02, 0x00, 0x00, 0x00,
  0x00, 0x00, 0x00, 0x11, 0xd8, 0xff, 0xff, 0xff, 0x16, 0x00, 0x00, 0x00,
  0x00, 0x00, 0x00, 0x16, 0x0c, 0x00, 0x10, 0x00, 0x0f, 0x00, 0x00, 0x00,
  0x08, 0x00, 0x04, 0x00, 0x0c, 0x00, 0x00, 0x00, 0x03, 0x00, 0x00, 0x00,
  0x03, 0x00, 0x00, 0x00, 0x00, 0x00, 0x00, 0x03, 0x0c, 0x00, 0x0c, 0x00,
  0x0b, 0x00, 0x00, 0x00, 0x00, 0x00, 0x04, 0x00, 0x0c, 0x00, 0x00, 0x00,
  0x46, 0x00, 0x00, 0x00, 0x00, 0x00, 0x00, 0x46
};
unsigned int models_har_cnn_tinyml_int8_tflite_len = 24488;
}
