ts,ax,ay,az,gx,gy,gz
1776353553980,-1.755249621825013,-0.9572317512512206,-9.022698593902588,1.3170582272992715,-20.157126212494692,-137.92758334443022
1776353553997,-1.2693762128191999,-0.9739905783504247,-9.00204802006185,-4.735469189312806,-24.382960836886998,-140.7867551725109
1776353554013,-0.8794206356875598,-0.9638155135557055,-9.726893157196045,1.516620666756294,-28.282869079370048,-141.0227928498482
1776353554030,-0.7571667773479129,-0.9666586280271411,-10.162488221740722,21.587707626606573,-28.632972623393854,-140.72461411144212
1776353554047,-0.47539917860142883,-0.9412205276489257,-10.129867224121092,45.53152998854406,-38.020558788483214,-138.86808673276263
1776353554063,-0.33414122585328293,-1.2211921920225024,-9.797970434460042,59.84988777207357,-44.14030924707167,-133.78342070703835
1776353554079,-0.5089179744441528,-1.2566563041135668,-8.99591346282959,55.286020255468166,-55.56222627531431,-126.16640740501846
1776353554096,-0.34775832086065783,-1.581370196533203,-8.007407452392577,34.24685195129449,-80.15720130668038,-119.69231697757348
1776353554113,-1.069161226852797,-2.120364845275879,-8.81679725112915,31.296968380846852,-81.39800079206158,-128.21109283495346
1776353554130,-0.7715320329746231,-2.3579890677854416,-9.10380159061849,36.762916056608766,-96.73187110138858,-131.25185207230814
1776353554147,-0.061501603134535246,-2.076820302581787,-10.469095671844482,60.472500496055254,-119.60878376402424,-123.09734386374326
1776353554163,-0.4405336899906397,-0.4529533188417554,-9.300126711273192,60.66424439662502,-142.04993035761308,-114.57907344036187
1776353554180,-0.5636854378849268,-0.3497033722475171,-8.45228004837036,55.12522735712231,-154.4507808335532,-118.536676290764
1776353554196,-0.35913083354532715,-4.082263468170166,-7.672069582366943,46.13142891844087,-194.76987927775872,-131.7427650887136
1776353554213,-0.833332253729552,-5.3658548332214355,-7.9087956869930025,37.99108652221461,-225.81356716870857,-136.56692769949362
1776353554230,-1.3250415658146142,-4.980239020593464,-8.352771041870117,30.077960614012582,-247.02034831511435,-131.46715329532526
1776353554247,-2.0494372056156394,-4.5139679550170895,-9.388562535095215,5.9401250211535865,-293.8244654894369,-124.1821554888597
1776353554263,-2.6687869553163646,-4.065055143737792,-10.921000650677085,-13.42080603979272,-267.2942622246798,-104.61898423413662
1776353554280,-3.222297036145627,-3.5697549675539135,-11.523142368206381,-34.80698551984348,-197.02774857206816,-80.96784230832334
1776353554297,-4.421492792676389,-2.704251067407429,-10.408492442321776,-64.29705126142555,-145.11964959704858,-57.438318730871316
1776353554313,-3.8830966943487524,-2.401085282190144,-8.876353017425537,-61.464687925837154,-145.86140814091195,-48.382300683945644
1776353554330,-2.9469635529667135,-3.211821819360554,-8.58725258243978,-20.270299031947218,-159.79611419876184,-64.42401081771774
1776353554346,-1.9882354256778954,-3.159598295648396,-7.500883579143881,12.469628773334867,-167.17408454020963,-60.91932464136832
1776353554363,0.062248366381227965,-1.2488757332399487,-5.4131397314876315,10.655358921276584,-167.74855809092105,-25.88441400137422
1776353554380,0.3425204750061035,-1.692401298522949,-4.804862872204184,10.847950619077078,-168.52169452383148,-5.387263042749721
1776353554397,0.1746259145438671,-1.7654247414186597,-3.0056203245967623,0.359204824453701,-185.68473047402293,18.395475284028542
1776353554413,-1.274912384033203,-1.975366007232666,-1.427242295616865,-25.505128474121534,-188.96666369097073,32.27883197969828
1776353554430,-2.591274968829751,-2.0923829056337473,-0.9331389280021191,-76.80174793350656,-154.97487490894662,32.753188617555665
1776353554447,-4.21963137294352,-1.5280995018556713,-1.5472522383540868,-135.0627014782034,-104.47547512948547,33.323355733995406
1776353554463,-3.002329466357827,0.5771519454404711,-3.3044466193050144,-144.19210990776085,-122.40192132320925,52.80470815265091
1776353554480,-3.015048662677407,-0.3859156723573804,-5.486911070141196,-108.46018700070341,-145.6672941647002,59.555656883007764
1776353554497,-1.3702315376281737,1.0538976432800293,-6.024558395928144,-47.97393050365975,-186.88437123946562,95.25089484403306
1776353554513,-1.2802993377685545,1.8478750610902905,-3.394378234642744,-25.575643347112745,-202.73707637852513,118.5534648957439
1776353554530,-1.1896195344120264,1.8453306373044847,-2.206106607708335,-27.31830464213897,-228.06695585892248,138.87561360122797
1776353554547,-2.0636521934509275,2.6364650867737827,0.34910569861531254,-40.65454952491235,-249.3831019943185,157.9772894643008
1776353554563,-2.4114105691105125,3.5212720916748044,-0.6498755286067723,-42.72167212627085,-253.86337824076674,172.35646325220011
1776353554580,-2.4218846168518064,4.5736730666562915,-0.7493839505851269,-45.918122110661365,-248.84712338976928,194.84525724543897
1776353554597,-2.3535019854992627,7.2702924701414995,-0.6115680097833276,-53.429031839019686,-236.25539644728397,231.78140397487218
1776353554613,-3.2044898690372703,9.86859962089667,-0.9911987566523254,-54.28338605135073,-213.19543471489197,261.82489262414373
1776353554630,-4.110695197406411,11.295245174463092,-1.0877148649469017,-56.092334332271925,-185.97636589120413,287.53629281119964
1776353554647,-6.024411680933833,14.115614730127154,-0.6323673809776083,-67.44439560077826,-145.352518066611,315.3395886957337
1776353554663,-8.024317086139321,16.883760469818114,-1.255159252222534,-75.59564580910903,-102.71355270099983,332.3820035051827
1776353554680,-9.087942342707514,18.22301673120707,-2.0841519058451987,-76.41408005659497,-58.3877355160706,346.54093101310576
1776353554697,-10.711807865142822,21.031115418840944,-3.00217803865578,-80.51641461550969,7.260878700958952,363.71596077547974
1776353554713,-12.186486450195313,23.381623775482176,-3.0927088985282927,-96.04060131586994,51.31135900761391,373.27655904734013
1776353554730,-12.977920321002602,24.31850481262207,-3.3629548493098467,-118.10115610852732,88.35045034821756,376.68203672599515
1776353554747,-14.23682089691162,25.21767775813639,-4.611380537227355,-140.37240857670125,114.10782453857684,370.89703042353443
1776353554763,-15.448735849761961,25.43929046478271,-5.863249095607735,-147.88471507874485,119.13781489999518,357.00855108598716
1776353554780,-16.25258964168131,25.770736588066814,-6.361093366783857,-146.73285831673556,117.89239820673505,337.8252544623327
1776353554797,-15.984289710400997,24.95566289847493,-7.55654825628586,-129.17750996099693,111.40495475946271,318.20034512770184
1776353554813,-14.67735400238037,21.196765122985838,-8.274359476195276,-104.66831869051163,106.44366927090553,304.93789360872125
1776353554830,-14.366557283893227,16.70075251137614,-7.888294969951733,-74.39753500604041,112.64711345248874,276.3252203075407
1776353554847,-14.86275499343872,14.558991826850175,-7.436390064184367,-56.70073001749623,125.39109897195196,235.2390096572727
1776353554863,-15.83300521621704,10.57204692775309,-5.567116825756431,-46.4420761671768,142.80483018543956,175.0453994454074
1776353554880,-15.15125702413991,8.98259630061686,-2.7281913304433223,-57.15897423910155,159.77047366861763,99.51962647150764
1776353554897,-14.460380207581073,8.881741724726558,-1.552040203282982,-80.6767396458974,173.9633881978507,65.18818604243711
1776353554913,-13.578715446228534,8.781333139038086,-0.5065215351611375,-106.5106392757175,179.50192029392232,39.70172789041181
1776353554930,-13.315353409741817,8.180687797546387,-1.88199141183421,-119.76861019060253,150.68242886467377,3.404863815403343
1776353554947,-13.133992195593565,7.856123250469565,-2.929155070684105,-112.73120674154993,119.2508272100022,-25.066754980359068
1776353554963,-13.168707973535358,6.8227271279484025,-4.616468252287805,-99.19457093871755,97.40825107451661,-52.700148201741776
1776353554980,-13.285725164197384,5.3033068993717425,-4.499302885326743,-93.42432467505323,103.0455545361758,-83.13005480330678
1776353554997,-12.987197852435708,4.760572479578852,-4.04470296832174,-105.43466591538706,127.04168248677725,-91.77178772612532
1776353555013,-12.425159012714028,3.743784377509355,-4.220976357811689,-116.34608435977918,149.0890550143365,-95.27988899705976
1776353555030,-12.372037955640256,2.1627128716617823,-5.1583057232409715,-115.77697933775538,155.2690648168774,-109.13888240796007
1776353555047,-12.778752670398354,1.6808780339896678,-5.995827976006269,-101.13749338020855,162.03007783097627,-123.06509171048246
1776353555063,-13.16137573095113,0.799513132366538,-6.40688276579529,-82.99972113356459,168.44164470675895,-129.80234932664803
1776353555080,-12.10209113393575,0.14245382973551748,-5.303903988482058,-65.59021780717323,198.31926904222587,-112.97611683461908
1776353555109,-12.333580214691162,-1.5216653771549462,-4.118774751226604,-64.29513880845795,194.95355672491868,-118.91192688376451
1776353555112,-12.153417124286293,-2.1962316949039695,-4.5166605551019305,-61.72995881282211,189.86569417066283,-120.83346400296419
1776353555130,-11.575965611377358,-3.397821068572998,-5.646574101091921,-38.39633530604981,176.1333939386771,-118.4832915322112
1776353555147,-11.420940469360351,-4.019865171924233,-5.94031330179423,-11.259200577871779,173.92268027039742,-116.55642686545889
1776353555162,-11.824963168555497,-4.085404688805341,-7.303511433654278,17.446396593193175,160.06320191606602,-117.5856953922448
1776353555180,-12.598438773345947,-3.9652474465519187,-9.761608350615948,65.7612389138012,146.80882368068444,-116.26051574985726
1776353555197,-14.074614318957924,-3.464110527038574,-10.348038704272359,107.92615500006762,150.91160903208436,-118.9352314892126
1776353555213,-18.044798637390137,-0.6932716027408838,-9.88565763187185,155.75213677611572,143.24029572616288,-118.80008936629473
1776353555230,-21.065833973261714,1.5686515847355127,-9.43195716619091,229.65281650117274,98.27021411758305,-127.25780333249479
1776353555247,-22.468986368238923,2.3597850112915038,-9.006686785778403,274.55707557672116,53.55280511206407,-159.7387269493554
1776353555264,-25.472808703503013,5.9184653348624705,-6.718129566137493,295.953080283893,12.289074430172873,-194.40177306263004
1776353555280,-29.20806432211995,11.407622430364787,-5.928641422570497,319.08113900231,-59.269478786973394,-225.164685537179
1776353555297,-31.74247466343343,14.308945929662883,-5.9136776621945195,346.1254642662722,-121.66860489316,-247.7277919885876
1776353555313,-35.03570080054402,18.543391133117673,-4.041411963952332,355.89829017602324,-171.37805231397414,-280.4774289077748
1776353555330,-33.36679377485513,21.63116308670044,-0.7811075609736144,319.1875260288221,-201.38744465890895,-321.36009992077646
1776353555347,-30.29353549979329,22.267870213915405,0.4825818566471338,258.81772425712717,-178.74139239021974,-329.39748404545395
1776353555364,-22.49217844325602,21.7327677868383,1.7862248067326842,183.5972743995053,-122.00667193631895,-313.8198169638925
1776353555380,-14.111875251337885,19.983502774114534,-0.17073593963431194,117.77244642453128,-38.718330914091716,-265.56472172304916
1776353555397,-10.390687321040033,18.606985361149906,-1.0287574664024635,105.04528366099379,-5.994130900034055,-229.10399714098386
1776353555413,-4.622606608912348,15.998353745458274,-2.637362158911093,126.18794982166068,-22.61650828543433,-197.0604924989492
1776353555430,-0.20694880599975585,14.008323106926678,-1.7863729464991016,162.92241472528175,-106.1739519307709,-168.65406358994633
1776353555447,1.8384458462268114,13.43281688286662,-0.7951737879879772,163.66876315626737,-156.87578485685287,-150.25297389042004
1776353555463,5.934777002716064,12.57733987121582,0.7285859310977161,116.60157441587268,-140.32110019565613,-108.27676910073188
1776353555480,9.096320879474282,11.998691841998696,-0.45310164127126334,76.33043072982983,-64.6374200783348,-72.40447214585235
1776353555497,10.867432142096757,11.750741163524985,-0.6676819650627672,48.63744581548605,-2.298579356196847,-39.46577559043914
1776353555513,14.922311344256997,12.423661175371706,-0.698207890099287,45.03888893427855,-20.868978773077178,20.557248939357795
1776353555530,16.34925378014445,14.134317969292402,-2.2008691454462705,63.00733396120872,-60.50322951713114,70.7099910052314
1776353555547,15.929074311396478,14.957176321411131,-2.9897588847286998,79.82505603753184,-57.410007596761616,114.55714170293695
1776353555563,15.849165492901205,17.144429175567627,-2.3657696386590596,69.6549590048962,9.482956096470248,182.03754606101953
1776353555580,15.829713773456215,20.737827030646056,-0.4433754892878234,40.56955806597529,74.98999244483649,246.72981938857868
1776353555597,14.630368963843583,22.473623672650753,0.233734667725116,6.341554448582277,126.92656647850585,308.1494212357046
1776353555613,10.450241333770752,25.210195439556983,1.232117052271217,-38.91206239970996,157.39933251711267,376.85923915382193
1776353555629,4.82057482059896,29.79389444486089,1.1058230608284472,-69.08272575623253,170.27234030999745,427.7369357906534
1776353555647,1.5813684429675339,32.76629675579294,1.2083244540777056,-112.43195566344417,169.8686761300497,471.2675345410855
1776353555663,-6.878241509899497,38.42603940440714,1.761983807184547,-192.5276920977836,155.2479731927204,505.0798122913434
1776353555680,-18.32177842647135,42.549004300799965,-4.103810095801483,-217.19735183262918,147.73614480391873,491.2150746913511
1776353555697,-22.81674357485473,43.73353615668416,-8.523805800054221,-185.22968961113833,132.012953711901,466.20122806385024
1776353555713,-28.490402374488113,48.13108430241048,-14.057255260943249,-123.01191185760474,119.05746455459914,478.08903571047404
1776353555730,-36.90542149047852,47.16172898264527,-15.78721596333608,-70.17924432558638,82.45689867946699,492.7614841609554
1776353555747,-43.37410604793131,43.2320993774414,-17.08577097916547,-4.469428198498932,69.05214016912922,459.84357870137563
1776353555763,-51.33198491478413,27.77169179458618,-9.202861054119793,-57.21968437553921,140.84391019548556,311.22994583440703
1776353555780,-45.2293151051715,17.604715613776445,-5.373484926241077,-140.1423951262119,214.98113303187847,210.46655557541845
1776353555797,-39.79028456110209,15.645958211517334,-7.750479211813024,-174.62501496237147,248.08170507062098,162.08689134449244
1776353555813,-29.62450416594818,11.296292345428466,-11.366022738128155,-160.61932957866682,202.78588491033406,152.71464236918433
1776353555830,-26.5985325427182,3.507356379047036,-13.3090676074706,-127.24221684080882,142.71071017867678,126.12229804335851
1776353555847,-26.086174994879958,-0.14769231491088866,-12.93123192732483,-108.92453058123756,126.03574588619611,78.24016528214374
1776353555863,-22.24123603562042,-4.862922846984863,-11.202918188421428,-107.7591363842933,167.05420105989757,35.150793336999826
1776353555880,-16.296583097186684,-8.381652268439531,-9.758615160149334,-98.97424269647128,193.89434464881145,27.65877249679118
1776353555897,-14.90225946696177,-10.633696451458334,-8.81110926862061,-83.2295843198922,180.9081059798662,10.71257968482201
1776353555913,-14.454992961584775,-15.465046348571777,-6.391470384868979,-69.11219802250115,143.23492719747526,-29.498845949760124
1776353555930,-15.745916861481218,-18.525434036144613,-6.354509896740317,-53.24600325983085,134.9329552047298,-67.5116934546704
1776353555947,-13.90312947891876,-18.370857806938886,-5.82090264012441,-45.69060167921907,144.1835311901633,-89.63787270487326
1776353555963,-15.729008250647782,-18.104952954101563,-6.691642833489179,-12.240935256902622,158.96733904487252,-131.71103202982974
1776353555980,-17.56446251384318,-15.180733147862552,-4.931157302038371,-1.027251486546632,169.01666467260398,-164.86005743054432
1776353555997,-17.886482052612305,-12.886939488872885,-3.841196557860821,-13.733744816995195,192.00966323037315,-195.95585966486138
1776353556013,-16.596306632995603,-7.2723875427246085,-5.581033707427978,-4.509606359404708,219.40409033081193,-206.70115424826045
1776353556030,-17.27670940181315,-1.7922095802307128,-9.86515881452672,51.06821110335063,230.1235804595267,-203.2402290939233
1776353556047,-19.700389669910074,0.5981015022277831,-8.923339298071339,111.51103442746218,213.66557029584231,-208.4510077324827
1776353556063,-25.207203710395095,6.625205490985512,-3.7430348697497275,150.001800513882,153.9501826089046,-232.79546850056565
1776353556080,-30.38242140547037,12.20683716430664,-1.4456485976621507,169.8756702437598,82.42911346992338,-255.93929129558705
1776353556097,-32.66125130408406,15.104419723510741,-2.095225362518057,199.04531815099824,6.72454065770464,-280.35516852163164
1776353556113,-39.50387731072306,23.47514552426636,-1.9759642653867602,224.9381964643014,-77.13589444808193,-324.3627057214274
1776353556130,-45.0367277097404,31.873855310490725,0.3522473576419055,216.35659652693562,-133.15563069966578,-363.24363953399506
1776353556147,-45.97705216533243,35.17216824934631,0.9305971345648169,187.02902098570814,-167.7203084285139,-395.0982757851005
1776353556163,-44.31233323898315,38.158335977715254,0.05626454273127019,138.2827258605142,-119.67606112734886,-421.4509487729506
1776353556180,-38.645406377953286,37.273529995727536,0.6028905631352216,99.3061215882422,-27.464397265843665,-425.52537517891665
1776353556197,-34.03043537848592,35.95836553467437,1.035342872674763,79.50398250502788,54.572552355146975,-409.00735497318453
1776353556213,-23.855374675419924,30.965855207659303,2.022951642011106,89.69562195430572,89.17821463410974,-376.7190836720533
1776353556230,-14.334234976959229,25.48762355692759,3.436577792468667,112.50611785745217,52.30921207931234,-345.51481803371644
1776353556247,-9.968408834186196,22.810006375554202,4.149002131707966,134.44813471706397,-28.811042485245256,-305.8206818985671
1776353556263,-3.469048567962646,18.17288871846944,4.474164790808409,151.9977047327648,-148.27385827651713,-255.79782441749774
1776353556280,1.333419518059492,14.945053921940922,4.249109798221103,137.91975594764136,-183.31912177574569,-219.8041071897429
1776353556297,4.242823447960615,13.301584412108362,3.581875814387854,81.7137536072021,-114.85715776222976,-192.6025373107086
1776353556313,6.438755283135175,13.062015485271811,3.4382235138490795,29.359762807691155,-32.5579818110767,-180.56140557759636
1776353556330,12.882600582885742,14.191481287494302,4.166510352402367,-16.746846910853176,-3.830665065337931,-162.73142897570986
1776353556347,21.110573278698325,15.687108552551269,2.706645817056857,-46.6142481606799,-81.25451217797794,-99.26255864171586
1776353556363,23.37354451392293,16.45893872822225,0.2295444494936615,-36.40673193667636,-133.1504807370316,-30.13487999546088
1776353556380,23.605184109064936,16.672323704749346,-3.47623088068217,-21.34117877870413,-119.1484016932087,33.1925268755384
1776353556396,23.53904428820312,16.686986436352132,-2.9881129441525784,-36.92836372887398,-56.91477448570609,98.60977014198106
1776353556413,21.959618211475014,17.419014762988684,-1.0402799637507647,-75.55228776825778,19.397786761707696,183.04154288787637
1776353556430,18.885912777167558,18.082357675933835,-0.4673175789546221,-91.22792708327388,19.6283568726144,239.78873526720162
1776353556447,13.7906015625,19.550751773889363,-0.8047507407590746,-91.40178271840739,-32.14299317748507,303.3182371904578
1776353556463,10.902745447540283,19.942351337102053,-1.2906240401670337,-84.17279929332511,-48.91669468460744,335.1199258151173
1776353556480,6.190508836585283,21.035006581060586,-0.4665692448053509,-93.63334212403396,-25.05400813982053,363.11301899630774
1776353556497,2.7883453548938033,24.898798563219607,1.7788924180179833,-153.79075233329817,22.102881474943953,413.6833571204886
1776353556513,-0.7140712296634912,27.643452075903117,1.3854957057228312,-210.4532640272936,57.75763007456941,443.9078184620088
1776353556530,-10.603021327209472,32.83437894289419,-2.3192322342919183,-254.64273014582187,83.68862767363042,445.9118506060039
1776353556547,-20.21229991237223,38.724117511096594,-11.16191788685005,-223.18353452690346,80.82757754352797,437.18188529948713
1776353556563,-24.076989720153808,42.73410338630229,-14.07925164620264,-182.9658234107376,101.62676715121324,467.7880176118276
1776353556580,-31.623665913179515,48.14440380271077,-11.656469555354724,-191.17758226492552,147.21277472857733,526.8301398918987
1776353556596,-40.32374349528849,50.828155395185945,-11.520898772264365,-244.12221708800791,244.28554057144123,544.3738359449134
1776353556613,-45.55013841989338,49.969831177410484,-15.3849906324191,-178.75023065500574,170.51217557251329,516.0415555695402
1776353556630,-54.199636153844,38.88437763115763,-20.875791111214273,-46.21437132062692,35.49977843754704,443.81585679502376
1776353556647,-52.33410531681478,24.6070061126709,-12.025775663757324,-46.15974346764516,45.5430695931468,327.2222053985883
1776353556663,-49.07963678038269,18.543540770721435,-11.337891444010054,-93.44708286536772,150.0055297971688,234.2901051362612
1776353556680,-37.08438923361897,10.219949646106361,-14.471751286360481,-91.89899999941682,211.71885709936194,167.463315730803
1776353556697,-25.026441192792355,4.415955909076333,-11.80640726543907,-69.633095569363,200.82997827923086,145.62687310519206
1776353556713,-22.708853985761106,0.7047936982303857,-10.152910620515653,-53.25123518473508,161.60351885693063,125.41262772821585
1776353556730,-19.31776573257446,-5.86145399235189,-7.50881527175887,-50.217531532793046,131.62427496699223,100.3555255127013
1776353556747,-16.675914861109106,-10.618133556145429,-6.825269989964784,-51.884285520478336,133.6591795660358,71.74200526806364
1776353556763,-15.602114832007139,-12.518980036705731,-6.4366621033983416,-50.629156298218454,149.6705773202714,54.710040648044746
1776353556780,-14.295479129846393,-15.11130305328369,-5.140799813234666,-45.26270057300153,158.0528450168995,37.60023919224439
1776353556797,-14.58622514008209,-15.91650358363688,-3.0909141788649372,-43.052973867056906,173.3592716261414,8.30508741278061
1776353556813,-15.00730462640971,-15.725564832195639,-1.8656819724703206,-55.88203963791641,189.08482596361196,-18.118162773536852
1776353556830,-15.576825930841267,-14.092570246887206,-0.27383708887500685,-81.04612993659003,207.97252566036664,-46.54218966493626
1776353556847,-15.445594190735369,-10.876557113316654,-1.8975540148861705,-99.528560358942,236.2460527484994,-79.07758062533314
1776353556863,-15.181333159582316,-9.153184337946772,-3.3101339076938108,-81.94609615219842,254.9797316794703,-96.22459295173174
1776353556880,-14.767885629437863,-6.566845656475424,-4.1587284298218785,-52.46494039238863,276.20189441188694,-110.763579505831
1776353556897,-13.751396218053996,-4.580855963897704,-1.5816699283984488,-31.282351776023024,307.03246674035404,-145.2379484734732
1776353556913,-12.715605601611733,-2.6409540687561033,-0.2593224422397092,-23.57946079802128,301.21789937916554,-170.51279028953857
1776353556930,-12.29273061016947,4.8142923793286085,-1.753154202182032,71.11078650572775,224.79323252935703,-124.62279831297391
1776353556947,-23.48053540061116,11.2811807010144,0.4400844118531793,151.37315223505882,122.79106452098155,-87.34635106852315
1776353556962,-34.1323365408197,13.65009185256958,4.674080044909567,149.3501731463061,-13.031133502359737,-138.27410616178165
1776353556980,-52.705656655994055,17.949031155505775,6.645705112048238,67.63816123734235,-103.69619835651122,-323.3021685886212
1776353556997,-57.056218594139814,28.68523053458333,-0.734720926721394,24.143163140411605,-12.401554839198289,-457.0223280835669
1776353557013,-53.35433625281453,35.48266656940877,-4.720019373785704,63.307739341284226,74.42544315898908,-503.5002900646429
1776353557030,-46.147636695531006,43.34432699573934,-7.480683379419148,201.95051179370648,25.686480241869127,-496.2176145224952
1776353557047,-42.66661828831136,42.59314768617004,-1.152060057476908,263.68535419178517,-84.38646810113062,-507.7310731610889
1776353557063,-38.819885577502845,40.854058578491205,2.483984076281637,255.53994379519474,-156.95643573057237,-516.1020437248299
1776353557080,-27.41286140529215,36.25928646357432,7.0540661327086385,168.39428417505405,-148.6357763402578,-487.1890333454654
1776353557097,-16.99553975982666,30.316428299602865,7.769034457342326,84.54990769777986,-89.48367435417106,-442.4373606959751
1776353557113,-13.388226630511879,27.294047540471702,7.09790995061025,18.524185076295556,-34.91034677255328,-397.53206343167284
1776353557130,-7.334787008014321,22.09833139337748,4.2179850670412184,-20.56179613779773,-27.84491051959966,-347.53319357496855
1776353557147,-0.9337398165047168,19.291729081781206,0.7597096758969127,-15.020000918850117,-61.663173223117724,-305.7260427974274
1776353557163,2.8565818557739258,18.52917439171672,-0.9243113322935997,13.248699786860385,-125.97476595728624,-253.84007363531865
1776353557180,7.952190007561445,17.063475816455483,-2.525134380782954,29.092576052644013,-153.40145887136413,-205.61254503796548
1776353557197,13.475613822063803,16.155623889923096,-0.9088986956389621,-0.7769760664410283,-98.27963977863766,-164.481077554257
1776353557213,16.955138775855303,15.69264455936849,-0.06883307853378355,-37.65768108316419,-45.18710403926783,-121.13281753390751
1776353557230,25.76115861238241,16.36406848743856,0.036661071357247416,-44.91955869928926,-67.87281238627814,-44.43038396602753
1776353557247,34.42951594510376,18.888754722595213,-1.05030653258604,-24.158005141478043,-112.64907371678053,46.23432230319252
1776353557263,37.092915654423834,20.915447596961258,-2.042703148120269,12.848783673219675,-117.34064186520308,166.74334549039196
1776353557280,36.19763620921671,25.102606148584186,-4.032434146118164,68.5429427363156,-96.02831380555308,343.67998333584086
1776353557297,26.518177587890623,26.629507380566,-0.41374724374338984,69.81546162020234,-93.73636869747443,431.90876069418385
1776353557313,20.35221048736572,26.899305733710527,0.9446619002744555,34.052700409042295,-72.71883843259135,467.41541713222506
1776353557330,12.836809138047695,28.86853601466715,-0.966958049365133,-10.532167068085295,-18.094900856771083,505.55043964591397
1776353557347,9.061155458068846,33.38010918350219,-5.450699500683695,-22.145051062879613,34.04464761601085,561.3245076534308
1776353557363,6.906224910846352,35.760843313189596,-7.9906484791629016,-20.972104384260614,79.63426153325669,615.3850724434882
1776353557380,-1.8379998560249804,40.11380281399637,-8.687959055096282,-48.57228581080413,101.90444166173094,631.0319430017202
1776353557397,-16.62952676555216,43.163863461083174,-9.313744098541513,-90.19347444290794,129.8008057038956,581.4655334025044
1776353557413,-22.13424471054077,45.78222283619344,-10.785429200866446,-142.76062520113123,190.34170371429937,515.5440445903964
1776353557430,-25.022101410022376,59.67757364393472,-20.74665411489792,-107.94868779413949,329.3042656236616,574.1563567263771
1776353557447,-30.21123481772542,71.51016365410685,-27.076923706209843,-47.4723692223382,375.36643300882395,660.2714364234112
1776353557463,-37.40116999495178,71.03417052820026,-23.567023634029365,-16.5050411387618,304.9074856065364,653.8428623765952
1776353557480,-45.74421503096893,58.311980287501214,-20.538208932860567,27.701526065900875,250.81132187052486,536.0098594948826
1776353557497,-42.58970494357133,40.71728980865478,-12.173767400006204,-19.305872906046833,322.06158766929343,426.0724186899213
1776353557513,-38.7856154244367,32.86954743303954,-8.598475804580561,-117.93663051180005,434.16378862979855,327.3885614860131
1776353557530,-32.107590270476784,22.96368711722493,-8.146121182284318,-216.03548201329664,533.0764298501455,210.00154263634565
1776353557547,-25.734975246594846,17.34599044331014,-9.214684004852547,-243.2012070595667,495.01112990750414,146.68541582276063
1776353557563,-22.430377674511817,14.553155375781655,-10.538825918413698,-209.16924310484458,350.65688496922553,103.92399199552031
1776353557580,-18.433706185039878,9.311649391284584,-12.909983679851889,-115.15379287788342,137.96699353594119,66.91224190216423
1776353557597,-17.37097977700755,4.342781951794028,-11.408669893591105,-74.78009390145283,77.94398778916447,48.20147484076414
1776353557613,-17.163282929119468,1.8899235200077293,-9.996689756774902,-77.52020870211103,115.90985383786881,30.539275005649827
1776353557630,-16.560992450769245,-2.3608330590397117,-8.8328081824705,-103.40149618439267,197.9719129417957,4.69209279232817
1776353557647,-14.901211857604979,-5.858311602672934,-10.386345492443441,-91.36653894229013,180.7283490612898,-15.97975178026363
1776353557663,-14.44975418414846,-6.683562402886152,-11.751937387572228,-39.36812096078088,102.36600535527289,-29.556824010529777
1776353557680,-14.90884235248342,-7.647677483910321,-12.245144098608195,27.033728225464973,21.658210546766735,-43.807685864681225
1776353557696,-17.440411186760663,-8.525152392357587,-9.749787126049398,37.862112060117255,12.92804631099038,-67.0913636131478
1776353557713,-18.971353145500643,-8.073696910858153,-8.986040011329948,25.06721260303346,59.93392641962141,-110.71976384230537
1776353557730,-18.880523266148938,-7.292140290942788,-9.415945047539472,20.35024127354034,113.98820060545323,-143.38595634040257
1776353557747,-18.177825827811752,-5.005076816990972,-9.876081263622641,25.827472421811116,160.5963255015422,-171.30871223352017
1776353557763,-17.306785902581737,-1.8445827415466307,-9.232938258141278,55.248092215007084,189.29604273350543,-196.33283146553273
1776353557780,-17.124227076146752,-0.05551672003865242,-8.576030638940631,88.2020918092557,204.49673801439553,-208.67865793751923
1776353557797,-18.411559673552958,4.566193232294917,-4.696376194000244,106.00513014505569,217.47655630552094,-219.1066492528362
1776353557813,-20.34772135925293,10.516381154632567,-0.7861959701538086,104.77160481114055,238.06599763398432,-199.2964232256446
1776353557830,-22.538863622063396,12.946196564483643,0.1306343587346375,98.43290922361275,276.9226159731067,-174.32557946915813
1776353557847,-31.414918533325192,17.226132476264237,-1.1725592401482163,119.74355705672693,286.92190363497866,-170.44339556757126
1776353557863,-46.56767207963318,24.262840793067216,-4.012381611235812,230.66718155518967,193.61386976073405,-245.0736624393907
1776353557880,-54.431874299401045,30.01805325579345,-4.14660736379223,334.6426595166735,92.11099541087567,-374.84777576400984
1776353557897,-60.901159160834546,46.14659098587036,0.17253237633071838,386.42030187854584,-45.726070851578946,-516.0495332304907
1776353557913,-54.858042194908855,63.53881944874227,0.8822636040285229,385.2108393010767,-168.70707951828396,-591.1069191518677
1776353557930,-49.736847181922194,65.69509702665954,-0.6260832957394421,387.85682726478296,-196.22925847695865,-607.6324252449302
1776353557947,-35.53174945700764,58.72991665349751,1.0205287499025464,360.47842378813704,-202.56036572431856,-596.6093741887433
1776353557963,-23.028778305816648,47.690849595366416,4.630236884595081,249.30228719605893,-120.62752013910998,-530.103931523356
1776353557980,-19.072211593848465,42.344746852776034,5.152172627313435,159.2569937071944,12.923273716307834,-471.1948613283166
1776353557997,-12.031162617492676,33.55533496363535,4.707150759058073,105.67013668702324,116.2360226914936,-419.0144290507103
1776353558013,-3.675100132861733,26.796803682874142,3.039588937433064,112.62852167756796,62.68762646653877,-353.1505323936838
1776353558030,0.149786072319746,24.844332229016718,2.0395606123108414,154.20090519295746,-68.05514428617163,-304.58296965869073
1776353558047,6.131998195427656,21.986852547620234,1.1417353550784288,175.19253538050785,-177.61233479965995,-254.0574648962218
1776353558063,9.075519498986004,19.743485299792884,2.8033105491750407,109.26869698332533,-133.15172383146054,-222.5922587108338
1776353558080,11.865962702941895,18.665944330596922,4.302081254223734,15.596393752718324,-26.533200010255392,-229.8321226272639
1776353558097,22.852353817418216,19.730615296825764,3.7714667862156404,-48.256877920216695,31.616153366045303,-199.5671172828305
1776353558113,33.136046744638676,21.46446562706828,-0.4433758180813864,-34.44057660672356,-3.6701061009711484,-83.26738941694822
1776353558130,35.75979365800619,21.732019416156408,-1.21685229965467,9.977080155559298,-66.58577252021595,33.5091710303656
1776353558147,35.69619884545207,20.821324375152585,0.9581303805913776,28.972125666630838,-106.83936945028104,134.38543358048327
1776353558163,29.99246230294108,21.33757410812378,2.458396849756315,6.597623790094755,-90.8748131333734,242.7963954078384
1776353558180,26.15006732907593,22.117185439190266,1.8833397577032445,-5.371991593539219,-72.51110505917458,314.57080992351376
1776353558197,16.575653721067308,23.994239248491823,0.44831448005996644,3.245943456107129,-70.40822641751106,373.41928268023673
1776353558213,8.08761496157348,24.211665317103265,1.0122984625000506,9.74423473788533,-43.671888043603026,417.1853590324942
1776353558230,5.305251019176841,24.666112966156003,2.12126223250702,-24.25837647887867,21.474813137362723,444.20353833231366
1776353558247,2.0346219137996435,28.324753766321763,3.8389531628482043,-90.97171985731754,90.13577300479967,472.62390082722334
1776353558263,-3.3692408707767725,35.15795304231532,2.9382842796877027,-168.9152090426726,87.02434863029207,510.9123567104274
1776353558280,-8.578574770465492,39.346910094727576,-0.10878609954193234,-166.78966783334297,48.44013189564814,529.3480208275323
1776353558297,-20.834193209075927,46.549715274921056,-7.499985753521322,-124.4102018448681,29.148839735931993,536.5286260227234
1776353558313,-30.82863957083821,50.59382056961059,-10.717493984487838,-120.21201241114142,147.89896285335348,531.3721064069306
1776353558330,-32.46986247078776,53.01091561409831,-11.117624754278362,-166.31481942186534,263.41919538020807,558.1989584477196
1776353558347,-35.079842140087486,58.22085274037718,-13.400047087893448,-190.1094636221406,311.76658013711665,584.7841310749169
1776353558363,-39.912238915905355,59.642705159649246,-16.843209071924864,-93.8581441401866,161.41700005107592,607.1376463414545
1776353558380,-43.00853992064148,55.580192686131596,-15.119532701365369,-3.347156827766374,21.83667826713729,577.1127904482388
1776353558397,-44.2360195223704,41.35549594225585,-4.824465699690813,-40.60887604993247,48.85365886875739,505.84708842194595
1776353558413,-39.41933169927262,28.878111652263996,-3.0306104802780784,-201.67502294372318,241.25512224048998,396.56127498456055
1776353558430,-35.58023007699759,24.076839498028157,-6.220733513652905,-290.22195051360535,369.84296831006134,319.5333794876349
1776353558447,-26.718991544397173,16.88061866466105,-14.479382868084311,-275.6091432749566,380.6829702964918,240.71734046599985
1776353558463,-19.98155719300471,10.777947101482749,-18.1865045713678,-185.97684400444604,257.93373385398746,213.20727826291278
1776353558480,-18.670282944323123,7.621343603736162,-16.664389112357796,-111.0330987704797,141.45443348463633,198.0152163411336
1776353558497,-19.50421404072866,0.6567582738578319,-10.655843109075725,-95.9565831588896,98.99109960334287,162.73108746625135
1776353558513,-20.19284702388346,-5.321113774219155,-7.99962571247518,-119.35721423651432,122.0881560931172,119.90003669061191
1776353558530,-19.48670556430593,-6.951562182176112,-8.352469136314093,-131.8685225317119,130.9141675197427,85.44796146042064
1776353558547,-17.434426851654052,-8.189666638293861,-11.925218317247927,-91.27198180342047,60.709152890417855,68.95246721857123
1776353558563,-18.756025291277467,-9.0203061458081,-15.873106924980878,-28.394462417577007,-13.096469384412787,58.899289364147876
1776353558580,-21.123591750225422,-9.754723997929691,-16.51969013404399,23.97863242104246,-55.71191670116431,23.060052232398494
1776353558597,-25.796474840435383,-10.493035350358486,-16.00673096705079,56.30419997013655,-52.66774578431923,-68.17173561530375
1776353558613,-26.758194404625147,-8.186074166759848,-16.002692505314947,71.29063221676336,-9.914876769014345,-143.59659937440577
1776353558630,-25.315240452874452,-5.747281085205078,-15.6957866567865,89.61892576011564,60.32352040987894,-199.8864286265286
1776353558647,-22.00316268110387,0.4655214162528515,-13.565697120831906,125.51592750922312,152.08239907847295,-237.7385583651739
1776353558663,-21.899162518930527,7.744645573756098,-10.166677490124107,165.19371217149944,186.64571076948704,-255.84041747716194
1776353558680,-23.68404009403903,11.188702908325194,-8.014290197643637,206.56875786138895,171.05025787532688,-288.6319917578531
1776353558697,-29.34094061456248,20.02031603579223,-4.840026978435367,265.18173935590823,81.03706627556143,-350.96918853883517
1776353558713,-36.523096828350425,31.251664492145178,-4.449323195018619,310.34469867646004,-3.1703753103471657,-403.69431474237166
1776353558730,-39.87707583258748,37.81641756025552,-4.489575929625705,323.7350659782166,-45.441835944363454,-469.9120971606749
1776353558746,-44.63240690438151,50.63946237684488,-4.158578025033139,296.55438281766425,-29.736840476294635,-568.4016764638312
1776353558763,-42.342055494800206,61.58978965977132,-2.774579718261212,275.88735054022953,-1.6659330843244158,-599.3130362698013
1776353558780,-37.85068164890706,63.21590442243814,-1.3898331138726323,265.25848336142246,-24.74271373066074,-575.2842668451563
1776353558797,-30.021492582592366,58.03021004927307,0.011223258673399687,253.7487676664939,-104.8259867773122,-524.6111480343451
1776353558813,-25.470116395679113,49.40060944044739,-0.8774743239253758,244.48659401984975,-130.48476718700235,-498.5608611814298
1776353558830,-22.627900334388016,45.547442312677205,-1.3277341658994555,227.90644641342718,-107.0888079587699,-472.1585190579354
1776353558846,-15.901390185657142,38.6687508305205,-0.4007285530205816,193.8783483457753,-59.49421250123433,-419.60018607393056
1776353558863,-9.994744467926024,31.852010850690302,0.5099653189394623,175.79740327302582,-55.242645139144,-375.6973693344894
1776353558879,-7.355736272540688,28.607716648400572,0.599149476910755,166.5667714399688,-77.9317275996043,-332.85678361476863
1776353558896,-2.545187171393633,22.520310897284745,1.2119157200353219,138.0572339952554,-95.18916359431448,-282.0446021524559
1776353558913,-0.3806780639648437,18.893093628582356,1.6582846372517757,99.94912242689637,-75.74657932938797,-261.95477550140066
1776353558930,0.29972412033081053,17.854907933697103,1.741183440476423,51.75815924726488,-34.97666449429952,-250.49798011216137
1776353558947,2.5559581562548876,16.32830539240092,1.3775637254134752,18.47829474280953,-1.244685649575522,-251.32522530367663
1776353558963,8.12726658848226,14.691271468573808,1.5355812907121142,15.968430741714334,-7.608560942921989,-267.2299218426983
1776353558980,12.048371526446937,14.5176906791687,2.8254582936378196,-4.693061825416666,-4.126457079515911,-272.63312057055526
1776353558997,24.800185336515305,17.310974074986575,4.166210109080467,-41.98945877177256,37.25375394093339,-155.035554309533
1776353559013,31.85829475326538,18.243369491145014,3.2242415623761014,-39.9512517762653,63.48212090098382,-27.219990899225806
1776353559030,30.72044982975423,17.81151302860677,2.8914474631157234,-8.782752423517222,25.4622929427418,66.38556601526454
1776353559047,27.188402077043055,17.07125755637288,5.496339127091928,10.897129688648464,-97.08184316427086,156.16082797529262
1776353559063,23.57166177869141,18.968363096839187,6.682965514705237,3.404627320103331,-140.37978518100488,228.56629732876377
1776353559080,20.711040876659748,20.04665108501017,5.815067833023704,0.7339930990247563,-132.04735054456117,301.93862094038525
1776353559097,13.637822738105058,21.434090362548826,4.577713647283986,-10.963405575486036,-76.20370339996941,381.7574136944482
1776353559113,7.52722096644938,23.469911715266107,6.078429248455912,-57.28149075733866,-19.028092527597,426.0978816351471
1776353559130,4.172942687004804,24.14417641972005,6.544550311102345,-123.45017777588778,19.204471917628826,446.47900219392506
1776353559147,-2.139219183349609,29.073388798235726,4.609736021423339,-193.87281589254758,30.356642577432858,480.3058419074934
1776353559163,-7.30994599674642,37.25737052276097,-1.1170437622185796,-201.9376846984452,9.910054655460316,526.3519173669712
1776353559180,-9.367762908172606,41.86486103027984,-4.959737792095542,-159.18881475889935,-4.493008145947931,585.8743385494777
1776353559197,-21.052064975628255,49.34883424502462,-9.85797452904582,-85.44751749812458,31.08345325229767,594.0887065359285
1776353559213,-32.429611708942055,55.559843725585935,-8.376712035558372,-82.59719076501905,104.02935449365692,575.4784627836381
1776353559230,-37.06553314197957,61.80825997673869,-9.834033498824946,-105.46337320046861,220.97903633076848,614.300711610857
1776353559247,-38.55547476261556,63.452331251856684,-9.411306519284937,-132.86839392431006,254.25146958940684,644.7071291918663
1776353559263,-42.03290420543253,58.522819671198725,-7.430404012044705,-154.85947203273008,190.32920446811823,621.9723254451019
1776353559280,-41.575461758477985,53.11775978579223,-8.127864517842792,-130.0278002107718,61.76255930573058,570.9785155923803
1776353559297,-36.7306437463738,40.77056079559326,-9.071330303667859,-96.21167023382208,-23.472071441248463,494.09102146403336
1776353559313,-31.708059183612463,29.570785289111733,-8.072798646844179,-124.90254920099929,48.96044204624137,440.41669021116184
1776353559330,-27.666346483147887,20.176088196784256,-9.75233067305237,-186.059120463188,240.71876114534723,359.8490355164987
1776353559347,-25.49779745267853,16.399084855762123,-10.60960406660065,-215.3751666450965,357.15701207778653,299.33192022478494
1776353559363,-20.725704777306316,9.259424698528647,-11.003151110619307,-221.53594263493463,397.31672122752065,245.10221263012133
1776353559380,-17.445050683129576,3.643824704632163,-10.430787276238203,-193.95140404913775,326.52123674444823,185.51143491440135
1776353559397,-16.37409464528188,1.524808351355791,-10.202439416117965,-153.83574961955023,213.37077933126454,159.4625140993201
1776353559413,-15.625457859802244,-1.7238257798343897,-9.137618812285362,-124.3485662177979,111.01619405228392,146.8100804354917
1776353559430,-16.593612863866984,-4.464285932481289,-9.00907981839478,-115.81582945375442,21.73020074061867,136.8043177542866
1776353559447,-17.86972147194743,-5.421072278052568,-10.816105859485267,-96.55718218317634,-24.535262102547232,114.93175708834464
1776353559463,-20.733636154827476,-7.937527860480547,-15.465345039257405,-51.96884326240309,-80.03345193929809,69.5911855286158
1776353559480,-22.79848661815226,-7.519289004406333,-18.006490241783855,17.48977853970651,-113.1565294513558,0.2531381765023383
1776353559497,-23.16180613555908,-6.523452504950761,-18.1103404923588,57.70275633477753,-82.97862267921842,-46.33792261252328
1776353559512,-23.048678938072918,-3.825636146765947,-16.814478259277344,85.57569965827821,-25.951068109937083,-92.78851602559509
1776353559530,-22.000169125311075,0.46118251026570795,-14.15137636386007,111.69255353484444,40.658449562928425,-158.30624503510697
1776353559547,-21.740097800932823,3.007867226740718,-12.748971864640712,133.59585005205145,55.09550920404359,-210.17369072418666
1776353559563,-21.214421629577128,9.523387769648432,-10.295065385106206,160.74990913521913,45.38287433635332,-256.7008027465301
1776353559580,-21.69116630450338,18.201321324488518,-8.429833531023561,193.39151978249345,24.160660377517885,-301.4048553171271
1776353559597,-23.08848305212967,23.07382039359212,-8.39287245837301,228.00936370384093,15.34767241409231,-334.59479355097005
1776353559613,-27.717673167618177,33.22642961087525,-8.316557572716475,267.3845573255074,2.4780436438559894,-377.2701433342899
1776353559630,-32.1066925909847,42.39427843399048,-5.080494461546838,284.0350285596244,-56.15836518607303,-462.2602089127529
1776353559647,-33.84742742004394,47.85530219868123,-4.387074024919793,274.94341839693374,-137.789736466601,-533.0218429782988
1776353559664,-33.584064945165814,58.794411337500804,-8.048855753459781,283.598115018797,-222.7136584931416,-583.6049672166059
1776353559680,-29.545345727428792,64.70898434109985,-10.471488832325022,298.7286505965327,-267.0209180540959,-595.6584479317376
1776353559697,-27.86057770026326,64.29044913242757,-9.670927825740211,289.0174329930952,-248.59049952227357,-576.4678020245361
1776353559714,-25.214084702080488,58.13480702656209,-6.363936371657438,254.74078434154657,-211.0841139594143,-555.9860864396621
1776353559730,-23.003339913177488,51.221403017866606,-4.522945078731515,198.0689152883882,-142.39368011816146,-535.8489948795504
1776353559747,-21.020492610278723,48.0592576680839,-4.405929239776357,168.9833333494543,-97.60865565495395,-518.9223107953981
1776353559764,-16.50427950668335,42.53000120190531,-4.509029402636364,151.81166404015198,-69.61034420923768,-500.1409844647772
1776353559780,-11.908310729327797,37.56487458377774,-4.790198240905255,141.60419221237802,-59.08982432123455,-470.34830036182854
1776353559797,-9.713426357379555,35.10692727702036,-4.941631495910138,132.4756717074127,-53.39170485520557,-444.2046858040942
1776353559813,-5.168782109069824,30.77865885761678,-5.1479817514948545,111.75064429373539,-28.810014541775168,-399.38146009285884
1776353559830,-0.8813660706669092,27.358692592731117,-4.951806633770093,97.99202734287759,-10.119003802549345,-377.4630551972077
1776353559847,0.5716138927966355,25.92112354888916,-5.25003430499807,105.87799300384506,-35.344296011280875,-376.6418205721621
1776353559864,4.292203857201337,24.43387482059896,-4.245667439214885,104.91452651952306,-72.42916327970194,-373.7073254179145
1776353559880,9.757418643841147,23.505074798583983,-3.6198834186829623,75.39095870006209,-68.76757399773898,-331.1030096019628
1776353559897,12.760495713695883,22.05269046292603,-3.6749497646056115,56.9957668688841,-38.08259739671444,-285.05780840669877
1776353559913,18.74450348804891,19.273323364257813,-3.7008361932732163,41.303519948901105,10.374450316186884,-203.53167326580774
1776353559930,22.430675050023197,17.14367864946127,-2.9541444043815135,32.984609087014036,52.108155215809255,-138.70095200377241
1776353559947,24.122777657860517,15.982793042102456,-2.521841220989078,31.102707555567935,71.54459914067193,-66.31033148155686
1776353559963,26.659732422959802,15.077633423393964,-1.0209762014091015,42.04673332305771,50.96194702024357,38.39534834371474
1776353559980,28.421867182922362,14.395585809978842,-0.3513486552365124,54.028619995309256,47.643202498763976,131.89286532591382
1776353559997,27.896337580430504,14.698600788548587,0.15592223698720334,72.43720241235505,52.06502257120063,234.28272853195756
1776353560013,21.716008777076006,15.441553244781494,1.2384008087158203,103.93067875071776,54.458614554507406,347.80019933000267
1776353560030,12.412440400916337,16.032921639361977,4.037522409167885,102.53254585780532,66.48993130578233,405.56887382046
1776353560047,8.176047862786055,15.95136885305196,5.290886685998737,73.3692022151708,83.26603703949256,439.13493691151723
1776353560063,0.1541261473506689,17.02292490261942,5.7520694885253905,27.59003347298417,100.76643652335844,452.62677350358354
1776353560080,-6.080226507136225,18.936190719769893,4.421492938806861,10.617359163829217,114.59206446016323,448.81244070121153
1776353560097,-8.413524493518471,20.64250853463821,3.920954715839028,-6.41480225101514,142.4426252537538,453.06614591251207
1776353560113,-13.801075610241293,25.5908728459347,3.6501110914252695,-40.57250529260215,134.98323905739946,529.3484033181259
1776353560130,-26.460266666191814,32.46776988242269,-4.712237341607362,25.11831949349808,133.93196366110777,545.8575715986937
1776353560147,-34.855834647259115,32.74175545812398,-2.894439731133729,78.31334392891125,41.40478091844113,483.0442013495349
1776353560163,-47.94403729771077,33.11584975978434,0.45489908261466766,73.94622342644264,-73.7173711081122,410.1051302973456
1776353560180,-48.024994748476146,25.866955905371903,-0.7544729077545925,11.374213279531977,22.37229487166052,352.6272579409908
1776353560197,-45.78865608411133,23.593660844531655,-4.394407326949946,-11.430195217516694,147.603379586832,309.2858281098113
1776353560213,-37.421521585845944,17.17181344157755,-3.8875845438199117,-19.02592394253552,168.27336250598816,269.81069516020926
1776353560230,-31.855900551605224,10.27845911822021,-0.5363006056194193,-13.022749445153547,80.17441338338881,224.05320885354283
1776353560246,-28.74209107044637,7.37982792674601,-0.02349255580101162,-9.384022513889906,-8.131999320155087,177.40762036985635
1776353560263,-22.53153137947917,3.982455770984292,-0.4915589986278675,-22.482137973892666,-37.96139568989256,131.8920730239701
1776353560280,-17.452532417187093,1.6965911514282226,-2.9191297439578454,-27.818125932769455,-19.45341182230828,107.3747948095075
1776353560297,-14.730474767193197,0.6654390084415673,-4.071788219419052,-15.76190801932795,1.120838631832441,92.16297315045946
1776353560313,-10.149021129663288,-1.205180091637373,-4.992807643160946,29.565091954520078,0.1260697107093913,82.93745029890158
1776353560330,-8.036885183550417,-2.790742479163408,-2.624642912359163,63.61501589166476,-26.574978569861067,70.94384302203429
1776353560347,-8.012045341326296,-3.7734114540100094,-1.1342528173033148,90.92957075994939,-67.84863351661629,41.69186401454052
1776353560363,-7.015459484808146,-4.5223470763057465,1.8263270634857938,99.67704867149808,-120.07988923183669,5.981008825977991
1776353560380,-5.2398602631166575,-3.113957365196943,3.9359184396823865,85.4384265163393,-139.77596913761906,-3.878813630118289
1776353560397,-4.907065063311159,-2.057666689300537,4.280234346737899,64.07885403820032,-150.1233095792165,-1.4729048947472738
1776353560413,-8.496871177507936,-0.333692440906167,4.10051958462242,26.995084722688333,-174.088585565337,-23.134496171709753
1776353560430,-15.879392581121623,0.5979518646240234,1.33746119466573,6.597517068388974,-208.49771256602725,-69.4144134027067
1776353560447,-18.7346282829836,1.6525988649666308,-0.8001118882775539,-8.804333259973523,-249.28545760994402,-123.20771972073067
1776353560463,-23.905955692622065,6.756289785444736,-6.59931727221962,-11.691188698533928,-274.8613468438669,-174.2562257283258
1776353560480,-28.721591887775062,12.46241994509399,-13.073388308483734,8.832471931806683,-254.08410263398486,-207.74488911570845
1776353560497,-30.391247101482747,14.337228313556313,-15.501407994024454,36.49932198106505,-194.707219122313,-247.13392070063333
1776353560513,-32.55291367896199,16.68234883967936,-14.837914274431764,23.042326183955016,-65.92943915230192,-310.0673656754009
1776353560530,-31.400853183093666,18.68749214553833,-14.497040689849852,6.131757931149342,24.221925466825606,-359.1835838460427
1776353560547,-29.31056491165161,20.319140576934814,-16.017507943261414,25.91256633358572,59.76594474717412,-387.7342936710729
1776353560563,-23.69825694503784,23.615956555230913,-18.437895964879914,92.19527994523362,40.06388842586799,-382.8249722617212
1776353560580,-20.28906400310099,23.63825431175679,-17.56012214655131,144.71158677527532,2.2320603573135043,-374.1833622823077
1776353560597,-19.614198410144446,23.158064903204142,-16.86161351993978,185.90548218799773,-19.06138286961164,-370.7348817326383
1776353560613,-18.63691521998942,21.392491108703613,-13.256843499236552,202.27125747713026,-19.43080731125012,-381.34129124945434
1776353560630,-17.516726949200034,20.948965324224904,-10.524610857513174,199.41558270590463,-4.382972090871733,-386.7933394902553
1776353560647,-16.2998751244694,20.76162015856253,-9.537152419900336,192.2594022671855,23.573288014558884,-385.31774542196575
1776353560663,-12.712762487140298,20.015824277330935,-7.143250582940876,179.35987967994274,62.99507377164855,-376.2897106600696
1776353560680,-9.763556123682855,19.6133,-5.325751699685491,173.59607428466575,82.66700212852575,-361.48751593611473
1776353560696,-8.923490031653643,19.21526455852091,-4.466084341939073,168.22652106866022,93.4279993168267,-345.3457025498669
1776353560713,-7.786243658557534,18.01427168944031,-2.473509078692272,161.0176798714403,85.82071903437408,-328.70826331668627
1776353560730,-5.081993467932939,16.501434930907187,-1.0058639724731444,158.41200368421545,61.961085584146176,-310.9834033261263
1776353560747,-0.8279454461246728,14.8439000708431,0.8803175845272838,134.02605634711387,44.52660767105467,-268.0654725442443
1776353560763,0.9136872085571288,13.634828232464194,0.9407715417724102,116.79639873175812,58.88782147653143,-227.7558407422284
1776353560780,3.3255455214351413,11.238081564000248,-0.22834705640263855,109.67111123865497,90.73011557580668,-187.79896089008702
1776353560797,5.2632028525203465,9.483132916149497,-0.525826393481344,98.82688136512826,151.06763787348413,-134.02981295115737
1776353560813,5.954079669079184,9.098714496612548,-0.4040213109556585,98.78684962640281,173.0970196827696,-92.99308019123697
1776353560830,9.39290027203858,9.776421450474858,0.6675325466547161,114.4618537338261,136.8290976805954,-45.38974892175293
1776353560847,13.651738450732827,10.31033017425537,1.985392018945515,145.85549319709074,67.97202771416174,40.91456458133098
1776353560863,15.317653308868408,10.494832755169272,3.487454212420806,131.75802373131944,66.98025009573004,113.83284112259211
1776353560880,15.899146206122635,11.273548014178871,3.8349126552857458,103.80299519437354,106.54965331625661,191.6175693908794
1776353560897,13.746460222956538,12.739247758483886,2.308009669738263,96.68741340008097,130.17821463667383,298.12573613811736
1776353560913,11.855037404301761,14.05815301350057,1.8827399286465718,118.72017615300557,120.75432943124044,379.0157211200917
1776353560930,5.200656087714433,16.27293977127075,3.8340146652664058,127.98153017694935,108.21362400185512,441.34958476875886
1776353560947,-10.526705564770102,14.691420813916622,7.349002580371499,72.6036882733741,123.03079050047066,446.77362923396277
1776353560963,-20.121319080242515,12.151172267968953,8.676586834672559,-21.442427795413106,177.88106176236494,375.6025663088096
1776353560980,-33.246333750262856,8.431630059051512,7.11930805488266,-124.52279068314658,214.62263006272283,296.0087599860069
1776353560997,-37.48780987526774,13.096432335065957,-5.416731472369283,-81.59767454225774,-11.02875853301201,333.64949536984034
1776353561013,-41.52967177494466,10.135403961590677,-11.718269730443879,90.41798276092626,-203.08380410155166,316.56716493488176
1776353561030,-41.792586798316236,4.149300968524068,-6.792050798123143,186.6192506166424,-231.63807928532864,257.0730207355391
1776353561047,-29.242780830714104,3.850774387414753,5.544672167006577,117.59878203469454,-87.7687367969859,219.78865730184032
1776353561063,-24.97511461791992,3.5181294097349047,7.629871677641989,32.556182056230405,-1.0864051936271737,196.3157559926077
1776353561080,-17.253963901519775,1.7097589682981371,6.561608404275915,-23.30546092927705,16.207721296643854,170.94086556557997
1776353561097,-8.412626667895912,2.264016944885254,2.336441590770753,-36.00369271903766,2.176088237725719,171.4585529235319
1776353561113,-5.038597978320717,2.335842994689941,0.7731773524962365,-12.075168273293706,-4.425753407624931,191.45184168085822
1776353561130,-0.6477811866760254,1.9499279068544506,2.0983685741809195,3.739635719174586,-17.28787473274635,215.2882729784756
1776353561147,1.6927005737304686,2.0088848304748534,3.667917290419247,6.5405601209002375,-60.051125635589656,254.68846509250426
1776353561163,2.207455099707842,2.265961649212241,2.8296470870971677,15.277251456202185,-76.97765945558024,295.9458402833728
1776353561180,2.4323586645931004,3.084180651092529,0.015262962518259883,38.41610528860241,-72.69749409143506,336.836570919595
1776353561197,0.19467852249145506,3.3638533325195312,-1.4160210462374612,89.70853101183704,-45.54806929161925,371.87344694652273
1776353561213,-1.144727668762207,3.8177047692447896,-0.8382707695776597,120.01940107654706,-20.793387361985353,384.74185119190696
1776353561230,-5.25407671225667,4.314203507563471,1.3260885175842791,128.51186704524414,22.893136069461722,383.00728367104716
1776353561247,-10.74727226949483,1.5010142187923192,5.88225413073115,78.17963614571909,65.00000067042492,323.63807729200244
1776353561263,-12.296470673480629,2.0691893693119288,7.41304667106308,15.066589639178774,68.03021409570108,279.5262021224455
1776353561280,-16.81178551306203,6.328174263000488,4.517110636956989,-3.49985808637988,-11.604901211201865,269.11579171405214
1776353561297,-28.141746903858333,9.73542308513224,-1.2119153547091408,38.220953123636804,-196.22901259014853,261.5727493607435
1776353561313,-36.592528822625425,7.28420949794352,-4.015375788083113,72.0246316657296,-267.91406091072344,188.4493315028556
1776353561330,-51.955674520320066,-0.8153753028869628,-5.192574049676209,-3.6017107210567563,-148.16570906119915,-12.491349628669154
1776353561347,-55.635860066687314,-0.2657575533211231,-9.737966449472122,-72.97849490407856,-8.827656648441824,-181.55922791344352
1776353561363,-51.81381829115152,4.229357817187905,-15.532083702795207,-39.32483122182134,-2.8720386238165325,-297.6708182186378
1776353561380,-39.08489377376139,16.092476821136472,-22.784420208474806,52.40680865236265,-121.07760228465713,-335.74707378470794
1776353561397,-36.49062605285644,23.777564875030517,-22.685358653481117,138.7793079339308,-281.4905645277412,-372.5561106936872
1776353561413,-40.331824510413405,28.532749231830238,-21.71600808295626,128.08597742973717,-309.19318342390926,-435.684735154177
1776353561430,-46.90420851179361,39.78310341742635,-22.32263971404964,77.76506415366681,-231.51631067280564,-536.8209581191999
1776353561447,-43.25739047056436,51.909581681382654,-27.733533648505013,79.76971784487638,-143.2174692339567,-572.448536226307
1776353561463,-36.92023678229451,55.53455497055053,-29.156288455410323,118.53808330973304,-90.98335849966324,-553.5303875462325
1776353561480,-23.412298899731038,53.75745761925578,-26.30868575205277,176.3299121414767,-140.9961004705718,-503.51028946158783
1776353561497,-15.413122100067138,47.86338409058899,-22.489184777865372,197.9347157315758,-194.39659577923916,-475.98872521993843
1776353561513,-12.799402075195312,45.14566227784231,-20.240282144275305,186.83486602836138,-194.64043353260863,-454.4612530316222
1776353561530,-7.408259071460366,39.02114720471166,-17.799691730974985,172.991056127986,-148.13893471965272,-420.34560559918907
1776353561547,0.5113116920471191,32.633566191964036,-15.536273701830952,175.61178605214155,-134.95276275332284,-374.9920020385239
1776353561563,4.742762097600102,29.488782713207602,-13.99321014733836,177.00772645433042,-142.13959708103698,-322.0237211005349
1776353561580,8.719830914849043,24.2185466010496,-11.429170245306192,182.4983516035636,-179.7041621952464,-285.2030455492099
1776353561597,11.258583669281006,20.708796604864297,-8.974514116448164,160.3927448831408,-170.0875153910569,-282.59347615415817
1776353561613,14.333338904902337,19.87127552114278,-8.420106794518231,128.9661429269417,-108.65387067499746,-268.5642129574386
1776353561630,23.428310707855225,19.17231798171997,-8.473378073717653,109.68444376791483,-10.882612975341248,-199.80831858318035
1776353561647,30.69710811713338,18.45211307160705,-7.330595401543379,112.00312223640492,47.59080470254622,-117.78815585962231
1776353561664,32.16460117459595,17.997363224737345,-6.108505676159262,116.10701407845039,88.2620881909251,-27.5117424296229
1776353561680,32.61471517835855,16.268900432752073,-2.287510048675537,116.78514258000594,79.57735922728132,86.87977401613041
1776353561697,29.116634577178953,16.066588638903198,-0.21293343336731194,115.58634875802032,52.36803708353907,161.5524563626956
1776353561713,26.107719887211918,16.474052126201986,-0.03606149346232414,117.55980897529045,36.834407646651286,223.16256584615152
1776353561730,19.847181821110844,18.216431799858807,0.04309709118753671,117.42506300334443,54.48488687714986,292.5757703053751
1776353561747,13.475465353503823,19.10677671127319,1.590797950091958,104.31482908020678,81.54380484027384,321.0687786922971
1776353561764,9.645338909581303,19.700388500866293,2.4738094498783347,84.04523868038595,105.35635779655286,325.60470732010253
1776353561780,-1.8318652987927198,19.356821293286234,4.8053135385811325,46.24072219044483,100.87484528586488,263.4051251905179
1776353561797,-11.892598780933021,20.334553103991595,7.60697751699239,-8.559623803711245,91.63686416926089,204.4400064631494
1776353561813,-11.82496141498983,24.079232676775007,5.673809021759033,-47.75010178946385,157.04005090639168,219.76432816801673
1776353561830,-12.813321294954418,31.482405969403683,-0.21742256148010491,-69.7679781450924,275.1909990939684,329.72970444668334
1776353561847,-18.908506301769613,36.29729426879883,2.172439315906167,-129.86477725566195,278.43859011976934,394.32397822003117
1776353561864,-23.68479131426513,37.82359782714843,0.24899792250432073,-160.11307595738546,227.9085364513132,421.9487876011745
1776353561880,-29.778331476482748,40.17141124561727,-6.611288536248728,-127.09281328290396,154.903540413255,441.6295132417027
1776353561897,-32.711678007507324,41.35085659201741,-8.396464491515607,-86.58888308956874,73.41915821876027,475.3398572487872
1776353561914,-34.71682365145385,40.832361710467936,-7.867944730764441,-47.727224070838886,-4.30002926179886,502.5531340720589
1776353561930,-40.46844364264607,34.691384089770914,-7.445517154296114,-12.80753359950103,-25.544147637302526,465.14254874249826
1776353561947,-44.06243639487773,21.048024760326744,-2.6942244711726904,-44.39211441610795,7.3700063408755385,356.56538109188006
1776353561964,-41.33409630361348,15.77569401397705,-0.4703109886169433,-126.30926764169844,76.9802412670865,253.99211364624313
1776353561980,-33.21520795963704,9.69711468952596,-3.2956181468136605,-185.50733680089937,158.81954741161178,153.40637660756656
1776353561997,-26.187928857697546,5.036503051868081,-10.757895808709412,-137.91106794701713,132.57843873366468,105.13904849791973
1776353562014,-23.35274590991363,2.735226928168535,-11.92327302839905,-66.62086603217148,43.561457545102265,81.06297318308329
1776353562030,-21.58118514995798,-3.733456460240483,-9.497048774907737,-19.27794255498336,-13.073092208204772,38.35376956714229
1776353562047,-20.551678728351742,-9.174131264385581,-6.503698587688803,-13.155856171698755,-9.439578418825144,2.667186096125629
1776353562063,-17.913118130603433,-11.407771775707602,-7.583333898815512,26.34935351591345,-20.94127974053635,-21.810723548291243
1776353562080,-17.637785231946406,-12.997373209491371,-7.455394039861858,65.87954462041498,-21.067692881694942,-35.127522882497594
1776353562097,-19.01878994639292,-16.21697472294271,-2.4485196719296276,65.21469400660594,8.637182309284032,-55.292915331435296
1776353562113,-19.653851790618894,-17.192313208770752,0.14110884486734868,34.8353376350882,4.600563988581768,-85.97650198896373
1776353562130,-22.05448815999776,-16.596605908203124,-2.72475039620921,37.87406489116478,-76.54569780190111,-144.33767489935215
1776353562147,-22.773198739899694,-12.116604520195722,-10.997315244072675,76.72968943776293,-136.20214095630158,-181.55801213977125
1776353562164,-23.687931950378417,-5.9308870095402,-16.244209789740292,128.57609814419897,-138.75977359290457,-221.3807060954786
1776353562180,-24.848223391236363,-2.325665884068608,-17.59708234241903,158.92261496618727,-88.98974922434158,-255.76629626428897
1776353562197,-27.719770176430046,5.968296995002031,-17.43143402651362,186.2940653102581,-58.165904632206924,-285.99021119067555
1776353562213,-31.201087566596268,14.758608390265703,-16.12165496655954,212.63228561782444,-105.77291054346442,-320.16153832522264
1776353562230,-34.15927277080119,20.054132965198157,-17.25261660596351,231.38186522918312,-187.5624041183728,-352.7773035366776
1776353562247,-40.254612675917144,33.314119584766026,-22.973412636737418,251.1228331381908,-221.36208699980114,-380.33553223379164
1776353562263,-42.9702341553837,41.270648498314614,-23.382071816077197,229.00284203937596,-165.94321614988164,-420.4050009242115
1776353562280,-42.8798530427128,42.929083522088824,-22.99017189994475,204.21129074860235,-99.9406188413797,-456.44665241956153
1776353562297,-39.042697138544916,44.25322667775899,-23.487267056086893,210.06502241449175,-53.26232058175801,-489.47780241558
1776353562313,-33.361255429950354,44.73879909452423,-21.08902595694726,241.3198724338217,-45.24473376038981,-511.8657964770478
1776353562331,-30.218865166473385,43.60619185247086,-19.360112325055105,260.16291635378286,-80.7745206340553,-515.5249200607204
1776353562347,-25.024345974078773,39.49385286991279,-14.672115855131716,252.41032379673823,-102.19705379596346,-518.4972544629699
1776353562363,-19.309686471015215,34.9138930146046,-11.112536162435077,216.30780165550505,-74.50947497634775,-519.5488850290984
1776353562380,-13.881881669837236,33.45507791524678,-10.473583703978731,211.1041400740608,-49.396529134179175,-477.01232468971324
1776353562397,-0.7568675843387842,29.93290799794942,-11.073480857451631,237.8804350546134,-63.40683172576277,-397.2106893708454
1776353562413,6.784568369945883,27.38861894443929,-10.158446837395429,292.17380001234153,-61.46403222767683,-297.2738749448334
1776353562430,7.324460259789228,26.594491596764325,-5.336824261309206,250.68660261628042,-20.401612833835298,-266.5739777955669
1776353562447,12.351686364746094,25.438539938676357,2.152239408442378,163.13293481587988,49.44200111857854,-237.91259158522584
1776353562463,21.784542215076087,26.70671979958415,2.110938260760903,87.82920446170803,80.92344607871826,-160.43186820670664
1776353562480,26.262298454505203,27.698668059429526,0.5805941948488355,97.41601699960292,55.439801964631,-62.113091444124805
1776353562497,30.711023245239257,28.160000207298992,0.9633683543100953,112.90643524470661,29.3201886916401,51.24805339929165
1776353562513,26.6733517829895,27.15204130837321,4.110396798981726,92.00814642235362,42.24823756395142,181.455395377681
1776353562530,22.877193659642337,26.601673617222904,4.6918882349312305,66.65233271367774,53.7020788963747,256.0945278350431
1776353562547,14.800956416651605,25.553914038306473,4.523994258990884,54.95744717525553,35.18747486793738,314.3494025113786
1776353562563,6.694787561255693,24.15928981769979,4.6034521188482636,49.98268572346591,4.073367726644695,360.62838742155384
1776353562580,3.2380057696700093,23.27717497449219,5.081994052454829,32.10276336327369,11.36001331624752,377.54121988206936
1776353562597,-0.9252098885685205,23.324312573242185,6.022316462220251,-9.567267951584885,43.8822168889044,400.4432539804723
1776353562613,-3.643676820594072,25.730185601165516,4.753389290076494,-76.33409171122496,80.70584308195083,442.56221655400293
1776353562630,-6.692541828155517,27.789349643751187,3.0572461746767163,-104.37216851828904,76.00696663111637,465.14533545967964
1776353562647,-17.00661469607055,31.328876180510967,-2.0078359059438107,-113.31130153794828,88.18899150642763,464.69858644644745
1776353562663,-24.153454535675046,37.05146691496521,-7.229739802739769,-104.61701713965566,134.60979163433984,500.61756774430404
1776353562680,-28.65230850819051,40.859445239965616,-9.457843430461734,-92.54790895170305,187.6214169528017,560.636844207794
1776353562697,-38.22148480006754,44.99183876670003,-12.234818081035463,-68.94974880328157,244.67450618429513,594.4393957686736
1776353562713,-42.25317075816691,47.31406473944783,-9.61810574247986,-53.98560346391651,254.11672361746085,612.4874329900019
1776353562730,-44.86868760332763,46.63291553617716,-8.546101547286101,-21.896123111031205,206.79763750047607,587.2856195565424
1776353562747,-45.987227814649046,38.4797593041569,-4.526835327635705,16.990549767986526,95.98636278367086,538.5763167358932
1776353562763,-42.62083035060465,26.98055719898641,2.8033120744118465,0.22657247589069102,-26.00022156629908,464.1142501025745
1776353562780,-42.35582420017272,20.19883252803385,4.721965612482652,-84.53184184742517,-26.738045921200538,352.0525931449826
1776353562797,-39.24201252705678,10.120140779876708,0.6162083098698407,-200.65649147431253,97.72265834239063,175.22187787318222
1776353562813,-31.182082860266416,6.556221971130371,-6.790852272520959,-234.07689395113007,198.73114310955597,68.06693319267907
1776353562830,-25.718065978174284,5.829731404876709,-10.052204138725996,-199.05643769896702,224.73027184558785,15.777339124210302
1776353562847,-16.89258908843994,4.093784979137778,-11.62100550719574,-103.01804253419898,124.63863069147,6.039446216969328
1776353562863,-13.52813779002726,-0.553059998974204,-8.593237794329225,-45.32128310551273,28.45984611095425,3.447542892762402
1776353562880,-12.816311708942054,-3.0421336534798145,-7.1619541143670675,-6.046389104260645,-38.800965957765115,-1.0705747361217883
1776353562897,-12.891130949213355,-7.746587939995527,-6.123767834959924,34.45989579679094,-52.08653425199158,-12.330967395447145
1776353562913,-12.75929948964864,-11.157729093390703,-4.606293625884502,57.513539604200666,-35.277821195183726,-18.70809645743461
1776353562929,-13.400047855078428,-12.450745873913169,-2.963871725408733,56.16262380902053,13.287507214177104,-27.34261157784775
1776353562946,-16.119262682861834,-13.934402130669355,1.8222880537606774,15.005662644234969,21.93711790642962,-55.22533743978719
1776353562963,-19.351584269415586,-13.84671683295369,0.4644755604617297,-0.2859787932488174,-38.04196118624745,-86.45953296706703
1776353562980,-20.32183405380249,-12.624924629211424,-3.1506184319876134,13.745768511255354,-98.02765360958838,-113.57570499090865
1776353562997,-21.55275356685221,-9.53281143155396,-9.6679343338795,27.32347509534067,-81.23879591269775,-156.50384007541064
1776353563013,-23.364715603040157,-5.755509399846196,-12.90040658095032,33.73929717897626,-8.079036325783514,-204.29381309415444
1776353563030,-23.77337619116902,-2.817376803588867,-13.295748837822675,56.443911489609164,34.43420404022794,-247.03215088200014
1776353563047,-23.409606884168088,3.901801102557778,-12.160748197826742,91.89695777285498,21.734240797512733,-287.7252431643989
1776353563063,-22.869266081513462,11.110294557520746,-10.813410775182396,108.22224370058767,1.8606903789786287,-303.03112335850716
1776353563080,-22.194548080334066,14.213776121410726,-11.42602705190964,130.15030648372516,-13.187997334385543,-302.0130973230951
1776353563097,-24.071752988544105,21.0682264213562,-14.334533521514386,184.52652163608553,-24.310514727907965,-288.0128760907264
1776353563113,-30.87353085196614,30.01910013449788,-14.751274613311514,218.0061145322504,-31.92495304861075,-285.83270702841503
1776353563129,-34.828301912689206,34.070386280602214,-13.663707824198948,215.6325691541576,-56.96464169683635,-316.1790189447283
1776353563147,-38.75105111072957,40.33062507149577,-14.948495851688877,199.27627416759304,-92.71876613379091,-383.43548189049363
1776353563163,-35.135208638000485,44.63375539638102,-18.769043086951132,204.04295390631822,-82.97151245229243,-410.5857843696178
1776353563180,-30.91931762062907,44.51584125687927,-18.999784746872727,211.08677773319062,-50.37485811013512,-406.0625052521552
1776353563197,-24.199542917633057,41.448718123571574,-17.892316750115157,220.30292956520725,-8.58476146117783,-390.2755611744245
1776353563213,-19.22918027114868,38.06421392495036,-14.805741970427706,222.22473989197374,20.30259045879575,-379.86064284117896
1776353563230,-16.430208892822264,36.20167489014827,-12.699892191912234,220.81284416788372,27.356953267557486,-365.89490040374056
1776353563247,-9.553762449645996,31.947328616045787,-8.9769086834345,227.35561897762233,-20.438316562887657,-325.2486358982914
1776353563263,-2.9583365953743455,27.588236530768125,-6.615627259572781,238.45832369990984,-96.92775409659538,-282.74647239156644
1776353563280,-0.24091712657511233,25.592069873699543,-6.616374972667544,254.47954326617193,-151.10594157434957,-246.3131778492079
1776353563297,4.119373009380698,22.260837831060588,-4.520700441609882,221.06371701609828,-94.68698759596764,-220.7644727681817
1776353563313,7.664886977386474,20.592976807293294,-1.280447806328535,171.37201442674785,18.937437134290715,-217.36542912772484
1776353563330,10.645217377904057,20.092289677374065,0.6335667102973908,130.3845546514999,97.19121498345028,-212.24397570313087
1776353563347,23.088333487591147,20.52549083251953,5.147085825568437,112.10228292277516,40.7490383618903,-134.8143831207384
1776353563363,32.6989611492753,21.208437148340046,6.748507972462102,122.46031944061285,-62.167384617837236,-36.45507601562171
1776353563380,33.38669323806762,20.610784266662595,6.901586291260272,113.6007922757301,-89.37803864846764,49.91008081258868
1776353563397,31.241637603649494,19.658041351263225,6.268619665747881,73.74071669469531,-29.817071293380188,158.4698690468638
1776353563413,26.51219208374023,19.996672125354408,2.6309295183479784,67.95650269417831,6.552475385907325,238.24423825056496
1776353563431,23.25862049614787,20.101417863464356,1.389385589300841,86.70746200374933,7.31601540303388,306.2202752857695
1776353563447,16.002992365044353,20.846762475530802,2.2875109254583714,99.75691407346304,-1.1626066259892442,377.5869275079951
1776353563463,8.475623514556885,21.955278720965982,3.399766795813292,88.94975846675116,8.40999399579013,411.73749086746534
1776353563480,5.1138656930118795,23.40706114520803,3.434782579614967,64.39317251361514,28.637782784116833,442.17898830005186
1776353563497,-2.0519804603576657,27.69133669362813,1.0350444742500782,54.63344349159764,45.95719762290301,466.69327489165795
1776353563513,-12.420069580620526,32.555157366235555,-1.2725174517206848,71.82249904743225,56.45774603777302,453.3533143859761
1776353563531,-16.817919924163817,35.75740208669453,-1.1427809186086058,87.78855117576812,78.43559065467613,433.94068733074926
1776353563546,-23.76798806838989,43.81239517386555,2.1227602890450505,60.007453406036596,137.66889675980514,467.47847343864265
1776353563563,-27.916839685711263,51.0222330291748,5.758504818802513,-1.265392221818062,146.72488065578497,544.5521312030074
1776353563579,-31.414020707702633,52.43151881234049,4.335002860491443,-13.004758726879732,83.45413361904554,602.0787711100362
1776353563597,-39.745694308747346,49.454330216979976,0.2085956233587116,51.46070450891082,-53.40460025235855,592.8918934688022
1776353563612,-42.413731322479244,37.304954477038976,2.551920936628058,93.63093106725695,-140.48626783016536,530.4680625683877
1776353563630,-39.397786295484,23.585880858179927,8.431032444784814,47.3005865496178,-160.01377866723183,409.99204968544694
1776353563646,-38.980895127691696,17.530046449500322,8.540716949904617,-18.209320185747135,-97.03609455721012,279.82003686053946
1776353563662,-35.37687389779547,9.299977073669433,5.284453145819902,-91.121990849247,14.845967698798193,145.3939909752513
1776353563679,-32.204406366364935,7.0938698814392085,3.2208014272930097,-151.33882370429032,115.2455632995717,31.945539238769168
1776353563696,-24.01863190407087,5.693561769977212,-2.2346867324393243,-147.11006234383868,124.88987236989975,-47.884898987828635
1776353563712,-16.02678580348808,4.921430565533042,-7.654859942760318,-72.18740873402935,35.52290545807671,-53.20193146421135
1776353563729,-14.293383253545686,3.317616482001543,-7.607873442918807,-10.188833949076264,-51.11079391773107,-51.70419050753802
1776353563746,-14.41997739697881,-1.105073703765869,-4.461593332396447,7.4694282819815365,-86.36826114918816,-72.34584180201696
1776353563762,-15.943736896868794,-4.566192063251138,-2.6821035330072043,-0.08162764413167528,-81.77277327182017,-105.13723849778968
1776353563779,-15.90737459382899,-5.670366772350668,-2.741359877965599,-1.5375413227406316,-85.87424722689947,-134.01874804470197
1776353563796,-14.256423423004149,-6.66500909358561,-4.216337738225609,23.63156831119931,-128.32439201290563,-151.34517578021843
1776353563813,-13.73733101395294,-6.868664118736982,-6.110001175414025,47.06151285319443,-152.48237495626887,-153.15036745709614
1776353563829,-14.520084734698385,-6.672639442333579,-5.764787223540246,44.764694405142976,-136.41246980160295,-160.76658845717228
1776353563846,-16.792182548578083,-5.639689894536137,-5.492447661480307,26.05133528695287,-105.89991108089164,-189.33068545297573
1776353563863,-17.93062485346049,-3.84403806489706,-8.352321252276003,35.10051631451936,-118.6054426353277,-220.3598387013718
1776353563879,-19.317317112024128,-1.006910851177573,-10.200495296312868,65.4323584750759,-86.83521386198525,-255.86765627157195
1776353563897,-19.186981590105592,0.8066969063907862,-8.9112178484492,60.63610401724457,-22.757461191788586,-266.325058381455
1776353563913,-18.38776860972941,3.5200767444103955,-7.8686921515982595,54.74378519763919,-20.592658347562434,-280.22490315378116
1776353563930,-20.457704413494465,7.1573156409114596,-11.911751225170493,51.83072659210168,-63.11009415727157,-318.45068522116117
1776353563946,-21.70029565963745,11.309460454559325,-16.45489785533361,90.02462533643606,-83.65023518030577,-341.1509828522386
1776353563963,-23.447315268054602,24.71983286590576,-25.11682047883235,152.63052175936645,-85.79879412713835,-320.9578564201761
1776353563979,-27.933599681854247,31.955560364753005,-27.022155795244498,212.33880604956732,-59.04118654415489,-275.5250226651387
1776353563996,-32.654816887122394,33.01903364562988,-25.853187346129864,228.86137516128667,-64.14515468447364,-304.48065342492396
1776353564013,-37.28325877805948,36.28352907055765,-24.610147260240836,236.65214847579168,-84.71175586035247,-359.07645915910024
1776353564030,-32.43395119945109,39.21388168046325,-23.401075312264076,246.8722151723951,-95.17299653654906,-390.58535123441965
1776353564046,-29.816938562774656,39.16794264384806,-22.761973471932297,264.26111181806056,-86.79418491564098,-389.6213929764774
1776353564063,-23.94246434533,36.68141399765015,-18.718316468999532,269.93191735759865,-69.04769371597955,-383.2067798363249
1776353564079,-17.39716767283976,33.1652290365139,-13.144316423068009,252.50228546372327,-34.38079879110761,-371.4937157494267
1776353564097,-13.63737324077189,31.559619667063465,-11.160270558034442,245.28192856756272,-34.37508192277231,-350.20346969136335
1776353564113,-5.8753726275891065,28.045379483319444,-8.303988744653015,247.34300645150574,-66.88009220174098,-318.9039638952399
1776353564130,0.40327275761067866,24.324190895434466,-7.15492187764272,263.4871967435847,-127.53087429551191,-274.2766553301571
1776353564146,3.2172084808349606,22.709602173779903,-6.323234760771691,257.21582633070574,-126.14545238464486,-238.994821398836
1776353564163,6.779479522374272,19.473088980755207,-1.7269667082086204,205.81945878868186,-71.16189681128695,-204.1638345942491
1776353564180,8.079681830486654,16.5858331697762,-0.9962864351801574,134.7729238724764,28.603981885461735,-176.5112400035622
1776353564197,9.553462589916586,15.508291908319293,-1.3723258795589208,107.87455975107734,77.055106970579,-167.14330770780956
1776353564213,15.538516073930262,15.235052474810182,-1.6891089789792895,101.00015193637793,95.53413595872432,-134.88309482378872
1776353564230,19.659088522228597,15.93760160898417,-1.827823037664592,112.43308947484638,91.98864623227323,-51.80898609997353
1776353564246,20.21364548176229,15.620818509563803,-1.686414917589724,124.67110141078425,89.56446183167397,13.614667299005191
1776353564263,19.375825122833252,14.608371943829953,-0.011971300561726093,123.63075431716459,104.41086837012632,71.16683503805687
1776353564280,17.21924739292562,15.010447308349608,1.2934687620736658,121.52515726021139,123.52495468692108,149.63350305345656
1776353564296,15.071947778972982,15.593734687805174,2.143409182385355,124.37786772933725,107.04307984227667,203.32947234561868
1776353564313,10.528050549638271,16.838570351874083,4.081666232929378,129.3006446113539,68.5548545862281,270.52436796620555
1776353564330,6.396108566063642,18.674324767059833,5.683985255597531,125.15709669098733,42.49190797768621,317.6037144433229
1776353564346,3.669861647686362,19.63829079500213,6.196792300768942,106.49748433137606,43.18460527274139,351.3112717332261
1776353564364,-1.1620856307983398,21.335629915253445,6.058228391144052,70.79500636983055,80.07628405558324,379.0858808232461
1776353564380,-5.3883004737854,24.661026748932898,5.012111976324767,51.71596575366713,100.3714944949808,392.47119378501685
1776353564396,-7.975086314502358,26.34968593831807,5.599289385488816,32.584500020529276,95.55694879055216,402.21951297602584
1776353564413,-12.222400059619545,30.705787682673332,6.350170789823774,4.394603903028265,73.11973638592525,424.27829191949905
1776353564430,-17.14831975326538,36.30103579341471,4.798878299635556,-5.734482539396489,54.87431352777272,446.47708974095747
1776353564447,-20.54434458607137,38.82766556385457,3.5492551683946743,-1.9400900474195575,32.706067142471746,462.8796797497164
1776353564463,-27.073034407153724,43.6527306816101,0.5494697662046936,31.031875078780317,-2.3001494459323033,502.16638144049614
1776353564480,-32.60588422164917,44.91522372905314,-0.1970727150184568,65.53955146391009,-20.086845273482552,531.9320726358449
1776353564496,-35.42550500477254,43.21324679293334,2.5456349334274417,50.41623539612706,-23.343448733893368,528.3544741901055
1776353564513,-39.455545826013385,34.47620287747681,7.87557699747486,-26.06645732577528,-50.07523478671959,448.3425236863147
1776353564530,-39.091775934490556,22.601264256396888,6.973261890039624,-77.0765674249512,-85.61959045388473,351.98254272485497
1776353564547,-37.24674413400218,18.008586921802163,5.049521614726726,-103.0772124629788,-101.6204697167985,257.42510332687493
1776353564563,-33.201291662487385,10.997916132575273,-0.08604162216186523,-95.09004388907925,-71.03161778305812,134.546885592084
1776353564580,-28.44610836513359,6.0344362313419575,-1.2557590630128979,-100.90368917472985,-13.251661527639232,48.48055295515628
1776353564596,-24.922141517949477,4.6865001121521,-0.5579986974854022,-124.59621521672422,43.97815031089181,-11.884979948307407
1776353564613,-17.25560995169375,3.226487765833735,-1.7148469390869139,-123.5255420831897,58.59876104066731,-40.09861310760833
1776353564630,-11.76061761069931,0.5867296288639307,-3.1280240306027234,-95.21248186014091,6.481504170902192,-35.101151522112175
1776353564646,-10.656291437365114,-1.3018453991442918,-3.710264239092916,-55.30283618120474,-63.49020101477195,-27.542338262009974
1776353564663,-10.65225180658549,-5.078999546813964,-4.077923539269715,-22.204661538860897,-116.62599917234465,-26.08963728027101
1776353564680,-11.155034374414011,-8.096740517315268,-4.291456984356791,-14.643382580468321,-116.73223593469503,-36.17871973161382
1776353564697,-11.405378085504099,-9.236381676593423,-4.9802385822020465,-0.33392010447654846,-105.49009290050171,-54.81699799535256
1776353564713,-12.13755415004827,-10.114006807166337,-5.438728200121969,23.914433765486216,-66.93882499841392,-75.62586939618633
1776353564730,-13.116034221837669,-8.872761714935303,-1.1558001207880675,1.780498088428861,-28.747381707086152,-89.6777473492478
1776353564747,-14.317325489342958,-8.350822830411792,-0.7032954224966466,-21.94993475640715,-27.79543433679938,-119.62266270841769
1776353564762,-15.090353642626852,-5.813571128192543,-4.553622358404844,-16.12237466786996,-62.60032298856767,-157.96197618018167
1776353564780,-14.657452054949848,-1.7362445319026707,-9.927556599316,12.447479323630162,-87.02251813959451,-173.5075686934007
1776353564797,-14.751723306927085,0.3540443240612745,-11.79039498239085,40.495914966344216,-82.51284475895856,-179.48290504727302
1776353564813,-16.957082603399453,4.185812105450034,-13.977499075726419,85.06558014992665,-62.25795292623161,-196.34798082511182
1776353564830,-20.34652484294474,9.960479210230707,-14.652215177209674,122.8798843009484,-73.95541686106549,-213.83591521374242
1776353564847,-22.693591242438554,13.671342145869135,-14.42536398538798,151.24559162211966,-111.41001592963768,-237.57698341016808
1776353564863,-29.452122377069294,22.03728071234822,-14.87607215565145,175.27042685780268,-149.18917192719056,-294.49002644291954
1776353564880,-33.262642495507,29.982139061847327,-14.44915738729909,166.62661755747644,-132.28569682583793,-344.56457479562755
1776353564897,-33.19171602489054,33.49368412475586,-14.09541263070628,146.59483385398792,-90.68170319496963,-379.7268804164735
1776353564913,-30.6501224940747,38.256350361743564,-15.058181338622793,143.1346736808378,-56.192236094167114,-402.33376838046183
1776353564930,-27.660809745678304,39.437738074383134,-15.003264995630085,152.46178876611046,-68.2636767917213,-413.63923409845034
1776353564947,-25.929203979492186,39.41020533981323,-14.82803877710551,169.14321441754598,-90.26890705210157,-416.66582752346636
1776353564963,-21.3549326546818,37.47943163076192,-13.797933439758047,187.57266306250614,-105.95858923605122,-408.2982174127971
1776353564980,-16.540640859875083,34.05377826015055,-11.209951740320026,187.9866681488573,-99.97477661741894,-395.8792122940431
1776353564997,-14.029422009056805,32.00314395370483,-9.789740804644673,181.97938017004768,-77.56683157338554,-378.231806648671
1776353565013,-8.301297459742427,27.585392101122437,-8.445845996734873,186.80391161104288,-57.90923295338702,-344.2144866195294
1776353565030,-4.182819937896729,23.650223274230957,-7.195473083739727,197.6183003880858,-71.21386772068158,-317.7828293241173
1776353565047,-2.143259398651123,22.24153490896914,-6.170456813159585,197.19018413090942,-96.29650118331364,-296.3576187280545
1776353565063,2.1755822901070117,19.67869236349538,-4.1717470474794505,171.09394376525827,-102.17613975672488,-280.98075920809146
1776353565080,7.416788414874673,18.296338572527468,-3.6088105282656846,142.46762374611603,-51.04772395093517,-264.92506084689916
1776353565097,12.658442283409833,17.543811063219607,-2.8630161266051233,112.36601018700769,28.086530169036152,-216.94751717316845
1776353565113,14.802450454601644,16.934038704681395,-2.037315682928264,95.18798880177724,57.24598060384376,-174.11302398218731
1776353565130,19.285891753929853,15.656133276312053,-0.7058408691957593,86.65533400000379,56.47526888808869,-119.24506253034271
1776353565147,20.98458016989827,15.218893074908852,-0.2680008022032678,87.27548785588426,33.358930774287415,-34.19428340034749
1776353565163,20.533122350311277,15.06656140975952,-0.20335691898763178,89.00821122566812,18.428099682599107,29.148030358515346
1776353565180,17.730111341205237,14.60403186879903,-0.1640026675902307,92.49429196671845,13.879025501962303,82.73135617088562
1776353565197,14.96420928878784,14.226944522802532,0.9855125277094542,95.79592344923256,31.74547275269574,149.57076093574082
1776353565213,13.717129499053954,14.335282294055073,2.249502827972919,92.9629863777539,50.77117983672511,198.1774743150564
1776353565230,11.080815365058182,14.813972696221619,4.878335227911174,93.44760195974463,50.96597683185388,241.05756584893655
1776353565247,7.530062327355146,17.021876270349324,8.265831594085693,70.0653577513656,28.236024226947514,288.9009099658548
1776353565263,5.785438674163818,18.793136590620247,8.90254047486633,26.63836101781149,29.89814563882824,327.1811696220548
1776353565280,1.7006313667297361,23.248296816662698,5.912033109857886,0.9964857532039559,30.057722763501832,370.8392197023994
1776353565297,-4.4958623894840475,28.67505371622294,0.5922656356811523,41.769622303146534,-5.0951324368536905,419.27550620154483
1776353565313,-8.538023564368485,32.22894797456115,-1.4962261077329515,113.42636973489549,-28.238998774331055,449.00497007353584
1776353565330,-20.60315391791463,39.66309347468913,-1.0046668716430665,164.66027439732144,-34.15249630300535,484.427779109326
1776353565347,-31.3386039399296,40.96583903754353,2.3472154525756834,171.0210110053009,44.214871007146115,470.84887126572045
1776353565363,-32.06658971317708,41.32152645263672,5.80593990266174,85.75842770914358,150.0765501041586,463.67864795806776
1776353565380,-31.651495584869384,42.13749913689494,9.223213348266855,-27.06519490697122,216.87275392251348,475.1340226679597
1776353565397,-32.29179547587931,37.481974593243,3.593247888681106,-91.86641999707585,154.0321858600798,468.81254598732954
1776353565413,-32.314540391650795,33.80597663475871,0.9097966308593749,-81.14037971694704,67.91603382334598,441.2520496674111
1776353565430,-31.283986214557288,24.15195874415934,0.05671301715113222,-81.3537411662399,19.18487098225818,393.9303134370283
1776353565447,-29.768156850079446,14.460232177412509,-0.7838018415588885,-107.96551738025441,40.00738568595905,299.3398705649788
1776353565463,-28.78548794829808,10.203789953944087,-1.7476171359188855,-115.78303088536,63.1163506105513,211.416184096482
1776353565480,-25.47161240639053,4.478205152240395,-2.7395648112423716,-112.37526509333306,77.31177181920975,127.2827881644787
1776353565497,-21.31288324591629,1.4395155017346142,-2.410362667492777,-99.80831807715656,74.5637408293035,42.95558561477628
1776353565513,-19.187431197036616,0.2765302917480469,-2.0676922626219687,-86.10633705489651,43.46208512286775,4.118825196892068
1776353565530,-14.971092289767228,-1.548449339184165,-1.6986860778808592,-70.33342218572108,-0.8125441698221639,-12.244848101523393
1776353565546,-12.830526989038288,-4.112190988922119,-2.184709014892578,-46.32413929077819,-59.70596202588306,-21.382212847690276
1776353565563,-12.02906765450742,-5.167286902076006,-2.8613699668332933,-18.83834645735946,-90.38350396599604,-13.805472048564082
1776353565579,-11.124658561905287,-5.211278604015708,-2.6913816489621993,-3.9768503234832444,-88.82937638262968,12.211708877444137
1776353565597,-12.081889692102,-5.232527143749595,-2.930951452581584,3.3419033450775766,-117.34293680876421,45.078531352221304
1776353565613,-14.061744955311621,-5.0915667674422265,-4.0126822746828195,24.88207691048568,-182.996572922381,51.0758472548427
1776353565630,-19.78777759211436,-4.913050275200605,-6.793995538982749,62.776910699369175,-260.26045145513064,14.58593727445393
1776353565646,-24.754998104648106,-3.1069255668640134,-7.6258314166747025,70.15393164452232,-273.0865631691741,-39.50533604611185
1776353565663,-26.094403565249404,-0.8623626795113086,-8.12457340387553,59.215404179314405,-237.95089528609125,-95.15523121451785
1776353565679,-26.516532012640685,5.418227410015463,-10.596286612126976,42.98346644696827,-184.62758111504505,-148.975100138224
1776353565697,-25.94102511272719,12.064382750049234,-15.119384068408607,51.260590211513204,-163.24519580507823,-232.4762801002726
1776353565713,-25.26705787511617,16.062100387573242,-17.481412913104144,83.87760534758633,-185.79699146322125,-295.6132647123065
1776353565731,-23.193978366497902,25.217527536010742,-19.9128757979013,123.75879304334563,-233.69519565955306,-355.51426962012846
1776353565747,-21.86534652110636,34.14984443272054,-21.408053784820808,140.29260464643883,-270.7693258705989,-379.8418461605831
1776353565763,-21.3995252451241,37.67411103003621,-22.43621200668849,143.9591594759284,-294.3788856047451,-393.3170717325879
1776353565780,-21.17521701578349,41.539397634667154,-25.236531292492522,142.64509938150962,-286.9548524675348,-408.926704099465
1776353565797,-21.04787687628865,42.293572911182046,-26.024522329369557,133.44513509782595,-237.12742035899785,-427.41692776765996
1776353565813,-20.647895561438798,41.62409602552652,-25.709087356622515,125.41702637004134,-212.36358597587613,-434.1382437223027
1776353565829,-20.40967249625325,39.91029421157837,-25.528622506792097,125.98360422207223,-219.57413472038854,-439.6367918909731
1776353565846,-20.228161498370767,37.639842849731444,-24.658930215045064,133.44670604133503,-223.49433545489572,-454.78240852639624
1776353565862,-19.234117727550863,36.10216654123515,-22.98268933933675,122.57193839202921,-171.32239993261686,-469.46152324150745
1776353565880,-14.975432693591713,33.281049966596065,-20.90422375376597,131.47764446589042,-67.13185297454764,-479.2432830386928
1776353565897,-7.633015921351313,31.056236758721617,-18.289156259807942,161.46283062040672,-12.503830945603704,-467.59710016414743
1776353565913,-3.519027527618408,29.668348276110738,-15.79634356490448,192.19030807354164,-11.477785414332404,-440.89379258506557
1776353565930,5.569661834064125,27.086500384986305,-8.987233751159161,204.07049322905172,-81.20666670284201,-395.3507195768242
1776353565946,11.763162253680825,24.63349167627543,-6.310815424181521,192.77960313475202,-167.31255979544247,-319.9449120455065
1776353565964,12.53858314732015,23.173327646526694,-6.7731959120601415,172.601844628322,-134.3206697267732,-287.4341131812162
1776353565980,14.6779531373173,20.14840465556681,-5.730670434404909,119.26683717341672,24.050219633733363,-269.55144850007224
1776353565996,21.943906263080237,19.878756524547935,-1.9074302428647876,75.12025781268697,120.67197101022842,-228.42030886544393
1776353566013,26.280849425718188,20.46638193320781,-0.8580205586537718,69.51468740991166,125.91419583972656,-138.41372888879505
1776353566030,30.539835488450525,20.481945413042602,0.00957768342345953,122.50396434940923,5.748609931921014,11.94301265059042
1776353566046,25.355343184551597,18.739265879656372,0.8459019585758447,157.333981267134,-54.555258316168505,97.20418551268413
1776353566063,21.260360520061848,17.830967378400263,1.9041396768867969,151.65623625539916,-48.73309578462291,154.62624839333083
1776353566080,14.010719062152504,16.43754025862366,3.0358482896000143,112.95849494656045,10.412385186837135,206.69163296455747
1776353566097,9.076418493652342,16.089184501592815,2.8218665162235497,87.37634242916867,40.577959198654405,239.4315710151233
1776353566113,7.049575981682539,16.542735713262484,2.2804782503426075,79.65619327068161,43.06817445305477,272.9267367425958
1776353566129,2.689136792644858,18.649034989111126,0.5585977593570948,98.3496014063061,35.967424414544894,315.3303816007325
1776353566147,-4.910058107647299,20.77134468484446,-0.9302969825744628,118.82477366995515,66.56718757548435,324.6409403074571
1776353566164,-9.516203995624185,22.230761403357235,-0.3525456099361181,114.37820440706096,127.17928347779633,319.4801859743788
1776353566180,-16.700153960961103,27.3076652930662,2.0332763444095847,69.54702835563167,190.42156228607516,357.54748033225786
1776353566196,-22.48469773211181,30.518440818244216,0.6904292189218103,60.29475165309484,218.1714051101647,385.25009922842594
1776353566213,-23.48696806400716,32.08155288903117,2.216283060742542,29.040980803653735,219.61745178010477,417.7433308461709
1776353566230,-25.2119926982373,35.73809912807047,4.732888938361406,-9.427332743416956,155.17061447018085,465.21527659678054
1776353566247,-27.40074192843139,36.40593233817219,1.3213011919762008,7.115585636273972,71.1735013026868,489.62008891636975
1776353566263,-28.790275547900794,35.493290839275716,0.300472979636467,42.477209410592344,12.573310191162014,494.81600506329517
1776353566280,-31.516971379089355,31.078233340343832,1.4053973791587167,70.39406060517246,-32.30331820787278,470.7481123150844
1776353566297,-33.83201533137858,21.976974419945478,6.74895595369162,34.39055913143156,-35.240057079262726,413.69928512163307
1776353566314,-34.156729954450576,15.453375200000405,9.563789045880734,-64.63813724819765,-18.912221783422318,311.62011356055484
1776353566330,-30.52263067114949,5.473893767657875,7.0802540650734676,-167.39260961251503,27.40044278955025,173.33901328506315
1776353566347,-24.574534825720264,0.9840186358898878,-2.919877648848854,-149.71849792748822,39.20700362844945,104.885477724983
1776353566363,-21.81312226674184,-0.7288841833919286,-6.5574184143733225,-76.01188436731877,14.05243205215788,72.19069405502012
1776353566380,-19.274071625341847,-3.8706758964538572,-6.6160765011776235,-1.713454765805014,-27.97012496255892,44.120105547506775
1776353566397,-20.347871800574286,-6.960392554363608,-3.2834967702567575,22.193893745634373,-56.6109027846268,12.975908007825598
1776353566414,-22.019771432207897,-9.032424453625083,-0.7924795804679393,33.079869735368206,-109.32624132708268,-43.41787672346484
1776353566431,-22.306477665533496,-9.350556337305903,-0.3642176352903247,30.188684810647658,-148.04974610947068,-91.18137934408026
1776353566447,-21.516392067530006,-8.03194626584351,-1.4122788275018334,17.933716930095244,-150.77734117338025,-131.22955833485722
1776353566463,-20.472369337054342,-6.912360052600502,-2.65950825483948,9.935173529906685,-138.21805762945252,-158.76112197345148
1776353566480,-18.48368631373942,-4.401889389801025,-6.337002150969952,33.95630936438049,-157.2672639793213,-180.15611581262615
1776353566496,-18.181418208014218,0.06988134547770022,-7.7195035337150095,56.493587455442665,-196.49485721302378,-195.1002145467772
1776353566514,-20.46668442328572,6.283882116809487,-8.491633861376345,64.96010553548288,-245.76124392275753,-226.6324385483014
1776353566530,-21.412244149182737,10.059837994605303,-9.95793252142258,64.42784938403129,-251.86117658746917,-240.3370901745269
1776353566547,-22.716036590741574,17.580922065734864,-13.58440021386668,58.17247527418848,-247.9599091373413,-247.3799167937805
1776353566563,-24.013244685474035,20.92173120727539,-15.621865096007287,47.36891576207461,-244.77083917234899,-269.44487022826337
1776353566580,-24.667161013904213,27.06405439736247,-23.273584256523847,69.416073138675,-242.2949775604894,-316.9737251150376
1776353566596,-21.390696041980384,33.12886647774577,-31.116540713036805,131.9998943902079,-231.8298436764659,-337.55685534870787
1776353566614,-17.502361739239095,35.971381229722496,-28.36919401574656,201.29563325608564,-215.76564855994613,-349.2357958105126
1776353566631,-15.191659031024574,36.89375034190714,-26.244489972222595,224.37798434857694,-194.93654955388536,-328.71066754327416
1776353566647,-11.210101085662842,35.5464139421761,-23.366808922057597,228.774973268286,-164.23755398958937,-297.08424157271713
1776353566663,-11.370812456622719,31.5186179772526,-20.927565612517295,217.92398833767015,-121.2621949771659,-271.68588261570125
1776353566680,-11.490073042297363,28.770821490368245,-19.825185385619104,202.04230953615144,-98.41825846784307,-272.9725809723049
1776353566696,-9.976490433833002,24.82443159676045,-18.729088622904566,189.89589726717261,-70.24575670772397,-274.77831906431624
1776353566714,-6.903233912336826,21.976977050293982,-17.113602294823153,183.94349668853323,-28.78259816244674,-267.6516177220549
1776353566731,-5.270984592437744,20.61647049560547,-16.136468888402355,192.95543952474483,-26.388961782910354,-260.5389046072137
1776353566747,-1.379061909815669,18.28182489400655,-14.007276228222251,213.46459880970386,-49.05961639298996,-249.30321610178606
1776353566764,3.4157764119803904,16.786496173504737,-11.293148932836203,239.59664302698417,-81.88898894054795,-223.93720492067933
1776353566780,5.642085849761963,16.285359984643755,-9.805601733056083,251.96423048166633,-85.59313030104009,-189.66272826928673
1776353566797,8.405890637639164,15.51712052694112,-6.034285278563946,253.3098323896722,-67.64789425690962,-147.00310158143628
1776353566814,10.286536626213788,13.487436069543659,-0.5458771017327905,226.2808477305858,-82.37547599437127,-112.86388316617743
1776353566831,11.367221154132485,12.825588692385889,1.2838910786502062,195.0826063190969,-103.01773517568634,-96.73726695083289
1776353566847,13.893103321075438,12.280758432824909,1.3645460393376647,173.79470984610805,-120.6470544801362,-81.50655298854059
1776353566864,15.61588105316162,12.568511837115883,0.1788173748843372,171.83727325263078,-130.66408697347185,-47.88613866716299
1776353566880,16.265010147315262,12.596942799167149,0.2952358690008521,175.592962050789,-121.67841304480814,-20.925321003540613
1776353566898,17.392230800959467,13.577817620605975,2.8347350578859447,159.49195221464285,-99.00759451018845,17.934801222625985
1776353566914,16.15442562004924,15.233407776343077,4.148105767390132,129.04456715899178,-72.25190621036177,86.55123508686363
1776353566930,14.129979063305258,15.646108652838691,4.0224098879709835,125.29270326676877,-76.36135782639164,128.4654354192664
1776353566946,10.062529717907308,16.795325815039874,5.042488848279416,125.86163070387414,-89.44688695530137,165.52120608182324
1776353566963,6.44234658562541,18.769194569452107,6.407184379090368,118.12939211055615,-95.21154612422461,218.55169638277266
1776353566980,4.343379333165288,19.58801241400838,6.557420825526118,111.85063143299521,-77.57736372508569,254.38640680664963
1776353566996,-0.29358897857666016,22.425290726636348,5.635352742114663,113.4749733610293,-51.25065911646001,286.58859040348204
1776353567013,-5.433492199164629,26.920404928101597,4.272005411042273,143.77292753801882,-17.51702928694757,336.2404046880796
1776353567030,-8.54864724971354,29.133245520240067,4.065356172510981,188.3135883232908,12.162048279536267,370.93467842623954
1776353567047,-15.902586701965332,32.5677283862561,7.538294441388547,207.97447909446925,39.95749798426128,390.4792920569877
1776353567063,-21.05580591572225,33.259052362060544,13.104963231116532,164.70606398551723,66.33821231374884,395.8406900271242
1776353567080,-22.71543599449992,32.912342618671055,13.260585754504799,129.89782171086645,67.32910200758845,396.78153492491515
1776353567097,-26.25272106334269,30.73406918978393,9.870096782385557,124.25115405985518,44.25234142493281,384.37728301476835
1776353567113,-29.055581558062133,26.509648828998206,7.10195060430318,145.92518844738154,3.4958385200533275,338.21159728254526
1776353567130,-30.250887467547503,23.642892200690508,7.12275096187815,150.52693277802925,-3.2343562536236137,282.14098978202315
1776353567147,-29.63123785811737,17.456422994884846,10.208128202344104,92.32113984106945,45.57948816180131,227.01121351891362
1776353567163,-25.57845350934453,11.841423889490962,10.773010083471982,-43.551389846265664,148.29030537203855,170.51579557277338
1776353567180,-23.564330778216195,9.457096557617186,8.668207622052357,-113.20120571871685,176.3579705585871,133.4469655885235
1776353567196,-19.509450881936214,5.3010617507934565,2.7730848035283384,-138.84556076887992,150.6992038092753,87.6550141473052
1776353567213,-15.26902114244541,2.1779753227233885,-1.273864336284995,-127.13233275744166,103.495035625076,62.38325274655549
1776353567230,-13.306971859034057,0.9002192396968602,-2.7112834502622483,-107.23722113924512,57.161371635500224,50.68250007563625
1776353567247,-11.362880805106926,-1.5569769290328024,-4.815337504467368,-78.3067254756055,24.48255182517495,39.143745831451376
1776353567263,-11.110891244772262,-4.1105443907588715,-6.071694533373415,-52.352047610692075,1.4629498940319803,25.90396541787338
1776353567280,-11.031732724054484,-5.169678181126714,-6.96547964836955,-9.510375037119617,-38.22653680328329,10.909003118746885
1776353567297,-11.376048996436175,-7.164200139728188,-7.821856385339051,52.013953246776445,-102.97553143680483,-17.42919646931579
1776353567313,-12.746131133922608,-8.005460994499922,-5.457731445147097,76.15463532097203,-146.05253049426724,-43.90252304130685
1776353567330,-14.011915089836926,-8.520064713829756,-3.442562127575278,67.41753929696176,-182.0560695340486,-83.24658466073636
1776353567347,-16.767641159577572,-8.214803417637944,0.6929723275333642,8.430865346346396,-203.81229841804688,-154.22929145914802
1776353567363,-17.88797828251943,-4.746056462970376,-0.6748642777822912,-26.039655663472146,-195.3226328269095,-201.54019500950713
1776353567380,-17.593341694585977,-2.116026523810625,-3.5088510015189645,-23.694856844048648,-159.26441129263304,-231.07311335794185
1776353567397,-16.88570561253652,3.21706001227498,-6.877792597088217,-1.9814737367138415,-84.75597450503913,-249.60549295369412
1776353567413,-19.938611858312786,9.228153361952304,-5.071366567717492,-3.445295120195233,-4.352262279702886,-264.02926787687363
1776353567430,-22.9987002706781,12.71829732491374,-3.5299504881709813,-16.701887190641568,87.85298035020885,-293.1154918535895
1776353567447,-28.413037979778647,20.850503707885743,-1.644516534667462,-28.183274675987505,178.67169713992894,-341.6460896047945
1776353567463,-30.817863325279948,29.04151650009155,-0.9961366514459252,-18.60207655359038,181.68770377173146,-376.79407914914003
1776353567480,-30.493301700812577,32.73292946985066,-1.8288694779776036,24.405809527207982,118.21140902210966,-399.2579429519083
1776353567497,-28.42934847858846,36.79693481227457,-4.0194147978082295,101.85241611082296,-3.4922513900786014,-419.7877430685391
1776353567513,-26.51324071601033,37.435889718416334,-4.456207182378694,143.1568854560187,-52.296740153887896,-428.53653237640845
1776353567530,-25.61376849528849,37.08528764376342,-3.29621611270681,151.70698456093234,-52.18462601375672,-429.8050897505766
1776353567547,-21.787834826880694,34.143860389874874,0.2916446395758539,117.89991141482206,9.90253973982601,-411.80653041959584
1776353567563,-16.527024422454833,29.997103406745193,1.2485769694890827,94.9951930520753,75.3419179418214,-383.63000567805557
1776353567580,-13.645901415142417,27.52344432512298,0.9916486923769116,90.57056235679518,125.00485177438775,-349.8094497385237
1776353567597,-8.45183113555908,23.148190063465012,1.208623327426426,97.9296403949987,154.94446690676173,-301.47698211476245
1776353567613,-3.2574615807682274,19.89850974769015,2.3874687351720407,104.29431119194007,131.32807698344547,-260.1791448832508
1776353567630,-1.0494090996891259,18.351556674945726,3.0014316407352686,109.11560512326867,68.95332099221747,-219.34723583616073
1776353567646,1.7966987083435058,15.469985485474393,3.3268937211737035,106.56210475111355,18.392627095144647,-177.43241395654348
1776353567663,3.7674247808158396,13.051840712738036,3.303400178992003,98.31892702674358,16.575468926841094,-164.6691673036208
1776353567680,5.7843912109375,12.335676017926632,3.994277068616077,80.9415665705863,32.58020724663592,-158.1841075923688
1776353567697,12.28330197982788,12.176610660608112,6.203227302252501,48.72571576522471,32.465668389349396,-118.71256732227017
1776353567713,17.53632947529256,12.879308555603027,6.716933488220721,30.19211698070559,11.858322573750494,-57.167068013268015
1776353567730,18.025792323625087,12.767828540802002,5.8355677098147565,27.73097954914926,-18.89839577299492,3.7833882034503947
1776353567747,16.251389618241785,11.951556289075315,3.5594300459597257,42.105903251837525,-39.465987326303406,60.88166980847404
1776353567763,15.055637864685057,12.082788613703102,3.2302276099491865,50.108668562706804,-41.06409108264089,98.49820583207807
1776353567780,14.610166718292236,12.593202333997189,4.190601604748889,41.85288230912899,-35.77326945719811,141.87734513766517
1776353567797,12.179153623089194,13.39391227493286,5.3676508132601155,25.353324104723416,-31.675675049567378,196.6677293009168
1776353567813,8.188168508690595,14.273183199951424,5.174618815866671,18.301799239561817,-27.545500639595687,231.3565388877407
1776353567830,5.841401384404302,14.848839061615243,5.636998646158166,0.625823553221823,-16.53384916913362,254.98063326444074
1776353567847,1.3235440207332372,17.14996642449386,6.561160486978478,-47.17795733325939,3.92416010979165,281.2719165120307
1776353567863,-2.0207067856937644,21.515793078723547,5.524022401450015,-87.67619456392141,25.839001781130097,311.29707293356995
1776353567880,-3.863044378662109,23.600694542560724,4.299537999481707,-119.17949271431058,30.15550033656515,343.0034121174161
1776353567897,-9.164106129455567,29.490280550549922,0.6895304069185629,-123.16014062297236,7.837998949973765,405.85208078420544
1776353567913,-16.091878270721434,34.326418558722736,-4.3240773426556025,-88.90518465222765,-3.1114333391308944,452.43864277308467
1776353567930,-20.191798976135253,36.02151158054769,-6.0877064693617635,-41.14516201299436,7.9126127902406305,479.8083309283497
1776353567947,-27.0884459112972,38.112100296241046,-5.048323545782268,-16.029762425366464,56.83505593280828,474.58263515664294
1776353567963,-29.435362673187253,36.549134940448404,-2.607434514861554,-31.72735567592228,85.3679799452398,449.880217834538
1776353567980,-28.304251441845295,33.43218365413248,-2.952648539800569,-51.10900099307394,95.89393666382225,422.4028585771969
1776353567997,-28.189778090447184,31.560217231097816,-3.094355131365359,-59.09609443489262,110.21622863631369,400.9737411129289
1776353568013,-27.074529321886597,26.138397349548338,-0.08918329945476725,-113.88841154167935,150.99634435892756,374.63046646537674
1776353568030,-25.58204430037811,18.652627168384193,0.04863276921119541,-223.99944160439648,192.65947376762983,307.433726693714
1776353568047,-24.522310352160034,15.117587248119712,-2.9058119698237626,-244.80045487259017,141.6803898027587,243.29945250058816
1776353568063,-21.163994195501505,9.009380847167968,-10.577133802563324,-195.8271925612767,56.92190861829417,191.53180953566073
1776353568080,-17.928230396072006,4.928313895305991,-13.437456233105063,-109.29449460782047,-7.780908813796214,163.04994801746423
1776353568097,-16.990601791967823,2.905962265014648,-13.125911034338175,-64.34927488781948,2.815339515968964,156.19571658157304
1776353568113,-17.75599758720975,-1.8740584268778562,-10.77016521543488,-39.10384045122558,33.87324743388396,139.1440127148528
1776353568130,-19.7292687045224,-5.616048322185874,-7.694513907756656,-26.337132599941004,67.22723656630687,93.12432910632793
1776353568147,-19.99502494266927,-6.994210068291426,-6.0588258455805475,-36.421027522609194,69.95861555501664,51.88160808632369
1776353568163,-18.7184671295166,-7.934085611072182,-6.156538762444257,-36.05344040185744,48.073726397622806,20.49671297274397
1776353568180,-16.779762189074606,-6.9460290979683394,-9.861566123797,6.214088177631029,7.401840145049675,-3.617310019347419
1776353568197,-16.159064531896263,-6.554724426048994,-10.819247372381389,44.65557188786826,-17.51076088083679,-22.88460857828296
1776353568213,-15.901987932354583,-5.707327260479331,-10.600028136742859,73.79044047185299,-23.966220259773255,-49.69541479716435
1776353568230,-15.925031392681225,-3.4247564217716455,-8.82308144596517,97.42301794350217,-22.18659398095892,-89.92584714065934
1776353568247,-16.012121500982715,-1.582269191199541,-7.852831515447795,108.0692679537469,-25.999905670049966,-119.73922671679314
1776353568263,-15.616778897050487,4.042310812488198,-7.307701724950968,120.36369725222906,-28.665088172871254,-140.9813609223429
1776353568280,-15.674089642632751,10.523414706531167,-7.592012806768342,141.79099788617788,-33.680595118154585,-166.50154313339516
1776353568297,-16.374393482097982,13.684359448352454,-7.594855702044069,153.00970654132888,-33.41471292923891,-188.7529743925977
1776353568313,-19.97632009606883,20.951210399737953,-7.892185821644123,159.81249299239155,-36.52975047381746,-223.5882915371184
1776353568330,-24.904784505761413,29.345431057849524,-9.470563540096766,167.36411406329773,-15.760227792792127,-288.2056240291042
1776353568346,-26.410736619347333,32.643446182802315,-9.44003699400574,159.4410126638129,19.368883108687495,-355.73177016405833
1776353568363,-26.83780321726054,38.923733489990234,-9.38616752971746,148.93715160719543,58.54972711261579,-428.12084706352147
1776353568380,-24.288726344951986,45.59861749638021,-10.004170906310527,155.9004201829967,62.71703043091567,-488.89024222241886
1776353568397,-22.533777697101232,47.885381110602616,-11.029338275799155,188.4434848609261,-0.1768391738207572,-483.9929965875197
1776353568414,-19.053356086730957,49.121835461425775,-11.250053887475282,221.86984326269987,-54.04299071332296,-463.9578660913379
1776353568430,-16.448165405273436,42.86399262575805,-8.990974837383627,226.34115830095703,-50.883198354207906,-433.69884399261747
1776353568447,-15.787365162548422,39.301270041058956,-7.261164137920737,207.40348894023452,-4.967215800304046,-424.4634446875197
1776353568463,-11.986570611572265,32.94182151887268,-4.771194411358237,195.9949146865355,38.416887345262374,-409.4875172718364
1776353568480,-6.461501952472329,27.69851871408671,-3.0994431021541353,216.42340943739669,46.55740391131246,-362.565210504116
1776353568497,-3.5151375344425437,24.93531242182562,-2.3229735762447117,262.26074065546055,-23.086094036156457,-325.0003721823398
1776353568513,1.3277338736385107,20.018817760058493,0.5629366653442383,298.59070809605515,-119.29172638275224,-302.70240001413276
1776353568530,5.717054873767495,17.97820931919515,5.048025147357583,267.55981997960987,-160.96083903716746,-270.31771376267767
1776353568547,7.636605470275878,17.474680536109208,6.052691580609232,205.5995403577858,-102.557762916221,-228.50761234341502
1776353568563,8.897751194763183,15.870414909417926,5.101445479638874,160.91768590199132,-7.296750000706213,-190.7228692511211
1776353568580,11.094879546245933,13.79314569402486,7.0337154185973105,129.90273944706888,29.927255905070833,-164.08198960105315
1776353568597,13.299941028815507,13.191602526910602,8.556429135761409,106.10493969939708,-10.846108175548467,-127.52269172888623
1776353568613,15.690399995312093,12.443714075580239,9.97484295888692,62.99111226192994,-61.60961770983565,-71.01999280109077
1776353568630,15.970220560777186,11.867458494457601,8.005462309674174,41.415712636207736,-63.182910804013076,-36.4736404697858
1776353568647,17.262343607330322,12.320861602893471,7.380575749438628,18.61448700731229,-41.28838424970036,17.271371288164307
1776353568663,18.483087763324377,13.460053557099402,7.871686364978179,-15.274686720168846,-16.87045455181019,102.53186283888832
1776353568680,17.35900891483724,14.265252041625976,8.452878891046344,-37.02026050906192,-23.87150773409998,169.76122359402706
1776353568697,15.783175894165039,14.754717520307004,8.634388792950286,-59.991259027514495,-44.32293826019406,233.673940110856
1776353568713,10.934618841663003,16.78395218811035,7.124396244867145,-85.44771557361052,-66.10226342887076,309.1384599482791
1776353568730,3.2374089728206394,18.808399475506693,3.8144118651792405,-88.39057087940222,-52.41614210586347,348.9300492225062
1776353568747,-1.7154466585457324,19.29292574421987,2.4108113611083475,-81.45244422993575,-22.523863599532273,371.0031442424797
1776353568763,-18.20655630253255,16.92565958110945,4.311358858722076,-142.5583286582938,13.00646285907765,327.44093537656875
1776353568780,-34.193090869250895,16.92970023708567,4.504242168359831,-226.66768232441865,5.454511377770374,324.02532169718546
1776353568797,-41.72120790775716,15.220689164545385,-1.1203365201536566,-246.68591493259385,-34.41450235956704,299.0450522796444
1776353568813,-49.85775495028197,7.969998928235471,-12.458078737551904,-189.28254627970549,-39.225455384492236,218.2379584734373
1776353568830,-46.916177766528726,3.1301202722296115,-15.060875308680814,-154.8183133127916,17.55647875204627,164.8147596159688
1776353568847,-42.96484603260457,1.9301760354191064,-13.630190142601077,-133.04928465428867,52.337704213435046,128.82985333224326
1776353568863,-37.093664426964516,-1.2158052382871507,-11.125106543134804,-107.8197679735555,55.743653175142775,66.33350631341071
1776353568880,-30.05082213745117,-2.435201486803591,-8.401701789380889,-96.9043811892556,56.53897747757198,25.274800834930364
1776353568897,-25.732130670818684,-2.337489008331299,-6.997801790906768,-84.72478786128886,55.86391914604836,3.236640951900983
1776353568913,-18.19488515396118,-2.487425302776694,-2.827252739306539,-86.43618738048393,41.68552559899075,-13.51722099011662
1776353568930,-12.655900782233475,-3.4757807988271114,-0.14245434119217096,-95.64912219340148,32.959190538017836,-31.057669288180872
1776353568947,-9.19283713389933,-3.4563284948602315,0.7206551198321394,-112.65588341538303,31.593644477635525,-39.39717658551012
1776353568963,-3.3426047927856444,-3.4449560369744896,-0.16639633952742441,-108.07760078453431,27.345382927103486,-39.59591801488456
1776353568980,1.0167869330257178,-3.4436095908015965,-1.943941745116934,-76.75638181703933,2.2220782492849422,-27.96876917000867
1776353568997,2.388964344024658,-3.794958684429526,-1.7913108732587424,-42.41314565127221,-48.99092859560172,-11.929098701477459
1776353569013,2.895785154393315,-4.656871282085776,-1.0519514959146268,-15.101549962445485,-104.9074367831646,4.666575632475825
1776353569030,1.923141898998618,-5.190030064281821,-2.0658965383116157,1.1813776933757316,-125.90508436737376,10.808283441698583
1776353569047,0.42108021697998044,-4.949712657165527,-3.3904878030754624,25.539458712437312,-108.50266394715172,7.477151518385528
1776353569063,-3.9941280885994432,-4.374504539269209,-5.812522642052918,80.63581998257986,-104.94254395549846,2.8474172859625173
1776353569080,-7.415740367126465,-3.479223048235476,-6.5007063470702615,117.17633483452926,-95.67063045909785,0.2109906799597763
1776353569097,-9.989058238983153,-3.527406648907065,-5.931185407964885,128.2296026476042,-68.55379590690676,-22.007854760568858
1776353569113,-15.695637895965575,-3.221547679083049,-4.729445666039735,135.42265244746307,-31.208599393365226,-78.45625880710459
1776353569130,-21.613954177746177,0.383521762958169,-4.832246188366041,154.82641391714722,2.527514704014392,-121.50507650405156
1776353569147,-24.513632247924804,3.074005294036865,-3.729418071569875,164.77939289644647,27.862211388767303,-153.39953275801818
1776353569163,-29.31580398134887,7.717710220557451,0.5873283984746783,151.08566957289298,32.94781827304976,-181.36994971116414
1776353569180,-34.92481816711425,8.06816075791046,5.294328643146157,101.38319577522142,37.26316252651508,-244.1038575395189
1776353569197,-35.05619939869344,8.687510946002602,4.707151124384254,72.24921511582879,56.555021591932345,-313.0455467195799
1776353569213,-30.310144104766845,11.568483932118768,4.71657750796983,64.18841027248733,69.91538728775963,-359.4737576027415
1776353569230,-23.282713319396972,12.73909921685867,7.822156708576053,58.441810123729596,44.91622215187971,-346.93295655070784
1776353569247,-20.482844115447996,12.316970440673828,9.682301902477594,43.51604020221626,-30.909659088866693,-308.82795954861035
1776353569263,-17.239149778747556,10.798448622241615,11.906964593682158,-4.557365603402376,-117.8561708833773,-266.7167287492202
1776353569280,-14.863653988105058,9.71686743774414,11.888558602164126,-61.86460233193057,-126.37874432593581,-248.3001071995213
1776353569297,-13.254750472480058,9.45859264139384,11.302877715168147,-127.48530327336958,-95.30769469717089,-230.07011373870384
1776353569313,-9.517251458850502,9.260772313745319,8.426393400507047,-191.9379735648447,-43.173898951217396,-202.1905929430324
1776353569330,-5.881657406947016,8.815449928173422,4.330662547998503,-201.2231922697485,-34.078030165579285,-177.55483826722678
1776353569347,-2.4634844552189112,8.263138117218016,1.9183545185916124,-181.9583568477824,-69.96859446139402,-136.78612213033767
1776353569363,-0.6938713221997023,7.8811127302974455,1.4260470944829284,-163.2702489389538,-106.00254150336025,-98.83483170532215
1776353569380,2.070534938701987,7.04808077468872,1.3823528045872226,-152.56036205621209,-124.86649946255997,-62.92696995543436
1776353569397,3.3587644849479195,7.286602530559897,2.2713502834480255,-175.37662263901802,-132.947897326249,-25.28321050534594
1776353569413,3.9163147810786962,7.735067013549804,1.5067019455725326,-187.1813888457128,-117.79039616167007,6.396009412400673
1776353569430,5.317970215496421,8.80363031104207,-0.4599854094356298,-183.57480307713595,-117.75825329143599,45.492215419681465
1776353569447,5.1222436452567575,9.475651035961508,-0.6567583651893771,-179.68790634502176,-133.14602745369274,92.25610960998176
1776353569463,4.973953364452719,9.913640886688231,-0.9843148240911773,-178.50979433584294,-135.1062917454864,117.92243737870477
1776353569480,5.009269007983804,10.504859643664956,-2.5728679543984123,-169.08757569656703,-132.8849229821015,137.6198696619428
1776353569497,5.641785405510664,11.094431217956542,-3.3162680630672723,-144.6064565035705,-118.45859356817242,162.2987911333029
1776353569513,5.983858721271157,11.495161889868974,-3.1414911226801574,-125.97599539133684,-90.92536336342066,184.96362642220967
1776353569530,6.170307175555825,13.01128950664103,-0.8674482026146725,-126.15144929073612,-60.04593469182045,215.07283515167504
1776353569547,5.9682958259582515,15.352818438012896,1.2018906216379255,-149.33473691878186,-41.09695453783241,271.4833811671887
1776353569563,5.256169300621748,16.514006535449624,1.1106110257573425,-165.23473428765456,-32.824198679261706,313.71810178677265
1776353569580,2.880673509979248,17.996166123907265,-0.571464985845238,-170.7160703796165,-24.62099805210382,346.6180301884569
1776353569596,-0.37319676829874515,21.30884474764783,-0.9226642957389354,-197.79934138222617,6.850737367243911,389.74417245699755
1776353569613,-2.328212061420083,23.912089117343164,-1.2879304537015035,-245.16103421925348,47.155301595782454,425.8707368641092
1776353569630,-6.7302522578686474,29.013684636444598,-5.934177703382354,-276.1349585580208,71.84095421856962,455.36975015350396
1776353569646,-14.621538591656089,32.646885801862176,-15.258395429540052,-240.73283133503745,110.62500862794978,448.22149273422207
1776353569663,-19.020437567469475,33.917759431898595,-17.842338434346786,-211.99659991177134,188.53946267914313,413.0299265829718
1776353569680,-24.959253616443274,35.422065093451735,-15.428234566465113,-246.8219449801038,277.10910745820473,373.6254724309011
1776353569696,-22.509235961040854,39.97823026820719,-15.228019288237764,-316.064107842132,369.9501476385172,365.6318834791817
1776353569713,-20.642058525848388,42.31138037055135,-16.571614528679103,-316.9681243599182,348.9356499776256,408.7288198588314
1776353569730,-21.313931366729737,42.00866174457967,-22.195295903026683,-227.1939757207248,229.22161299849148,448.47538452604977
1776353569747,-24.743626413947343,35.47787875061035,-19.516933090917764,-93.61951782115385,56.276035685094,446.6902736053319
1776353569763,-25.972747060881552,31.875052995842694,-15.743969928664526,-76.24182268572726,34.55873204917561,412.2534433573681
1776353569780,-27.27070597398132,24.935610875049232,-10.899302504012175,-121.80494912937179,109.96892797703504,352.6413827721944
1776353569797,-23.902811110986022,21.436934646064042,-11.63297576657785,-198.3946333495278,241.07354849159438,285.3556866167814
1776353569813,-21.47404367581792,20.657622005683184,-12.836660523357242,-221.65030732239734,292.3706460642213,270.1873117910438
1776353569830,-18.316241689001767,17.724725556513665,-14.854823031395673,-201.79967389607592,274.62297324183345,264.08806214524907
1776353569846,-18.195932836383207,12.038645082202553,-15.805021815270184,-129.4960290027513,201.65599403669552,241.24545069262524
1776353569863,-18.731635530908406,8.54909674704671,-14.221856259752808,-96.16135223020659,170.7963797438775,203.2691071337341
1776353569880,-18.184710235296933,2.7958307422131297,-10.294766402159631,-91.75106493218351,168.3889019859881,165.43991317032174
1776353569897,-16.981473971203712,-1.0377367820739745,-9.556305119866131,-90.05463035745993,164.50074849906665,129.28660174242037
1776353569913,-16.80759536789581,-2.4132068048775195,-10.319606828905641,-69.14145172271631,138.73015789266339,103.1805327345536
1776353569930,-16.16939098786041,-4.049342610821127,-11.70959023796916,-36.98955197855354,100.82034037628817,78.69756939048115
1776353569947,-15.754745480103045,-4.595819724273682,-11.636118174523114,0.9394727768196843,70.43497343830083,50.158925094619754
1776353569963,-15.87445454019755,-4.771193242314458,-11.435753715349733,24.151299603260384,70.647262547894,26.524703254927896
1776353569980,-17.031453076989948,-5.093664616504311,-10.26618532758057,45.85457403062357,90.70636700806254,-13.395231250219252
1776353569997,-16.749684738457947,-4.417749806755781,-9.050679072239994,60.69980236144411,105.40875900786519,-39.64953158477457
1776353570013,-16.339977856146543,-3.796004978612065,-8.765919589067995,82.8148825542457,111.85967460345631,-61.522341552621235
1776353570029,-15.541960223034769,-1.648556896099448,-7.834873833952844,108.92347873210538,107.55479078470486,-75.94679266452854
1776353570047,-15.902736777960508,0.9136877930790185,-6.260836610656232,140.6431709357789,80.38748113454736,-93.75069843435313
1776353570062,-17.640178666421583,2.4311627328068015,-5.7251332585439085,171.5711827429454,49.36607332067009,-123.39289980950805
1776353570080,-23.181259498971887,6.723665280693769,-4.116978223198652,211.56349761650083,-10.843976302753777,-195.6538560205201
1776353570096,-31.83510103428047,14.080599238586425,-4.815037133281305,247.95291502363122,-47.84225128665108,-281.6558277848988
1776353570113,-36.54599240463897,19.89207485580444,-6.482749094833573,292.63068502630205,-88.00338111573252,-388.15978713560804
1776353570129,-42.91426881479472,34.80436048060953,-10.192713775591178,326.30810752158715,-137.8042437883981,-507.36071298353414
1776353570147,-42.0803381567806,50.91898308258056,-12.191872819408774,307.02842326836543,-114.29129024987255,-615.6032560063351
1776353570162,-38.37246855773925,56.6634210533142,-11.726050520513207,259.373974863133,38.835994582923526,-590.8193408670535
1776353570180,-30.649224083930253,55.0542176779598,-6.951563643480837,211.1465965299416,155.63238989958705,-509.6211231082148
1776353570196,-24.485500962939856,44.83756064365804,-4.45321421110779,210.6946565729402,118.64564512878239,-460.9543313849598
1776353570213,-19.26240040370524,40.08881128834188,-4.296094727160036,224.16877565429945,36.75563507495353,-406.14747280543014
1776353570229,-9.975441801562905,31.96094731848836,-2.7204107595697042,230.30974409554454,-48.12765074112006,-348.01485851523785
1776353570247,-3.8964141488224264,24.619126612444965,-1.3088795355647802,227.86881207110042,-143.33296773282163,-277.24112135448274
1776353570263,-1.6077069993168114,21.272182402215524,-0.44457273624837396,213.0515909309715,-185.65047024514615,-235.28802309475674
1776353570280,1.9973621504634618,16.399832113340803,1.0911579911381006,181.60657478477006,-200.85406152624432,-184.4408164223802
1776353570296,4.131644461932778,13.561655517290903,2.8297981860056516,139.60826067273857,-181.12552456152605,-156.34248368645828
1776353570313,4.970361477440595,12.626719842065125,3.1413432386420665,92.09346231527624,-154.7381132315573,-130.4712024313107
1776353570329,6.705710521808267,11.067196443419903,0.9277543123543261,65.09262486575948,-109.57699806208136,-103.68298877065641
1776353570347,8.863334545898438,10.1328593916744,-0.12434782581105827,61.39260210933684,-79.34879377689602,-85.0204940712154
1776353570363,9.853336932373047,10.293270610643923,0.28236703507751226,58.343653475167336,-60.31455920168788,-66.41398643240096
1776353570380,11.856984446716307,10.642076303399353,2.247258556177467,41.12352055860918,-51.71733179150113,-40.41094399797467
1776353570396,14.49180337371826,11.51266846659556,3.8902795185249297,11.408118338571919,-24.583165634291117,-11.827268264915384
1776353570413,16.27249202750325,12.340763258063047,4.630237176856026,-26.65067926397961,2.971891507170476,36.049291061936664
1776353570429,17.473032768902183,14.013710791314393,3.9754230958685275,-46.87920485896303,-4.718029581927647,112.80028727481545
1776353570447,15.190163239508866,15.237147547393292,2.731036856067553,-42.16523027496826,-33.34528747142031,168.91012738193012
1776353570463,13.303680799865722,15.420903328527881,2.9267629148505625,-47.777576225400225,-47.549666473175236,216.22052549829064
1776353570480,9.470712410515546,16.373795242210196,2.883966633240506,-73.47272739242068,-23.241327160517923,268.9000670193065
1776353570496,6.1533957882434125,18.439692492907866,2.391060439521074,-99.59100194833427,4.540892040897951,306.4293063951286
1776353570513,4.22651353367269,19.9516307682313,1.9065336593512445,-132.11699115333863,26.196859297409162,340.83837875430544
1776353570529,-0.7133230416446924,22.595876718139646,0.04189962503127753,-174.0590518273659,25.064084376393595,365.8486736834379
1776353570547,-6.80521952830851,25.31583973394185,-3.2561131618339565,-195.8706189040196,20.227033198649774,370.7207842221914
1776353570563,-10.203489509692787,26.761937244415282,-5.7665836054377255,-199.62812453249708,37.70399318083146,365.1747252576544
1776353570580,-12.182446819415688,30.864252736011146,-9.970202951061353,-233.81565287575543,182.01646809724085,379.9070608067784
1776353570596,-12.724583857837318,37.664683276477454,-11.67263007863406,-304.6172025668108,370.72239614683554,409.6939255885542
1776353570614,-13.199832302856445,42.132412042888994,-14.428056950799002,-361.0912283604706,532.7460672603703,455.2587732398696
1776353570630,-15.489438447028398,47.922044077089424,-19.380013806694745,-395.68985212949366,578.1252976908014,498.15482009565085
1776353570646,-20.22875975652486,47.71284778442382,-22.448483897631988,-392.309536867741,518.317921016122,477.33951807171354
1776353570663,-21.72992478196472,44.589761356353755,-22.697778410196396,-363.34169372971974,389.0921079573148,414.6590633038033
1776353570680,-20.950612141583857,36.59641925419271,-18.990207629704848,-322.6042325384726,183.5324012627685,337.0301111599165
1776353570696,-18.224813113104553,27.41974648863077,-16.7781158831723,-280.2271434558289,36.53877315371104,303.72397774791324
1776353570713,-17.462558798792703,22.110601384624836,-16.678308039855956,-250.46377452479794,-32.389419572549954,264.5202218744141
1776353570730,-16.44547295131907,11.311555965533852,-16.49155914131999,-235.3774712521272,-17.18429149888852,173.9057140804991
1776353570747,-16.353445605811103,5.713313933673501,-18.435802572797236,-201.257561781652,28.207385243757653,121.80589169547726
1776353570763,-15.903784241186827,3.8455367790222166,-18.453607986339925,-153.89517226532934,66.02051289469487,93.77565594558034
1776353570780,-15.354016561756282,-0.4777928688049316,-16.246752898351847,-106.39247700307628,81.76066334642175,66.66680588452898
1776353570796,-14.91258475388214,-3.3601135614693165,-13.348721426336466,-82.49382268212008,57.44471178793445,53.13264602527074
1776353570813,-14.941015752466022,-4.215440935516357,-12.627767451421915,-54.603291621506614,0.48270078114561393,49.38416649178145
1776353570830,-16.64942856685221,-6.1251154501765965,-12.388645683830976,-17.39296060822158,-77.49739587028319,35.56523555545786
1776353570847,-18.552518296294657,-7.2303364534586665,-12.846685804417728,4.360550287373874,-107.97989492845728,14.042452292006844
1776353570863,-19.151068857464193,-7.0370075920104975,-13.440897897991537,29.9197700177405,-119.23804109587594,-15.764764745948309
1776353570880,-19.822943305780736,-5.73336478805542,-14.461426063372194,71.85128146459468,-105.34551145615087,-64.34719851031178
1776353570896,-19.978565390777586,-2.7941847285717722,-13.373562437604367,91.74243840326179,-73.46953769407828,-101.85428758265553
1776353570913,-20.2883152305603,-0.7187076572924852,-12.57419660475403,103.50693381461016,-42.27402835825739,-145.92293448495545
1776353570930,-20.873249938831478,4.756681901881098,-11.599607768249511,119.27351709842499,-15.477107913958635,-213.54713481563428
1776353570947,-19.493439694866538,12.36635026539266,-11.733084510803222,139.6606209029159,-4.94265315938821,-255.84213868483278
1776353570963,-18.556409769041554,20.811299824744463,-12.273874226269125,183.37736962898757,-23.0951269613338,-292.45632395716996
1776353570980,-19.282751263947038,25.26301502946615,-12.880205650573224,239.4258336562205,-73.36962568689934,-316.3493911833851
1776353570996,-23.285107374926657,34.5068820933789,-13.191003684234618,297.58268145758797,-131.16299131120627,-348.704379772329
1776353571013,-26.955418666076657,43.231202720862626,-10.345793774889781,313.0638516265555,-175.29287085941533,-400.1251037689331
1776353571030,-28.51793569357991,47.02541380179524,-9.430310969886463,287.61667047735233,-196.67924499985745,-451.2231149876325
1776353571047,-28.68478220629394,52.25584543457031,-10.16323525898205,259.99956554959283,-203.2445594338571,-497.16837685496097
1776353571063,-25.2923475069344,52.93175790623128,-9.871292604574002,224.50234843298455,-173.66313308193693,-535.4747005130338
1776353571080,-23.006333249774574,52.21723717923462,-9.147346206377819,201.63788037501664,-125.66238042540654,-535.7987246872591
1776353571096,-17.9961670006901,47.278151130023595,-6.926424891375377,183.88855464684966,-83.3497341775819,-518.753413877602
1776353571113,-11.604248287531734,40.38599244619161,-4.6335272313773626,177.26209635940003,-66.71287551048073,-468.30033644109193
1776353571130,-8.600721135821939,36.4413941121757,-3.201046596715599,163.50407363500003,-79.30358475477969,-428.660131479629
1776353571147,-3.8033395592838524,29.768306633813676,-2.3139951738886535,149.1470706411466,-71.61181503229403,-384.8592484833611
1776353571163,-0.3166343385994434,23.890691159201225,-2.207153997869417,139.64099093924128,-43.93744921362771,-346.88222190555297
1776353571180,1.1499638158500194,22.175844183581695,-1.902192013417743,137.65769524956633,-32.50250701463786,-319.08329734208775
1776353571197,3.8280285948604345,19.440468859918415,-0.5419864327034912,135.202774997702,-46.618564840235344,-295.66052962136297
1776353571213,6.909216493877768,18.077119190758467,0.03800885810597829,133.61123163806232,-70.47138517676618,-263.88870258375476
1776353571230,8.910319584435223,17.80462969883382,1.0239712367729283,110.4354777086711,-54.270094503225884,-242.71096340169987
1776353571247,15.157241797637939,18.385523168890177,2.7840086043311283,73.00536486827339,0.27998386150910315,-201.3217245787151
1776353571263,19.72582923159301,18.725948132921754,4.851102225206513,3.0934242647236863,80.19674127178558,-130.90975521753887
1776353571280,21.267693347167967,19.055750580652056,4.203620427902439,-15.460857186375883,85.04205697842512,-56.624979804506204
1776353571297,22.93929443424642,18.161515968322753,2.3186359123665836,2.483067034547122,25.97288885678798,19.14999945145068
1776353571313,20.817135691291092,17.237654279492794,2.4787476717530312,23.33074799713173,-39.99464055296781,103.50750755050045
1776353571330,18.93588881421387,17.22837499449402,2.9688110906402114,10.936069450880352,-40.316690802523084,157.37477115685732
1776353571347,14.763693730705976,18.02235358134806,3.0992947614583186,-15.42925731618082,-9.636696824498065,211.89472081011144
1776353571363,9.866354819378257,19.119346416119484,1.9393043402404058,-44.85841143074472,32.37371013745893,275.944177714124
1776353571380,6.015880583953857,19.624522966412453,1.999308922308305,-62.043259590050596,37.94317274518697,298.93183506396224
1776353571397,-1.1742068612247705,21.581182592674715,3.476980265144212,-89.1420556126437,14.763552928725526,323.8557144397157
1776353571413,-9.648034724536538,25.360879556694996,0.6660381251121871,-101.71980798808715,-46.3699869355819,386.38180693238365
1776353571430,-14.438084058490395,26.104878672436623,-2.089688652447937,-79.74881063582698,-47.67564589732154,413.5020019376464
1776353571447,-19.818154464069007,27.637317664801326,-4.105755658644997,-72.26898168328681,15.879225056059381,432.6655729749779
1776353571463,-22.767812078425287,31.41985628198832,-4.0601167785867345,-82.8445392356219,110.5811793040458,468.1635687331516
1776353571480,-26.6929560626477,33.43008931220174,-4.734233512237621,-69.1329344768213,100.1284627039334,487.9510638907854
1776353571497,-36.0957335855782,32.66903012139201,-5.99971880943235,-38.64325005964035,55.237505421793564,467.6514684699407
1776353571513,-36.18476912885904,29.095986341425775,-3.0244744800074024,-61.774751193399055,66.97504549158249,421.13378210865187
1776353571530,-34.29095503115356,27.810748962733147,-2.2852645713036877,-122.47434864916806,137.05372894201878,397.0208920741891
1776353571547,-30.765341403143108,24.365041522869465,-4.881925872814283,-176.0611441976367,223.83506627183095,363.33360678574246
1776353571563,-27.002107352015376,19.228133392444253,-6.879288433128053,-188.39453972533377,211.00043048170332,334.3584143641743
1776353571580,-25.14585141607076,15.98084599968791,-7.647677483910321,-169.93596715375267,121.2469773156951,302.83061632523226
1776353571597,-22.18856301457509,9.613766544231773,-10.483908698638155,-110.23730660009235,24.20531956940601,260.86415821548974
1776353571613,-21.238664528821406,3.2137656469047067,-10.180593641143291,-84.94503414126508,32.41064780049036,220.77120733470332
1776353571630,-20.212748386792093,0.6271311973571777,-8.974963175389915,-86.83106110696988,89.4007763482146,180.83884786168227
1776353571647,-17.156999538001045,-2.4058733932495118,-6.961889076531678,-96.70768540153757,155.09453982320525,148.97313304374305
1776353571663,-15.226673791912942,-4.7578772491455075,-6.134841309899091,-86.5568221816047,150.392337070245,131.425762348955
1776353571680,-14.961965491916425,-6.08381722510457,-5.901705338719487,-63.94677184003062,103.97029384790383,109.51049934032213
1776353571697,-15.223980320753489,-7.745837998411059,-4.822219372935593,-48.563894923408775,49.53483704977735,77.59680244346355
1776353571713,-15.238944586877896,-7.542931161278486,-5.48092585825175,-43.87304052975449,39.01778006768342,65.53696282221465
1776353571730,-15.15439970607981,-7.209539164623617,-6.873154708154499,-29.186955606595248,34.133795245057854,57.82555630586519
1776353571746,-16.214282415118813,-7.3175775145381685,-9.722852211242168,11.470949248746868,11.852948922420987,21.399571773465862
1776353571763,-18.029386219931208,-6.042513739335536,-11.413457420128584,60.952696945653,-24.1784683882314,-21.030389803542917
1776353571780,-19.12368649115041,-3.9381607021838425,-10.707018731170146,93.79023156926915,-37.752760731505354,-62.95368282527828
1776353571797,-20.588040319005493,1.0375888980358838,-7.867944475036114,102.61898190175182,-37.23084548645717,-116.17481053615194
1776353571813,-20.768653509531728,7.882312169215083,-9.662846655351668,121.95891525364222,-36.085456913591884,-146.23932250768877
1776353571830,-21.73351615752019,11.13468314884603,-10.852466116698459,154.76155444078879,-17.907121881014508,-183.6642102533714
1776353571847,-25.077766890881954,18.84610742100179,-9.921121926626004,191.15161388570112,-12.543798651305682,-251.88098413606224
1776353571863,-27.80805460908264,27.05597572032511,-8.042421902753691,206.28406191640445,-46.31941963006171,-314.8349469990965
1776353571880,-29.06785271835327,31.344440390998123,-7.152377307726442,201.51561998887342,-95.64598030638328,-380.6958110521315
1776353571897,-28.147133419202266,39.911342259326574,-7.60682671034485,174.16143636302436,-126.86677500251156,-422.8911351405828
1776353571913,-23.878571426612137,44.06408386982381,-10.653299123681336,169.3356754879786,-117.41795960660762,-430.78486672663655
1776353571930,-21.84065573196411,44.578089623260496,-11.554267282049357,181.37524993796006,-101.07621975316437,-424.36410641623104
1776353571947,-18.190546247974037,43.016320783776045,-9.212588274682313,179.30717794030693,-89.6330574215084,-398.4035955697664
1776353571963,-14.838812392315267,38.50908593640625,-5.525218150573224,157.36161621251588,-81.28434644427257,-371.47847076719927
1776353571980,-13.267469084277748,35.49688331080973,-4.486434051403403,134.7454801723913,-72.61941136884349,-346.92702794650825
1776353571997,-9.598655484339595,28.950237269537148,-3.466503998046368,119.78960619211115,-80.14440836236494,-325.0813235843828
1776353572013,-5.737554640960693,23.272987459674475,-3.5366834496878083,121.62900345635227,-90.20404757574313,-312.8783983302113
1776353572030,-3.923648192706704,20.987421238543092,-3.816805190056562,129.23645449353413,-94.16372680365296,-299.3949218896891
1776353572047,0.2656055776298046,17.583764741814882,-2.492961455724388,114.76687632178053,-65.36903579128071,-266.926552160523
1776353572063,3.932475057762861,15.065513179348223,-0.4174877454459667,92.18219330278389,-45.44179154813385,-241.03904237590746
1776353572080,4.984877494049072,14.235024989938177,-0.2856570895988494,81.73096568391053,-40.755178701954144,-222.6778546415124
1776353572097,6.612334903496503,13.127257991967722,-0.5428845688533037,83.37406331140548,-41.539345890374136,-206.59203514608035
1776353572113,9.794379716491699,12.706776106207071,0.9464585013676434,75.05253648706629,-27.683414111769295,-188.65875876318657
1776353572130,11.723505950596929,12.820350316808373,2.1303917337715625,51.32484180103552,-15.847577374540128,-149.34821971220347
1776353572147,14.164545349773764,12.802693225695192,3.033304961792752,15.702131911259292,-19.339624285830453,-77.57469995130938
1776353572163,14.076559023284911,12.594099282836913,0.14095938992667942,15.681226409757175,-39.045893126307185,-19.083946399534778
1776353572180,12.55743806991577,12.375328813879191,-1.7447732907950877,43.94487362925551,-56.71099579181875,33.01202546634247
1776353572196,7.697806665691733,10.590751043701172,-1.8201906613563186,69.64660568354128,-68.65362595181566,72.70245963896167
1776353572213,4.519653599438071,8.747963222747295,1.8300683963054325,48.14185070440451,-61.710028320824016,82.59939691612097
1776353572230,3.8250375963509082,7.702146740722656,2.810943409540504,17.337374821208723,-31.61679881892187,77.07942244402426
1776353572247,5.746233621978759,7.67760588144511,3.709966096396558,-29.742714438980844,29.032822142690154,95.99063848209128
1776353572263,8.673145151519774,8.546401662743836,4.342484829727688,-66.14324456389083,62.27804734276978,132.70890900719027
1776353572280,8.36997936630249,9.816974775463715,3.8389537108374756,-116.74552748281987,80.87509516958374,189.4324416112306
1776353572297,7.314284902733564,10.986541665395535,2.930802984021604,-154.2731412736195,68.80446384944622,236.3634227191969
1776353572313,2.0798124701350926,14.12938106087949,-1.2548600318139418,-167.56955249315337,16.338384523013488,280.73968085114666
1776353572330,-5.570709297290444,16.575506421551108,-6.7624214200675485,-124.75766722832499,-44.35220903588215,313.29935654913754
1776353572347,-8.308927223968505,17.903091826629637,-8.242786307128146,-85.52894018322031,-8.766808200673472,319.00341144955524
1776353572363,-13.140277121081947,21.09411372680664,-6.603357049129717,-93.02819419376,94.39195757476894,312.2785164757874
1776353572380,-15.684265438079834,26.552143862639365,-4.575318714971468,-156.18978797737347,194.14894678031285,332.06631216174475
1776353572397,-16.990154559656975,27.95409974130839,-6.174644985564425,-168.5402589779956,189.5053470504313,348.5605906299219
1776353572413,-17.44804387359619,28.132617694854734,-8.793602545763552,-160.9303080915775,158.15046208051731,356.77564163528973
1776353572430,-17.16104011862874,28.970138194054364,-9.000401641094312,-174.81923822160996,173.37438000458548,374.4264623752468
1776353572447,-18.377144924384353,28.463315630120036,-8.937554066710918,-207.8903994657864,215.0714827742194,369.9248759385882
1776353572463,-19.22229752589762,27.080217596656084,-9.604788141875714,-237.57171050412884,228.33618825562604,364.3080015727365
1776353572480,-17.966838614875076,24.712051125988364,-12.900856589740142,-215.9468398182482,146.65418819787533,367.0386565613942
1776353572496,-17.979557226672767,23.20594864414632,-13.783568047134018,-179.88871390662015,80.00375427678688,368.3146998228927
1776353572513,-19.03884182368815,18.18351152703166,-14.267197028652637,-152.41864929131268,65.58636558048136,352.1011148088464
1776353572530,-19.696798659680784,12.914473392486572,-13.378947856969758,-137.37283538004178,135.31254979804245,306.6409602971289
1776353572547,-19.589807699927313,10.606911904907227,-12.533645325591786,-131.38650242160577,214.48022061852805,272.3483563236791
1776353572563,-18.104355134338885,6.082918230438232,-9.604638285076245,-125.95602391820373,262.84335579166265,249.9076332018188
1776353572580,-16.99583994834963,1.075444873699546,-6.434566307012736,-123.82511418018646,233.18142883018473,225.01086967707033
1776353572597,-17.187226407025754,-1.2560586304813623,-5.7508722415648394,-117.57482173108613,161.2405079629228,194.96389763132208
1776353572613,-18.393006218121943,-4.702961417609453,-7.203553952734172,-97.03239942486914,97.37418209093659,153.84731996000423
1776353572630,-18.874539588629453,-6.177936355260014,-8.84777091993317,-63.263609489056776,57.623724215891315,94.57431679541911
1776353572647,-18.561948095680027,-6.294206526947021,-9.632321607097984,-37.99225448456268,60.30388361601515,58.76720716597817
1776353572663,-17.64706261724904,-5.7519192663997405,-11.174337113842368,-5.577321594141789,66.95557262225879,27.239834306311984
1776353572680,-17.21790123901367,-3.947587286698818,-11.329212033733725,46.972512073214574,65.99532998722503,-15.871921876289345
1776353572696,-17.221493272156266,-2.506430447497964,-10.74547574146688,86.52855885881918,47.40626665155082,-47.815961888535696
1776353572713,-18.54518722275421,2.4235300459712743,-9.224110662432759,124.91066346573326,24.1271975732267,-79.39401645939067
1776353572730,-19.68168460411392,7.44342390834391,-7.549066887554526,155.90852078735233,-4.769012248326738,-126.84991809563996
1776353572746,-20.43256661123708,10.507403482928872,-7.650071977831423,178.7202188037927,-14.334639246963528,-171.0970583315198
1776353572764,-22.73519009442497,17.674744258770346,-8.499416112750396,206.9809597777992,-16.5329885652982,-225.77710761891905
1776353572780,-24.826674224588086,26.305094224658607,-7.491457387354551,234.87690034823532,-23.98021019474073,-308.51568329975737
1776353572797,-25.53880093258768,30.409505227228998,-6.1839231015194205,227.22770319484633,-54.78668561581604,-378.4570389667414
1776353572814,-27.330262324799595,38.78875978687704,-4.8630721192624415,204.69717674577873,-98.77846898429121,-450.77877020098816
1776353572830,-26.556635036578772,47.60361291820109,-7.352892573547363,180.67663086889448,-114.21749005589055,-517.2070590495111
1776353572847,-24.114849202948808,50.13263922838866,-8.294261862017214,180.49736572393832,-86.34594009098056,-524.1387175098336
1776353572864,-17.812412607795,49.27027771792113,-7.7980640063412485,188.78301356456743,-55.38311480961448,-493.6933951713119
1776353572880,-11.278035973247885,42.97876291427612,-6.274902545409649,216.13212919005232,-37.1556519338845,-410.22066977734556
1776353572897,-8.451980773162841,38.10536543502808,-4.262426266314089,220.42896021577232,-44.31760388245228,-351.8480153189624
1776353572914,-4.894496381378174,27.756726865166424,1.6377844499334693,189.53874667547265,-35.502377324526236,-345.4623075393774
1776353572930,-0.148142981287837,23.03072330240458,4.731541030883789,126.34628726699991,-7.944235712324144,-339.2762325288535
1776353572947,2.908057191467285,22.412270355413106,5.091719619916379,84.03678973638264,0.1479855999609937,-275.51201798495896
1776353572963,7.372494515118002,18.49834992212504,3.3945296258121727,80.9075180775738,-11.66322505029825,-190.48700915870222
1776353572980,9.665243048968911,14.643835252203418,3.0790938493475317,99.65982293441131,-49.67726356944504,-143.38349747230137
1776353572996,10.260201576995849,13.308468399468437,3.3448502336248755,116.36821417269002,-106.79359352246362,-106.92776575851934
1776353573013,10.076893758824466,12.105681066452805,4.288164810943603,101.46482336599225,-137.02553392112497,-68.72227618316346
1776353573030,9.700706576538085,10.534935833906289,5.33817260717824,58.42437265077855,-97.12448403525926,-57.17820122161514
1776353573047,10.312573569267988,10.239700750356725,5.62742224137634,2.4954232736424986,-37.630452534037936,-49.02893859833284
1776353573063,12.954576270294188,11.103258740599825,4.889259942029416,-49.684366966181855,-3.2113805644727487,-9.835787447293828
1776353573080,14.501379011315107,11.99704520730283,2.385373479925841,-55.196056418815346,-18.22674570586713,36.863217384570405
1776353573097,14.610913737267255,12.104484906337643,1.4431059274420142,-46.1860636016118,-44.76631657507085,86.37935337640026
1776353573113,13.128155306133626,11.998092633996531,1.2642889909490942,-53.762133334652034,-46.88340884039717,141.02079843461055
1776353573130,9.870994754138588,12.432489940124004,1.1103118966802954,-76.32491193698046,-17.441641073983554,168.75198118188763
1776353573147,8.301744618988037,13.39406132801473,0.809839588330686,-106.29837748688101,23.64826129353082,194.5448928464985
1776353573163,6.124366677635908,15.278896584972738,0.13811609279215334,-154.50688400739568,72.61486929304542,225.08723119199107
1776353573180,4.777928103527427,18.605489861895144,-1.3088792433038352,-187.8119245891317,96.20677298818717,250.1814145045096
1776353573197,3.8470325705379245,20.497657653698322,-2.2495016589291392,-213.75268252851666,104.51552735877844,278.2005170460594
1776353573213,0.1626566598087549,25.720308715599774,-4.026148782238364,-245.42836782336778,93.11801118134566,321.8363553512231
1776353573230,-7.09880850688517,31.016583816638587,-6.8345470373407,-255.28933049416864,54.663158229581775,345.9365958753431
1776353573247,-11.046547769275307,33.43727016361654,-9.443030184472352,-226.96127117570248,6.134467808702545,366.66102906256253
1776353573263,-19.085679562708734,35.857360882788896,-15.661220808709412,-140.61963410389905,8.582104517590695,373.4461389840532
1776353573280,-23.92750233851969,35.23591474533081,-15.923087126745655,-107.27294985879345,102.37626429940624,364.2796153065459
1776353573297,-24.617331107330322,34.95908517837524,-13.715632830755412,-129.14312678871508,221.90187684990724,363.2505790061918
1776353573313,-24.453926844024657,32.65257056950033,-9.950601301751657,-172.32203909878325,283.24444782357375,352.81358550154874
1776353573330,-23.544579418237507,28.943204594421385,-10.090062890868634,-164.8132569743514,235.12128451673837,338.38595835167735
1776353573347,-22.6756351683788,26.618136091724036,-9.644442216469905,-147.01387961994655,164.81456837067205,322.68772477088686
1776353573363,-21.942261126221716,20.808007797461748,-7.783999085367983,-167.13358151843144,149.31673254012972,288.35154419053237
1776353573380,-21.412542766803128,14.31957049179077,-7.870638353762589,-198.7343532984659,196.08298314569365,250.6491458588721
1776353573397,-20.589835796720674,11.284919303020834,-8.590394825988263,-220.44553025469878,230.77212058159773,204.78098316689477
1776353573414,-17.6490078695653,6.091151221254467,-12.616844052477925,-164.6584165858672,185.01102793504955,151.75475490398742
1776353573430,-15.457265266241505,2.50852654299438,-14.002188257433474,-95.02223377099938,125.6055805722687,127.19526612045415
1776353573447,-14.797214307513832,0.9660609543949366,-13.018022322027385,-41.49318405686861,82.13238273162135,113.11110869337521
1776353573463,-14.006828411389513,-1.9217969141304492,-9.837774475451559,-9.101184380359678,54.21569546158132,96.45180602466138
1776353573480,-14.422970075988768,-4.828655835723876,-8.185625253948569,3.545971254787575,49.60546462088987,77.66578052389151
1776353573497,-15.023765493475645,-5.890781209123134,-7.686883705139159,7.411124933452662,70.74769364944987,55.599642051587644
1776353573513,-15.479412289185076,-7.155071661376953,-5.9421083685174585,-8.83456111591906,112.67560217151686,24.715643983432685
1776353573530,-15.209615689606219,-7.26550362842977,-6.4924757674068205,-4.196220631698421,108.93736450668801,-0.10150208055381078
1776353573547,-14.91467924194336,-6.8020759695857755,-7.601291288049518,27.108295108181295,74.42290232861784,-23.576933628028378
1776353573563,-14.722095938165484,-5.761196797832846,-8.515576900891213,69.3792652492378,44.6103526204682,-56.56121998860413
1776353573580,-15.836746375506744,-4.358044987377524,-6.923432650756835,80.49103363255392,52.565825701524304,-87.52862832690329
1776353573597,-16.603788440118358,-2.902669068688154,-6.469432599341124,88.63471599128432,67.24302796366794,-120.96002740828453
1776353573613,-18.310256002188286,2.0759224769592284,-6.238241040227562,112.88448984690336,75.91508009621218,-160.24743943873796
1776353573630,-20.47042508938508,8.13340289928019,-6.1373864643372595,142.23418154066334,77.02320998715506,-189.50120795579426
1776353573647,-22.36034800660461,11.666944105419516,-5.865944435638934,178.89818621280656,85.70382717691848,-219.44684731501619
1776353573663,-26.006717427283522,18.358588692474363,-3.4602199858734384,219.03896207816138,63.99474708876079,-265.49835960507335
1776353573680,-28.164790510315445,24.89356095482707,-0.3434181910308078,228.54625755373897,2.725828392792066,-304.6876901190454
1776353573697,-28.276120449121294,28.284649500274657,-0.036212811566516755,220.84944032145665,-67.61604508480985,-335.23388069122984
1776353573713,-28.87422136682719,35.83670913990438,-2.4323591029845177,204.56120133978212,-131.71933753986048,-371.5201076003797
1776353573730,-28.076205487281083,41.264215834918616,-6.064063746234029,196.58597193655174,-129.9998783974448,-394.74034655183516
1776353573747,-26.239852813941237,42.34848815819621,-6.863876446069032,183.47877061740556,-90.67636198703867,-402.432806123427
1776353573763,-20.873398261260984,41.05367397286296,-6.633583881621807,170.28370574477634,-34.87073509046179,-386.95281074699676
1776353573780,-15.598822366333007,36.091243872943515,-4.846911331121623,160.63633674970015,-21.96062400245822,-367.679191701758
1776353573797,-10.890624801635742,30.145093243297932,-3.5221693327754733,152.51936726081368,-37.749936448283556,-338.9592297890949
1776353573813,-8.63124603794515,27.01587079669088,-3.2118209425777193,154.66117798074626,-67.89709370877753,-313.798424811412
1776353573830,-4.792443535614013,21.32754809641093,-2.8426649741023775,158.92869383454857,-91.40640675647549,-284.54415086035715
1776353573847,-1.2114677936047316,16.71407157328501,-1.4867992309570313,145.87457674563174,-74.35817262585363,-247.8685485270032
1776353573863,0.050727147674560547,15.026458385821432,-0.5939116493225097,123.9065573558497,-41.03913015631908,-234.2162844517117
1776353573880,2.8992291573673485,13.104063505797832,0.9012677258364856,102.60503465546665,-30.798118684625802,-219.21710707209365
1776353573897,6.7342901350826025,12.318616509114111,1.7884686401367187,86.60643667573567,-74.49134082410137,-187.16379427841085
1776353573913,8.60625655811727,12.01470153123103,1.8843864902772007,79.15798561224254,-107.2875391428606,-166.97279886536936
1776353573930,12.108375621032714,11.734130951116233,3.1974563171386716,49.777469274758296,-96.17199366493347,-150.20637833990222
1776353573947,15.313612509045004,13.370868083953857,3.7285207574039694,-17.040901922547857,-10.990207237789166,-107.34626510934437
1776353573963,16.751778934258223,13.910759827666729,3.342755014911294,-53.346116757590316,48.86820717168952,-66.61622150353587
1776353573980,19.552996045684814,14.593257084545492,2.139219183349609,-57.76335377309388,53.80186112995941,-17.782935381525334
1776353573997,20.26332575073242,15.383942182812094,2.3105545319154857,-40.535612025800326,-25.932408033124606,67.67033142833311
1776353574013,18.627188775745033,15.626355685424803,2.128744697216898,-26.702585286577122,-78.05161791010553,125.86471794937898
1776353574030,12.747179136005043,15.567247882091626,1.474080326898396,-25.431072148045672,-83.10774057528835,168.4981167108166
1776353574046,8.646360020446776,15.281889483178405,1.6000754815250635,-46.304878157318754,-30.79450892964945,189.20884853856106
1776353574063,-0.6813005944401025,15.57981788376544,3.7306150993347167,-114.85665232823118,38.407045042668386,195.5221836337006
1776353574080,-8.706065424346923,17.86014572475273,6.06226853338033,-179.61461841522754,18.890365178078277,200.84382990286764
1776353574097,-14.572908123999833,20.69772312992513,0.42167847513407464,-185.68903349320004,-87.33837340757258,217.19897741765163
1776353574113,-14.906449173736572,21.728278329931943,-2.4706662564817816,-163.03839133738856,-112.25507425450834,249.14041171272962
1776353574130,-14.590713829803466,23.249642824444173,-7.532906391674652,-133.61698265734347,-45.534818724629424,295.94450156629546
1776353574147,-14.004585089442132,24.736892721778155,-7.657704116677679,-92.40517165842812,53.53896031861645,367.83877224152616
1776353574163,-15.051449765345453,26.129419970105587,-6.58794536232315,-59.23724029409094,70.80874871044061,419.24621835038386
1776353574180,-21.681741181293127,27.075725545933842,-3.534589692278951,-44.08617658280474,75.93992832441269,437.3413838769853
1776353574197,-26.17610544117391,25.40412562789917,0.1951278006289154,-83.01806019148607,112.45992528809536,408.76012944598676
1776353574213,-25.80500535289347,24.242489494433997,1.6768389146666973,-154.06244359810296,147.11353207993704,372.76227312359487
1776353574230,-24.342446829223633,22.245873193901776,0.27952308035586027,-217.27697817797318,153.66660681494403,336.39837330320364
1776353574247,-22.33685461055338,20.157233274188638,-5.4701524622377,-232.64288207450755,86.69702547469755,317.23152377507057
1776353574262,-21.915625632752477,17.902794304987786,-8.284236270429473,-201.42181417081247,37.705796350772346,305.46573062777986
1776353574280,-20.99819660731852,12.016498132324218,-10.279653954027966,-180.60918958102977,33.71769670572609,282.80772552804314
1776353574297,-19.599384141241757,6.178088915473222,-10.791415070343017,-172.60009609989447,89.14605810349732,230.56448283082935
1776353574313,-18.304270680700988,3.867086347529292,-11.12331142161265,-160.22395724837145,138.6029934306961,189.49271120046677
1776353574330,-15.084068863268941,0.6115694710880517,-12.071414548382162,-118.65207916698054,160.2880654039212,160.05105783972175
1776353574347,-12.724135164221748,-1.1767501159667968,-9.81413144179657,-53.88383706037791,136.69704280318237,143.3866393593196
1776353574363,-12.317869143079221,-2.1444553304374216,-8.02880533746928,-21.583855399914682,85.91887568293633,133.56212257792993
1776353574380,-12.601580761166103,-4.571276819169521,-5.143642699377239,-0.4106791577513269,10.373605080277095,106.73787966940382
1776353574397,-13.564499453746247,-6.417058415111899,-4.121468081963807,5.648417886986097,-28.62857739666295,79.39150977996528
1776353574413,-14.14629031788361,-6.832901900482177,-3.8643912632264197,-4.763837526256808,-33.68598755250431,45.50073266557647
1776353574430,-14.410101963584637,-6.30842093026042,-4.232798605291545,-27.999537464672287,-6.226284334167733,3.260488130501259
1776353574447,-13.89160704550254,-4.488977306145429,-6.907571357019245,-24.062724002556365,7.830957878713128,-20.58526808288048
1776353574463,-13.631537141329817,-3.4988229439795013,-8.211811250084638,-0.33755659324019843,10.716401175662634,-38.690450081899726
1776353574480,-14.354436784119159,-1.8558055618286131,-9.539846006365865,46.899418803811685,-1.1686107891565085,-69.01076288313729
1776353574497,-15.487791520071587,1.4182675465226173,-8.796595736230165,79.74999908874256,-15.892243396617426,-88.98080850671803
1776353574513,-15.516821178668364,3.4171260730236765,-7.87632476536855,103.39279452339008,-31.021097040270035,-102.52921272549035
1776353574530,-16.637008938001095,7.395690681788325,-6.26143633011505,128.7305833628463,-66.99161553050894,-123.57254744505774
1776353574547,-20.22337294891998,11.775284068629144,-6.15399631141983,152.09667417383827,-94.69935706855453,-155.00100721271107
1776353574563,-22.61338475617096,14.936976998469232,-6.178087819494679,173.57129435835694,-121.39348487339188,-197.77972507892989
1776353574580,-27.519552432250975,22.607250929591057,-6.321291389885265,190.98533976054634,-141.13370146159087,-273.6140450183958
1776353574597,-29.87230447616577,30.7792585770756,-5.193621946727368,168.29485028111702,-115.6079458161759,-331.4937510640009
1776353574613,-29.359495239037273,34.32761565955281,-4.772092967633157,128.17237932273784,-79.16603157508482,-374.9995152466109
1776353574630,-27.314698552703856,39.7085827217102,-6.742221549136377,102.50199442164785,-42.756823694834324,-412.8198572848589
1776353574647,-22.934058871680495,41.59940465186238,-8.48594865534678,106.28783167480252,-31.538757077465302,-416.69913152585934
1776353574663,-20.51157453536987,41.08330221840739,-8.565106728539988,118.64944271396092,-34.53059166979516,-405.96491550929403
1776353574680,-16.57266389160156,37.42720723026692,-6.832303423132374,123.2007665881556,-48.1705306687294,-385.5753801574586
1776353574697,-13.289465227508543,32.5764050291866,-4.69502938250117,113.44674418918964,-56.116742013270965,-368.8969051477446
1776353574713,-11.7082446685791,30.01715338434428,-4.2699090963501485,110.2525106011848,-61.099634805267485,-353.05092091482834
1776353574730,-6.8614838518440715,25.085397239629923,-3.6062663236755874,111.64409334268319,-80.83873807263177,-322.6170459733556
1776353574747,-1.684620727649331,20.693234586334228,-3.3149214707639065,116.27704480764869,-79.44113110428542,-296.5206963246777
1776353574763,0.6760626937866211,18.303222340691832,-3.1130601971615106,119.843755931851,-57.110684801669564,-285.56985402839626
1776353574780,6.883031082263589,15.775843103591537,-0.7630018493101001,106.64296736069733,-13.727099896706418,-253.80928314254024
1776353574797,11.82496141498983,15.52759434635355,1.7326537408690899,87.08269893637149,1.8844724573383784,-205.68177583539273
1776353574813,13.003657404327392,15.18043471290525,2.1827643105655907,76.53218085753366,-9.330476392117944,-156.5191806802865
1776353574830,14.948348287311195,13.160477686132863,2.7552773806916546,66.15195988527176,-31.14969242686845,-114.52754649326329
1776353574847,17.706469768854976,12.397175319506227,3.8483797108305615,47.39579597155319,-32.746013503832565,-83.94646048460923
1776353574863,18.958187155261633,12.484863247570395,4.000412137304991,26.815508804124942,-21.413385831062214,-45.010482177520466
1776353574880,21.23462168317139,13.09508481118083,4.1314946416659275,0.9098493926156928,-6.692152327547262,23.60312911104267
1776353574897,21.24614670127034,13.977497760552167,2.7889462433964014,-4.873323324217996,-4.60035524092526,84.51896694083969
1776353574913,20.12356247525513,14.325256647668406,1.8203416689332574,5.795284456501119,-10.91281436430375,145.79239590953816
1776353574930,15.768510824474692,14.665980996505356,1.6074072126526384,20.4780750940463,-30.26795940124941,205.07817835806037
1776353574947,9.776722479248047,14.447958651634352,4.055478775488585,6.363693226116403,-33.39742230535502,222.83270869037491
1776353574963,7.422922972106933,14.961216171386464,5.264101591458358,-34.74817417599508,-18.938784389104498,236.77541972993205
1776353574980,3.410687564408779,17.444451840453596,5.143194279756304,-100.19127312354084,20.915164512244804,264.70034762320574
1776353574997,0.1767214255183935,21.72259137033671,1.2665328974183647,-122.7514221030388,41.46703126253663,300.7755763285155
1776353575014,-2.5595529658764598,24.31685996802449,-1.1131539973715785,-115.91494915898964,44.99187674222135,339.0553442110953
1776353575030,-10.654048334613442,28.690167114202676,-3.977068342324905,-92.62817050463987,14.61946496554223,370.2077277324967
1776353575047,-19.263896195220948,30.679299488720297,-5.971288201290823,-79.73485655935265,22.3067472537432,365.47407878859775
1776353575063,-21.983559059032796,31.886875535583496,-6.630741363088704,-83.25868775594562,86.2436170270246,362.857679204376
1776353575080,-23.60398583919108,36.3055249215275,-8.8099137204268,-83.95458840972154,179.6557634747877,404.39290649068056
1776353575097,-28.558785005840658,36.72959730606079,-10.409090956204198,-53.35954149440398,160.70735705668994,426.56725223491037
1776353575114,-31.347731249237057,34.441338484844565,-9.412653750909119,-22.392780316528683,75.9561431935023,411.746315471873
1776353575130,-32.86296250169128,28.271033062854407,-6.108805608953908,-26.529429745833543,10.927782723869834,359.5130721716041
1776353575147,-31.187019586016238,21.13092516185343,-5.4767364072052755,-58.47362514488351,55.949402378605654,303.7642758640163
1776353575163,-29.833996957342325,17.477821756744383,-5.8819550199204125,-97.49537696756929,143.1721714193812,236.70460432861736
1776353575180,-24.926932916944473,11.298687131610512,-5.781847298608348,-151.53251420877356,236.30946422475378,163.99306053805958
1776353575197,-19.02268023182973,6.749853614917397,-6.689548838618304,-165.26014259136699,247.98228483706228,131.29357086775858
1776353575213,-15.134497027996927,2.6114754608154294,-7.836521674225106,-137.85560681095663,190.92896337913706,101.47879110284492
1776353575230,-13.768006795788928,1.1017828455269336,-7.675960233129933,-113.98426641649131,130.66460606784878,91.2161245163881
1776353575247,-12.157007330797985,-2.2919997613102194,-8.243684936468302,-79.79630094112608,59.572950921986234,84.7156217474227
1776353575263,-11.938985926641896,-4.331109049656987,-9.079112701172381,-29.502445459452723,8.258064975439657,76.03706044459943
1776353575279,-12.781895352338253,-7.695262241905927,-8.103624139349161,12.190668479705913,15.742850083996322,59.85169094201446
1776353575297,-14.246098866736142,-9.18056568134725,-4.57472147973068,10.304087414904705,61.1650475269487,47.41739985989794
1776353575313,-15.055188513482362,-9.686341366577148,-2.463184303228557,-4.837771335814433,77.4518863198434,28.096428820690793
1776353575330,-15.602413559225386,-9.622147419086097,-2.665195872021839,3.5552146351687175,33.69996553464074,7.464264658969007
1776353575347,-16.90022056969907,-9.108139912083745,-4.893897830963135,28.8187537688182,-23.613145583460494,-21.399313933824693
1776353575363,-17.921497544153034,-7.451504338946938,-6.341492594256997,47.64881349916714,-40.09715486222053,-66.9688710005728
1776353575380,-18.40333018986806,-6.26936726924479,-6.767959034319967,47.25588637659465,-0.02133505636788686,-106.76664159599875
1776353575397,-18.54219454374425,-1.8646341804504394,-8.39227529619746,62.23655394356196,33.39147662568253,-139.81648581977558
1776353575413,-18.927809698785094,3.7901702811092135,-8.980350969375483,109.83264521252578,22.603455793930433,-169.62043973485476
1776353575430,-19.87800935944244,6.429329867663979,-8.565705836077454,143.974049288319,-23.159301711227947,-195.53555714409546
1776353575447,-23.246051229692995,11.647791076660155,-7.19741903017573,158.36676051115327,-70.80363289875227,-229.19289888322075
1776353575463,-27.62833926244527,18.02938596420288,-9.213337412549182,161.6522044453345,-101.65860949312385,-275.2782342700478
1776353575480,-29.698576679505408,22.344635181427,-12.110619892828165,188.79987047143902,-128.99462481578067,-306.76516045699645
1776353575497,-33.44400327126384,33.037288848766686,-18.495806521252543,235.17715546414908,-173.53527194067428,-345.111126533012
1776353575513,-34.3418306473881,42.08452800968587,-17.457620680236815,237.19725221307206,-166.37201542597504,-394.8205876142045
1776353575530,-33.12767113048136,45.306076565551756,-16.060304882458595,203.916595406673,-122.60230541307908,-405.64706582607835
1776353575546,-29.806763790240883,46.865000536999105,-14.772823378100991,173.11151334418835,-82.65190058027086,-405.561442574643
1776353575563,-24.876204746356606,43.567137972259516,-14.595202519524841,157.75090967444993,-53.04849126450701,-412.6600581790373
1776353575580,-20.87609349169433,41.69951250103861,-13.613580277252197,156.56479268356384,-50.05211801147368,-401.56774900466655
1776353575597,-11.332953558349608,36.973655653271074,-9.427169036865234,150.0415658752298,-62.88499161279546,-366.43473123498165
1776353575613,-2.573020350214839,30.300716789599505,-5.952883591162413,138.41523153041243,-103.22302334138024,-303.822113905908
1776353575630,0.7230489013671875,26.715398853667452,-4.844068216650188,126.78458050603963,-119.10180614269086,-260.4820774333192
1776353575647,5.737253612187504,20.887313553763647,-3.027168724060058,106.97694312054344,-95.9795667454467,-213.33412853617827
1776353575663,8.602367149463296,16.044891770879925,-1.835753976794332,84.14090914009032,-49.17432942010032,-160.13569754391656
1776353575680,9.632322191619872,14.28036529347524,-1.2238857419554143,74.34113130387445,-24.432107463059825,-128.19244641851932
1776353575696,11.263671347808836,11.830498444720357,-0.3793311794005334,75.26068650202244,-18.048745853454722,-102.91462663997582
1776353575713,12.644227295574545,11.127800549725443,0.6196494632996619,79.82170241464935,-36.49553464117027,-65.50163025363817
1776353575730,12.878262261420488,10.975020117895305,1.1273699259217829,78.20358278894915,-47.771394904201365,-38.86456526422169
1776353575747,13.218685471886396,10.890325088036805,2.202516182000935,64.53991912793286,-44.200776911793795,-11.945276004526633
1776353575763,13.479654037365316,11.582099730218202,2.6399068977907296,34.7180359662824,-23.57062424078258,36.78035694465439
1776353575780,13.63692374343872,12.021136021257936,2.3757965636873615,24.01447213116481,-14.675998441302426,85.41983474141853
1776353575797,12.595145577019453,12.53154981461726,2.014271802476514,21.88186850623339,-18.105455206586047,149.76118660980077
1776353575813,9.586532500347495,12.337320789458975,2.622549136683997,14.749101955989072,-25.853944527486792,185.63471982892008
1776353575830,7.676708348083496,12.250980367013625,2.6155155208533163,8.00517380632535,-34.743352062441055,203.4277314470185
1776353575847,3.2806524867415425,11.878831281136907,3.3886937866650055,-11.229017118155845,-33.394136984364245,195.71107934538645
1776353575863,1.7809867599487303,12.770671289947256,5.7833440262723945,-51.956484035099955,-2.7495558296384557,193.5566464358677
1776353575880,2.136225846752524,14.232780535479634,6.343437736975401,-104.80251141713487,35.13871756254724,214.75457565710914
1776353575896,2.1226088248103854,17.237503326714783,4.593874307560641,-148.2237110276309,56.02386851603172,260.6526409172728
1776353575913,-0.5156511825561523,20.083760041698813,1.6159368391947355,-160.49794345673735,45.88869082552778,293.5796168680702
1776353575930,-2.9888620820194483,21.721843474578858,-0.1274907908787485,-157.75207080660883,36.122172595475284,316.6525422995069
1776353575947,-7.927202865821123,24.797644127599895,-2.8075001098193693,-153.035101184663,53.57551890614895,336.227044838063
1776353575963,-11.468676618525386,28.469303472357986,-4.943727253479836,-152.02434247052784,88.7781909449896,351.7978817304545
1776353575980,-12.643031363788246,30.421774341693517,-6.023811230822652,-147.68878427221387,124.4144365621535,373.20833911791004
1776353575997,-14.479982587543129,34.27538979775309,-7.660247654547495,-139.77794989247838,141.27119316958323,418.6446152882891
1776353576013,-17.642123845672607,37.395034560936686,-7.798962179023679,-139.17713913232737,128.43877036074667,453.32424510086855
1776353576030,-19.81620975974202,38.105215797424314,-8.11290238316832,-131.26961056415016,103.58033102743111,468.303833497947
1776353576047,-24.781783710645136,36.58654317234456,-9.044695467785745,-104.47680701637363,96.26286250165131,442.77091981428185
1776353576063,-26.944794834601133,29.822475738635656,-6.896797961005196,-101.78405274742029,96.63607769827915,394.91569116820773
1776353576080,-25.81532947077006,25.953744546508787,-5.351489988586679,-126.90159530690029,101.41313932454275,345.83947058534545
1776353576097,-22.42603887812253,18.976741633605958,-4.473265942272544,-168.8159663940323,106.14471189093406,283.1629500063971
1776353576113,-19.2966672597026,13.616123531994223,-7.269393913866579,-170.1549156977866,98.72627267865397,239.76963805828225
1776353576130,-18.42143641298823,10.91067507149577,-9.20031784504354,-136.34942715556375,90.9573354789255,196.19518949337862
1776353576147,-17.031453369250894,6.0320408606380225,-10.000430696868897,-97.63704192114453,95.04398792350587,144.8168946318986
1776353576163,-14.86814253169596,2.7287901731193065,-8.36055307404846,-86.82634144625341,100.12751330763876,122.79584565340056
1776353576180,-13.826963646344094,1.4031518104553222,-8.236651676830649,-67.02462583476762,84.96372153883425,114.30049734487372
1776353576197,-13.114389523370564,-1.9153607436031101,-8.084918854357301,-32.58561334136399,52.422282445927316,102.82571806754977
1776353576213,-14.052017579485476,-4.840922612100839,-6.326377442711592,-16.754191071758232,33.32598535682586,87.46350247316721
1776353576230,-14.760402287945151,-5.803092988798022,-5.576992323082685,-9.380346164569147,23.282627606881697,67.34896419769484
1776353576247,-15.95780210096985,-7.046582645085453,-5.081991422106325,-0.9843418903030848,11.816817221711618,35.62041323866781
1776353576263,-17.24019753423482,-7.582584541752934,-5.380669540515542,0.7647963984078675,10.888973589005822,6.697076040165196
1776353576280,-18.308460387475787,-7.768284223496914,-6.019621524047851,-1.669755428938684,39.97307764575808,-34.61333941158986
1776353576297,-20.925472878021747,-8.007258399310707,-7.27193804539144,-14.01829391291251,123.81257395287032,-109.88827027312635
1776353576313,-20.392014674487708,-5.8639972470939155,-8.06411951969564,-17.638106342817093,184.6958966671235,-171.74682788764147
1776353576330,-18.179173205566403,-3.7771529786258933,-9.744549809917807,27.957999669234855,172.81168170000313,-208.5229159640646
1776353576347,-14.47728885038055,2.333898290362954,-11.492617173822223,110.38362974268153,82.51856162729386,-213.43569344913635
1776353576363,-15.260492036493122,7.59665281459391,-10.067617396435141,145.43254056292687,27.23682048534072,-216.20903712010667
1776353576380,-16.841412954888863,10.230424862891436,-10.436624311828613,167.65797612214834,7.707876162322206,-231.13600573981932
1776353576397,-20.86008007613495,17.476922762078047,-13.046304267529397,211.3048520130108,-0.6638031402667962,-262.2104158216559
1776353576413,-24.994718020795283,26.613497910529375,-15.070900461877137,256.0476727373368,-18.261093019655835,-289.23351285767774
1776353576430,-27.22940628760457,31.164574822235107,-15.124621092279254,293.7730205046083,-58.73869795638254,-334.20132001326397
1776353576447,-30.321066188536584,40.373271204045416,-14.130877838775888,310.78980844429145,-94.56635962503604,-401.2236440742813
1776353576463,-28.668170678710936,48.08963351712524,-12.825888004126027,302.7444193379067,-93.97591709204512,-424.7398214620951
1776353576480,-26.593147196418045,49.77620070266723,-12.142493652277066,288.6166101718422,-86.03457908747636,-424.70321164814385
1776353576496,-21.499931492725015,48.358383237999675,-10.091709635162353,274.1368550182253,-98.9169510697132,-401.7407713567213
1776353576513,-16.95484008516967,42.9554194480896,-7.618499612481892,265.00232394679034,-125.91817100982351,-378.1812086072996
1776353576530,-14.916475477710366,39.48083458104878,-6.143970226641744,247.9971473286962,-144.8911661089333,-355.6159028349782
1776353576547,-11.073482537952065,32.82465293704122,-4.441393132671713,227.39030267822767,-150.44528469669092,-325.3102715253616
1776353576563,-7.650373298865556,26.812365993665157,-3.662679334966838,209.59554253170174,-118.85083767182792,-302.7146943546388
1776353576580,-6.053889119830727,24.225129778832194,-3.106027741241455,189.17994317799355,-65.51375383941495,-282.153639292366
1776353576597,-2.9429233376652,19.631854989800974,-1.7184383146423845,170.9057993743811,-31.62834866880836,-264.6114732017255
1776353576613,0.27473522502481934,17.03653933987883,-0.1488887581538409,160.42241522489533,-31.888691574307153,-252.29218884485368
1776353576630,2.8339871621280905,15.464447798156737,1.3723269024722278,136.3604647412625,-46.448274563848585,-241.04581792356413
1776353576647,4.1540877644091845,14.906897502025961,1.3560162575319408,122.14133594599492,-28.29167831585207,-234.58246455349442
1776353576663,8.855404337421058,14.749029683928935,4.416104962158203,83.7539106217174,23.566073627248056,-219.17366706897238
1776353576680,12.439074725341795,15.211858646227418,6.590938333594053,22.982657651365784,64.64552068269043,-173.71829368967394
1776353576697,18.69931293171346,15.93520711506307,6.315904198687896,-2.1869881524240014,32.75193869293755,-88.83961483619554
1776353576713,19.315818690159915,15.17310192233175,3.1672297403749075,24.4301079251803,-36.720442525255045,-35.9557823571046
1776353576730,17.88109509887695,14.810081680132448,3.6333509491518137,40.02386010223712,-81.21110632580252,26.688011370435607
1776353576747,16.965311794823407,14.583679985643922,3.9112281619967892,27.722061029640518,-64.91189123013176,76.83721027567726
1776353576763,14.010418033379315,13.917044460894166,3.241749267047271,18.61985382845263,-33.84779131884732,119.1289493144525
1776353576780,11.328166324073075,13.496264249774068,4.227262379278615,3.5120651285305735,-5.322589262159339,164.37116615013315
1776353576797,9.995641124504804,13.563600294683129,5.343559085989557,-20.060311696104346,-2.0539213397967555,192.53754123056677
1776353576813,7.502829452514648,15.443647878973184,6.285976824066415,-50.72728562602403,-7.754238632634606,225.93062295070425
1776353576830,4.33515043400228,19.374328673730417,3.4590233234347774,-73.2393056775355,-21.500810544891085,287.0736704383363
1776353576847,1.9119190787166356,21.31527763023954,1.26473739230372,-66.37347658043362,-22.454982849299988,332.20242417152474
1776353576863,-5.021987035259604,24.725667271147667,-1.420509809024073,-59.82075701526347,-1.7417793468496454,358.2729010636266
1776353576880,-12.89547117037475,28.132617694854734,-1.8390458396802656,-68.28874358597524,38.53077391948317,363.25798293125206
1776353576897,-16.06329807292521,31.06626233204305,-2.4274206784679553,-76.96852749265993,52.14159923708023,388.69292438146255
1776353576913,-22.283584792658687,38.95036869119853,-4.9124530216935085,-73.09854913911987,18.157420993338796,460.2165616715717
1776353576930,-31.318702723151443,40.94847990646362,-8.756492748824693,-11.639537954256646,-28.16677635404734,520.9944262650399
1776353576947,-34.89085160010457,39.18095994633138,-7.7675381361036555,3.095613553796087,3.4652426876662554,504.0322798387169
1776353576963,-38.028153016009924,32.00224788164794,-3.484012456202786,-34.516456593307815,77.36481506830407,447.58467321676676
1776353576980,-34.54967610996663,24.142681212726234,-2.0154687023771927,-119.14449482500345,166.03101140147297,352.7865106316788
1776353576997,-31.309274677331743,21.650167646899817,-2.8010662865127434,-164.04420499456464,207.07782552060831,301.82925595139506
1776353577014,-24.727762782122195,18.193837690734863,-3.7729623037367124,-189.64617189073863,203.49311001775385,273.4138931549578
1776353577030,-21.237317498126625,14.144644717517494,-5.742642757879942,-185.9817480802701,151.8010635865601,245.6936250499744
1776353577047,-19.902101013647762,11.755830011096595,-6.803721837096661,-167.87590013780678,112.90974105626489,224.45478299560457
1776353577063,-18.286015039172767,6.996604854473471,-8.824728555585072,-141.97817239019292,92.24493542049962,197.90743595603078
1776353577080,-17.469292413330077,2.6324253098636863,-8.92289016606435,-109.23054354662163,97.27021295139065,152.86905928593998
1776353577097,-16.799665086353198,0.6895306626468897,-7.865401220294087,-99.72242161815447,126.65510744013287,122.25295489741127
1776353577113,-14.953734510394185,-2.2538398342639208,-5.0915689593993125,-99.8458226458891,148.95432270276885,101.7811362566447
1776353577130,-13.463044701739399,-4.914548404803872,-4.930259768676757,-68.21426720326542,87.3134705378587,89.12589538506745
1776353577147,-13.446435183450392,-5.876268699645996,-5.045330501446127,-32.507609165947855,13.38419195697322,85.17451483699918
1776353577163,-15.47701792655307,-8.224830306133628,-4.6956277137205005,-11.314177624274857,-28.34208169683218,68.48439435475025
1776353577180,-17.98913423424279,-9.029880614361167,-4.939686060930788,-0.07202957416136775,-40.654139713562145,27.34147093625636
1776353577197,-18.924369002013,-8.86108998184204,-5.463418258611857,5.780971795095358,-38.366289303890916,-15.661227615867377
1776353577214,-19.617938646985543,-7.265054715618491,-6.10057459089905,9.339901199398916,-43.6441984567078,-62.79529073842568
1776353577230,-18.491916546342985,-3.9163147810786962,-7.692569641821086,28.59834527184918,-72.71269126233834,-115.47807659929728
1776353577247,-17.25785407735873,-1.242590077099204,-8.161384692791849,53.32826605819449,-122.7460945554862,-131.24649720399884
1776353577263,-14.802900390326231,4.240881081721186,-8.341548367718607,97.69220252888155,-242.73495102606495,-137.10578864387261
1776353577280,-15.389479870129747,8.942792698016762,-9.334093424413352,138.14142290696498,-322.581146499078,-149.1623292837524
1776353577297,-16.449064034613592,11.036672271949053,-9.376740872137248,158.9107850785448,-331.1189102823506,-169.6407253966897
1776353577313,-18.55775678147003,17.161488446918128,-8.655787700940296,163.4909186906586,-281.6834217491457,-198.9800898444246
1776353577330,-21.511902062634377,26.046520445361732,-6.542304870263115,150.57458017767925,-235.6412804786298,-217.36709569388233
1776353577347,-22.82661877992004,30.07566256419718,-4.886565661444142,100.60076345485061,-193.94588525628836,-239.34477297115077
1776353577363,-24.245932036103305,33.59573638599813,-4.8428709696896375,16.423324755531766,-150.61450946356715,-295.8533595220108
1776353577379,-23.003489843042193,35.295620149230956,-9.759812845501303,-13.868897185196822,-121.70029697090885,-347.64616490384054
1776353577397,-21.440824054718018,35.90554302215576,-11.669338307079672,-13.380788815219262,-84.09055698552899,-387.4479448203093
1776353577413,-16.449513312751055,37.280712016186115,-12.277016762078553,8.80231579284743,-35.37233735291836,-387.1985609533338
1776353577430,-12.330139134326576,35.830425529590244,-12.369343382794037,41.12969504961887,-10.002296360201338,-363.0880205039455
1776353577447,-12.054058339911698,34.209551005664466,-11.525387735980376,67.46551454569193,6.93446908316592,-348.65102233453285
1776353577463,-11.362732610541581,30.08209756568074,-9.001149536852166,81.13696462236203,21.253866762996566,-345.1904113688975
1776353577480,-9.86351345847249,25.924265061785277,-7.29902259780243,84.22818529730475,31.077217289585448,-348.9487912615887
1776353577497,-8.981548837390541,24.001123162786662,-6.844423667178116,89.59736285290592,43.239369729506556,-352.8485833908559
1776353577513,-6.093394031745195,21.09441241749227,-5.705681977490335,96.44289262779452,55.53708776407408,-339.88422864801134
1776353577530,-2.550272511833906,18.817077725872398,-4.40877264422545,95.88436073860589,67.42339276908046,-317.0737190844866
1776353577547,-1.2669810065120457,17.7227780757077,-4.185812489042524,99.34748521385579,89.71313455933763,-295.7369184570404
1776353577563,0.34356735371053215,16.3902554334227,-4.048295220660045,125.95402950296608,87.51000923122582,-271.8156015684181
1776353577580,2.1250030264705417,15.990274520431644,-2.901173277172446,162.80986686813827,29.087098240929663,-259.8130194229814
1776353577597,3.4172739570617674,15.482104304748027,-1.7664714739926157,191.44961503918879,-52.169186371137904,-254.85252623636796
1776353577613,6.92672409351766,15.610044455962628,1.4796171374332159,176.2218995299421,-93.64489880410962,-235.14702066953097
1776353577630,10.696693298119307,16.221163699065148,2.9945485621240686,141.40227816013413,-59.010116013620504,-202.5137155322874
1776353577647,12.274472192162275,15.958999494060873,2.9891617773520758,115.24128760115129,2.589201130616539,-166.94088822156706
1776353577663,15.086762486267089,14.983961160223185,3.9820070865018757,91.6811647762176,31.94929925790726,-115.24910133756177
1776353577680,16.785300095587967,13.827562342889607,5.0393462576710615,86.37183333812408,17.448771791477046,-77.29243555366945
1776353577697,17.70347526321411,13.224222647747396,5.979668996230047,79.63812742032692,-3.3413985514092306,-29.599533183409868
1776353577713,19.45408500507772,12.361262294603884,8.756494283194654,46.35719399126647,-18.55395616334035,57.18645209013251
1776353577730,18.664746060723065,12.078297585894166,9.287408172540738,12.858293004091626,-16.19407799377675,130.46829277072428
1776353577747,17.2508226808846,12.212821499413252,8.554931919473596,-17.082723170835845,-13.47165338306888,201.5464924439219
1776353577763,12.515689178466797,14.150179993682354,6.324434236221946,-49.52989199281826,-31.174363070150537,296.3556243128169
1776353577780,1.790114653778076,16.53959310438782,2.020406889431737,-54.356639830199114,-52.0396996448528,344.2033670715606
1776353577797,-4.868457684758305,17.714248184304125,-0.6516717643737793,-30.342043048081955,-50.254588724134955,366.77375450462443
1776353577813,-16.607680844447017,21.32979251433685,-4.319438923998922,46.031633024477806,-21.024946142774418,384.09869325890185
1776353577830,-20.855142473602292,24.23680224257782,-2.329109302520752,113.24942002406797,-35.634988862356614,406.2618921344062
1776353577847,-21.26485081721842,25.93294491958618,1.5307927595276385,128.09944656278043,-49.18242660936137,436.00020793156153
1776353577863,-25.271397657886148,26.543614811486005,6.498162946197763,83.06909536496441,-23.812042399638557,428.86705889072374
1776353577880,-27.38203488987386,25.91872876270711,6.004359657508134,37.957898633037516,16.466588881281922,404.1880554570936
1776353577897,-27.358543539649247,25.46667356174886,4.8681611129645255,4.80074018456874,39.87519420476263,382.31090490402937
1776353577913,-25.390807881164548,25.266608085522055,1.847426148279011,1.1530964413436477,27.802237205212712,371.7984241486793
1776353577930,-24.946683473205564,22.25619877308309,1.0660190198369324,2.569523995947967,15.955115287927393,362.45844098701036
1776353577947,-24.659977824401853,19.981707195934653,2.6041443142097442,-37.06708487091694,37.297125642162975,346.1292345306941
1776353577963,-24.133403973554074,14.961965893775224,3.7903208685610443,-108.73292328445119,85.95476149683559,303.4997836185967
1776353577980,-22.366333510755002,10.116100564575195,0.8494931149356066,-125.70439974918045,88.15035995648203,263.3705644333176
1776353577997,-20.796634755054114,8.033594617572426,-0.11132920815348625,-117.69978687214069,56.32662689627629,230.48369535332645
1776353578013,-17.510743490876255,4.3926130274116995,-0.9434645071834326,-87.12260773169187,8.30680264403593,204.5013688826528
1776353578030,-15.742923671014607,2.0825071160465476,-0.3124425859980285,-69.70378119708346,-9.221181412566693,194.05378858479622
1776353578047,-15.536723345294593,0.6464350327640771,1.0854720544561742,-71.15705420716542,-4.054063477616123,180.96875805969592
1776353578063,-15.97007355352193,0.08289923248291015,1.4345758533753454,-86.89844092313206,4.509210208432847,162.60699658941056
1776353578080,-17.135152082525938,-1.406891581505537,-0.09292436741292476,-93.15158839130545,-13.040524158694858,135.06054313842566
1776353578097,-17.43158465049807,-2.0079834977209567,-2.055121096470952,-72.16493741166,-60.590348579994654,103.76833198433572
1776353578113,-17.41901519224695,-1.960850575146079,-6.165367673327029,-34.76685474337507,-93.87151765058148,74.06980203909569
1776353578130,-17.992426170193962,-1.1339549303352832,-9.031375821354985,-9.133325543046466,-94.04688958771072,52.91181576412047
1776353578147,-18.990957132897897,-0.152779408916831,-10.817750996343792,23.113119387154907,-111.69758738426273,11.359603504897319
1776353578163,-19.259557544962128,0.9389759635925292,-11.782015422710776,52.28520396437975,-160.58829319907827,-27.576426028610214
1776353578180,-20.2208291827213,4.765958264270425,-12.651110040825605,75.97676353460656,-225.07602968175223,-70.47380306373235
1776353578197,-20.99445519230049,7.1302312346309416,-12.970741077022998,84.46044588003103,-277.78761845035376,-122.80043554052281
1776353578213,-22.184523154182255,12.106729607391356,-15.044713881219177,82.36126237070847,-295.4158176037798,-209.0485809829671
1776353578230,-21.65809909748621,19.86229697265625,-20.224269897759704,92.26331545955613,-269.29520712317003,-266.48261718522883
1776353578247,-19.644575282099098,26.740987979888914,-22.788160454449056,113.2278434564799,-212.52156825137854,-321.3089827850281
1776353578263,-18.620454499053952,29.640365021294354,-22.70316571099162,129.33952204810961,-197.9231727118785,-348.73675486899486
1776353578280,-16.961123695483803,33.760487387737626,-21.234025543909148,141.71324301266645,-213.85521732833686,-367.1339786814509
1776353578297,-14.927847935596107,35.977369071960446,-19.601028401317446,150.5596493841536,-273.41151624912663,-373.9591681529912
1776353578313,-13.957896403503417,36.04635142277181,-18.86810407568924,147.3134107358083,-311.45430388826367,-367.9851295350612
1776353578330,-12.759449419513343,35.11156706565022,-18.55042358903773,140.94733291989792,-313.4232835014382,-355.8087873771394
1776353578347,-12.335975000873207,32.193034072875975,-17.490690006145833,118.11284939238638,-242.1262992087468,-347.1404030561795
1776353578364,-12.188881236377357,30.55973904331624,-16.604834368974714,103.51841536260496,-180.86842258078843,-349.21973120558476
1776353578380,-11.035474586597084,27.427076977649328,-14.494345897807925,96.5456186729115,-136.4148740281908,-354.37283572679263
1776353578396,-8.340501927405596,25.06998602774739,-12.689416828996688,102.38622271521614,-108.1639958473458,-356.3732068893926
1776353578413,-6.692840518841147,23.93902414174825,-11.81598242811188,109.44585159982795,-104.1488486531863,-352.0633575231145
1776353578429,-3.5365351272583005,21.986702325494587,-10.45757299183309,114.04272600559744,-90.26667358024298,-343.22525666165814
1776353578447,1.0528513490974902,19.92993258503377,-8.403945933312178,113.943838526794,-59.62989420909663,-331.14470107665653
1776353578463,4.126555614361167,19.17276689453125,-6.934953723333031,106.60733426379737,-43.2745964301509,-307.79438800264734
1776353578480,9.195081697955727,17.99721344100311,-4.168453412761539,96.26777340766456,-48.03016345109646,-271.35090281804713
1776353578497,12.408247040879726,16.02244613031596,-3.0573942048452794,87.73075411501146,-74.5686380749384,-228.8329888950961
1776353578513,13.771597586822509,15.078980855947545,-2.92601209648326,77.36232887944618,-73.75882352618501,-200.2295909908084
1776353578530,16.980875274658203,14.226795013062935,-3.895215878948569,70.8525985249121,-37.57324628464449,-164.1788280231056
1776353578547,19.898059775432944,14.062941782147064,-4.2155896963372825,79.66130908236994,7.228395175040018,-94.12146159306891
1776353578563,20.623053965649007,13.78536417330317,-3.449893785637617,89.82837351101409,23.71563598705112,-36.171022108419216
1776353578580,20.69039264090657,13.123816107885538,-1.1746543127313256,96.90746160457127,28.5054786047991,18.954261597763747
1776353578597,18.55715896170735,13.508684280483983,1.000627825385332,99.35346845956873,42.79257632004476,85.44824832836578
1776353578613,17.17465538700521,14.097658482537465,2.054974089215696,97.76283351508864,56.695614205807885,128.1935255884082
1776353578630,14.35832604664266,17.006313813427834,4.661361725372821,86.17679045618519,64.19589615981766,166.18940348832558
1776353578647,11.237932510918379,23.27597962722778,4.19853290920481,79.79863686582222,57.89451389572564,250.53183052968794
1776353578663,8.993218816918134,26.552295984461157,2.3376401072397828,96.16209672082613,77.3832360884956,339.7607115070608
1776353578680,0.9510966094970703,30.54043608469218,0.01930456605926156,115.38647010214908,97.5833156531332,410.9539042451248
1776353578696,-11.208304849895834,31.915754424065348,0.6299757000681012,126.55871981056565,102.9892259660907,440.592499280398
1776353578714,-15.792753285327553,32.779613479614255,2.2173305970340964,92.23106330629533,87.22918600350076,444.73222229482934
1776353578730,-22.398954216113687,36.880582232776284,1.7277167593909426,74.22018231405185,28.614536235276695,474.0892222910012
1776353578747,-26.641030060577393,39.547872519794105,-2.0663445469405968,124.96702618676422,-24.392461630022485,523.466736178531
1776353578763,-28.852673844146725,38.448335407367345,0.4445741610204801,106.49596802938031,-3.558504225027725,514.4894087410331
1776353578780,-31.785272771674393,32.71856075275838,3.189077378513105,33.009785164294705,50.63292997773488,443.00221734033516
1776353578797,-31.93266522685587,27.30616979381144,1.3835504899391904,-11.323451313620442,99.89579914004608,368.52020655464
1776353578813,-30.237570305334774,25.382427006310223,1.4630080210030079,-63.675510877143566,140.52077394585228,309.8953268705866
1776353578830,-26.183139285333453,20.613926071819662,1.3235455916358156,-118.654346789785,137.23937348365973,256.8591538522477
1776353578847,-23.205500681183114,15.0409733795166,-1.192012475696858,-125.61064857263285,91.78294142503995,221.27452397464157
1776353578863,-22.299445604051552,12.202200152155756,-2.3808830366387963,-113.2912549327343,45.6691856210765,181.746620983512
1776353578880,-20.70894616940282,7.20130909641683,-2.7537791414905337,-109.96913288271014,25.55037847737287,124.21360167979844
1776353578897,-17.877953147589416,3.7460277725219724,-2.9417244102042166,-104.71366431641134,8.635173379894402,94.52174482937752
1776353578913,-16.134674260070547,2.7079928842842578,-3.8374550332449373,-82.6389778623612,-17.430849375094933,89.98647872992154
1776353578930,-13.895797236334532,-0.4005786962211132,-5.182098248369247,-42.160783821818576,-57.737877167489735,86.57247697518237
1776353578947,-14.278120729418843,-3.6447225302547213,-5.049071295409649,-15.253724869606076,-87.50649168380328,70.09199548912864
1776353578963,-14.633659383691102,-4.623203405761719,-4.797680121093243,6.196825728277468,-111.26272290018636,47.07773455247321
1776353578980,-15.388880954388528,-5.427056028637289,-3.7128074938349425,16.964446492526026,-128.09988369488732,12.731863641233751
1776353578997,-16.06434392871633,-5.658544232609867,-3.197754131041467,14.811198620828243,-127.62569098157002,-18.25973893465288
1776353579013,-16.002095562335104,-5.4872097608268255,-3.186531383824721,2.647560614762655,-120.55831666243941,-52.35594423361356
1776353579030,-15.053692283575236,-4.616917457360029,-5.0362018769644195,1.8291549686938566,-125.58487143870524,-100.39145230773556
1776353579047,-14.776413657677917,-2.110188903698325,-7.286601653777063,14.384269109020133,-120.03013813392232,-135.65359480367954
1776353579063,-14.951789148480072,-0.32396541213989255,-7.1110771098930385,13.408168482280903,-115.83791828553024,-172.0899765915429
1776353579080,-16.0263372925356,4.361337599182129,-7.520186245507001,13.65919927862003,-161.1628623724381,-221.66066188917907
1776353579097,-19.0585937133898,10.12582642429769,-10.180294146740064,24.816773471831187,-224.2834681908423,-258.00881129334425
1776353579114,-21.05057013396062,13.365183024054765,-11.19618347333893,25.24955816330529,-267.58796035899036,-299.77216689792726
1776353579130,-23.295283462634682,20.017620805358884,-13.122019214531406,5.1970294677601725,-257.0871728874994,-377.70793113933104
1776353579147,-23.764844509667157,26.85246741016805,-15.555276654595136,0.1176076399362744,-191.4072678663347,-437.03757706270306
1776353579163,-22.81210247105062,30.456042521998285,-16.693869766125083,22.05693649994457,-109.36238668817039,-461.6749983046662
1776353579181,-20.533572432166338,35.56601588374674,-16.676661295562237,83.24241141515348,-37.13179749820823,-428.2734061688229
1776353579197,-19.90015470188558,36.88985976420939,-14.720448244023695,132.12707251255355,-22.85870679340298,-387.7062079332058
1776353579213,-21.05550897860229,36.022559628295895,-12.925695116790012,161.4173279001561,-33.80177291931436,-376.9996951639141
1776353579230,-22.108058714404702,33.16044059666097,-8.60461039834544,155.3656573521197,-46.46623454627114,-387.7651388053647
1776353579247,-18.559853023096917,30.03107172732055,-5.895570964150316,129.80979423284333,-38.049641733969125,-388.2143740074548
1776353579263,-16.156072802734375,28.548908631731567,-5.375880123415077,102.150874886985,-15.42979007093608,-377.2187803117314
1776353579280,-11.590181183734536,25.526979854151605,-4.915145444823481,76.07813037207873,28.514287841281128,-352.8016463308795
1776353579297,-7.381174080657958,22.546197618213295,-4.819228082165122,77.4305419786871,37.77869837487848,-330.4818175573285
1776353579314,-5.152770300945639,20.756680638067422,-4.821622082895878,105.17018733034581,-11.8993540814157,-310.155475115694
1776353579330,-0.0040402153015136714,17.370980434594674,-4.515762802544608,162.32168592740078,-138.70888868358796,-288.082680624044
1776353579347,4.295197193798423,15.795746366196312,-1.7467194929594172,154.4968163085591,-166.55555626935163,-263.0977393571106
1776353579363,6.539611612591147,15.634137608005291,-0.5253770422786473,103.73041760425298,-97.0054201776476,-218.97438946974808
1776353579381,10.83451070022583,15.034539254815876,-0.21068886931091546,48.55306565847972,28.246127784277256,-163.350886152295
1776353579397,15.014636576732991,14.784046198382972,-0.26366094636805354,48.90498774037004,54.467408423063794,-122.41075958799524
1776353579414,17.445051706042886,15.702222388922422,-0.5152013198968023,96.32400635510128,-14.530149996860558,-49.984724534933164
1776353579430,17.637634717559813,16.041899311065674,-0.30795338481999934,130.89838978275998,-69.3141462256909,10.59953322386913
1776353579447,16.090680585369466,16.42826433462575,1.3947727622319013,134.76303375855824,-74.69977087681347,70.02370042761768
1776353579463,14.722992887005208,16.230592767798154,2.2168812458314,110.47171869240718,-34.915090338931854,117.05687482594573
1776353579480,12.154613056072591,15.24912016312927,3.0415343724124133,76.20396294715788,5.719842028910567,156.81622560729036
1776353579496,9.964514164835213,15.552135470492578,3.117700497248024,64.25779133407632,9.37452855094359,185.5063942347939
1776353579512,8.95700651680827,16.270696294059743,3.319411402594298,55.70577977619505,4.871492406633609,226.92250302197348
1776353579530,6.187365862384438,18.591425607642158,3.3144727771483358,40.31531793449991,6.7136708385273876,297.68789369156286
1776353579547,-0.10399988817870616,21.85307638372853,1.672500374005735,32.448849048518234,21.452837003708208,342.6278883168488
1776353579563,-4.114135693249106,23.23872044841349,0.7903861153200268,24.090688504565687,38.431357101019046,371.3654994383272
1776353579580,-12.2701350397408,25.40861592505574,-0.054916269927471874,11.172679156560642,58.05390319019706,378.48414115736796
1776353579597,-18.553716127777097,27.73158950130045,-0.9180256761528551,-2.4689784887235016,88.37586548211918,373.89504633706315
1776353579614,-19.87441586499512,29.67478342372477,-1.056890249224752,-18.65619214238439,122.07407224304863,388.9931521766196
1776353579630,-20.811746983990073,35.21616199711263,-1.9963141392478718,-25.43381959163931,126.68181347978762,455.9490594781478
1776353579647,-24.65025138015747,37.7447411480546,-3.1561557539790868,-14.06489117097763,94.02353717093845,489.3923430886848
1776353579663,-28.51165032970011,35.369840985217685,-4.543894272475934,24.40149626274712,37.586899832795346,484.141894711426
1776353579680,-29.45690990360677,32.68130157394409,-4.36717249761438,47.79516737760759,14.639316910364872,446.6460413002669
1776353579697,-28.84474188210368,26.662729266688228,-1.4414583428980783,38.8550883767483,29.95119571811173,397.5159441852316
1776353579714,-25.627683331133422,20.58759102260172,2.047791465968918,-38.31475211150859,109.10822851896505,337.9087466947469
1776353579730,-23.84370491508804,17.2177521859318,2.4232318119433707,-113.29226580073146,172.09866459216715,291.2492109647752
1776353579747,-19.892823336084184,11.585991915351151,0.40776279903892426,-174.44834528929994,224.0183202472624,244.76551162479637
1776353579763,-16.593912102541886,7.418734288245439,-3.1908710204642263,-203.82160113569645,245.44782020212398,186.32971889772557
1776353579780,-15.256301452935487,5.468805504608154,-4.7084962553828955,-183.97376808693474,214.8957283464966,148.21377993257772
1776353579797,-12.589459932598471,2.458397945734858,-5.982361322320252,-146.63311023409668,148.9932821017946,128.4315713413615
1776353579813,-11.516408822167664,0.009427169036865234,-6.0070515269406135,-97.35122582513617,55.31318050270272,125.38992417941472
1776353579830,-11.539902802740782,-1.1444295625984668,-5.7882817886352536,-73.09678695031401,3.7372182590952243,128.45546334307818
1776353579847,-13.142071603283286,-2.9993337916731835,-6.667401833941042,-46.45346209252321,-36.32665479884712,128.79648102795858
1776353579863,-16.171185616192222,-5.187336587414145,-7.107037406048178,-15.212183659074059,-65.8397246175538,105.32938537952047
1776353579880,-17.8457803321287,-6.175542738121748,-7.276276951378583,-2.5586703984699937,-55.39291613107345,65.62473758323848
1776353579897,-20.23190068489909,-6.986577965977787,-7.490708222088218,-0.10589730728471398,-18.644201745296435,15.302325080645302
1776353579913,-20.95510010065287,-5.978622574183344,-7.430702958458662,-10.79221542167613,57.79495022819437,-61.710117113283225
1776353579930,-20.46458686648458,-4.601204924443364,-7.609968515501916,-12.17519468614125,95.48432338910742,-118.5755127463847
1776353579947,-18.61850877181366,-0.25782500675618647,-8.710104762865603,6.319983003636084,108.2248801536073,-167.31739556937484
1776353579963,-17.562964530370383,4.442142489734292,-8.492980892071127,42.39173300822422,98.39323948491331,-220.737848690797
1776353579980,-18.19997246716283,6.382195191523432,-7.402720434294641,57.52605251076013,87.34758733276293,-270.3298168578869
1776353579997,-21.210083107182477,12.52616381072998,-6.109552847124636,71.850933124947,81.20344968374293,-326.79867902853414
1776353580013,-23.665336087688804,22.033839631983636,-6.810604436217248,104.20773854421014,79.78803641223037,-384.39301977061604
1776353580030,-24.210914790996906,26.99896262424886,-7.4172352818593374,142.60603069945716,87.85863574684161,-411.0504284784754
1776353580047,-25.709834960119426,35.62212940063476,-7.975683549743145,189.92575885422391,95.0778724919783,-441.42285903817475
1776353580063,-25.74440124658793,42.43752194791138,-6.21070801339671,252.6524676631935,99.02303756790185,-466.3938393984446
1776353580080,-24.85375793674886,44.419772453960775,-4.320635063564486,282.36204202432145,81.96038490794209,-462.24709494954647
1776353580097,-22.26697443411946,44.489505330878494,-1.1858774252742528,294.3923274170317,46.0880981983463,-441.97394602116805
1776353580113,-19.034204811537265,40.49792225058675,1.2648876874946058,276.00472051092703,-1.301999794613509,-399.48719142121064
1776353580130,-17.360356822314856,37.382915084075925,1.9639945722602306,242.25189272720496,-22.831555083904885,-368.3991482817907
1776353580147,-14.650718508911131,30.808436740764975,1.452832371686399,212.09543274906144,-24.05243944521362,-344.20555273209504
1776353580163,-11.268011422839761,25.44976480478495,-0.13796514001414178,193.11347644176058,-6.686076447393713,-311.79737062989506
1776353580180,-9.471013439288734,23.43938418279439,-0.5268732721857726,192.86268555581606,5.720150668083686,-282.02269090559855
1776353580197,-6.194847158050536,19.73794878151901,0.02992825140431523,195.34050060177825,-4.2603368980978,-247.0299925422224
1776353580213,-3.3731308639526367,16.279374480493367,1.71559556549713,187.1140568408748,-27.223305248520553,-228.4808789830036
1776353580230,-1.9940724612683056,14.95149069525646,2.4642324971072376,162.55042896270453,-33.229874349920024,-214.0639615697508
1776353580247,0.864905934253335,13.319841734137013,3.680338179645687,113.4667293227011,-4.32668877078989,-186.64039688231276
1776353580263,4.461892899864912,12.367698172870277,3.668815353503823,84.5323131304779,23.079241648871644,-159.05107716409685
1776353580280,6.439053973820805,11.723508288684487,3.7161006901614364,68.41952804820264,17.814504515869135,-124.68407877020726
1776353580297,9.62050023640096,10.884340460669248,4.09692839173004,58.1179430438551,-9.417524591768819,-74.47638270981903
1776353580313,10.736496900719404,10.00043040460795,4.660613537354022,46.84553202635487,-29.42778124654073,-39.551456898482364
1776353580330,10.639382680401205,9.595212942670285,4.5964182746887206,31.50191162198767,-35.30407644235325,-10.219790073942054
1776353580346,10.110115644946694,8.803480381177366,4.1198236757576465,11.723649172564414,-23.249991255480083,19.53142453546087
1776353580363,10.793360943713784,8.812757620349526,3.786430217798054,-2.180190193209135,-7.334859894953945,48.339608586538475
1776353580380,11.263221265953778,8.870817156738788,3.6730052064090963,-14.853281123851984,-0.2146655885375076,85.74018427387047
1776353580396,10.463557326939702,9.43884164674133,3.4195186672486364,-26.162732257221194,-10.235634405269192,135.6153320839491
1776353580414,7.861360566601157,9.961226229205726,3.0796919613711533,-33.18529370520735,-24.155906565855556,164.30334237167494
1776353580430,6.230160463494062,10.279804030023142,2.7316351872868836,-38.914569079135354,-29.899583393648527,179.79631510752822
1776353580447,3.490295354130864,12.025626026153564,2.6060892377324403,-55.17228394540911,-8.62126369964967,198.10335310218343
1776353580463,1.8278221608817575,15.36299417866105,3.8477816353395577,-88.17693622254255,22.150679138755702,220.3104154525376
1776353580481,0.3616746728092432,17.666964126288146,4.61213109986633,-146.97445576805723,51.78365975853112,245.00973186875936
1776353580497,-4.154389377704263,21.771373959814756,3.5085536260075867,-225.37180419357048,69.49362310651134,262.0028327124009
1776353580513,-8.4666452583313,26.203790151435136,-1.2523163752131163,-252.981436894378,57.77122898120691,269.0575165400536
1776353580530,-9.924863122448324,29.007548179516196,-4.334252462249249,-235.23854520440915,33.653878833216076,301.22978390832134
1776353580547,-13.350367147716879,34.53979973585754,-10.862193072399496,-149.8204726517965,10.120515835676857,377.83038277077105
1776353580563,-21.116109285515545,35.428051182124015,-11.36602244586721,-86.65299807530765,9.210069548560728,406.6668950314313
1776353580580,-25.11517541503906,34.938135913848875,-9.359382325579226,-72.50460954927391,47.65629938649748,400.19556400041097
1776353580597,-29.110648488506673,31.348779296985267,-3.5333917146660387,-132.2489640684816,94.28177979326746,361.31457554633
1776353580614,-27.451166878288983,27.430518058013913,-4.197932751354575,-160.82398936695708,70.57539529744713,346.0603589031037
1776353580630,-26.886883474510906,25.527427013397215,-6.130652114580943,-149.59073240887395,24.809106584487846,329.6281805148603
1776353580646,-25.58952603443563,20.97200827309489,-7.671170916494168,-137.61276626520598,7.939721811056411,294.91817002085264
1776353580662,-23.385364423315227,15.879691564068198,-6.991367081684153,-158.5465584108647,47.1234490085881,260.1727791469443
1776353580680,-22.06945162811279,13.242478435406088,-7.120654153995681,-188.85332353188355,115.89474545942474,220.96008938601085
1776353580696,-18.683600398796795,8.933813272747397,-8.128613180785626,-212.67651792288945,178.04191271731875,175.13718352747406
1776353580713,-14.622736277008055,5.716755598559975,-9.256581510991975,-200.23374374582377,156.09252608359247,154.71210387119788
1776353580729,-12.673556704302877,4.485836085510254,-9.92411391151622,-161.24015279308594,96.45548749662402,149.03650353886243
1776353580747,-10.324695091955363,2.019958013153076,-10.76582601718679,-95.2621373354069,23.957931825215443,158.8699951888215
1776353580762,-9.871143368829042,-0.712723322185874,-9.52772448367849,-57.7213959210225,-0.5862116576869225,170.64963995974895
1776353580780,-10.215759500940143,-2.0892396391719577,-8.616581552776694,-36.89061668842591,8.558647940433579,181.0992556539782
1776353580796,-11.353753221804833,-4.613027464184165,-7.555800579723716,-15.594121007272001,36.1085941794053,180.46563266505444
1776353580813,-13.05154158366099,-6.9898717468261715,-7.084741256957501,6.999346915657756,35.17981481078321,164.44446774030573
1776353580829,-13.81229872278422,-7.567173037609457,-6.488584605187177,27.82179886699563,16.816724868704284,140.62497531182999
1776353580847,-16.468216698046774,-7.698107109943032,-4.405329739513248,26.94283719063232,-17.074938462729325,80.61387458477661
1776353580863,-19.922300336589664,-7.500584888458252,-2.147747942242026,-3.592746524657938,-20.55697914688558,11.795603507923206
1776353580881,-20.757130573792008,-6.572382832336426,-1.8764546743646262,-35.95571064011832,-8.312431573685666,-54.678918891091584
1776353580896,-19.985447405376284,-1.374721834784746,-5.381416267229616,-26.170918238941454,-23.092982281934415,-122.7025179485815
1776353580913,-19.849427261950076,5.0186950079768895,-8.696487887053935,12.535883315831283,-44.44056094789085,-163.80512105285752
1776353580929,-20.02315651991516,7.888295335277914,-9.312245749742537,53.61636343738562,-50.699029133427686,-196.56662884082226
1776353580947,-22.284780774677333,13.12651046153605,-8.412924774059652,92.51381264736634,-10.089238691920077,-247.90851879402612
1776353580963,-26.09275809959732,18.53486237422526,-5.67276068174988,115.84907881463403,22.915827665431795,-300.72951353275295
1776353580979,-27.2575371341981,21.74503671863973,-4.102314176421612,131.82250071708435,44.985463194590714,-348.51455515491597
1776353580996,-27.76376012480408,28.61205833086669,-0.6522689996145665,131.63109149578392,52.352908214527496,-390.3940512961459
1776353581013,-27.344925348663327,33.6781902128011,1.427095324894227,120.0177754915246,39.69064249338888,-409.7082963065679
1776353581030,-26.797400771984456,35.072063322779535,1.2271789017492905,113.03939170709008,22.085749652958267,-425.43267585150124
1776353581046,-25.424475757488608,36.20436931686401,0.11701740985773502,109.7322619222941,17.975425480261926,-447.1741515268923
1776353581063,-23.18799271621704,35.71400630482137,0.295534925012663,109.44445141104809,17.794181287993762,-459.0347203791061
1776353581079,-21.485565698242187,34.91359710039794,0.2636622250096872,116.73752250111261,10.097039621725877,-460.0462440744283
1776353581096,-16.94466297454834,32.273690494868156,-0.38860768792033196,133.37378694175598,7.285814014071376,-433.31812924828097
1776353581113,-11.955146130260825,28.292580293273925,-0.9032114072501659,149.42036017021715,7.057448773606116,-393.52943597426196
1776353581130,-9.370905297851563,25.9869643868044,-0.7263399788018315,157.45288120020558,12.295997680670325,-352.5499948410996
1776353581146,-5.93761953266561,21.317971582031248,0.9383784360907972,146.40617036873383,11.89140715631639,-316.25354996895146
1776353581163,-3.6982927924007174,18.80286324949376,2.4272720089785755,126.02339690417672,12.161853619144923,-295.6404761859598
1776353581179,-1.9847937607914208,17.770662885228962,2.7905926954291758,111.11622900286793,-12.58345814472136,-275.5191213816958
1776353581196,0.8122329132080077,15.9256308198791,2.17648011572957,99.7491344879984,-47.080975477234375,-246.61045500264353
1776353581212,3.3716339033931493,14.5591405876711,1.203386267023161,92.30633882113803,-43.02184527991457,-226.83075992104187
1776353581230,6.542755171313882,14.08448981628418,1.3400055453862993,84.48191316459237,-11.292286867984966,-202.14248109051886
1776353581247,8.590545194244385,13.993959358270466,2.212242699310556,71.97409509606068,13.81495918132123,-179.24897106820006
1776353581263,13.584848688286542,13.798682577624916,4.951957732678577,52.36136057362538,20.11850149273827,-147.46322410506335
1776353581280,18.096724054938555,13.631388321143389,6.387730467688292,29.379290318528223,-26.27733770885213,-84.52271671469403
1776353581296,19.288736621966958,13.787609394946694,6.020968773938343,16.880382231768802,-54.54658739101717,-30.120167767988676
1776353581313,20.368969314464927,14.415787178747355,5.545270612390339,-1.2636129575392736,-52.15684080421311,21.044926153644
1776353581330,21.29821941833496,17.1201875914976,4.629488769641518,-17.13207982532565,-23.583360836037357,101.43534426953447
1776353581346,21.244498349541423,18.458845302471516,4.472220159546658,-12.57532680451446,-24.312070303491435,170.56588818014626
1776353581363,18.338385277879237,20.100668506401774,5.979519523023068,-8.12181977697083,-47.595838551964526,234.51752311486592
1776353581380,13.666999732750654,20.876541819983718,8.761581559863686,-35.10529744693837,-64.07237901886715,308.4450864644961
1776353581396,10.944343532341717,22.378003636413066,9.229349193273903,-88.4985151890451,-39.30859586216422,364.47621547161555
1776353581413,1.5870558409541844,28.361264519655236,5.423167044675001,-126.86773122899537,-27.799175572917253,426.7736332308715
1776353581430,-16.625487134772538,34.51152042070404,-2.4708153826288877,-110.06933175783422,-39.66634409541656,493.1920046447196
1776353581447,-26.810719687762855,34.233793174256384,-5.035753767870739,-85.13377275860005,-0.9997200612193685,469.0226426061991
1776353581463,-34.33928797716796,32.30152279690653,-3.181594201417174,-107.83192571027813,78.5813059104292,411.71579818666135
1776353581479,-29.690196681433914,37.236419285473225,-2.665493229266908,-163.91093434347937,150.44711518738848,405.57783502865107
1776353581497,-28.769476505500077,39.55535556902587,-5.714060428633779,-135.74850711238602,121.63263711699071,442.0452805168597
1776353581512,-32.51670020980835,39.280470706397296,-9.69322426024197,-63.95880663334818,25.74578677443235,466.75420017905446
1776353581530,-35.52501401127279,34.427423356738686,-6.357202798219258,-26.52944169866459,-27.624679607549062,445.3124878459569
1776353581547,-35.2615018987909,31.891663938903807,-4.344726783985179,-80.44286030833783,54.232115236346026,410.897951335444
1776353581564,-32.71257554086893,26.977266340747473,-4.035127074996568,-156.50049328271734,161.2567501527691,371.3985575539101
1776353581580,-27.48767816134542,22.379500158581138,-7.02204288178645,-211.00145501007884,202.97554560320697,332.2156200970012
1776353581597,-25.23817767146006,19.640383821758626,-9.296385259722545,-173.97255431171683,112.6794407378304,312.3732102184405
1776353581613,-21.97278544382304,12.062885204967856,-12.571203852678835,-97.00162942265824,-4.673822036298386,295.010705423728
1776353581630,-21.90873948996793,5.2564714984387155,-10.315416245348006,-37.680562216883736,-46.17011510989982,256.7435324099777
1776353581647,-22.538715208302342,2.2225673286437986,-8.89685249235779,-25.904166908453895,2.6048125951816608,207.74902821034547
1776353581663,-21.633108960071205,-2.7344769865840672,-5.299265222765505,-35.870111294345136,74.13039947741204,162.51055431832998
1776353581680,-19.549253863481802,-6.102371118927001,-1.3340177762135863,-80.43779230797368,147.47014991688175,111.74657350099007
1776353581697,-18.66325151131637,-6.752395116093754,-0.8334801377676427,-102.89486007251782,143.93361456843255,84.72493129526143
1776353581713,-17.696741717175392,-6.965631039538979,-3.4744349371761083,-69.76363414478028,33.401469192438256,56.285898478255504
1776353581730,-18.010979954418538,-7.381921684154868,-6.814345668572187,-18.09691917767082,-57.30709713653703,38.22213474636322
1776353581747,-18.878430020196735,-7.619246923717856,-7.30081781065613,17.708035527086977,-91.8076667098354,12.969490191326726
1776353581764,-20.9482179399237,-8.574833830371498,-7.2873501340568065,33.34666716963266,-50.32412688007485,-44.692086079171155
1776353581780,-22.19918699218109,-7.118558332493901,-6.8403831961482755,38.349183095114626,-10.323488567242126,-100.69017063108608
1776353581797,-22.018724188177288,-4.526088016399741,-6.7628707712702445,53.16790346176634,1.4537167589345923,-149.61082682541212
1776353581814,-20.78047272480428,2.5439883169978854,-6.388327556798607,70.11795703816387,-11.807253249326308,-186.09521118276234
1776353581830,-20.31884059390782,9.586832944598793,-6.786064161461591,90.74939719983362,-46.843865460197385,-228.30949587634964
1776353581847,-20.477157703842035,12.929886065673827,-7.613710186248272,110.05837613440552,-50.9528970195933,-258.0556937118072
1776353581863,-22.154744477733967,20.39156517715454,-8.2617902097404,127.32786741300079,-9.669930817452055,-293.6727806483492
1776353581880,-26.058191155541685,27.977295031195876,-7.835622752624005,136.73955390057654,29.828802143279685,-330.4052374763543
1776353581897,-28.366500977270302,31.657184151899813,-7.0257835296195,136.85973790921207,38.259212428272626,-386.16747559622866
1776353581913,-30.260015215246376,39.29752822418212,-6.462099333843589,135.11996578420477,2.4904942249392765,-465.8953448720604
1776353581930,-28.39912051358521,46.85287989109456,-8.473826895197387,146.37298930974592,-33.5069614641691,-499.61074321913077
1776353581947,-26.02362472294271,49.24379010848999,-8.972270027315803,158.57032746917633,-55.91219492310201,-496.08816877734506
1776353581963,-20.604798177990315,49.15400988432169,-9.42716794088669,192.4867382835202,-87.62485203193042,-454.1510531602769
1776353581980,-15.821035961481927,44.16464150859415,-7.296328463347629,204.5762140955778,-109.91826163377188,-411.7101427900286
1776353581997,-13.768904109954834,40.732852119445795,-5.44142080020681,192.0180370422956,-119.16391988300296,-376.5691473593932
1776353582014,-9.76804349822998,32.875083439856766,-2.5562580890495328,158.09718660499124,-105.29223598062478,-355.42646070815874
1776353582030,-5.411493717846274,27.147404150091855,-2.7504879909906537,147.45961776518158,-86.17065694631052,-339.92892540593994
1776353582047,-2.9026696532100438,25.008184674481303,-2.9050632886146195,149.73274570209685,-74.12272234478495,-313.81700292595445
1776353582063,2.7295383611381054,20.93774232127983,-1.4601629885691216,139.37812427884415,-51.69908494113344,-271.47114146819604
1776353582080,7.856571578758954,17.816452055911533,0.6949174154528416,122.14447783301313,-30.625171464651906,-243.7345082299613
1776353582097,10.008359736302495,16.82211058078669,1.5161289319463074,107.59494546683537,-25.707223526378456,-205.79593561718033
1776353582113,12.128428813502191,15.177891640826314,2.587234716995619,88.13544965352389,-37.10462017550075,-159.99576062820134
1776353582130,13.804668081775306,13.117382275445758,3.0699657728550953,67.24712607716995,-34.26861293399015,-143.1119701320367
1776353582147,15.646855452618002,12.702138217273355,3.1217405298864467,41.61514049959377,-15.380522208905486,-118.51294821358739
1776353582163,18.842517287555335,12.795063461469113,2.321928049247153,25.596094641035055,6.565712719405633,-62.96722709040241
1776353582180,20.938191928210852,12.891429786029457,1.8487730328433214,26.016596944834184,14.03833795680556,-6.5318337004619
1776353582197,21.46461701823771,12.450448060010373,2.5257331503937017,17.7377997839426,10.221999640138552,53.95562576364933
1776353582213,20.34053816975057,11.804761215265094,3.3221054639838634,1.7671767649481032,10.45217530762069,119.42036616558026
1776353582230,16.945711022296546,12.073959556689857,2.7135292198950425,-2.803969171991597,11.802613843332578,157.07989823000952
1776353582247,14.820256160405277,13.064859184265137,2.959981987961195,-11.123690478512371,4.367825292613584,197.35917667135385
1776353582263,10.366593913269043,15.856798325867205,2.9854199422089382,-23.44323438257267,-0.4496699329585794,260.3495171219076
1776353582280,4.086902818408608,19.23950594166154,1.6831244977422057,-31.58074566538796,-8.171120936173628,305.76317170575555
1776353582297,-0.45519934420287606,21.440526313880458,0.8119341859897599,-32.09313962673314,-19.410945121143726,341.8552026764236
1776353582313,-11.540650552368163,26.653000630486755,-1.657684132341668,-25.390398371538247,-20.45667098873477,369.7902938911822
1776353582330,-20.390964873173832,29.708002387237546,-3.4063497909327967,-23.23842774521525,9.144309341005492,370.1057666685668
1776353582347,-22.26996543262899,30.842553822161257,-3.7122083954306317,-34.532063575561295,75.37929956714888,371.1117988917963
1776353582363,-24.571091918724775,32.55725200042725,-4.488678925987053,-54.58770512982065,180.69807766288832,371.46243348302806
1776353582380,-26.244040328758953,32.812233892711994,-3.6941024371719453,-74.88374202210777,224.18325565533988,372.1752320248106
1776353582397,-26.499023390087483,32.781858628192545,-2.60474118412435,-100.78297241133903,221.5300959930051,373.74997311909203
1776353582414,-26.18298935546875,31.72975722067952,-1.6365858147334307,-119.21113015054608,148.90320556702045,375.62322080085977
1776353582429,-25.56797880401611,29.248914218902588,-2.420836422973126,-115.98055995615678,77.27723155257699,374.00370098637967
1776353582448,-25.74515001912862,25.214534199413656,-3.026269985122047,-121.17759625410612,47.01667949148246,348.3865847306266
1776353582463,-25.45036335519999,22.679824582892653,-2.6882386884610865,-155.6324035599654,88.58134489310984,311.9340563755653
1776353582480,-23.26176317808777,17.463906044116616,-1.9675833539998158,-217.95771581179167,161.81155275867087,268.85722807283213
1776353582496,-21.53329950931966,15.148263541412353,-2.7332790089711545,-267.3008465270397,209.52083392256014,225.0958782114803
1776353582513,-17.133654975835977,10.96738947688639,-7.265802026854455,-245.40022744398732,169.99250745970204,184.42441030799384
1776353582529,-13.587692679540812,7.149833760723471,-9.498993917626143,-195.16954096685282,105.48697150405101,171.84630276271352
1776353582547,-12.500126794610544,3.0912136184692383,-8.776992771746217,-137.71158544211772,54.21628968803911,161.3638885000899
1776353582563,-12.75929890512675,0.9117413351863622,-7.896375473619997,-115.13551529166446,57.30697419313197,150.07896799112478
1776353582580,-13.831901577670312,-2.726995106396079,-5.535991327391565,-111.03942352565113,69.66853059077702,134.88209761616991
1776353582597,-14.81442190586042,-5.078101136669516,-4.984876617266237,-109.86867446039759,44.593222506029804,105.86502930480039
1776353582612,-14.753818342977574,-5.903201130235195,-6.263529356871545,-86.0590106741375,-6.012409766913478,85.73057419770825
1776353582629,-15.278747020434215,-6.876746302905678,-9.735421039305626,-39.39869630260044,-55.490874704149775,67.09715561356398
1776353582646,-15.992967303179576,-7.427410931175947,-10.494233035710453,2.3117195729428937,-79.64087998656244,40.16482496142243
1776353582663,-17.864635181659086,-7.800459230914711,-10.356417971691489,27.874626965131093,-54.24555021844344,-11.73509998470794
1776353582680,-19.425953500897062,-7.031169971898198,-9.204507697948813,25.573143497876522,-9.140008029375677,-60.68195507714287
1776353582697,-18.783260613803378,-4.18162283706665,-9.511713113945722,34.98445090995334,22.862413878575005,-118.12287611008796
1776353582714,-18.624644224095064,-1.9487305137634277,-9.798268540623784,61.20055085025442,19.424151291903943,-150.7660577008714
1776353582730,-20.181473068160376,2.3412287793815136,-9.419087144957482,90.74488244479225,3.485874341271337,-188.4095251603728
1776353582747,-21.84634218010269,4.495114201465249,-9.639652972899377,124.45414728198796,-2.7068951084127906,-233.18683834000737
1776353582763,-24.201039585931596,9.813981073540448,-10.229524991442263,176.9119125606535,-4.5037289816239126,-288.7773928249043
1776353582779,-25.90735630482137,17.69778844974935,-11.232994908385724,224.00594394448635,-35.261541439297,-322.34263629326114
1776353582796,-28.324601571434734,28.03999084908366,-11.852344950347392,281.6096010645962,-106.56297218513814,-354.58058276058773
1776353582813,-29.76621229188293,32.9943446100533,-11.818376848967745,295.4774805516067,-154.5563755581216,-373.9954227971056
1776353582830,-31.26857354137003,39.758860956573486,-12.292727870223112,288.4036995150346,-171.01993183541202,-390.99169284852206
1776353582846,-30.008625502234697,42.01614420928955,-13.009791495768772,262.03709294127765,-150.9658134133376,-412.1078510450201
1776353582863,-28.179004767498373,42.458173106274,-13.173644553154706,251.45614636968745,-131.4540939736322,-416.5718167997303
1776353582879,-21.573253334045408,41.42148437194824,-11.883020841781235,244.47812458527892,-132.94125838237576,-397.68833815988273
1776353582897,-14.980368980950116,36.886568321448564,-8.83654861110784,224.73781237443154,-158.5647813555703,-354.2339643205879
1776353582914,-12.655151425170898,33.95217432719767,-7.187392433940992,189.18607668786822,-159.67658588828664,-330.00996076870734
1776353582930,-8.269423481097817,28.288542123799026,-4.874893106366973,141.02454137827573,-127.81857552373118,-316.1247052804483
1776353582947,-3.275269624659419,24.071603350940347,-4.641009659554623,92.47533136158249,-70.7147038357587,-295.9570144728549
1776353582963,-0.5449801528930663,22.27295979213938,-4.9389386400969695,84.65691627150645,-61.55950461189527,-273.8804770375397
1776353582980,4.113388674274087,19.00936336187795,-5.1494777074073435,89.6862441045753,-75.31356582657666,-248.6678172636781
1776353582997,6.646603083801269,16.739810337110235,-5.07181628424637,96.32750341195631,-88.06342530872611,-210.97600572523137
1776353583014,7.476793678504228,15.685463634888455,-5.256768216362968,103.06433072620416,-73.87488893075103,-185.81291946436573
1776353583030,9.153332806506752,13.815442427637427,-4.250156348131969,104.22865258344873,-43.555450393727234,-169.0450645991729
1776353583047,12.48127252960205,12.968343514361976,-1.1709142494201659,82.30273447971064,2.724785721726581,-142.90287072078593
1776353583063,14.240710890087485,13.05199064260274,0.03052716714553535,61.31895217951659,23.758377603329766,-104.02498317258812
1776353583080,16.757016250389814,12.812720114190876,0.796821335999295,54.91789013467741,12.680222288466577,-57.83263238184532
1776353583097,17.674444983562825,12.34659985526204,1.3325232998721301,55.94385284990502,-28.03521666534914,5.985152616370073
1776353583114,17.271023172870276,12.321310954096168,1.3672394431401043,52.8734744972146,-32.340768135091956,54.62263130214151
1776353583130,14.881608162468671,11.861324814008176,1.1715130920961498,39.43857094697498,-1.6163467647237693,108.25007672145547
1776353583147,12.362013112971185,11.48573486696258,1.0497086671575904,27.394737874045997,26.66225472707549,140.6018482913003
1776353583163,10.95496838673055,11.286866053174435,1.273565572534129,18.599298374145476,45.42177909386571,161.93526114491814
1776353583180,8.551488610619305,12.467656503173755,3.5052619640510527,-11.302958184789464,51.73232064163472,193.01835922737897
1776353583197,4.242225482067465,13.894300458438135,5.766435648334398,-47.10604227148833,48.99583950161497,204.69187651898278
1776353583213,2.014569890373945,15.160235353430732,6.241384818146005,-89.7712662993636,49.40933573887295,217.7486164005409
1776353583230,-1.3669383413016796,20.18820825816691,4.2914570574220265,-130.97789318469893,44.46031385497053,267.54536729932613
1776353583247,-6.997652902221679,27.324723979894816,-0.7772167640801518,-137.49073810549453,34.57712916370504,329.80087501783487
1776353583263,-11.89454231621623,29.505693808259068,-4.218283465465903,-100.00269843074595,6.245414840259293,372.941579249686
1776353583280,-23.203256336322426,30.105290809741614,-9.339181029875949,-17.09250229418001,8.917878324735815,372.24227716170344
1776353583297,-28.399271904754638,29.85958703341186,-5.585970652373507,-0.6321144776125222,55.705854908275924,355.59617724865524
1776353583314,-28.401217778125403,30.792278217646476,-2.7142752524893727,-14.263671020166157,82.93652139317446,363.56627034962975
1776353583330,-29.230509378162026,31.1871718539685,-0.7740743561348877,-6.286496720569628,34.433691776040185,375.5075447170764
1776353583347,-30.911537049755452,27.68759896840453,1.4803649601258337,-12.99434354216911,-1.8270753895349994,357.77424261270227
1776353583364,-31.125969489508865,25.067740879169104,2.7941832672670484,-61.20038009552517,7.175831746734892,320.996542611635
1776353583381,-30.293233301976322,19.15376174980998,1.9599541012303903,-143.48386027196554,78.77611656593629,249.56852796990603
1776353583397,-25.379433961974083,14.975881021881102,-2.0621545753043145,-178.18490955778213,107.66076116967761,204.22133112668226
1776353583413,-22.155193390545247,13.248314886474608,-4.9473175787225365,-159.9417884733799,78.8260657393366,178.75685593850065
1776353583431,-17.127819109289348,9.482236259570717,-8.598625040325523,-85.99093417867998,-1.211164788676392,165.0712332193028
1776353583448,-14.556896023614703,5.190630368262529,-7.618797718645632,-47.5298828302443,-25.15404992059371,163.4240921198192
1776353583464,-14.319121578979491,2.6429011111706493,-6.212802939849347,-37.277147338840685,-8.35439967104081,151.38143042433288
1776353583481,-14.683339068139343,-1.8281220206111668,-4.503941651043296,-33.75281412334371,24.24638778933801,119.38199416282313
1776353583497,-13.913154613848775,-4.270208883014321,-3.474883703856915,-27.739110889356162,21.81326608620978,95.32970839686584
1776353583515,-13.122320170239359,-4.9259196936458345,-3.0964496194265783,-19.098125872251725,1.1478026178500647,79.49929699525724
1776353583530,-12.13560893426463,-5.877915297809243,-3.214514565575868,-1.979499812043708,-20.113967954676674,61.92116995863662
1776353583547,-12.500875128759816,-6.8138985093265765,-2.804656876616925,-1.910709348374513,-12.247954130048456,44.257040595081776
1776353583564,-13.176039120141043,-6.945878291320801,-2.6355660921074446,-11.887162193747226,9.931651713615896,18.80712566266333
1776353583580,-13.267617772033438,-6.490530478557944,-3.4952338334463535,-5.129581349706296,-14.822598206552994,-11.87155008885187
1776353583597,-11.598260226098075,-4.71822386867106,-7.59291085158661,31.363658347902856,-75.0969941883739,-18.058883561730312
1776353583613,-11.344774855981393,-3.8530174901664256,-9.318830242699384,72.80343715565114,-110.07857983397042,-19.42740929213804
1776353583629,-12.411092347308248,-2.5701748976558445,-10.22024760613963,91.4961008006561,-44.43104307928244,-33.21038782021798
1776353583646,-14.10020088789612,-0.6030389586299657,-8.20956653989777,88.56255504270314,12.882847534157822,-52.9403932756078
1776353583663,-14.806640161376446,0.8370733399540186,-8.0038158576414,108.23336324855646,9.376307815222377,-71.79547881907567
1776353583679,-14.706084130041301,6.106860247039794,-6.353461922057345,136.18943680444536,-78.55010560630058,-79.51423461897207
1776353583696,-16.646584283336995,10.66152904575765,-6.184820159956999,151.28714649303,-148.44714017576038,-98.2507958897727
1776353583713,-17.678335999651996,13.258789518737792,-7.335234715249203,163.34118728367358,-187.31214598718353,-132.71329398863742
1776353583730,-18.95100425802022,19.782541883417963,-8.726864311484015,160.40812646915168,-180.89857103578487,-174.57060567544315
1776353583746,-17.560421129497886,25.665993772566317,-9.471611003323085,156.84533587353295,-162.9155708757334,-194.38748430688636
1776353583763,-16.732775250841676,28.050466650390625,-9.501687832885235,149.81521340613557,-164.32233029756756,-206.74776345915663
1776353583780,-16.35000255268514,31.778239804297684,-9.113079341247305,122.24822840650562,-194.83756645243352,-225.32236728435794
1776353583796,-16.224007982580364,33.18513021675944,-10.273219390935823,98.76952826666766,-224.723728524363,-243.40556631953348
1776353583813,-15.926080390277503,32.734424092322584,-11.4457793617364,84.49678931660466,-248.02638053834386,-267.78857667529195
1776353583830,-13.709048483929037,30.63156626216471,-12.954426523092575,72.16361918515018,-250.20734190259898,-291.61667514212195
1776353583846,-10.933570793914795,28.330888104358312,-13.364881447292305,63.27485198043062,-225.57322647219416,-299.2723609752224
1776353583864,-9.558550268444419,26.88972834254801,-13.110348577416687,56.280116723123086,-186.6464484299174,-302.02809641851246
1776353583880,-6.21220395104289,23.49968784484863,-11.62310076244194,51.79346107999009,-139.8864952587682,-292.73666224146393
1776353583896,-1.5258552300602197,20.20751150905192,-9.026139747332408,55.157581963220665,-136.66515948013677,-264.19147120928307
1776353583913,0.820612034496665,18.224813259235024,-8.05125163562037,65.69019811624388,-164.02969767276753,-222.73753683447995
1776353583930,2.9768899046748873,13.664756922259926,-6.333112011663616,68.91878755577389,-177.72342099632104,-179.86800477305667
1776353583946,3.578584462958574,9.108890730451046,-4.715379439025372,52.829163644974145,-147.12155072202265,-174.88427528288682
1776353583963,4.466680134141445,7.611467229627072,-3.742735599108785,22.018798431166513,-71.36320297669474,-183.79566407413748
1776353583980,9.055020900836587,7.836521893420815,-3.1310163442865013,-4.77913373490305,15.74845596175761,-169.48182787583852
1776353583996,14.769080684441327,8.79450212495178,-3.4066492488034066,7.0407967724096245,23.168590768499165,-133.3239675419499
1776353584013,17.789518054419755,9.380482689014077,-3.2218462236382064,40.82629463159232,-4.3488792016296145,-63.45266229509356
1776353584030,17.954568915888665,9.337985317285359,-2.4172458511352537,47.218740392793535,-8.061036215999593,-21.2032943348345
1776353584046,17.178247858539223,9.603741701562702,-0.8132806686952709,31.283622191208647,20.447115554085926,14.490348777019602
1776353584063,16.518642378556727,10.64941015341878,-0.8955814968936144,10.879335338313288,58.06593798351462,69.45462955653973
1776353584080,15.92877328262329,11.17418879141286,-1.5023608110956848,21.534351896357723,50.45861671992699,113.89403278736626
1776353584097,13.304277596715092,11.463438425610958,-1.6922509302668272,42.67879219866151,28.078535432612654,150.1405079955466
1776353584113,9.722701550725102,11.427375470843911,0.16071049417704342,50.63560058170036,21.803703821371762,177.188494240904
1776353584130,8.261192243847251,11.819126425226033,1.2129631467290223,29.194694210924872,36.02555615457087,190.8361547686949
1776353584147,6.057178224503994,13.732243773816526,0.763900843976438,5.363463248586812,53.070337624567294,210.61313143500692
1776353584163,3.9068887810856103,16.84350824666768,-1.713200413988903,-5.878919696001103,65.41414236055948,246.6516000622037
1776353584180,2.4470231497615575,18.74300828105509,-3.005769596874341,4.80449721549907,72.09662868977071,275.70217045145216
1776353584197,-0.9011170653194188,22.627750112262365,-4.418798365960642,15.270743993470456,89.87140370278517,302.2008728837571
1776353584213,-4.548983154296875,26.33606862411499,-4.610484319039993,14.706973349188432,115.67116604713354,328.14572893664405
1776353584230,-6.299144567871093,28.37892235968709,-4.8596301164492495,10.988305883878963,138.60986460100114,340.6616407793422
1776353584247,-8.68930484368205,32.633717400470374,-5.972635243402048,11.484817094082931,164.67788262500176,360.2573442250821
1776353584263,-11.515511142675578,36.65747198104858,-6.423193812594376,15.024812787120391,193.69655603082623,387.07422418968287
1776353584280,-13.062614035686849,38.18227799431681,-6.235847788415477,17.32856729227399,200.82515616567684,406.0984866887028
1776353584297,-16.67666144169271,39.445518645256755,-4.578910675048828,7.210463367147796,194.29701162114037,411.94277903315924
1776353584313,-19.322403913769126,37.7849924944222,-3.28888467384018,-17.263914429137944,157.65504113925962,395.95254120497236
1776353584330,-20.097377538564988,35.7096691523999,-2.9635723771359768,-36.08980091390401,107.09998897844122,363.2310719859222
1776353584347,-20.15813066141978,30.027327280095218,-3.0931586150571704,-52.08826570494618,50.71979290850452,316.8308648783576
1776353584363,-18.599655164392292,24.224682035064696,-4.222922669573873,-68.27681124549522,18.797174077042623,247.2481487843126
1776353584380,-17.870769373565167,21.260360520061848,-4.857385744189099,-81.11749175303832,41.43858010954894,192.13737410747405
1776353584397,-17.27955105497986,15.184625479125975,-5.261407402204629,-107.3425426562467,94.38068776263842,128.80422646247737
1776353584413,-16.528520506231487,11.19887826538086,-6.1352905515039335,-136.2701969611916,185.0191285394052,34.70671492773311
1776353584430,-15.097984722027181,10.128072157397865,-6.525844806914776,-141.0065779807586,246.55649650820044,-12.784089828948607
1776353584447,-11.285668075561523,8.64501328201294,-6.141575586590171,-132.03530209086526,275.6596320333013,-25.73912221734971
1776353584463,-8.484601040130109,5.148431394958496,-5.611559486334025,-96.2041023842217,220.41349666749142,-7.625882302657142
1776353584480,-8.243235731396078,2.734329687067866,-5.253775391222536,-65.27915050180334,139.47050941755776,4.524191801490447
1776353584497,-10.246135203851013,-2.12634918038249,-4.410418148693442,-34.40295592477513,33.925027097981825,-7.889386731968002
1776353584513,-12.544119884789735,-5.216666726794839,-3.7620381193414327,-26.22600029950302,-13.590643816146963,-31.745223450791034
1776353584530,-13.029094481792301,-5.642831699693202,-4.141368860350549,-18.534616482705456,-19.60770067301699,-55.38821696092448
1776353584547,-12.907439548327028,-5.629517460089922,-4.681711124309897,-10.974810283852664,-1.1356426399716206,-82.9757813205237
1776353584563,-11.102062005095929,-5.315127685546875,-4.582950305828452,-8.940750920718894,7.947350278585669,-93.50535120917709
1776353584580,-10.144830107714235,-5.0549061390429735,-4.881178050121664,1.13365548180997,-0.5765894686111084,-95.46757576526254
1776353584597,-9.455299956524,-4.332158850970864,-5.946748011016846,30.468377642065096,-29.242010346400136,-90.0254381289473
1776353584613,-9.354893708923086,-3.261799902233481,-6.492027146856486,53.30835947185848,-49.78424823750954,-82.54649710099922
1776353584630,-9.639355012866108,-2.8377263486564157,-6.5848026073180135,73.0034250945491,-61.73933666255254,-82.48137807745232
1776353584646,-10.189422332830354,-2.3162410531193016,-6.782622934966534,91.93406619061565,-59.47641985844644,-88.72442369584327
1776353584663,-10.397119034587964,-1.3189046704947949,-6.10356763523519,116.86176364211515,-27.071021058333244,-99.57671319259059
1776353584680,-9.76011215724144,-0.6174041685909032,-5.4119426306575535,131.87232011689042,-19.378530750890135,-101.79147033285894
1776353584696,-9.072078674349747,3.5314474487304683,-4.521000922393799,148.8490148461456,-36.16916429696497,-98.40531525936589
1776353584713,-9.39379937630277,10.842292440143227,-4.6736312782287595,189.3009058281945,-83.75330956507044,-75.21372212128942
1776353584730,-10.430488183693774,14.225149748340248,-4.141070347761432,214.4594431830729,-142.67502927045263,-59.626205906944826
1776353584746,-16.165948957647753,20.59312995202839,-2.0643997238826004,211.99333508134808,-218.1861856395286,-76.94458084942987
1776353584763,-23.078307695074006,26.179250168940424,-2.3229737223751843,164.02508046488862,-297.20748550610085,-143.87931456453094
1776353584780,-26.702530531200765,28.750920858111975,-2.9689594039365645,97.2620713659,-323.4258496541118,-245.9746463531854
1776353584797,-33.685968153326215,36.79828271975219,-6.40359161529541,-10.287618975042157,-286.16959927903673,-464.2844584166912
1776353584813,-34.304420661926265,48.51011927534341,-10.69115758356303,-72.5155241915676,-208.9465925982805,-620.6125713851358
1776353584829,-31.707011720386145,54.63074501288533,-12.238261572552844,-97.06883848409116,-105.29060356541314,-706.6532839824869
1776353584847,-21.210381560406088,62.79272752543986,-13.566444212872161,-40.7690815520097,54.68979596734483,-686.9378063394616
1776353584863,-8.972271305957436,55.5538605595231,-11.175983383212051,29.39400254600043,83.10261110322166,-585.1831780469857
1776353584879,-3.4753339318424463,49.03444943891763,-9.042899305083974,84.1095039302866,63.41681063214016,-440.8334410335593
1776353584897,-0.18959201300740242,36.72795187694132,-5.76553665366806,128.76175634621825,7.9360744900396245,-281.5446596259677
1776353584913,-3.5845699671089646,26.535236128588764,-3.748272336578369,145.87304678325768,-44.39722339760712,-235.1882203706045
1776353584930,-4.050540880694985,22.824972693213446,-2.7057466397274283,150.83699604559115,-87.3665889190339,-221.906808246488
1776353584947,-2.1799211960941554,17.279552333621492,-0.7428008458677678,126.63215800452163,-99.75692090365222,-216.2608509351504
1776353584963,1.1590922942012547,13.055881074170022,1.6656166058413684,80.58746224325617,-55.46288800402564,-213.16072369352997
1776353584980,3.3988679472774264,11.772589714978634,2.7252004415316504,19.9208136200433,14.522720458590877,-194.19910768957743
1776353584997,8.277204636493325,10.502016236932574,2.6852469821320843,-23.4265089568426,68.348835590293,-139.2143909840606
1776353585013,11.200971438267826,9.37748979080841,0.6693289285521954,-3.413921500016426,25.510339908458253,-93.95511233583326
1776353585030,11.435452978837489,8.411878626007587,-0.09651603522934019,39.430811852077845,-54.64275645453095,-63.57609747377403
1776353585047,11.685350699725747,7.5092640156067905,1.251419682101719,51.697893073123275,-84.4030518004354,-41.46078846963523
1776353585063,13.310564714160561,7.902512222809344,4.8126448473003105,2.330652216991934,-33.72726580075328,-23.563153721377876
1776353585080,14.293532964214682,8.644115164129435,5.340865816901147,-51.76527288928545,24.750073259491426,8.637451247982602
1776353585097,15.868168884056805,10.228178983660786,3.8230913576539605,-78.11779561297378,45.20933630501622,63.53166026303393
1776353585113,15.746065183910726,11.190348921966551,3.4492965869294476,-81.9931356650123,20.81492636353299,104.72841752501856
1776353585130,15.130455497521162,11.671284472711383,3.633500404092483,-89.59598315469357,-14.757747267931016,145.2401614547643
1776353585147,12.690914227947593,12.55025590332672,2.819022999893315,-102.63392635565582,-28.40093572936289,194.10106715423106
1776353585163,9.655366967120766,13.809606140965688,1.5108915610157885,-116.34769628442331,-6.815134579308396,226.8223997694978
1776353585180,8.419808103832603,14.52816633434519,1.367687771429494,-137.81914726116707,17.4341603092951,254.81187295042807
1776353585197,6.196792446899414,17.184233508820085,0.23104049673769622,-160.57672285862427,16.61659178828645,300.40931426446275
1776353585213,2.572270408630371,22.75015454892069,-2.7742812467712907,-152.9417598194656,-27.44932645344003,357.904316735256
1776353585230,-0.9642653031498193,26.79575534286499,-4.7966330377490705,-101.78006391694501,-129.94389816700738,442.407908920274
1776353585247,-14.122647405242919,31.949575445124506,-9.678859340258688,43.52236154229311,-265.94576431646584,507.2980391677101
1776353585263,-25.718665040045977,27.709594527113435,-6.785017867279052,101.08007197985626,-262.6562086084043,460.33180062324817
1776353585280,-27.525237492150065,26.64821441912353,-4.3252743521541355,55.16642705819583,-102.49295808137592,387.77595782501
1776353585297,-27.460294772118328,26.906936666980386,-6.900388532843068,-20.987112017414425,260.7452856031748,304.5886523760802
1776353585313,-23.97867722996175,27.921328813824054,-10.533439914526417,-29.58150489909562,434.3716449466204,282.4820347876602
1776353585330,-21.68069137997925,27.61367390049398,-9.353397305486025,-21.544913076361855,448.65280551993,288.9354434022984
1776353585347,-18.4886237701416,25.61930625567138,-5.329941662188619,-26.164152936568556,333.84541251599296,309.00718371243147
1776353585363,-17.126622008459268,22.993016087561845,-4.723759290966392,-36.669871804640266,246.05832983089638,312.7623943973478
1776353585380,-17.15176054136902,21.829733355933428,-5.749674702343344,-47.24156346990513,208.4616491672096,305.499362479253
1776353585396,-17.10417607563436,19.108423893958328,-7.899518520886078,-67.37731631293957,228.4325895455716,288.01175593970254
1776353585413,-16.486472047314045,15.520861759296059,-9.464727271691336,-88.3354307622327,273.883864811368,274.6083839577663
1776353585430,-16.911143247123853,10.747272561755775,-10.955715771031752,-103.39670139159533,347.4122719059026,236.56958514910457
1776353585447,-16.961421217125654,8.446146075659989,-11.141567090540333,-106.87097956575987,401.40300484188583,193.0270745487599
1776353585463,-15.681122829205169,5.205293684387207,-9.827748335874546,-115.60014574014374,459.58670894706984,152.82612471681728
1776353585480,-13.144017768914997,3.9350194815486668,-7.472901274175569,-131.08772262655273,529.0323021633376,126.31206801925815
1776353585497,-11.775131800676881,3.720739017486572,-6.592283464592695,-132.22897893497014,525.3462403135785,134.2512886651842
1776353585513,-10.72243184274882,2.2876614398449657,-5.065381940349936,-124.69988382794668,454.8956257420783,146.17153971036555
1776353585530,-11.573720316668599,-0.9163795163810252,-4.4533629719287156,-110.09303251425416,279.9937695522679,133.46018883475665
1776353585547,-11.971606705065817,-2.150890916442871,-4.853943129454553,-90.31235388541202,120.29867385133053,99.68032716229969
1776353585563,-12.351834979436546,-2.591123577660322,-7.238718497356772,-54.655682587535196,-20.844868205307034,66.29285985765996
1776353585580,-13.030143114062398,-1.9042863918811082,-9.5153047086969,3.463518278344239,-120.47583529802233,32.68123940483875
1776353585597,-13.736732025146484,-1.7887679153442382,-9.634116966082155,29.113288601302074,-104.85246059053516,5.472742433325608
1776353585613,-16.182557781817017,0.051475920215249056,-9.15213365985006,45.71793268118288,-29.63294646882957,-25.40663714628995
1776353585630,-19.52890366082713,3.6373920412361618,-7.3599246641412375,66.47431066315052,99.7829780753358,-84.36325911833092
1776353585647,-21.023185941015928,6.073342008319496,-5.102940686632692,58.10299858995111,193.82714924775686,-135.8708494607993
1776353585663,-22.577621661133318,11.44697858145833,-1.8429346820786594,35.18464375452641,282.6284740434653,-182.70209614650508
1776353585680,-21.79082546006404,17.299903230395913,-2.9254136921986937,51.66431927825808,317.12576512596206,-215.16914081897224
1776353585697,-21.781997846089208,20.13568429020345,-4.146306755144149,113.59864759633072,235.3135406814959,-227.44917890887317
1776353585713,-25.02359822445139,24.084621237945555,-5.490651571843773,191.06465191718854,96.2824105030559,-261.3402224006396
1776353585730,-29.396009298572686,29.054087227851152,-5.038447025542706,274.5706813135478,-68.1370792354551,-359.13752105028016
1776353585747,-31.025859009984135,33.21640389142334,-4.130595537401735,298.51828077009634,-80.3289600737387,-429.1011704547151
1776353585763,-31.993715615624186,40.97287083587646,0.13153226655558684,286.7988782676484,-9.707719692808796,-469.2267286585991
1776353585780,-28.32789359871745,44.9143247343868,6.6606701145332305,230.5588001134399,56.603297368986,-471.27141408853413
1776353585797,-25.5609458366394,44.457631936755774,7.112425674957781,225.9388738192216,-9.572522928377564,-450.2802210330906
1776353585813,-20.969016105541584,40.53712730277181,4.3957551248297095,253.73245717475592,-117.5307123694262,-437.13560393767114
1776353585830,-16.85428186187744,35.06383150100708,4.651036730713397,235.07819968345393,-140.31224827049178,-429.109284719449
1776353585847,-13.793743952178954,32.812084839630124,5.544672792627662,176.19378647131836,-68.71547331475013,-404.19013183460123
1776353585864,-7.142502102661132,27.510126724518834,5.8277872850716115,126.95134640481466,-5.906699782902837,-368.38526933739723
1776353585880,-1.6630723281860351,22.51073452903554,4.367623401453346,118.97304341645778,-23.680788361905712,-317.05538685675424
1776353585897,0.32216917637288567,20.304775440039112,4.149152499964088,124.75762624718996,-74.75648193749208,-287.2556266778255
1776353585913,3.885040521892905,16.94586022150889,4.4017406289801,120.4269857850784,-102.81728961411397,-275.6534575422916
1776353585930,9.60942588467896,16.17807033420466,5.488408761353045,80.13902617329897,-55.87140161828411,-235.13734912166623
1776353585947,11.671882730865478,15.889568741894886,5.945102581897378,36.65318223740334,2.1697167384471547,-180.67470475554853
1776353585963,12.49444063873291,14.108282195281982,5.512949620630592,5.692501208549829,26.618196591834323,-133.37751622504283
1776353585980,12.626120560997723,11.968315700696408,4.12072120911926,-5.329492022089283,6.1470332223412525,-95.93611308194708
1776353585997,12.810325035747885,11.279831916753947,3.716549602972716,-6.650587638239974,-22.942214393742848,-85.11462090816734
1776353586013,12.328790057805179,10.453234816498309,3.400216000885516,-20.52736686173899,-42.82633111492296,-80.98288921506489
1776353586030,12.83262162322998,11.021258429718017,2.4419364941470323,-33.5518562975836,-34.06772682521632,-68.30965762521382
1776353586047,13.525591612675786,11.493664344787597,1.815404285596311,-34.01156900986047,-44.689439380867775,-30.94295284597592
1776353586063,15.345035236790775,12.54546764613688,1.7944549480047076,-28.169267665547103,-99.95151299310588,47.071894740732844
1776353586080,13.300537825664877,12.624326078796386,2.5194492843512446,-39.19100732541328,-107.93185820802458,96.70118306144772
1776353586097,11.359588467296957,12.520627657782285,3.014001199451089,-74.51110739155938,-62.492399169492295,124.89215365308253
1776353586113,8.170213165283203,13.326875359100848,3.74483132927902,-149.1372761498768,19.38048418499276,152.27147237507722
1776353586130,7.63570822917521,16.15622346325144,2.6427503775883463,-200.85835088504308,55.270163971309984,187.1324437101205
1776353586147,6.6421133711665865,18.503737606512754,1.0919067636787891,-237.23017372487152,75.17825977911872,235.8694361176649
1776353586163,1.8769032949149607,22.363937774724885,-2.265213022802025,-275.6285683329561,88.63397833085396,303.32626949292177
1776353586180,-7.57794752960205,26.402209467890113,-6.215646054320782,-295.04559403000843,71.9219739225043,344.41362761497027
1776353586197,-14.616902164027094,28.087577799036353,-10.034097988671064,-268.7911938039365,21.095845213906443,355.19106506860345
1776353586213,-25.841366121563315,28.09490931096822,-16.362721310613303,-219.38769787680388,32.638779533863364,325.01425112673326
1776353586230,-24.462606994086503,31.046212354443966,-13.635426490618288,-248.98686906018773,129.48455428494566,345.1493209508507
1776353586247,-24.025515553504228,33.16687501362264,-13.289015291783958,-294.9874008182799,246.67924866796392,380.1060105569225
1776353586263,-25.282620478168127,32.67456729725301,-15.557520634129643,-304.70372740321653,286.75822498170845,386.28858851059135
1776353586280,-24.270620194897056,30.680197314342855,-17.783530358312277,-259.37566875004717,222.53708444271842,381.6915706708493
1776353586296,-23.416788027843833,29.72386397323608,-17.238999045165254,-221.4793067063369,155.1502605064542,378.888297110936
1776353586313,-22.15309963313639,27.014225659832356,-13.361140397600456,-247.89868332162132,162.9906892962252,361.9407126479234
1776353586330,-19.982755535943806,24.339902405437826,-13.0624638135612,-278.72728855560746,208.80180624825456,345.5148726752298
1776353586347,-18.645145872718096,22.756587504577634,-13.89609501370471,-291.70934714878064,253.18259962581322,333.13821472932983
1776353586363,-16.607978366088865,18.4637827588737,-14.390049145574494,-297.6620482557435,286.9778292239027,309.08597677469675
1776353586380,-15.462801638384908,13.147158697289228,-14.261659862352907,-295.8862537130536,285.87169374819746,271.74014163846783
1776353586397,-14.693515375043079,10.666467671203613,-14.247594365990906,-280.7939125531566,256.51884650704096,226.38167498311356
1776353586413,-12.331784892239607,7.141606030604243,-14.368649872258304,-236.3862628717814,184.35882683158337,191.93342465885746
1776353586430,-10.99118126222915,4.359243257251381,-13.977796743498741,-198.20546443027513,128.52928402762768,189.81036963838574
1776353586447,-11.31843874731753,2.5918711811572313,-13.486986279949544,-171.73861800025912,75.00945848397102,184.73624942473992
1776353586464,-13.093740045508369,-0.9546884965091943,-12.961907343834637,-142.8947018145386,26.95986997487504,155.14907205353862
1776353586480,-15.42509325449839,-3.1625919245064256,-14.270339720153808,-107.69270596442576,27.432718848473144,118.91931714844647
1776353586497,-15.718083682660012,-3.7355525557368994,-15.07973010341227,-57.20962350689178,43.404332458340704,83.61463623435166
1776353586513,-14.65580721035227,-3.766377317589521,-13.859431937620043,-24.559003840102196,50.322173445972226,27.236996362711846
1776353586530,-13.963283941760658,-3.891474938854575,-11.826007709172368,-13.697174276631653,85.07704120735393,-28.439502392511365
1776353586546,-13.574525447192787,-2.6889871550410986,-12.622828533715008,19.583663529780424,129.15432829895389,-70.19768583634541
1776353586563,-12.404659135922975,0.022296587482094763,-11.396997868236898,69.09474688917176,184.11929209739102,-110.95952397274033
1776353586579,-13.581558028836422,3.094055563896894,-8.818143405041099,104.77913850979508,225.7112236141851,-138.42745756902676
1776353586597,-14.634708235156907,4.58355002528727,-7.789533640013635,149.76707423286533,262.48990716249284,-162.75264354327192
1776353586612,-15.954809787286072,9.490614211815595,-3.8652886504575608,195.84063437356326,264.8583162383298,-168.46779067090173
1776353586630,-18.32387335292399,13.267020755988359,4.303279670228064,184.30951286577587,226.84381924273495,-164.64563047174096
1776353586646,-21.417481173053382,14.545525027033685,6.303036314612626,163.6627662501761,191.05100519922684,-186.48080268216626
1776353586663,-28.173169193212686,17.215208931189775,5.576395380102842,171.63087859629132,150.47144432121206,-250.50945482996698
1776353586679,-32.9612741151005,21.57893897846639,2.8086984070926904,207.46045271791243,126.67722359266537,-307.81720083447516
1776353586697,-33.45507703846395,24.539220278167722,3.289783741571754,239.86045225348676,90.10713402160982,-356.11292204050176
1776353586712,-31.618874587249753,28.797309684321284,4.786009228250197,267.0511621317407,8.255307286562266,-385.7328569989624
1776353586730,-29.848962179023026,30.45349634464681,5.820005691284686,271.9410584830929,-38.535295504713716,-392.1014893056224
1776353586746,-29.180680640631913,30.239215880584716,6.062867302991077,268.9798709495689,-56.15079392137807,-395.14133329762825
1776353586763,-26.285340891918537,28.220752489903568,7.171233326300606,252.35792258542588,-60.16396719086744,-387.7397851431656
1776353586779,-20.892852318793533,24.11245383224487,7.802404812024533,233.3563636352071,-54.29349473132235,-372.9180560781845
1776353586797,-17.564761204528807,21.56996101450175,7.700501603864133,208.54499113546208,-23.500512348952398,-349.2680616241518
1776353586813,-11.188255749079584,16.71227562977895,6.976105964063107,176.8586780662624,14.926534902700372,-301.27939840245233
1776353586830,-5.728875075420737,12.746878984014689,7.4893627988286315,154.9961987595354,-2.8637625689765924,-258.5671929183711
1776353586846,-2.8827701899975535,11.331007392717897,7.826496466229855,134.54027396896745,-50.714195568479695,-209.2357418266038
1776353586863,0.6055833824157715,8.775796109307556,6.60784752894938,121.08433685117876,-129.4609081700391,-161.01605428641784
1776353586879,4.183269435229898,7.793724771560542,4.98098764700368,102.98502539975115,-156.68657495646517,-128.6384987524562
1776353586897,7.377733000293373,8.171110990905762,3.7045792157264423,58.599170852017515,-106.74706627383749,-84.13089608276708
1776353586913,9.147494017350674,8.362646466131135,3.535488412950653,18.58668130720117,-53.05421496303148,-53.234217768418
1776353586930,12.905493382695317,9.632022331890463,2.2538427477402148,-3.333195494216045,-38.854494150290506,-10.917736369374392
1776353586946,13.9375451048702,10.214411666527763,1.1034288249189617,-3.684490479363195,-67.19633679050173,35.400867053081505
1776353586963,13.576470736041664,10.717643001037091,-0.669029342817422,9.708274645678861,-109.42307291894596,87.6171339181683
1776353586979,11.512967595672606,11.666944616876169,-1.303042901833169,9.941965299262614,-98.96037741245615,118.93189835689763
1776353586997,10.174458645519614,12.71784881396126,-0.8672986015435308,-14.18524251924784,-46.185124450600924,160.69377864061994
1776353587013,9.30880452324748,13.161075688558629,-0.7282852676507086,-42.493219374006856,-6.695870511776688,187.00563441799002
1776353587030,7.598447296795248,13.997849789837748,-0.9949396236810832,-68.99393329702237,23.514502283919875,210.10364030405898
1776353587046,5.898115205273032,15.919944664001465,-1.7791904511164873,-93.96297388356794,43.16850651686767,245.81900000237914
1776353587063,4.768201659283042,16.98865599166229,-2.2839183808591215,-102.23561021382818,50.17882485076659,270.82036104407723
1776353587079,2.646639713177085,19.936517516382036,-3.120392001354322,-108.14879184625336,53.73199170984477,299.2506409736618
1776353587097,-0.6069295363277196,23.732374026434123,-3.5649658335812386,-121.7561132768062,59.67330006127206,338.46742884809726
1776353587113,-3.087323625293374,26.13420720438212,-4.1307450288750225,-133.08553929840312,70.4261898150282,366.8576565483889
1776353587130,-8.381053133502602,29.809305875939128,-6.066007939104363,-137.633898870498,81.57094801203547,389.2323454013535
1776353587146,-12.524518966132401,32.653470148688555,-8.609698003808036,-122.65619560563049,106.57385267648597,406.8513101390216
1776353587163,-13.836241616168618,33.70332699214518,-9.679008101079612,-97.51898893153002,136.52768143252274,413.7251032366957
1776353587180,-15.695637895965575,34.99484739663005,-10.43662380037196,-71.86158822005223,163.89183713456,416.9027531253958
1776353587197,-16.9349368225649,34.51451185760498,-9.66838419653885,-42.73966625963925,199.83002492436265,411.7956567584372
1776353587213,-17.669957901276646,33.69464684208333,-8.891165825023501,-26.621767073222948,228.17800107444856,396.7869171139811
1776353587230,-19.56526720597595,30.73975483420491,-5.771970897099794,-31.640366386653,257.1083464739264,366.5427848276513
1776353587246,-19.076550353705137,27.908162458258865,-1.9219455014214384,-89.43375250152744,286.22959566070614,323.32580104314945
1776353587263,-18.229601735620573,26.732160530310868,-0.8746313921170309,-155.0199814782254,293.67095015765165,293.7481312952728
1776353587280,-16.398935802680253,24.41472062279582,-2.1458030187193304,-202.92878612814906,270.93614641088726,264.69488347186973
1776353587297,-15.106514942224322,21.575797757831214,-5.089174173217266,-230.83692541644282,228.04956619729563,227.72938058938377
1776353587313,-15.054890115057676,19.55988171354532,-6.058376932769268,-241.81672771480513,207.3506096156803,196.36650429814088
1776353587330,-14.985458997565507,15.129559425464272,-7.8238009435355655,-246.84382890620455,202.16093626165622,164.4336760414171
1776353587346,-13.946523945617676,10.819698331019282,-11.432162997381388,-204.54823764073743,166.89604119947674,138.93760439813502
1776353587363,-14.02912419515401,8.301145484051109,-13.805564738354086,-119.20309784808215,100.65738572307,133.72666183503551
1776353587380,-15.705813691412656,2.22825238854289,-13.451074424090981,-40.62076740927746,36.54661421087822,119.13859354156055
1776353587397,-17.45358148784861,-3.04602130856812,-8.7503561092332,-5.669464688026668,23.41738723920605,89.87891691087218
1776353587413,-18.293645387920737,-5.379619739201664,-6.351965765215456,-26.917266669927084,71.25311398765247,56.57677915953342
1776353587430,-19.157356121040134,-8.434623395648599,-4.468179725049436,-56.578903348365294,120.72874354260956,19.485443701968347
1776353587447,-17.98823649995178,-8.157641268479823,-8.160186569048463,-43.923256080532425,122.29934554225399,-8.982631079388474
1776353587463,-16.949750799206644,-7.477091200146079,-10.3426507276237,4.1298316198527205,61.621502238991475,-12.03603385067047
1776353587480,-16.929101394409685,-7.676259435272216,-12.704680302971601,84.8493022098582,-52.290552002499865,-28.15263615491812
1776353587496,-18.832789235875754,-7.543378320524096,-10.661528461235761,111.13228677760662,-85.06465807438869,-57.82268762641379
1776353587513,-20.017770589093118,-7.2316849454581735,-9.22500863418579,109.79559143627846,-68.04980990842985,-102.81263142510002
1776353587530,-21.842600436291097,-4.320035866978764,-8.02251938906759,106.59213709289409,-26.18476986257824,-169.4948188956399
1776353587547,-21.487661428412423,1.1239268727958203,-7.49789170385152,112.88418931857989,-8.260208801065396,-209.79935537653492
1776353587563,-21.19482027252838,4.234295273590088,-7.4310028181880705,126.50335429715352,-5.755781630549528,-247.77186036911252
1776353587580,-21.57190798385106,10.907085522571206,-7.632265102984011,156.21682186610838,-23.799257993059584,-293.5989599637997
1776353587597,-22.49247633022405,18.000504737633467,-7.702445577538758,181.45680239665,-39.018476746978756,-320.1329608137353
1776353587613,-23.52557646547332,21.788282570648192,-7.56867029042989,204.59438239877002,-54.47573100856746,-340.9466782337852
1776353587630,-26.970683747486767,30.28725072043538,-7.56403050180003,217.8935666751069,-65.39975115197826,-365.50380377186565
1776353587647,-31.545253762982785,38.87914031502604,-7.486218874779715,205.13507383384658,-70.41061698372057,-395.3185357254551
1776353587663,-32.54647984652221,42.840946681213374,-8.067711698968708,179.36345869906782,-73.36923636611665,-426.51881253331663
1776353587680,-31.35356886934936,48.40851358882487,-10.670806960783246,164.68102451201995,-55.91863579148933,-455.920345362877
1776353587696,-26.14887198181152,49.5423182970345,-11.210848223368869,166.30891813842246,-36.91432427503502,-453.0587419874518
1776353587713,-22.85579898943603,48.3582347694397,-9.991152763576991,160.98463541623576,-11.32591615813717,-425.9295311324846
1776353587730,-16.38098045927286,43.51027509830892,-7.29468266890198,154.77506455496706,-6.197799884007842,-372.2149290842667
1776353587747,-10.871021691021323,36.62709554748535,-5.641935992962495,154.34500852406637,-23.458313732712767,-337.1398859602569
1776353587763,-8.276606086078285,33.503110417009886,-5.051465497069805,159.9818680234295,-55.678595623298406,-306.2414215514399
1776353587780,-3.1853362557560203,27.352854680357872,-4.360588753576204,175.11585967688526,-121.92576151541098,-268.4471161943079
1776353587797,0.9721955116271972,22.543352457915244,-2.4604905340999363,166.02034264598942,-117.52751584089462,-241.53393056240992
1776353587813,3.060836600384116,20.058621362658588,-0.7948744945141486,120.49054752549453,-54.08055333866344,-209.8085624715361
1776353587830,6.615477877697348,16.434248414004035,0.3939965048192069,71.12161235556222,55.75054142092073,-149.79387589516847
1776353587847,8.95655877304077,13.121271483170334,-0.27682920162938535,73.71145616429096,71.58079231308383,-102.384931809463
1776353587863,9.089886462512611,11.574917499697069,-0.14529716340266166,100.6767697999345,12.482717123331904,-68.28286962328903
1776353587880,8.727612654766439,8.861987222942709,1.4478937827730551,124.77229749352715,-90.43502408290544,-46.88360691588311
1776353587897,7.907897276848554,7.464521787560731,3.5974383626408875,103.65165186274439,-104.17929080631704,-37.88902642054169
1776353587913,7.532608504706621,6.9590459985928605,3.7979529069426,68.25077456437913,-69.4990052955773,-29.208358004359482
1776353587930,7.298275432696938,6.491727579388022,2.295142589380592,43.611311095854184,-18.80756791741209,-8.742277576269371
1776353587947,7.519289004406333,5.795313879229128,1.2847888494738378,43.40487545837972,-2.7740136698392135,8.69728199756462
1776353587963,7.982118112835288,5.517287321041338,1.80343366088802,43.619900058735475,-4.050609963217035,27.769226900954042
1776353587980,8.898199523052572,5.0122609563414,3.0732578366704284,44.55959065455666,-35.62050203112702,53.1726948394691
1776353587997,9.389758466881513,4.444984215966239,4.392163931937329,34.3741939981802,-49.79809303095715,65.50249085747359
1776353588013,9.862015913391113,3.788673749807989,4.663007921677269,5.589009755358973,-13.139451764859677,67.35550751891971
1776353588030,13.360392867168784,1.4510354965985752,5.565770964105427,-60.66859522712632,103.45333732019307,50.65729667759891
1776353588047,18.663851157709956,3.481168793742079,5.938668073604163,-95.76126023919475,147.70632419800245,72.60293012237624
1776353588063,20.038868176048993,5.947645069454424,4.834492378123943,-78.63711538613737,97.57494184121077,139.75715879664486
1776353588080,15.436165706524251,12.54202473914139,5.594052982672676,-65.68378456861325,8.33564994799548,229.85031825121283
1776353588097,1.7752993619620798,19.10228656024709,8.721030024973116,-116.97141549905052,12.429521048754905,247.10539783065934
1776353588113,-5.057002819061279,22.69224172752574,9.134777816705778,-220.6011629451267,69.5073449565539,224.5978344775813
1776353588130,-9.51261210861206,33.699733936089274,4.090943179840594,-305.0832946757725,81.97351936171603,255.62458349938953
1776353588147,-8.185924529156088,44.29168471096903,-12.91791383353034,-213.87626797135886,26.562173672714586,355.7293659374705
1776353588164,-10.501118703570961,45.20162718003988,-18.898331154776503,-47.53786390628946,-20.425407505356333,444.5553477160827
1776353588180,-21.97443233424723,41.762358248791095,-14.67361153704957,86.56877501265222,-11.614034027895817,447.8981788996703
1776353588197,-30.10843261489868,37.91667124764323,-3.7575488816307856,95.24404416429553,23.00137066214433,392.9923372186888
1776353588213,-31.042920034900305,36.26512276851236,-0.139910867254436,54.017596069988855,69.43854446104436,341.97522276051905
1776353588230,-29.440750795966384,31.983091930279134,3.8640922072146084,-58.443005406834345,143.24976236835252,290.508381326639
1776353588247,-25.394847804205117,27.870302975463865,2.6647469592105595,-142.99845238803107,169.82325537206913,263.44214481581935
1776353588264,-21.31467984700948,25.328259362792966,-3.3972220067013055,-198.65527336825548,160.78008491097222,237.55731246535845
1776353588280,-19.6204834817633,24.065468793708085,-6.060771335358824,-201.61397471292162,131.47045910688357,225.4723992196664
1776353588297,-17.43412816096842,21.23477307434082,-9.683348121311608,-187.66241174820013,115.64857178135914,221.0763392056845
1776353588313,-16.11193087866902,17.761235962787268,-11.191695002813264,-154.9582502285068,118.363804202871,225.2206930883731
1776353588330,-15.822531460736691,15.345337434607742,-11.09592781318985,-130.8043107571322,124.17289375234517,220.16430404581268
1776353588347,-15.351622213965653,9.802610369220375,-9.360729794665426,-114.0954618961791,119.86551691454667,201.78449721574015
1776353588363,-14.667777634131163,4.351013189044594,-8.28259115183726,-85.28429646752879,86.64489747095202,167.57474343692257
1776353588380,-14.204050471750786,2.378041383472085,-7.835323331286013,-63.065820871071544,69.41931747853077,149.91012571484208
1776353588397,-13.963583673625903,-1.3102251049548386,-6.439952530095725,-49.06339690269556,71.30096629297758,132.88272366118875
1776353588413,-14.006230043637565,-4.8772863033801315,-5.271733072717487,-37.92294855505456,66.27979370577772,105.49839158034327
1776353588430,-14.238168439063056,-6.443395217895508,-5.119998935069889,-19.83067561356664,39.91892449092363,83.54909373907623
1776353588447,-15.280992242077737,-8.315809969219565,-4.324226888927817,-7.53538741879635,17.491035294513793,61.72933043541847
1776353588463,-16.05835973974019,-8.627952257096767,-3.23710969761312,-16.647824535813623,12.871800556948973,35.13614941141932
1776353588480,-16.28969984047897,-8.288725562939048,-3.5727469889767467,-24.349887353378502,16.482916448492837,14.4597136710448
1776353588497,-17.019781124700977,-7.831431876805424,-6.407631976727396,-12.925988716502914,6.920122697701132,-13.0435098051358
1776353588513,-16.947506454345955,-6.600515286365151,-8.873210627746582,21.259214801116684,-11.775730218759408,-53.845673378390465
1776353588530,-16.741006415027005,-5.6838329876452685,-9.626636401068419,49.50969512344253,-14.991833218712985,-86.50553429112708
1776353588547,-16.762255064358747,-3.164686266437173,-9.731381993047892,73.67011302924489,-4.957242443455358,-122.37839815170773
1776353588563,-16.75432398823169,0.9325433001965284,-8.904934092004597,99.42149031351289,17.404921977005564,-170.21006264514529
1776353588580,-16.751631196350605,3.4994267550915477,-8.706664120892436,122.80262120105722,26.169215814290826,-197.3361179527159
1776353588597,-17.296162144171447,9.305364027404785,-8.052448224993794,145.33822931086732,24.86009906928387,-217.02457536738453
1776353588613,-20.33709738164693,16.700902733501792,-7.898919605144858,169.15460717308156,-3.5921919986746973,-247.27126214446395
1776353588630,-22.949471106476334,20.5820550157845,-8.536675145434215,190.46848568567313,-45.74871975886671,-283.70062249786054
1776353588647,-29.158981726782024,28.23736518653035,-10.242694269616901,212.22851215484997,-94.43198931349438,-341.4584233271592
1776353588663,-32.66170080141723,36.209307357788084,-11.254393231853841,221.99366093197386,-147.47622878524305,-435.839124750176
1776353588680,-32.30301888068318,40.08731608134806,-11.531223018005116,214.6298564028647,-165.01664634745603,-490.31141334340174
1776353588697,-28.303952751159667,46.12833461368978,-11.937788241289928,209.2602758661025,-157.6535248372639,-510.8201764773889
1776353588713,-22.89859534411132,46.991596287867424,-9.615412704003601,195.71867451574352,-113.03044415927737,-480.60664343854074
1776353588730,-20.087651788440347,44.89576996378153,-7.6958615229733285,174.01580306954136,-67.38291023786981,-438.92574187761807
1776353588746,-14.331691722217201,37.679645575548705,-4.098274107250571,148.78866329463935,-35.87414452105003,-397.8844192305754
1776353588763,-7.846398559790849,29.654281902965902,-2.164956120543927,122.95201109858374,-17.563326016689206,-348.9856196415934
1776353588780,-4.608240229907632,26.185533194732663,-1.6205749564573169,111.78072444684013,-5.434648333890331,-321.2227857977025
1776353588797,1.0743974104732275,20.923077580383048,0.7324766549259424,96.3326806953472,10.283367182283826,-296.34302944398735
1776353588813,7.70020086735189,18.016068280258697,2.6223995904117823,70.77997312346734,14.591980284322098,-222.1882803421842
1776353588830,9.626485156029462,16.69431831361018,2.3294090161196888,73.9244351229903,-17.70723810250138,-154.64473088522487
1776353588847,9.722255560523271,13.792247064684704,1.6223717767462134,97.4254494908467,-75.61903237682715,-102.89242852517329
1776353588863,10.02302539051473,11.567136189037933,3.5628720761723813,90.41844721378983,-97.01444968773035,-82.31509712210836
1776353588880,10.261098233574629,11.056571735161542,4.4898771045293655,58.14208093238192,-74.73681099268245,-65.19350675980056
1776353588897,11.139172276958822,10.77166188373342,4.924275141309201,7.8212649865072335,-16.255532620833943,-43.078242151891374
1776353588913,12.757204855456948,11.339387098528444,4.107552807727456,-18.15539925734447,17.789798014093908,-20.096129208111893
1776353588930,13.50943192051351,11.704354383142292,4.138078951959685,-37.42449500980537,23.84888102492702,8.757976766076647
1776353588947,14.05695825075805,12.485761511584371,4.277242069586738,-52.46853648698664,-16.60150902305177,58.508103939813736
1776353588963,12.700941116443275,13.315501293779908,3.3744781138431277,-57.87237725262563,-47.088154006052065,104.90227316015206
1776353588980,11.196783923450111,13.584699927465618,2.57676019433029,-60.89801445115788,-52.030659889486294,147.00206339268243
1776353588997,6.985980584606528,13.816039845541304,2.4226336816534397,-77.6349422197889,-22.0086197417559,172.02888737960632
1776353589013,3.8177036002010105,14.444068160701566,6.0145343569766725,-130.0299858713062,13.541340949396874,167.90219636611133
1776353589030,3.390639048114419,15.87969207552485,7.654412783514708,-206.01661902926344,34.88147556293164,169.40855360642263
1776353589047,3.918409123009443,21.26140776409246,4.418798877417296,-262.70317298913733,12.169177289482468,203.05078696710382
1776353589063,4.045302395519614,28.115258709905294,-0.09980798944681882,-296.5882332351908,-2.0334446461084688,264.85667699292895
1776353589080,2.911798716083169,31.798888916833697,-1.6766889117367565,-339.3474304207617,12.121756139848715,375.93489599306577
1776353589097,-9.622896776148677,37.751922291730345,-15.440056457751941,-201.60602437272772,-59.65927085271686,493.89474914804384
1776353589113,-35.1643903088212,34.677169101935625,-27.751040380495226,29.65652769693904,-102.34629342932824,439.50125361708336
1776353589130,-43.34028853400349,29.832799564251303,-23.408410166930498,164.1745933058202,-76.48056511797587,323.2336481308676
1776353589147,-37.13810796432495,27.112088068169353,-4.981136060764733,99.03170507795859,40.535765705056654,304.42409945859623
1776353589163,-32.65481805616617,23.434895346942543,1.392677379121538,36.08704493257391,87.94953873450532,302.8776626682353
1776353589180,-32.16774590236246,20.701165379333496,1.6427220889987424,-9.60418853914339,80.18909145991518,281.22659137669854
1776353589197,-27.818080036273596,16.137517739868162,2.2367832297945394,-93.70272318562294,112.16010047409932,251.1524215176753
1776353589213,-23.358730098889765,13.218537003326416,-2.171989599377289,-144.31143331256098,185.34648584594555,231.52852305104162
1776353589230,-21.013459642902017,12.435633060455322,-3.878606342393253,-182.39267491672516,261.6650661975654,225.78421101565584
1776353589247,-17.304243305426834,10.63624204428792,-4.507383678972663,-214.10247017629135,305.1965392122113,226.44488155369285
1776353589263,-15.99895273426473,8.526201024627685,-5.075108329795394,-216.96983823137606,283.36261009621495,219.961515729355
1776353589280,-16.287304835101217,6.0143836233943695,-6.158335363537446,-184.12989255098287,198.85263851451217,190.96435741941607
1776353589297,-13.966576115173845,2.3286603897094724,-7.090876544842123,-142.6325181730585,116.48856210586565,168.70769423530928
1776353589313,-12.116606127630918,-0.36496494652628897,-7.354388365063071,-119.3078866103285,108.5772632732666,161.7011222601701
1776353589330,-11.867309514440969,-1.9882348411560058,-7.31503352914378,-99.47360465688008,132.7582639541328,152.51830175130314
1776353589347,-14.106187780285998,-5.6275692486315965,-4.511872297912091,-107.64979188587057,200.2822517493092,110.21395418332007
1776353589363,-15.666459366950019,-7.389405902430415,-0.7790132190428674,-138.2801303886296,214.53575005648025,62.453931544086785
1776353589380,-15.152304560431464,-7.589167427274584,-1.811063479913026,-128.19419494694685,143.57819884478175,24.49532598647017
1776353589397,-13.387926916912942,-6.226718214085698,-7.320720488739013,-44.15069113461009,-7.1833552001056615,9.570140899904523
1776353589413,-14.533402591030857,-5.768828315624594,-11.083657018224894,18.906173650912272,-73.68226393577834,-4.146108387531684
1776353589430,-16.436793166583403,-6.18033231048584,-11.782016591754555,59.154465231539554,-61.86292210539475,-36.57431404305721
1776353589447,-21.544075608747452,-5.933128650987148,-11.342379996734111,83.20060382724384,60.13105933944632,-107.29235442622546
1776353589463,-25.188198200347646,-2.2643150510489938,-8.291419624328613,90.27876301507389,139.69191682969287,-166.52725196543108
1776353589480,-26.34070841274485,0.2537847914546728,-7.20609852265045,117.62581592342946,134.2777351576505,-227.94632105780173
1776353589497,-28.909537594880163,7.007830012843012,-6.727256729314476,177.8295484756447,32.904870043548726,-299.78539014416043
1776353589513,-33.634192957903444,15.32124519588053,-5.951537364185229,207.9313259592931,-39.93059728421518,-353.15252680892144
1776353589530,-35.71400805838704,20.18790898295939,-6.298246705715917,218.95637143071758,-70.27887629500935,-410.7751172134105
1776353589547,-37.75446583873331,30.871582640507814,-8.249072091133053,231.15051306161644,-38.56066624238573,-468.3951394667717
1776353589563,-37.20783967219889,39.666235864368076,-7.265204572417959,239.18696828056682,-8.031079860073563,-486.8706918886295
1776353589580,-35.84883037033081,42.1777528213501,-5.067028757708892,226.1258024364265,-4.112818899290688,-485.5590770019336
1776353589597,-31.16113257282674,42.552743779589235,-1.8564042583741247,190.315817297345,-22.090312219323838,-464.9747446549694
1776353589613,-25.598504875183103,39.88141298500895,-2.2245123252317307,174.9708820815626,-41.71871348816784,-445.2829541079858
1776353589630,-22.40838021610677,37.960665287670494,-2.5598499029964206,166.65862382392712,-61.23197655062565,-424.20559138597343
1776353589647,-14.567071672931313,33.117644826507565,-2.76934298665151,157.89181647702728,-78.79994709595047,-376.1434080080479
1776353589663,-8.125772550532222,27.320834242447276,-2.5825952571593223,148.89412141542434,-72.4618115839346,-338.1005930481542
1776353589680,-5.412991262927651,24.39796183222923,-1.931970809881389,130.9085667646233,-39.52518799093449,-305.247547064933
1776353589697,-0.19991642314493654,19.526959687152505,0.10489581410512328,98.50256349276854,-4.179503743704815,-263.54549923833997
1776353589713,5.064932443016767,16.285359253991395,1.2975075891356915,86.59776916567893,-23.103131943041056,-218.28943077902252
1776353589730,7.760504237145185,15.056685327911376,1.4483425129212437,85.80000307062144,-64.32039684800866,-161.6999884487679
1776353589747,12.729221454510093,12.638989979442954,0.9446625578615814,86.90045582893721,-94.42933236990724,-81.21472632606263
1776353589763,14.066382497185467,11.127051631054282,0.3148378105714917,83.8166390790548,-77.30621204522537,-40.912027166054315
1776353589780,14.31448222874105,10.610353277532756,0.9442142204390372,58.66258232827192,-23.37544817015488,-7.5610706376228904
1776353589797,14.781650827679037,10.581023722673953,1.9419967302626928,30.4028009958438,17.067123018771536,22.43833255565079
1776353589813,15.363593222266434,11.523142952728271,0.66274498358462,31.631777423771705,11.640560775084856,64.68030000594413
1776353589829,15.16307649514079,11.68056083510071,0.269048904750403,49.970958288661,-22.810270506903834,109.47459986604453
1776353589847,12.962056981438398,12.150273857824503,1.49233567616567,50.21963181596283,-45.430142660504394,158.59185622544024
1776353589863,9.81906992111206,12.61819064478129,3.083582721731998,24.845762502216015,-32.6766051214869,180.8019648401642
1776353589880,7.987056738281249,13.495664968706667,3.3514340689945965,-27.525553072124666,6.601335144135011,203.21495739399424
1776353589896,7.858816727337241,14.386757775878905,2.360833387833275,-54.13423179535057,30.80614074180598,231.58535022493615
1776353589913,6.294207111468911,16.080505410976894,-0.343268553427048,-55.30615223804678,45.203100342304,258.7969331612937
1776353589930,2.7611124800533053,18.01307436941452,0.7018011836172081,-50.513244572908754,56.11062557886922,278.60970001885653
1776353589947,0.9888052856445312,19.689464663530885,2.7614121753859333,-84.17593435015415,63.334021909210435,294.55772727797273
1776353589963,-2.9869167931705713,24.17934081821218,4.516811165386648,-140.8832657454832,73.68117110551113,316.0488082183911
1776353589980,-8.209867130279541,30.097209210094807,-0.05775952139622532,-191.7791033647502,80.70326810063374,354.55271558877405
1776353589997,-11.805509695544838,33.22643136444091,-3.418919623643253,-190.4234883994211,90.71567655590127,386.19834805127715
1776353590013,-18.818425048828125,39.03461553889811,-9.667336897709314,-159.27334518006742,90.57469462124304,425.27405153821684
1776353590030,-25.509320863342282,41.64264758126139,-12.23227632413078,-87.11262199512532,81.0294642750152,463.09305485938756
1776353590047,-28.037150072699784,41.59072625536621,-11.077073420317191,-46.1841511486442,85.88835156753555,465.79032388338226
1776353590063,-30.824298326763508,40.606857841601965,-5.111320757769421,-48.08493815314538,99.29774094613059,455.63763017275187
1776353590080,-31.05833387713134,36.232204249250884,-1.374421043473575,-99.33504060918803,93.94660192012742,427.73319284698823
1776353590097,-30.813226313129064,33.936762823054195,-1.8797474642657441,-128.69043551090496,76.41083571673921,397.3440419842007
1776353590113,-29.119478568433223,27.615322836744784,-4.419696502110455,-149.3135496719765,63.8060836035067,359.5884228185277
1776353590130,-25.720311199817804,20.284725097113846,-7.020697750787809,-175.98822509805765,85.16525310048465,301.08662314331787
1776353590146,-24.19221177102737,16.427964328765867,-8.369530380425974,-189.87093975594541,137.80326024115763,250.85741198704412
1776353590163,-21.265000637485272,9.797672328296303,-10.516082025555521,-189.42796100713505,204.531025564029,205.37120713383226
1776353590180,-17.74417671883623,4.391117235895991,-11.572522923577576,-152.33492483246664,221.97072515674097,166.672680353239
1776353590197,-16.2118881038608,2.075921892437339,-11.3105076255247,-103.75458964372565,161.31323581720508,151.95721537136495
1776353590213,-14.548665517016499,-1.3227970017582178,-9.525931316651404,-57.636066367721526,80.79401399394652,144.47937400387323
1776353590230,-14.916324890258535,-4.4825423046618695,-7.287500648443401,-22.676257072746306,2.516593444974953,131.46543208765442
1776353590247,-15.511135022790729,-5.8455935753971335,-6.327725934711098,-22.22508038938465,-15.415552541611188,114.28261590962663
1776353590263,-17.11165824808329,-7.483824892315268,-5.885545938818156,-32.594496002379586,-7.2180585375048505,89.82333283140662
1776353590280,-17.840394547437132,-7.8606106250166885,-8.073696618597209,-26.52457006623908,-2.8207639668304236,52.987695750704724
1776353590297,-18.04524594276622,-7.641241313382983,-9.45260538367778,-1.3333285916758881,-9.800156057941164,24.445504879116804
1776353590314,-19.041683915246278,-7.439533330646157,-10.664970126122236,28.06761908277168,-13.313546456614132,-14.080271903214852
1776353590330,-20.066701793261615,-6.847865660858154,-9.70115461256653,48.943206063870846,1.1147756650052911,-82.84578916024002
1776353590347,-20.168455948340146,-5.914126428875327,-9.061305095672607,63.79696530096473,-17.535356392038008,-138.43841319245547
1776353590363,-19.374029617718605,-1.8011878364562988,-9.478046698926388,99.71996958024245,-81.66658432079399,-179.94782236369744
1776353590380,-18.68854055861272,3.369689199066162,-9.249848184148966,152.1679813487732,-192.1458162212882,-219.532170038128
1776353590397,-20.068349304740316,5.455039429584145,-8.589497731018065,163.35363188834134,-192.78326411614714,-272.69863574507406
1776353590413,-24.67628795788549,11.769596670642494,-5.381566562420502,117.6227286779246,-42.41613385903409,-361.7658598051711
1776353590430,-26.4189678565979,21.142298788782952,-3.361907970605418,93.00952728675836,65.97082326848303,-406.17334556200615
1776353590447,-26.502016434423624,26.042928558349608,-3.2502778798092153,110.60289930560646,75.96717394901187,-425.95977521012946
1776353590463,-28.816761696027218,35.24489124799072,-3.8766620399250646,168.29855224364718,-20.60893810344916,-447.6726460532765
1776353590480,-31.78766521976888,41.9408759100765,-1.4921864860864822,175.48016830683542,-81.68889171862325,-470.2460660903318
1776353590497,-31.324239899012444,43.61502142094076,0.12629406450800598,140.86985125395327,-117.20927000670706,-480.52539150817427
1776353590513,-28.312632316699624,44.88724208167195,-1.0932522600036114,99.12268319770317,-114.0484975154461,-467.0542367289148
1776353590530,-24.696340346637367,42.90110158244669,-2.890848885301221,82.57425498978616,-81.3459274298294,-448.15630540878345
1776353590547,-22.136638912200926,41.146299357329305,-3.291727678713761,76.85133510688085,-43.05856096179798,-417.0491104189308
1776353590563,-16.191837359076736,35.54895544335246,-2.8847136156829074,73.80636847299746,-0.3819149900005818,-365.14494563287315
1776353590580,-10.796802608600258,29.501053288976845,-2.694374474102631,80.55408310878231,20.65991009767767,-327.27528962881763
1776353590596,-8.191312651935219,26.688165759631246,-2.720711094223149,99.98896292032505,8.419616024783384,-290.79298164897506
1776353590613,-3.9749738907963037,21.768380915478616,-2.047640750652924,127.27185986180667,-54.40244649386781,-243.5711027842579
1776353590630,-0.6021417175292968,17.624466243102773,-0.9109936403579078,134.37395886267763,-100.85253788803561,-205.8492384134631
1776353590647,0.6379056893497705,15.542258548394217,-0.49200846399499565,121.04582824463823,-101.95805864671554,-173.75090101277158
1776353590663,2.8678035070121286,11.710937999316304,-0.16534977135024964,84.9525268587846,-39.8009022371604,-156.01679294607538
1776353590680,6.983737189593911,9.602843291418253,-0.2581244280941784,66.93149620543448,5.787962920597689,-149.5761021436718
1776353590696,9.625139586639404,9.742306122644244,-0.18809421219769865,68.3220953996924,3.214748701507211,-124.45062290437623
1776353590713,14.285601586693524,10.005667282348126,1.0960962877904996,66.25718577962498,-43.85565086812764,-64.93555783560585
1776353590730,15.995512822943924,9.859920840808003,2.2041615380551667,48.69955955579815,-49.72192617642775,-23.659199841486597
1776353590747,16.5041292845577,9.692924690490216,2.262072678949684,21.39873678283983,-20.72364771546494,10.640336773970786
1776353590763,18.095676591712234,10.504110286602378,1.8381481784544884,-13.507723612075717,34.97537700364097,67.59825244202196
1776353590780,18.398839454320072,11.581501033672689,0.1324301561102271,-14.738696162788557,42.80316652835286,117.33463129873347
1776353590797,17.898302254265545,12.234818957818298,-0.46701801148615774,0.9921855087911982,21.02704813349149,170.70717747331716
1776353590813,14.796612249967454,13.42054754920639,-0.1581659607933834,17.472808934713616,-11.837826029824932,230.65660842235448
1776353590830,10.55962525307536,14.333785883768147,0.6706760323122143,13.308142069433359,-17.589948386526626,264.1350265259821
1776353590847,8.538471308135986,14.85078318142034,0.32396606972701847,5.317578464629489,5.745109033084559,290.21774311707657
1776353590863,4.8506513944327825,15.648201898790894,-0.8508394880432635,2.1769166116059946,57.78945875610167,303.13505151691805
1776353590880,3.1769542118579146,18.584840457098185,0.5117606231247075,-17.870645255752056,103.89845391821363,315.38802839732745
1776353590897,2.9788357780456542,20.995053340856728,1.0125981658241885,-49.2886292207659,138.62362060198953,339.34068219386177
1776353590913,0.14469897831380366,26.071809200397134,-1.1475707832336426,-63.77195314822414,109.74049913043314,367.61695501804087
1776353590930,-5.606472684589028,31.99177208034098,-5.996427658932469,-44.515484707991305,74.17722042417248,382.34765132176403
1776353590947,-8.890119676971436,35.224092205590004,-7.524376938662491,-31.253712792833163,73.57531683375427,400.15660460138525
1776353590963,-14.292785360717772,41.711183357349036,-8.512134870678558,-40.672895413023,124.4527266026406,437.32531927205736
1776353590980,-22.244528209033607,47.38589020473063,-9.82086571848765,-41.450727600987804,134.3065448955696,458.4935508307876
1776353590997,-26.917560060064492,48.52702481743693,-10.813112595953418,-13.715530410026062,84.40300398911121,463.44778756412137
1776353591013,-37.161003686743975,43.30886580625772,-13.238140333136544,47.52459626382671,21.07851702398212,391.8851362334731
1776353591030,-43.38652626130432,29.117682624927163,-6.718878192547709,11.27229917315257,51.11127203097297,265.7577428689937
1776353591047,-41.82655424210876,23.571965145552156,-5.480177597167715,-53.46648518133345,116.33463696273024,133.9472632848486
1776353591063,-33.55982409174815,19.475333544811605,-8.515277406487986,-82.75041922885913,199.594615624429,27.76112971169299
1776353591080,-23.08998125479817,18.535310702514646,-6.623558819757029,-100.52440877011904,257.00338012676167,20.778997860951428
1776353591097,-19.784486149353533,15.714043905749916,-4.848857058361918,-122.46829710156344,262.7208221979526,22.776300561066776
1776353591113,-16.32606185125783,8.26792652053833,-3.446154306848347,-138.7072221174305,182.19585618560208,7.942796249956563
1776353591130,-13.55387487335205,2.187851404571533,-4.510077240322018,-140.48376798092914,116.14221687343264,-7.893886972857394
1776353591147,-12.222998171643168,-0.007031213811039924,-5.358223534625396,-131.8898873634357,81.15510560479758,-15.292267627092459
1776353591163,-9.571719400488584,-3.938010480058193,-6.101024855417199,-104.93823410613219,75.88924149058202,-13.52405630192851
1776353591180,-7.597400271960347,-7.244554948425293,-6.454617599786072,-67.5932117624145,69.64196115490567,-6.6088650008081276
1776353591197,-7.830984863690286,-9.553611642998456,-4.997596471172943,-13.412301600502408,44.41620449331058,-5.4592105479193425
1776353591213,-8.338405539648233,-9.971400417217612,-3.4681513268619772,7.198753861589455,20.761562095547678,-11.319117558592069
1776353591230,-9.135226071929932,-9.444676636505127,-1.1581952722962945,9.973743608149746,0.32412529304163284,-18.5910253075133
1776353591247,-9.543886367797851,-8.176348307037353,-1.554884121472016,13.34056497742341,-11.424255514259722,-26.708618051161537
1776353591263,-9.73901409536153,-7.511658071136474,-2.21448653271459,22.7882072883374,-7.358825321204228,-31.962119522979375
1776353591280,-10.033351115826516,-6.331915203094482,-2.9114992947451768,32.45425172815172,-1.511993427037022,-42.700474634181724
1776353591297,-9.921721901813148,-4.697273435100913,-3.1440350715419276,43.858587849470744,-7.082220589065282,-60.826078898819304
1776353591313,-9.563489040020853,-3.600880465918779,-3.413981418322399,55.474407118060874,-26.04786384330721,-72.3606155011917
1776353591330,-9.663597327588498,-0.9280506649523973,-4.581753405927773,72.50706841737511,-53.534104054116575,-81.7189240604038
1776353591347,-12.062138185992836,1.407939629253745,-5.435586184902349,94.16852842663948,-80.51553352110676,-106.56024693965931
1776353591363,-13.50614077001363,2.808697822570801,-5.590759804612491,102.14791741507439,-74.07620192634799,-128.89311454433593
1776353591380,-15.706861008508502,6.9989996406555175,-6.093093222167715,112.19245508019766,-66.65310452505395,-144.14858794236952
1776353591397,-20.13628342514038,12.089221423229574,-6.686705742413178,134.71669775522886,-83.07877374301832,-173.65530568514808
1776353591413,-23.279271069988607,14.871582443016766,-6.450427966076508,142.46985038778544,-116.74462589784943,-220.91541994883897
1776353591430,-28.362911136084794,21.116410314288736,-5.9519850348874925,128.03548867139244,-151.24124762180753,-285.74407849374495
1776353591447,-29.639020620948074,27.69447937556803,-7.907748442962393,94.99433244823987,-151.54902960618665,-358.4299407730235
1776353591463,-28.230331634631753,29.972713646376132,-8.887725402246042,73.8986511588735,-107.95442515304231,-389.10869165661956
1776353591480,-24.219445303454993,32.48647341384888,-10.033500753430276,68.0316894165618,-49.981664610185,-404.4807154026503
1776353591497,-19.891028561621905,32.7061420006901,-8.932466607378796,73.6795386902995,-6.682978102831466,-389.55820006627647
1776353591513,-19.035251105719805,32.158766477093096,-7.8091377735413605,81.22320942101179,-5.9323151267245,-376.2056446917651
1776353591530,-16.405817963409422,30.00563216563761,-6.905475919109955,93.2200473773565,-32.567970962737846,-356.0284735816037
1776353591547,-13.288118489074707,26.485256146019697,-5.969941693469137,102.70657907785724,-67.62164583992926,-321.74739896747286
1776353591563,-11.173441626307367,24.80677202142924,-5.925948384094238,109.79370630406753,-64.9225190044803,-284.57494135313556
1776353591580,-6.855497178649902,20.648342793749645,-5.614552384539693,118.35369552289937,-45.65709960134016,-243.82442084019536
1776353591597,-4.25808765258789,16.482581752744082,-3.9097311649046835,119.7474775853105,-11.2398463830849,-196.5903978991339
1776353591613,-3.346645008087158,14.722095061382651,-2.757671253558248,109.64245859508677,12.468910749698368,-168.74792404952063
1776353591630,-1.1881231583744287,11.735627619414776,-1.232265374700725,105.2081358613744,10.596891648207627,-146.576597248904
1776353591647,1.682225941467285,9.40831455266103,-0.030226284502819178,105.91993719553811,-26.048890079230006,-122.39249566215463
1776353591663,3.4624627598315474,8.526500299835204,0.6628945846557617,102.01679144338848,-58.4969980522233,-105.86361545564219
1776353591680,6.6341825781673185,7.686583407018333,0.4408329651981592,95.26954809065636,-64.63945547470746,-80.55417190124152
1776353591697,8.29935100184977,7.460780993597209,0.44532154532168056,79.00790586560984,-26.50278347033403,-43.0590117542832
1776353591713,8.861689116778969,7.330147073253989,0.9876086232058703,64.9427431946127,-9.475625595943532,-24.861767342988646
1776353591730,10.736348432159422,7.478886851391196,2.6593594323697616,49.78633827539556,-20.761811397452384,-7.121994915036383
1776353591747,11.803263962444662,8.090754428642988,3.0201361950747665,29.94916373683365,-41.98560996017526,20.808760410259758
1776353591763,11.883619355663656,8.429834407806396,2.8302459845720787,16.264681659227175,-42.169031275241366,41.05349404414362
1776353591780,11.986570027050375,9.291896496935934,2.379986416592635,-4.5385586775227456,-20.010389843460725,75.64121683125136
1776353591797,11.507730279541015,10.216357174572348,1.5186720770904794,-13.494659167740775,1.2194527963473794,107.679619321976
1776353591813,11.113435778155923,10.2860882979244,1.523460845736973,-17.977001546412907,12.264889584095503,137.0253836569632
1776353591830,9.909899362072348,10.480915873497723,2.7745802297178654,-27.732480483219373,-1.1794039821490097,173.5550794892673
1776353591847,7.668478279876709,10.843637863402813,3.8631945277225226,-37.223134202884225,-17.97859298048952,190.52559972751277
1776353591863,6.702566963085532,11.717820653235819,4.087201362963766,-53.54347165856325,-18.126429009979862,211.72313279778237
1776353591880,4.834192427062988,14.629170474774018,3.4552823468081653,-78.62411753614683,7.489227292838112,248.09787895857556
1776353591897,2.0301345392525194,18.422931693047286,2.6343698680602015,-102.88377467549488,33.91055392713057,278.60964537734316
1776353591913,0.3227683113098144,20.604049697710572,2.1188685788361354,-128.5992934666203,47.519528263462554,310.97845826916716
1776353591930,-3.0979478951603174,25.60224464623332,-0.10968407129496335,-143.06182288315046,34.58184882442152,365.2904286621944
1776353591947,-6.5219555443912745,32.7824560095638,-4.403685004513524,-122.95998875953431,19.117431401940767,425.7135332301721
1776353591963,-8.201637646594643,36.67991645256877,-6.56340494143702,-81.32403667353951,25.58263233818096,493.502368440605
1776353591980,-13.811701049152015,43.58509448471069,-8.754398078100383,-27.678482715188544,73.26349820757568,555.9764695333108
1776353591997,-20.63323049174845,49.780392893660064,-6.809858001764118,-16.365037628702172,125.73359197769308,575.714404838327
1776353592013,-23.357982495392857,51.95043566981852,-5.1026413748925545,-29.89178673271096,159.66935954814477,579.7261847492257
1776353592030,-26.481816526959836,52.580111290961504,-3.6677668034321163,-43.98891127392917,158.72896544283907,575.1842728757073
1776353592047,-28.088474601745602,46.12055462733805,-2.282421813025279,-64.40840383546427,136.96729972826145,546.2191344925974
1776353592063,-28.273577632770685,39.94500955112874,-2.2646160798221824,-98.80212875957614,118.86884205048007,489.95684456320805
1776353592080,-26.53703214516006,24.96942838897705,-3.772812465203553,-160.53796836527363,99.19531542933709,356.76083378516915
1776353592097,-22.86447753206268,17.46196075526774,-10.079588770062104,-146.36703338478966,109.74192663996966,265.5844473093722
1776353592113,-21.001339143127947,15.61573083103597,-12.164489722442626,-97.42518311346907,136.485989957829,202.00470251458134
1776353592130,-19.229478669573364,10.465953866687416,-10.10278252557963,-75.73322630956059,191.1991110211894,128.8398937103232
1776353592147,-17.539324565455317,5.3101896446228025,-6.653635758917034,-89.23256244933553,221.5770193926031,73.45041999459143
1776353592163,-16.514604793603716,3.867382700127363,-6.3618427238464355,-90.89853438036086,225.07527836094354,31.509517037628477
1776353592180,-13.751695493261515,2.085650674769282,-6.260986394390463,-77.64290622036114,195.90785709537454,6.175680316380755
1776353592197,-10.78857254039347,0.19303309337198732,-7.358728147833049,-59.59411084803493,164.6183780169526,16.885854920841275
1776353592213,-10.478523425403237,-1.4056950651973485,-7.611316422979534,-44.39257886897151,132.76337293563196,26.301364606804942
1776353592230,-12.760646228082477,-3.407996425628662,-6.944231400896609,-38.0619941310831,104.73591024253807,27.937563743238176
1776353592247,-16.022745697784423,-5.048621359685063,-7.208191549406945,-28.930495663639608,58.24135773196806,16.018241603783945
1776353592263,-17.226280944824218,-5.7736184725105755,-7.768436783710122,-11.944216471431636,-16.96437989818162,-8.21907484056264
1776353592280,-18.371756947735697,-5.9210109276920555,-10.155754821832478,26.789016207881755,-103.97107248946921,-47.66693399103519
1776353592297,-18.05093334075287,-4.0054982083976265,-12.531550764465331,62.02120490922062,-127.99407040426549,-74.9513813854584
1776353592313,-17.715894892065226,-3.0138492237597703,-12.945896704754233,93.7677192657648,-117.58736195840228,-104.72164880755108
1776353592330,-17.380707974817604,0.31797873894572254,-11.276839749200642,112.63108982869589,-60.12210496144443,-146.13494355679262
1776353592347,-17.391331660162656,6.296152400317788,-9.781360952703654,121.78135765597857,0.49930875963847016,-170.97713387007272
1776353592363,-17.310826337078957,9.976637733349204,-9.169792358398437,132.97448042249871,52.29455790844808,-187.01432241861428
1776353592380,-17.779641095788776,17.189021766009926,-7.7949230779670176,152.7366765594468,58.57350983130578,-203.28417453104316
1776353592396,-18.7483945406707,23.23094046206176,-7.713220069531351,175.38935411163092,10.297448471031453,-220.56656120679142
1776353592413,-19.424457124859465,26.313623568072913,-7.883208679663389,200.8691016027967,-70.85694252522421,-247.87447713120278
1776353592430,-21.678898943604526,33.558328154101964,-9.776123892300388,243.65025101636002,-190.6592528691916,-300.796968480996
1776353592447,-24.315363591986895,41.12445431300699,-10.741585127236506,257.91223241848024,-248.08490159915254,-356.28914092108806
1776353592464,-25.435848799896238,44.36710001743734,-10.305690824016928,233.9390880544359,-266.134468782855,-426.3103005183345
1776353592480,-25.06025782993734,49.660083091193435,-9.922918271990865,169.34368046968584,-246.46376986002835,-515.2131355854876
1776353592497,-20.013280730327963,53.686681370764965,-12.819453002642467,145.64974057853325,-223.58994444289755,-539.5171889544408
1776353592514,-16.093075371551514,53.40521128452718,-14.122646382329613,155.66303012820373,-200.62799592509523,-520.3935881841322
1776353592530,-8.901044975611567,48.172087928450104,-13.006949906534143,167.45188199413238,-162.2488214693351,-452.2744723461943
1776353592547,-5.576844439044595,38.88123582600057,-7.9828664104519405,139.05934568990133,-98.85675661255789,-405.045517405497
1776353592563,-4.1668092988163234,34.776526717266435,-6.8650737660948185,119.83833276165002,-40.69410656549047,-366.04486403715737
1776353592580,-1.1686702698856593,27.416900451549886,-6.107907600668258,138.75447336610864,-75.4892382920294,-332.33055852035415
1776353592597,1.8391952032893895,22.821082188580927,-4.105456876627821,153.97289981808407,-141.28731241602446,-313.4508774656851
1776353592613,3.4273002610355614,20.893748025524243,-2.5296229061075484,138.5576409746072,-173.56231948978754,-304.7924105794
1776353592630,8.428338616290688,17.644068897059466,-0.3450642412047833,77.33046604696807,-87.63585546668331,-306.94629707378516
1776353592647,18.356043684166668,17.986589463397113,1.9161095161437987,20.111007067671473,1.0391504231327349,-258.54140212406514
1776353592663,22.003463198420405,18.506879265539347,0.6292261968750507,19.64902502504286,6.43011980400254,-174.67659655098342
1776353592680,22.493675988337397,16.894983143969625,-2.7597661069456487,83.3008095325571,-99.50551530068238,-95.44793214120959
1776353592697,21.49005424183309,14.396482904949039,1.029357514654845,82.70814035789674,-142.4084333267687,-66.219100644813
1776353592713,22.49846030000448,14.07655829263255,3.2306763035647568,24.710651115149407,-108.53469753435908,-22.400510383121844
1776353592730,23.166894398608804,14.319868890215457,2.417395634869486,-35.37178752269018,-20.161622184515853,63.03077517044021
1776353592747,19.967940536388753,14.388402766606957,-2.5947153185419736,-23.401600964486857,12.044572440906633,127.85163363931404
1776353592763,14.78539235229492,13.766060118700564,-2.7431569905154407,15.634921142279072,10.330501463972437,191.52731527118686
1776353592780,11.751039854210614,13.77429055223353,-1.2050310385555028,20.30154714740003,10.06872251120065,222.2748598201033
1776353592797,5.495590635681152,14.026430005900282,1.4885956128545104,5.654194092589813,13.125256070443452,235.49090703386278
1776353592813,1.5928928765445947,16.50098674874827,2.5456352074220776,-26.318026853285186,21.326208711590755,254.16568241343148
1776353592829,0.18480127159953116,18.56314300455302,2.0453968441836534,-44.33378118550146,37.75172937294068,284.365008658806
1776353592846,-2.772037194171548,23.3906013010554,0.7179618073612452,-58.81688313181167,58.88332721205756,323.10409310269085
1776353592863,-8.56630565600097,28.673109011895953,-0.39638884331583973,-74.36108228644005,93.42409244862145,367.00931406871985
1776353592880,-12.387003177320956,31.243434423938393,-1.008556718688458,-75.24375446306998,110.59306383320163,392.58443832145565
1776353592897,-19.160199673902987,35.132516622437535,-2.199672921399027,-63.69727869002839,127.42506100489007,405.036802084116
1776353592913,-22.574478540802,38.44444482966959,-1.791909574370831,-54.63728888810036,168.67753211993448,430.1225023016854
1776353592930,-24.358309584265946,39.38850730274618,-0.8197138070153072,-70.03383642834598,199.20894216275505,449.30290292513183
1776353592947,-27.304373558044432,39.17691973102987,0.3321953890151344,-92.05824585991566,196.50898204422737,460.07930219001116
1776353592963,-29.338546851293742,34.859576171875,1.1345526405001058,-126.06481517130368,150.57892417799138,440.5043625193481
1776353592980,-29.447631787651776,31.300294959801434,0.9280518339961766,-153.92165973893066,112.43818479596722,398.95645840194396
1776353592997,-27.61711614990234,23.369503129577634,-0.8875001164425164,-183.45429121942024,99.45876948600281,344.18099137183964
1776353593013,-24.388386596491188,16.889146839031575,-4.119224102429301,-212.62897980626616,146.77866156530965,266.1090058376291
1776353593030,-22.3060291180484,14.5488170543164,-5.10758091365397,-230.32512568155542,216.3296582608491,218.0664934045133
1776353593047,-17.779790368066354,11.086350202831625,-6.76107585067749,-234.37900687849807,260.05505400641,187.63692148221764
1776353593063,-15.121479433252661,7.325659114184975,-7.287800508172809,-217.2283882122177,223.98905971685807,154.10199039339733
1776353593080,-14.094216187463328,5.548712569537758,-7.988851805004477,-180.37917613054043,140.25932796480254,136.04433626571762
1776353593097,-13.11498792765513,2.2301988464355467,-9.326612567138671,-130.94659725792192,46.99986356574589,125.7389878271374
1776353593113,-13.750199845592991,-0.8583195416003465,-8.630348796844482,-84.56204494393496,-43.42448834658141,115.83517254948389
1776353593130,-14.70982552679302,-2.450914311981201,-8.221388933508099,-71.99789830531817,-67.16385924099832,99.21229527961374
1776353593147,-16.93448794628624,-4.240279024174809,-8.250118184386194,-72.48734283105212,-60.75718961085055,76.71187630440753
1776353593163,-18.086248911218718,-4.824766427069902,-10.938061091071367,-55.60348403299577,-60.02484989785262,42.24087803512073
1776353593180,-18.384775200067086,-5.108925314000248,-12.67609981291443,-16.730037815305774,-88.15030531496868,11.192932374997023
1776353593197,-19.432388063989205,-5.321860793194174,-14.39349059126526,31.249710301979533,-125.57708502305141,-28.336530460584253
1776353593213,-19.751117329041286,-3.2790076421439647,-12.9087871635437,72.28006708030973,-139.0471469720437,-79.38604562862926
1776353593230,-20.037522825854644,-1.4984697950065136,-11.764058910259603,84.14718608393756,-131.1563796880897,-121.80287275186411
1776353593246,-20.186263334644213,3.8365585227966306,-10.704924243108927,95.33808903897744,-132.04088918560635,-165.53623249799725
1776353593263,-18.81917330991216,10.77615145023763,-10.638035649706422,115.06013732398421,-154.36783501627255,-208.9083025577934
1776353593280,-18.240375241232478,13.928717655292152,-11.005994517351686,141.1093040258756,-192.4494317902736,-233.55922025355648
1776353593297,-19.21421735102292,20.661362361255286,-11.426028440149128,172.44755065497142,-241.65220211807784,-274.7182953618901
1776353593313,-22.38503711524643,29.110948348236082,-11.148600030517578,180.87261631693883,-258.7040972300948,-310.5848481276777
1776353593330,-24.05604162467122,33.25755715506673,-11.652130128777772,179.64342815314666,-261.58436068233254,-349.67500429490116
1776353593347,-26.779295790973304,39.60817530506551,-13.710993918908386,168.577838678809,-251.88781432523223,-419.5384411638337
1776353593363,-26.033651903699337,44.878861206817625,-17.143830332891643,168.37804198520777,-252.72074223413696,-471.6066944145117
1776353593380,-24.090307466888426,47.41641393781006,-18.677465257042645,174.5447192584888,-240.18731778640688,-497.90833222888347
1776353593397,-18.357690866851804,49.37158003757894,-19.521121336387843,178.8182320183824,-182.62290693326796,-472.6105682979635
1776353593413,-15.297752676612138,46.10753557128906,-16.938228046130014,170.30203797250866,-133.0423588424703,-440.05665727963213
1776353593430,-14.833726467353104,43.366023863762614,-15.433920631011201,156.24299515100788,-88.88528148098624,-417.38190455605053
1776353593447,-12.80044836937785,37.8460434677124,-13.828160674108936,156.45882912878025,-75.66750622936674,-395.7405594538918
1776353593463,-8.604013747626542,32.87642900924683,-12.070517526477202,166.73091454610253,-120.42478646416565,-374.8812163701862
1776353593480,-6.328474122729897,30.238766383251544,-11.047594501849263,170.06415614409548,-175.74849911856853,-352.56704299326793
1776353593497,-3.7140053253173826,25.329905814825743,-9.712078157640994,151.25027713189027,-177.80631217208833,-335.41556372315216
1776353593513,-2.2393267402648926,21.756707428819684,-8.869020482580364,129.0421902531606,-120.60787651505701,-337.2097724558445
1776353593530,-0.9301490985363722,20.366874461077526,-8.2927650475882,102.4791132879283,-42.676712406059245,-350.91949208243415
1776353593547,3.95207875289917,19.47727852313323,-5.4900536059506235,74.74565608765762,11.422528330173353,-350.010776394499
1776353593563,11.425429597473144,19.966893292358144,-5.916220916936546,92.72938707795028,-30.60933225596665,-305.9140369241428
1776353593580,14.12234696099162,20.009240661156923,-6.053588529448956,123.70527168100942,-90.2961185257549,-242.63465652829248
1776353593597,16.295681764432786,17.83306040515676,-4.469075797106325,131.13360783739688,-109.51532145387615,-181.1632545265012
1776353593613,16.506523486217855,15.576076573778687,-2.258479476763308,101.9788429123599,-59.3811318893356,-156.1640381642025
1776353593630,17.53827359509766,14.966003478728235,-2.0923814443290234,75.19228215748475,6.611385767498685,-129.34109299161872
1776353593647,20.7628172411263,14.832078992407023,-2.087145004980266,65.94592039876916,49.172710665267026,-65.9824687410179
1776353593663,22.516716087663173,14.363263795305787,-1.9400506559625268,81.95831536062357,38.280327958091725,1.2960834634101028
1776353593680,21.970841031756997,13.75857853077352,-1.54216426756531,103.5765334422526,16.181385794751577,65.42623179539041
1776353593696,18.551771423450113,12.198756441442669,0.6410483712896704,108.18499184885442,19.71190545408929,131.6859652355758
1776353593713,14.436287822723388,12.174664787237345,3.7360032221138475,82.93329754388621,35.84395508491857,175.85849248496243
1776353593730,11.765256595611572,12.193668032262474,3.427000985828042,73.95950814437832,44.06525571337699,206.74914315736896
1776353593747,5.339218755230307,13.332110994732007,1.6008245463266968,95.07318698220767,46.595393423476075,222.51821946023085
1776353593763,-1.1305138499706984,15.822530515455197,2.3813337030157444,98.24502437992403,66.34303442730287,218.51904807854
1776353593780,-3.6011779875606296,18.224662379522247,3.80154361577779,69.683475044681,111.87794535948609,230.41178712174454
1776353593797,-7.358131643244624,26.173112981359658,5.6046771794743835,23.32661914777846,128.7909212539742,333.1298818985424
1776353593813,-14.552407187762856,32.51445549962148,0.15682064713165164,60.061493862749735,73.34332262840562,424.4950274822419
1776353593830,-18.833688668933508,35.589209127807614,-1.96025202473104,124.8792036144162,47.03593037965815,500.849575610031
1776353593847,-28.566119001990554,40.70112836292684,6.07094839118123,86.04129316343048,74.69619185768839,541.8782487467308
1776353593863,-36.642959471571444,41.539098359459636,11.019912202740832,-3.5974055674455325,91.28035561534291,527.5021758647147
1776353593889,-38.66949920120239,40.59952559901774,10.661531091584264,-101.74388440491146,93.52282966326315,491.7530203903813
1776353593896,-38.546346284264324,37.061492926678056,5.231332234876603,-198.18584812697884,107.79113582055481,442.18994392348054
1776353593913,-34.63107955093383,29.880533375328778,-2.8719937983088193,-236.3660455118382,122.71667010054178,399.67450252900903
1776353593930,-32.81956788886189,24.777445681440827,-6.722318688390404,-230.55492056599132,137.62131766204683,333.99581328151663
1776353593946,-28.01724856366068,16.116121316096187,-12.274622706548868,-167.63131106362863,168.9349756101306,254.43555684791704
1776353593963,-24.110658327130228,10.585514312091469,-8.926031240569055,-133.59546756145792,185.41488336029406,211.65705754775166
1776353593979,-23.603836493848263,7.767988455420732,-5.753715209905803,-134.1080732586674,180.97371677703336,156.0250574749711
1776353593996,-21.791875042182205,2.673575066375732,-1.9155097966849803,-151.4152945022378,144.43898026512178,62.29200824943329
1776353594013,-16.170288521222023,0.33833062210083004,-3.120093091472983,-136.77519382766565,98.01199198582154,13.511309461389974
1776353594032,-7.336882226727902,-1.754948063328862,-3.6634263539418574,-99.7534375071755,47.52814796219511,23.178344278633944
1776353594047,-4.963929398566484,-3.311478417637944,-2.5577529307171702,-95.82360620593863,20.086225433815375,56.659298089990926
1776353594063,-7.609671432251483,-5.275623358154297,-1.087714572685957,-104.83822647630485,-26.796751397116797,79.00546748807615
1776353594081,-10.87446408656016,-5.728726606860756,-2.374449496459961,-98.8494209893893,-100.21896271043606,80.21472515987023
1776353594097,-16.712126284436135,-6.183324478039145,-7.244255673217773,-64.61205275575738,-205.23928886020263,46.09883184062698
1776353594113,-18.27539069624059,-6.750450411766767,-12.695253133934736,-31.141868445174204,-262.2492112961416,12.276488099079831
1776353594130,-18.707094580299312,-6.1457666085392235,-18.5284273727417,38.783852918799646,-278.9507177037369,-30.229269794695874
1776353594147,-18.854787708060954,-5.475239921569824,-19.640682512444258,93.87136738641973,-269.0328458967715,-67.09133629239113
1776353594163,-18.214487835317335,-3.088819416809082,-16.81926637033671,119.56595847792825,-257.3544518501003,-108.01664134619195
1776353594180,-16.52253616199172,0.957231166729331,-14.075510391014813,112.14476669941264,-235.35457645802933,-158.54851184496732
1776353594197,-15.18522500678855,3.5687066275447603,-15.033790190014242,120.0103032645726,-236.6842776856474,-183.40260034778157
1776353594213,-12.683283404275588,9.724949621912836,-18.908356664165854,153.70817534623274,-264.9763419071876,-188.97301576689884
1776353594230,-13.295900009796394,16.645836679840087,-21.749674023051558,212.63546848597767,-312.8179101749217,-178.5635615849893
1776353594246,-15.686211238385363,19.705776039123535,-22.435763605333864,243.10719633583065,-337.4561783603419,-195.15749251315694
1776353594263,-23.279720567321775,25.851541478618977,-22.364387637384233,249.90435471101722,-359.29764800518194,-254.3008655174844
1776353594281,-27.92013185912445,33.6388343539685,-22.6416649481073,225.22886199462044,-379.65475361883813,-365.80425013307615
1776353594297,-28.148179713384806,38.17868786087036,-23.372944283007456,199.57187109449285,-356.81684133636327,-436.91834928055135
1776353594313,-25.22800187601298,45.794193844494224,-26.514286717931924,188.75664903437118,-309.4431137060184,-469.7194858260805
1776353594330,-23.35902908183634,47.9322188496232,-27.031583694933726,185.31596856073395,-251.49690893865406,-472.180922078413
1776353594347,-21.214271553581952,48.44023442273438,-24.570793374169618,171.65242101293356,-191.76586645813873,-459.93466610414697
1776353594365,-19.232921795764565,45.35949777461588,-20.863371665026246,155.5201835519021,-180.65817569775712,-444.43674831133455
1776353594380,-16.238074209594725,40.92558535308838,-17.907879353167115,139.70878739694282,-176.53282340133944,-430.0479985982189
1776353594399,-14.580388250622152,38.520908476147056,-16.67830716307312,124.56934525252939,-154.56940755905796,-411.82442551522126
1776353594413,-10.51398870653808,33.134256061829625,-14.969744784148409,117.78236385920614,-125.49958969672845,-392.4328627633947
1776353594430,-5.084836582404375,27.716176535852252,-12.829028859435022,116.67779932701002,-85.68688830777685,-361.2911343370985
1776353594447,-2.2406752322643992,25.203910221807657,-11.794733742247521,113.95441165962917,-36.745154149672146,-345.4709135777316
1776353594466,4.068796083831787,21.18868469238281,-8.747364672332257,100.59191152968627,40.34719442735636,-332.4110727902903
1776353594483,11.346719048851728,20.120870386626944,-5.711816388592124,94.21030186360328,52.88494921502022,-290.6512142425623
1776353594496,14.642937353515624,19.78343853999674,-5.246143142778426,108.19497758542099,19.85534284175414,-224.6901786351599
1776353594513,19.153911971935628,17.6412265315067,-5.084385550701246,133.06880533493657,-28.96336936411488,-158.50288618131165
1776353594529,20.77493554894328,15.968726303631438,-2.919278842705488,136.76845926114402,-17.160638553792765,-97.38500794077105
1776353594550,21.552003625267744,15.873556860705465,-1.541266734203696,115.79236092376625,35.657152826213306,-53.9736711234365
1776353594563,22.1285584815979,16.842011870630085,-0.043243806181848046,104.81260643672815,68.92149914087439,0.8105891882548064
1776353594580,20.569185012817382,17.281198676056412,1.1688197613589464,113.50899453328513,63.859550324329554,84.32594579489513
1776353594597,18.96851098087728,17.227477899523823,2.444031639795378,116.26076163666738,45.726190379889424,143.8797516966378
1776353594613,14.580836578911542,16.5370502697709,4.735582269098609,106.33738469723096,34.24988797038056,195.18479960945865
1776353594630,9.188793995988368,16.079609119724296,5.642236437213793,77.41579560026905,44.92549071858341,236.75432810577507
1776353594647,7.087732986119389,16.284162956878916,5.998373495770618,48.245211957114314,50.8324534637693,254.21824754928392
1776353594663,3.440169094958901,18.45884588699341,6.550387017899192,17.872412567199795,47.706883767490595,266.9778332208115
1776353594680,1.441759481269121,22.744616788537797,5.484218707518372,-14.474847662698258,25.212301188930162,315.737570158292
1776353594697,-0.5080208338081836,25.178173723004758,3.639337403150275,-12.308826483478903,5.845952507311567,365.57800694700865
1776353594713,-6.674435093578696,30.094666832135616,0.061052416328620164,7.504161501458344,0.439229455203686,409.3670054141207
1776353594730,-13.881879916271567,34.829798288726806,-0.6537659053751267,17.34304046312525,34.926445528427,447.8997088620444
1776353594747,-17.061231252399086,37.06164256428182,-0.354041556715453,-1.5786921452729006,87.28983808333047,462.45118100194645
1776353594764,-21.99463282623291,40.06830976758301,0.6862390098235104,-58.2047684085843,148.225240990005,464.7285299957688
1776353594780,-24.89969785014689,41.58937951693237,-0.7184090214057826,-99.24445864041533,172.66584350084503,458.75850752907076
1776353594797,-25.835531131799517,41.027787251934406,-2.0262416691329794,-120.29303211507612,158.03732682710523,445.5595767693713
1776353594813,-26.695048943273722,37.52581958018839,-4.40143981940262,-111.09740500151537,102.30813316243537,417.2972648518557
1776353594830,-27.622203974560648,30.98875005329549,-4.357295940842199,-104.61469487533785,79.06659768114777,388.3382463182421
1776353594847,-27.568183557494354,25.557208403676746,-2.36756561869774,-156.55980664546973,94.49701954458207,325.7101654408875
1776353594863,-27.111041061600762,15.447390864893793,-2.676866363006085,-228.35338667195614,155.9432864502277,196.95616818956643
1776353594880,-22.250960580168663,10.84707967441976,-8.211212261278181,-226.396919965341,185.9323658125709,125.0624439294693
1776353594897,-18.97479554103948,9.280825213953852,-10.055346090013533,-188.23178997779073,178.34354753144484,91.25350614171559
1776353594913,-14.465915483745931,5.598840582275391,-10.613046169878542,-135.78821783222048,129.49708085188348,70.61708677214088
1776353594930,-13.68660247803889,1.3447954830765723,-9.907353476981818,-104.50063754638781,95.56647690444433,53.7876065251616
1776353594947,-13.769502148913219,-0.5687713628470897,-9.658358550152181,-75.37587081218552,53.632219721543805,34.30243944585464
1776353594963,-13.36667808491811,-3.6978450486332175,-9.629029872076213,-30.50570121078463,-4.5795372512218835,16.196161201473608
1776353594980,-13.069048671844229,-5.426158787536621,-10.18702791197449,5.774607339449376,-53.9477061593067,12.30514159642168
1776353594997,-14.049773819146678,-6.18616817703247,-10.392330412071942,35.641518523203146,-79.52353050643245,-6.940766090693849
1776353595013,-16.366612911224365,-6.35301235165894,-8.943090804180502,33.983131517251124,-17.139762080594622,-53.94415446093829
1776353595030,-17.753903427942095,-5.127931627765298,-1.9006959661737084,-55.309837125104,98.5256905132982,-89.40128178221319
1776353595047,-13.830853566454723,-8.182631917351484,-6.569089051488041,-58.1579611222022,127.24500355799019,-111.72729870715229
1776353595063,-15.539116816302387,-1.2722206607311963,-13.202674540545045,28.945774796812927,63.756325675403154,-149.4966260624895
1776353595080,-11.765555834286474,2.5276789872318504,-16.486173356628417,136.94570267010585,-14.743017964985883,-159.1965465330398
1776353595097,-10.543016501971334,5.566369222259521,-14.951488923424481,202.44626058404432,-68.51631865893089,-155.70388831981876
1776353595113,-11.620556302123516,10.881346101158856,-12.075904261016845,232.54837957715125,-75.42549896669483,-163.88219290745195
1776353595130,-13.87394985392466,15.420902670940755,-10.996866331261396,227.2958821431414,-53.013278224241006,-179.7535854440806
1776353595147,-15.392920877429097,18.274794556978343,-11.296141538780928,223.29671076145056,-47.587891626865215,-203.9522626545188
1776353595163,-17.828122802624105,24.35636312637329,-12.663529815807193,222.56963712430272,-87.67237648817537,-250.4372460700616
1776353595181,-18.29095191105306,30.155418822479245,-15.141828302466775,230.68278170725398,-140.86537064985777,-285.5096937221868
1776353595196,-17.533486068560183,32.66334506149292,-17.813308332792015,258.58448695734955,-160.1849978493457,-312.3309450078564
1776353595213,-16.278775053295494,35.89132686527669,-19.930829387743024,295.81013808494293,-132.8476164888549,-334.77863492267016
1776353595229,-14.628571559032798,36.90302553525269,-14.764292208055778,275.9537946204754,-85.23474344510035,-336.21608921463434
1776353595246,-13.561206531414388,36.04575345687866,-12.372784243962913,239.48574807561985,-35.58627936829067,-325.24054895431414
1776353595263,-11.705401554107665,33.16747531760335,-9.912891821886598,207.27427542151622,13.172513295537124,-303.738512390467
1776353595280,-9.18655177001953,29.217491491156814,-9.778966458782554,213.77895143606452,17.66027542931566,-289.9522400036599
1776353595297,-7.303212889099121,27.441293134528397,-9.777918411034346,242.6069806017756,-1.3112488312450583,-269.3595201843949
1776353595313,-2.6882395515441893,23.47125757691711,-7.686135224859416,277.8850715894315,-48.34196500180213,-232.86065582600423
1776353595330,0.9632166708797216,18.843265475574135,-2.627935012707114,266.805466566917,-76.03929391645804,-207.37312191918465
1776353595347,1.9662381134033202,17.207277407538143,-0.7607567007318139,234.12169999208535,-68.80254456628944,-187.90208308617588
1776353595364,2.940678189086914,15.268272899627684,0.43858840114176273,196.09742216559906,-75.62855366053014,-169.5315516529962
1776353595380,5.23611669267416,14.435839129107817,-1.427692085210979,194.43399789513415,-97.66608388549542,-145.1446754101675
1776353595397,5.747879051098227,14.226796346503495,-1.4299363570064305,204.06396356820517,-119.12802040872538,-139.48773515464453
1776353595413,8.131606663513184,13.274651607059827,1.1593927384525538,179.1253992857362,-90.4114394397014,-140.22590101900448
1776353595430,10.940004041832685,14.688427733047865,3.916166312518716,135.87352689495393,-43.97878893357921,-125.56227717293082
1776353595446,13.28632342235148,15.311518167114256,4.022109882111102,111.52258427734867,-47.42097204883386,-85.35466790654743
1776353595463,16.457593158832193,16.23702689249888,4.009689668738097,102.21705258985325,-112.99379336419108,-16.647436922578226
1776353595479,16.935086752429605,16.351500170831756,3.9665941849857567,100.77342380687936,-154.13804013183665,30.768919625923996
1776353595497,15.882234818810224,16.287754113238677,4.369268392181397,74.6646432139121,-145.1630349586565,68.7180961073914
1776353595512,13.306075586047768,17.580174096911772,5.865495267099328,22.466787123733063,-96.64971758605166,120.03990530443544
1776353595530,10.858752576556801,20.384384143076648,4.167108281762898,19.877752692420955,-100.75289908842348,166.89826784114618
1776353595547,9.71731635055542,21.97218812638386,2.881870884803962,36.57912591132748,-125.98947818475844,226.44396630834405
1776353595564,6.066608316150307,25.697565261133015,2.3834282641422,23.201367138778764,-99.85308313697682,321.11410382762926
1776353595580,-0.6657376991271973,30.25073943737894,0.9968856431823223,-0.8779684708084533,-51.43041261994182,388.8896611503156
1776353595597,-11.859378063854574,34.024748565021156,-4.558259589751437,23.120620642410874,25.9630448466467,422.523425076426
1776353595613,-15.062971276313066,36.71343673711568,-5.0631372301630675,41.93995356066831,101.282662220828,443.80159536003674
1776353595630,-20.91574628764689,39.44551981430053,-2.8541866175007304,28.9201342666687,168.68790034709457,455.09777202075406
1776353595647,-25.88296654445231,40.52829868414998,-2.019508442754671,4.242427715207204,151.90630314129166,469.31087658917363
1776353595663,-28.07246279362142,40.148219755122064,-2.8345844704341143,18.77161892426302,83.75750330122082,474.50165643384327
1776353595680,-32.359580725860596,36.63053896593749,-3.686920261449739,30.44339281008119,48.600330567536204,457.99431864397303
1776353595697,-34.72325573032796,28.63943967426717,-1.7601867676999419,-28.62027359417951,103.3619972004225,379.47356236053605
1776353595713,-34.28392031021118,24.705319771906733,-1.931222548797354,-105.51433324186608,197.61831404846416,302.1680333342277
1776353595730,-29.35530597065389,18.86675799484253,-3.6442734713129696,-175.5882765410184,282.28682798118126,247.12454968109208
1776353595747,-23.51120862516388,13.379697287097573,-6.4855925106991075,-215.11698549447001,315.14940890848385,209.03746143499833
1776353595764,-21.247641762133686,10.475081175994873,-8.002019494010229,-196.05332646431745,258.03561295564737,192.48430673617568
1776353595780,-19.015646972192076,4.311358055004478,-10.411185444265417,-146.8443679851252,168.57025716883027,173.42932204626905
1776353595797,-18.986617185731138,-1.2364549353450536,-10.160092851036786,-88.87193529134804,101.88749596240014,141.3412162689542
1776353595813,-19.196409380196965,-3.854664672851562,-9.433602723174541,-59.20645663150169,88.21597758383835,111.74362968945779
1776353595830,-21.016151968992222,-8.488791039165854,-6.5602612365838135,-52.00036117032812,109.19754690274131,67.48825907562808
1776353595847,-21.21906099808188,-10.593742042210698,-2.89563639357239,-90.23348569106588,151.359901668069,4.397199374912869
1776353595864,-20.03557667848924,-10.948383747643232,-3.796155931390077,-84.98891810668242,116.03302946936081,-22.963650942452933
1776353595880,-17.28808082765243,-11.07767005276978,-9.891493644548952,-31.885781913720727,56.950089978809636,-31.521302529041336
1776353595897,-19.428646849900577,-11.641205268529056,-10.918007606340945,33.67175002317941,46.40462623995762,-61.087914200651745
1776353595913,-21.62861913783867,-11.174635220006108,-9.643992755669355,52.15394138891044,82.86944893552493,-110.38862944115398
1776353595931,-23.32057031797394,-8.185475616344808,-6.175842013329267,53.283688828576395,112.26309289659393,-161.9519951083847
1776353595947,-21.340716059411317,-3.0674206549495455,-5.542875241686404,62.295908287449365,120.4926512237589,-208.4779323381909
1776353595963,-20.680515243884173,-0.6277291632503271,-5.993583192754164,88.83428728864293,107.65191607470244,-227.4349174738862
1776353595980,-22.11179819319397,5.032911749377846,-6.764067214513197,125.74573605403737,66.35086182409171,-248.04337404899886
1776353595997,-26.07016347901672,12.48112347652018,-6.961439195606019,154.9086630551325,24.846580417369122,-282.6959836332217
1776353596013,-29.034333018328248,17.26458875590861,-7.699003474260866,166.05249917660183,27.7850661096393,-317.8034564954107
1776353596031,-32.64449072341919,26.051010157996416,-9.43435091119334,172.88736019600688,62.922216143772026,-369.5031254177182
1776353596047,-31.964238176727292,32.41180483409464,-8.856450631603598,169.6598772471224,74.46654723741422,-399.89610118644094
1776353596063,-30.66358812484741,34.88770745685994,-9.160813517650961,174.0022656346064,65.6783272474664,-410.68610618814694
1776353596080,-27.170147458428143,37.55439919346273,-9.95194738259837,183.22435973120093,56.471396170829294,-403.61672379340035
1776353596097,-23.694664473503828,36.089149823273715,-9.408464044134318,190.88087884738016,72.43680626138318,-384.5585015938271
1776353596113,-21.89811715632975,34.633474337115885,-8.435520052227377,193.15679350147678,91.53068887861305,-366.5455715448326
1776353596130,-17.11704607860148,31.028703585760294,-5.583876237377524,192.34814008488232,96.73451438459738,-336.69103324876033
1776353596147,-12.115109897723793,26.984447630553692,-2.6493331900447608,182.46038941215667,98.11303097421354,-285.49701689108724
1776353596163,-9.47460474177897,24.56076948134862,-1.584661931554973,185.36599286621512,84.10169019387611,-253.82573023806162
1776353596180,-2.835482953643799,20.216339177825674,-1.158493451525271,228.56378381914922,1.3254419643403448,-228.13973835471813
1776353596196,2.1995225531429052,18.7033538046021,4.055179354150593,230.44424418068044,-115.40392806566763,-190.4012356431052
1776353596213,3.140742496269941,18.255938611469418,6.007801030133664,183.05378258686903,-124.55519310056913,-167.52952758461709
1776353596229,6.0978808217704294,17.64466812332794,4.884770229394734,168.12110392901025,-122.33575045053016,-154.1116482808837
1776353596247,12.722788791114091,18.120665487018226,9.299678382983803,130.23666739559079,-123.24793587456371,-119.97570152623732
1776353596264,15.798887258037924,18.97434801646769,12.108525550897419,62.925665389302885,-131.15596987673948,-70.63558292441327
1776353596280,18.301277490234373,19.78373839972615,11.026346985028683,-9.612786893534789,-123.60564654177561,9.088696233235956
1776353596297,15.677380354741215,19.432239376233518,5.9513873612552874,-36.04455432574726,-95.09685358768176,60.92006230179868
1776353596313,14.066981632122397,18.9767419258669,4.317195090594887,-51.41502761883636,-74.0096690536429,107.6124512416781
1776353596330,11.782463751000165,17.378761370794475,1.808521101953834,-60.349912260831864,-55.97601621070661,168.42693247928673
1776353596347,9.186101688164472,15.21335648356974,-0.7187088263362645,-48.74423240806462,-53.41937736662787,202.10834380504713
1776353596363,8.198046344104409,14.3219648395814,-1.1370954203180967,-37.84733153075335,-55.46990260830325,232.41240417115463
1776353596380,6.112397422900796,13.86871308578234,-1.0805324791621416,-33.76878993581237,-33.71925740395144,270.97983230081866
1776353596397,4.223821225848794,15.802629367175697,-1.0624260368462652,-43.504090786263326,0.32443233138916605,312.3327481777973
1776353596413,3.159297559136152,17.00556577153951,-1.3631982779905198,-55.57499531396765,34.41561226530716,357.4772659875901
1776353596430,-1.5907967810481787,21.1571111579895,-2.5251340519893914,-73.68490038879796,66.77805600573015,415.01486151804755
1776353596447,-8.353969311743974,27.155485895869134,-5.432442836242169,-82.8014885532833,66.00945481842862,462.84847944558777
1776353596463,-13.200881519648432,28.685979014863072,-8.15300425632894,-61.18610500015985,46.44156390298905,483.27254823386676
1776353596480,-20.279336974334715,28.202048958477377,-12.03220861941427,-26.31302373971815,65.27342680327888,453.7405587911592
1776353596497,-22.357053933495283,29.05438591853678,-12.887238617949931,-26.059007296938084,140.7061726006831,425.4629472499027
1776353596513,-22.928221251568196,29.52260081165731,-13.548636826568096,-34.18600179597885,235.88061030714704,401.6464601046618
1776353596530,-22.16626715774536,29.60879265594482,-13.15658572019562,-47.72973758045345,327.45339364161487,378.05878429661624
1776353596546,-21.4098487784788,27.41360842426717,-10.926387750542908,-59.530637900078005,337.7616244200248,355.6981383125852
1776353596564,-20.85753609074056,25.759365299224854,-9.87308763476461,-67.52985492767345,296.0716523678844,325.8837342080759
1776353596580,-18.899529068457333,21.397132212507724,-8.24188899296224,-73.8093669260431,202.0167646286556,276.70645414625415
1776353596597,-16.524031889575348,17.220146387591956,-6.797137782531231,-88.75201766009012,142.48128412445604,238.50935887338818
1776353596613,-15.211410381870111,15.592687809100747,-6.997502533965557,-104.97006278766445,110.1285358375599,202.6889781863899
1776353596630,-13.326424692723899,12.763341166254877,-8.853756716344504,-108.34257797338496,99.87010396838849,157.919123573329
1776353596647,-12.284349150793254,10.512192470771074,-10.231919193102419,-98.50233809652593,110.0238495281511,129.80417981734558
1776353596663,-12.505213523290305,9.398587670025229,-10.611100881029666,-78.52956039727718,140.20247347015135,101.60275903628064
1776353596680,-13.328220636229961,5.992836392974853,-9.044694517937675,-68.93451748143244,200.91881171957604,49.62045005592888
1776353596696,-14.639794087053835,2.4868279214054345,-6.425138443856127,-75.58305094027952,243.4673112296304,-3.554937585620509
1776353596713,-15.27605390889272,1.2811977479130028,-5.32664873985676,-81.84580848461512,253.8369863898138,-54.90841324720401
1776353596730,-17.400159694262594,-0.49948973682820796,-4.829402580704261,-71.46747947475332,239.7751568511316,-115.29394835965208
1776353596747,-18.14340945294164,-2.1679472651839253,-3.4837120667504147,-73.83645545629138,224.66595878436303,-150.2178803784645
1776353596763,-17.828571350109204,-2.978535333794355,-3.3149204478505996,-75.38183356733094,200.57666022329343,-185.20329776018542
1776353596780,-15.834053142380128,-3.581425239342451,-4.683356115037948,-52.367873158999,130.61995029105523,-213.26090890827572
1776353596797,-13.92422812532056,-4.056225940594077,-6.673536902629956,-25.230551454392437,84.72741748411931,-215.39478294839276
1776353596813,-13.75887817130722,-4.703109301647544,-7.254130512956902,-2.5515712706014115,74.07044407687766,-212.76413558956236
1776353596830,-14.554502114215492,-5.7757104763537646,-6.929716261070967,2.7623681973043417,109.54830443737814,-226.684006476535
1776353596847,-15.147964850726723,-5.890334634399414,-6.940789443749189,3.4578024772259957,117.57368791968392,-251.94972315986922
1776353596863,-14.431349781799316,-4.739173717719316,-8.628253066674247,31.70876731609609,87.21084694557926,-266.44439544663345
1776353596880,-10.674249118860065,-1.708711212810874,-12.805685174052789,100.24302546688202,24.26525960201475,-252.34715820729394
1776353596897,-8.308478311157225,0.5659300019413233,-16.11671730922796,157.26985945120592,12.074717480808484,-229.6701378609079
1776353596913,-8.177246132659912,1.5010142187923192,-16.42362337695211,189.64741498516756,46.12305510651843,-212.3723149576354
1776353596930,-9.655815879932046,3.7542595942944286,-16.18061249296814,220.51242512742988,85.24628646479768,-197.54299072229725
1776353596947,-12.905644773864745,8.126669207111,-18.00753799727112,262.4031637600337,61.65975129834355,-178.83603149135945
1776353596963,-18.85284228221476,13.832500091552733,-20.486733085710554,320.7897791250804,-38.71098504563937,-163.58981982984037
1776353596980,-23.34047284992635,18.04644523555338,-22.297647220280766,336.0188060306477,-79.85732185117097,-169.9783006662284
1776353596997,-34.88232108764648,27.041459703716633,-25.716417261119187,310.972584306481,-30.333320896511847,-192.13682769234046
1776353597013,-40.498219772228595,29.672090531378984,-27.28551805092692,283.1717199692914,53.775527335614434,-245.23567452650337
1776353597030,-50.09687642561197,35.81860328211039,-29.232603135570884,267.6391048154954,140.4019832958074,-372.30281995850646
1776353597047,-40.57408662185669,41.55421409552693,-21.839158771404623,221.19219287438622,191.83396344416374,-422.3912199348512
1776353597064,-23.994988897815347,42.78902184818685,-20.326770925682784,199.81941081039244,231.8494599797622,-350.97129223709953
1776353597079,-18.132337804633377,40.381055062854664,-20.665700098198652,250.66846163384488,219.74103722294697,-258.69948002221594
1776353597097,-10.56591178599894,33.45702327716089,-15.017479691204429,301.5783967635588,177.8479490052687,-175.9085850923353
1776353597113,-7.2074454072147605,27.30437341191396,-5.179106519207358,321.86802010821526,136.92388704589683,-99.96210661650856
1776353597130,-6.679224081420898,24.778642051618544,-0.5591951407283544,306.41302322414725,100.67853198874037,-73.60673570393634
1776353597147,-4.478056099158525,21.24150764329284,6.748507461005449,272.9231850442274,55.39200088572467,-51.44681190413902
1776353597163,-2.1722890937805173,17.714548738153276,11.181670525470375,212.6471617698367,19.374203826050934,-32.626410061276474
1776353597180,-0.24720249045491216,16.118213612200318,12.660987291717529,158.05722999834666,3.6186845949178843,-22.456714302254586
1776353597196,2.141014250072837,14.48043091583252,12.614300359344481,112.25476689599569,5.324951653838518,-19.995749332974803
1776353597212,3.693503804558515,14.17711520075053,10.858751407513022,104.16667544692004,4.929882413187579,-8.329662433414317
1776353597230,7.603385337719321,13.948319889123736,10.522217021179198,112.07408107169218,-36.162494617240455,37.20935088113914
1776353597246,8.964338759392499,13.242779171918333,13.302633336639403,99.25418482979342,-56.91704210851053,78.14897542653489
1776353597263,7.776815904998779,11.972954466412961,16.4902153254956,35.057137783100615,-55.97413449359027,117.40582919064168
1776353597279,6.610091508483887,11.001058522254228,17.075447993800044,-33.60120441433694,-56.809770572500895,131.65656810138807
1776353597297,4.60300232925415,9.463082938550412,13.493271643829345,-87.64132644820849,-53.688609763331435,142.90636777764095
1776353597312,3.836557938274741,8.830564495196938,10.596586910247803,-113.61290903131771,-45.775193572089684,157.40897674422075
1776353597329,2.2676076628535986,7.884704325048625,4.854692778778076,-98.11372765350889,-54.67444511718522,183.54472292403122
1776353597346,0.36017712772786614,7.003189639691263,2.9545950707584616,-71.39061935602317,-71.73104281444577,202.37571839029644
1776353597363,-2.076820887103677,8.257302104540914,5.100099033465981,-73.178742390165,-90.29958826185327,221.22592034850777
1776353597379,-2.891148726764321,9.911247781006619,6.066608316150307,-109.97488390199129,-83.12545808599535,237.40923396415258
1776353597396,-4.66046375361979,14.388553408857714,7.330596570587158,-174.40975472048936,-68.31987558821216,249.46402607560483
1776353597413,-7.753173748126626,20.39665344020426,4.986374454608559,-249.13707858041465,-104.16888842821112,261.4831099580763
1776353597430,-11.377695786395668,23.081750163678077,2.1803701089054344,-253.76647151682258,-197.13326133436652,257.4212237794264
1776353597446,-15.556625146594643,27.117776927460728,-1.8237822378411888,-253.66227015084488,-264.4507178694201,264.35872888167836
1776353597463,-13.807660249328613,33.937360788947345,-8.70845904148519,-252.3836040967051,-187.56344230712662,345.2380587685475
1776353597479,-13.627646212005615,37.55215609071106,-12.883347601860761,-225.9684212175711,-54.91316705886634,429.1378622309364
1776353597496,-17.481263421630857,42.78812577612996,-14.609567583355307,-211.72818713776817,49.629052679188504,492.0165564093171
1776353597513,-24.17200959854126,43.53287096099853,-13.505092137743532,-197.68378824184788,78.27081917113875,510.5460946463746
1776353597530,-26.397123104536533,43.01662298159301,-12.724582834924012,-189.8507087356238,60.23582761112514,493.9775310407844
1776353597546,-28.502072061754763,39.02743234939575,-10.334869718358664,-197.69679292202758,51.18976456491476,459.33880040095505
1776353597563,-27.11612974477559,33.25935397535562,-8.626158012357447,-256.79973120646855,96.4481791942121,396.3039407773912
1776353597579,-26.66661852921173,29.063813672095534,-10.006115574104896,-300.1826339462884,158.98366319698883,317.3915414469456
1776353597596,-23.204751104924828,20.539706404876707,-16.37633782109879,-295.4817972311621,174.97870947835142,237.97223279705838
1776353597613,-18.813935628454384,13.13159814006388,-23.472153210582583,-177.30326873971688,112.25785414150054,188.25275865854266
1776353597629,-17.899200664409992,10.100237225010991,-22.39371485415548,-106.80643427810324,103.80417681709994,190.52259444427798
1776353597646,-21.516988800447294,1.7730577205151319,-16.07960652590841,-90.5669150357784,143.97313404297023,163.26794033501434
1776353597663,-24.082375267383362,-6.0236617393493646,-11.749843045641482,-109.97028718467986,202.74648837920142,65.77953016039848
1776353597679,-22.949471042544253,-7.964012547302246,-11.442486822997033,-121.00255216605703,219.72209027818937,1.0422030908049074
1776353597696,-16.797868567458398,-9.556305704388022,-11.609332751189172,-117.49548225368727,167.97922723957072,-21.00074507499777
1776353597713,-12.611157366877327,-10.438868875885008,-16.665287522502243,-61.67160167655352,43.99978493508783,-1.288401635027954
1776353597729,-13.375506173816975,-11.131091261833905,-19.099593521770835,-11.964982807829413,-0.9155751188525733,2.0040178432865265
1776353597746,-18.478148955215325,-12.262352130779623,-22.20846350070089,29.751593684901863,8.450109404332906,-28.62256683019334
1776353597763,-21.403863420458883,-11.266961037003993,-22.110600507842005,71.98974988963835,54.18657495005497,-105.47721799391623
1776353597780,-21.323657664843648,-9.411008760181069,-21.458331362096963,107.4429259464784,69.96594434799606,-161.9331301258971
1776353597797,-19.171719723565875,-3.399915410503745,-20.231003151537475,170.11381161936146,61.19428073659635,-206.87164943032232
1776353597813,-16.36092639002055,4.163666324615479,-18.472460570847986,216.2329701029584,49.36718322641022,-216.0465879008871
1776353597829,-15.875352950341998,7.6012915803104635,-18.000654521367697,258.3628336584043,50.56877059576637,-220.94417504524472
1776353597846,-18.376395567321776,14.516046419093012,-16.831086937316133,311.8983481465845,53.54196218675668,-237.85835988321594
1776353597862,-24.45123336715698,21.486163079613444,-14.886246508060115,341.2315244429314,36.21191445098008,-263.08793120546244
1776353597880,-27.461342235344645,25.386767081341144,-14.699948476830496,364.9956376976167,-8.309509960268194,-296.656617089161
1776353597897,-33.13410379387736,35.396924806976315,-17.659181071196496,398.6202491702392,-97.00750338534445,-348.8752164638493
1776353597913,-39.133076497650144,46.27168860713541,-21.835267901445924,405.042785329829,-105.3261000585297,-400.48691254964706
1776353597930,-40.95985236434936,50.675075542017815,-22.489782488030194,379.36927903228826,-34.47141832592075,-448.7234843174613
1776353597946,-39.019801416125894,55.29034844704121,-21.13406638248861,334.60826268401337,113.77305647678699,-466.1970753088349
1776353597963,-30.156316063579915,52.207213797870274,-17.716792717687785,328.0964969331066,165.5296891767724,-434.21247421820243
1776353597980,-25.405920694622395,48.3646700631842,-15.410727313885092,337.2418470241869,144.1098471093972,-385.16485846758417
1776353597997,-16.50398023147583,40.434627108249074,-10.274116705101727,342.8423016152738,93.77422843604381,-312.9664531289911
1776353598013,-11.366773410364985,31.990725274701788,-5.366004470825195,327.4558798304727,78.43097344679721,-276.5567090788908
1776353598030,-9.236680951800942,28.757804918537285,-3.096899847412109,294.0235245226077,107.49249945947435,-242.77513985914132
1776353598046,-4.143765107837319,22.685508766008912,0.9986819520145654,243.02556191487065,178.5157912419342,-193.90426208348632
1776353598063,-0.6721721160888672,17.924041675677895,4.368969116973877,225.547708885455,189.7914909955198,-164.7133859483075
1776353598080,1.3325222769588232,15.66705828269124,6.290166896167397,211.31112212666886,124.4968223039222,-128.1675572091838
1776353598097,3.5845682135432955,13.054085276794433,9.640253569141029,157.63434566607447,36.59755034661359,-77.56323889388212
1776353598113,2.8190228172302243,11.41420794623494,8.9248356010437,114.90485980339314,18.250417433983102,-60.49220559181074
1776353598130,2.625540811046958,10.517129342651367,8.028657161170244,81.00747789607694,26.378246923649897,-57.37117797133009
1776353598147,2.989160188183188,9.638606970977783,6.8230264031559225,43.917928532979815,51.09967095466771,-51.27389883511098
1776353598163,3.591600596398115,9.200468067169188,6.074239249420166,25.079457424668,66.8911571081964,-39.60469480796802
1776353598180,3.753060155376792,8.959701747241615,5.982362345233559,10.904026472162883,64.84237356475937,-21.5301666979438
1776353598197,3.629309272545576,8.3256866355896,5.679495250701904,3.3108001577012196,37.9697251055854,6.180136161040543
1776353598213,3.276763662609458,6.991817035675048,5.34355941478312,-2.6168858083133046,12.514044639733813,25.592437074734516
1776353598230,2.2542899161189793,6.222828805431723,5.262604886627197,-21.70193229519128,5.964988190392902,35.19275118907122
1776353598247,-0.5330097291141748,4.361936149597168,4.7114901765018695,-62.968941467884086,23.786823633675578,30.73820426522645
1776353598263,-3.001581278339028,2.2493530442386866,2.3325509674072262,-93.740248244923,47.062882306123015,19.08407446558172
1776353598280,-4.121469689399004,1.13006318359375,0.5349544334411621,-105.17289891544631,61.219695870497965,3.7028214264350403
1776353598297,-3.936516442108154,-1.4402613516658545,-3.623922903332114,-80.09183639632336,36.47411175283853,-1.8099435675493147
1776353598313,-3.0193875686645506,-2.7425574171870943,-5.690268573650718,-57.4482771466812,3.944879488638884,15.473137866503565
1776353598330,-3.180398214831948,-3.4457039327323433,-5.885545646557212,-60.588074127001036,10.986810926224377,46.97693462070216
1776353598347,-6.0803749756962056,-5.652560482025146,-2.3180355353206394,-157.9312676496733,84.75165099529453,59.04282578955569
1776353598363,-8.66416747981608,-6.418704721014201,-7.347205760082602,-209.4154577640452,114.37131274618841,44.78132250067737
1776353598380,-11.494712392535805,-6.25021307144165,-14.444817166137694,-203.9007630281769,81.61352058113216,-2.113864147169845
1776353598397,-11.244368681445717,-5.358073385564983,-17.12961505279541,-171.60555225484893,62.65539480384548,-23.80110897432466
1776353598413,-8.287679268756508,-3.9233480407163497,-20.683657195171712,-141.1235108193492,56.17199824365637,-11.163344849286172
1776353598431,-6.841132553210854,-2.678812090246379,-22.35840125645101,-106.76992691698952,72.92034267348507,33.18902981868335
1776353598447,-7.256227266040444,-2.798222898046672,-22.593034188190103,-75.2464797085488,74.39918791181955,56.15775388414231
1776353598463,-8.565705936542154,-3.998466117803752,-21.48945686046183,-38.11493151224528,65.24631095227393,60.4606910989803
1776353598480,-9.172336782184242,-4.721066252490132,-17.445499449810384,-3.7382675469064677,62.07346951674956,39.58378759891862
1776353598497,-8.337508298547565,-5.178657898657024,-14.83686710346639,-7.308298143045413,74.07867445482754,21.379422715414325
1776353598513,-7.0100734078556295,-5.27053538736552,-10.49632971572876,-27.258123845361986,100.01475371463103,3.213619799303455
1776353598530,-5.511153530994057,-4.927864982494712,-8.524555010986328,-53.26623086505784,119.18252531830208,-18.916932906402334
1776353598547,-4.724807923236489,-4.424035609026998,-8.526201024627685,-53.23299174946198,104.95910716423575,-33.01086774927815
1776353598563,-2.991256283679604,-3.6984425761349495,-8.380603636169432,-39.44347160770446,81.198470475838,-37.765690279604186
1776353598580,-1.42978788844645,-3.4377740165159105,-7.599345122417807,-13.25225404654973,56.25587296666413,-35.138447770075025
1776353598596,-0.8900449055545031,-3.425054674065858,-7.000795291900634,3.2880628848410702,40.991250530237295,-28.910674454668232
1776353598613,-0.2959837647587061,-3.4994247092649338,-5.829881042480468,14.192018920678137,26.07851431720764,-22.77568242894689
1776353598630,-0.6193504803530872,-3.721486913244426,-5.276072270965576,18.380807452785938,26.75100791269793,-20.391123370817454
1776353598647,-0.8833112133853137,-3.709366267339885,-5.0757075195312495,17.357573398131745,36.16809195726528,-23.899870094628458
1776353598663,-0.535852697455138,-3.563319966070354,-5.416581980895995,20.894972765510953,35.99174330308472,-27.07015874695053
1776353598680,-0.36436800354644655,-2.979733311407268,-6.326378611755371,34.648494395247916,24.89625979829721,-23.711389316934664
1776353598697,-0.3332433819644153,-2.6273367545530197,-6.623259617614746,48.044974716311636,13.154864940495457,-18.100954111923006
1776353598713,-0.16445201879292726,-2.2077527674801645,-7.5715125281184905,62.6842933342238,6.799715427257093,-10.47350598839864
1776353598730,-0.025588614764809607,-3.0919616603575646,-8.418611587524413,78.00453058596746,27.14486906363942,-0.5137160298364072
1776353598747,-0.07870981796905398,-3.3259947265073655,-8.485200321197508,71.463770682034,38.03740886516564,3.2878477338822147
1776353598763,0.8346781153805554,-3.541472875921428,-9.96511622238159,64.16219600645282,29.7604456100662,16.215552108527273
1776353598780,1.0215754824765026,-2.8651109069272875,-12.305298707580565,84.5994812107758,-15.623062226332639,37.807818886404824
1776353598797,0.5894222289487719,-2.551919109997153,-12.241852363586425,88.94998386299376,-43.48729535109427,51.325285763331564
1776353598813,-1.634491984259337,-2.7479449554443356,-11.097573607635498,68.67301685886932,-51.41243556204635,49.804704654073724
1776353598830,-4.102465129199624,-3.227383837890625,-11.37619882583618,24.67299286716054,-36.412435144633314,22.519319816186922
1776353598847,-4.8256632297791535,-3.1003409277766942,-12.113912212371826,-0.9640517461565041,-15.787355596628124,-9.624155743408275
1776353598863,-4.184915302740782,-2.601599378967285,-13.491625630187988,-12.571611181605974,13.813856105770274,-35.68332952620738
1776353598880,-1.3099280217044054,-1.8468270133420823,-12.433538134002685,-22.963167706569156,47.05988043798279,-41.25139536025016
1776353598897,0.001645429119467735,-1.4196116546079516,-11.716325099182129,-26.006244085599736,49.19184202513223,-22.36151854069753
1776353598913,1.1634319308407604,-0.9524430556699633,-10.676044477844238,-21.61948678926735,34.04110957802078,5.033352948924102
1776353598930,0.6593029899045825,-1.252765434154868,-10.004770187377929,-5.914268486276858,6.7755066755176285,35.825974611928515
1776353598947,0.19273294138163327,-1.6047133704587817,-9.690680272564292,8.478306132774012,-2.648118342397069,49.74360178175879
1776353598990,-2.0130752679020167,-1.8133081900998949,-8.269722171783446,4.196512195398616,10.10888743861491,67.54232002290873
1776353598998,-2.013075121771544,-1.8133081900998949,-8.269722171783446,9.153971497360121,16.379562025972202,65.82427472965124
1776353599013,-2.171092285211384,-1.9376570388242602,-8.377461246490478,25.82076346849887,26.235149337896253,61.10109646574987
1776353599036,-1.830966011865437,-1.8991998823970555,-6.437110438537597,18.944864965013103,21.6316376958008,65.18964087273032
