ts,ax,ay,az,gx,gy,gz
1776353281671,-1.5887012700736522,0.7966682643294334,-9.374047687530517,0.8612710595261522,5.8892460882525155,-1.20697318696012
1776353281687,-1.624464657372236,0.893184445689246,-9.635165306091308,0.2555107601044186,1.6270725095982166,-0.7004715444345386
1776353281704,-1.692101146532595,0.905604512931779,-9.62768401042521,-1.608703356155702,-4.329435360609881,-0.9810561424254856
1776353281720,-1.608902492711693,0.8871989415388554,-9.70504606704712,-1.18446664642787,-5.849753080697855,-0.5062725643841213
1776353281737,-1.6368848707452415,1.044917195097357,-9.541941663470864,-0.04119292424519979,-0.8706910643303635,-0.871391478885407
1776353281754,-1.634490522954613,0.9003672698654234,-9.547477670288085,1.208039550244288,1.743781659493517,-0.44991758067684523
1776353281771,-1.786073269432783,0.7064368623275309,-9.60838017501831,0.3464520608604938,-0.21045717815257484,-1.0384643092862658
1776353281787,-1.61234430372864,0.7805074761886149,-9.71013433009684,-1.3897595078768277,-3.3753324253097348,-0.4552577213907374
1776353281804,-1.5839130128838121,0.8589176536239683,-9.658958269611,-1.1201151653889485,-2.039758515665911,-0.10367330697750791
1776353281821,-1.635986752861738,0.9458569552779197,-9.556156651306152,-0.2511431476148863,0.19579281536541035,-0.12077023096540186
1776353281837,-1.7121525854364037,0.9834160668868571,-9.53116775600016,0.15222293192819325,0.648566855858349,0.08882447572190019
1776353281854,-1.7184372186638415,0.9799743289351462,-9.57695627822876,-0.1411331593153255,-1.0988959020718345,0.7103575495670444
1776353281871,-1.7259189527213572,0.9380758729476482,-9.619154082489013,-0.4790085302906931,-2.142093532452919,1.0085448790704366
1776353281887,-1.7724563936211168,0.8997686463851481,-9.611223874011635,-0.7044665114079085,-1.0330432735193913,0.5364410297003916
1776353281904,-1.7741024072624743,0.9036592971481382,-9.613019525256753,0.1282867474252951,0.4191412285244438,-0.2913098359372917
1776353281921,-1.7157437417961656,0.8349754178266972,-9.545682019042967,0.3109448422125065,0.9630658510384951,-0.6957977206906929
1776353281937,-1.6424213159538805,0.7858945029892027,-9.58967547454834,0.12749743368933553,-0.8861648045341745,-1.2280919184303876
1776353281954,-1.64915500812307,0.8116320977706462,-9.613618075671791,0.10333414539653447,-1.8152171139187994,-1.4359217682691818
1776353281970,-1.6724984743095934,0.8319828849472105,-9.597157354736327,-0.49873187545786857,-1.1239787045816487,-1.6447535214818525
1776353281987,-1.69225049187541,0.8373696925520896,-9.651475804901123,-0.37084384032537293,-0.4714906264486247,-1.478645455301258
1776353282004,-1.7049699804559348,0.8367713613327592,-9.621997196960448,-0.12240923624236692,-0.8003300840388886,-1.1921703527597038
1776353282021,-1.724422722814232,0.8267456418808549,-9.553463174438477,-0.013992069401594247,-0.7117748671806751,-0.6398848850104694
1776353282037,-1.7155942503228783,0.797865511289984,-9.565734042468666,0.07486986563903524,-0.1731826213764203,-0.2163579546673634
1776353282054,-1.7199335947014391,0.7878397187728434,-9.592818448749185,-0.08722207599001819,0.3572695330410602,0.15033187666259884
1776353282070,-1.707812948796898,0.7450434371627866,-9.630078212085365,-0.07374613943800946,0.7034487064998708,0.10347053573652316
1776353282087,-1.6162347352959214,0.7845476184248924,-9.579799977222084,-0.08151286493710733,0.6298860750349525,0.12333747495882752
1776353282104,-1.588701562334597,0.8113328956283629,-9.520543486133217,0.5521892047706196,0.24423406442387463,-0.149958484094496
1776353282121,-1.603665176580101,0.8092379691757261,-9.488071541595458,1.2069966657353917,0.4973550587315821,-0.06543790800377654
1776353282137,-1.6879110013663767,0.8517349025130272,-9.641300447845458,1.0101021622011994,0.48626752727453576,0.5693506953905113
1776353282154,-1.6971886789299546,0.8672972133040427,-9.74185691757202,0.0491647155019567,-0.3606868421014615,1.159972734290558
1776353282170,-1.6421218946158884,0.9491489825606345,-9.78076269454956,-0.8237027779352607,-3.2766415278883394,1.2882865890291215
1776353282187,-1.6238662530876695,0.9455577531356364,-9.605836335754393,-0.7888517376952706,-1.7419889482798,1.2064995560298617
1776353282204,-1.6716007948175071,0.9199697959579527,-9.511115732574462,-0.0682461296088567,1.0949294831547614,1.2748556623565261
1776353282221,-1.6958419404961167,0.9175755212325603,-9.432256715393066,0.3315598472314859,0.21209615674911345,1.5513372376469996
1776353282237,-1.7381895284906028,0.9623172378219663,-9.558700490570068,-0.127953775703257,-2.6309920699400853,1.8298025560045386
1776353282254,-1.791160947960615,0.9886533830184489,-9.595062428283692,-0.18325605650470483,-2.738656982157231,1.8604227209405289
1776353282270,-1.8794474264398215,1.016186775175482,-9.615264089313149,0.05991804793734842,0.6814813773860817,1.4793231381329701
1776353282287,-1.8520634526908397,0.9961352632064372,-9.567080196380614,-0.019519239904868393,2.0582668342127644,0.9676807110398965
1776353282304,-1.8240815130487082,0.994489322630316,-9.536554125213623,0.1346853540171277,1.2934213971810902,0.7247231982997268
1776353282320,-1.8474248331047594,1.0335446641463786,-9.501987838745116,0.17536078471099323,0.45096969661329167,-0.02964515543197097
1776353282337,-1.838446430748701,1.0423732097029685,-9.56393780670166,0.22828274458669165,0.6213784874543199,-0.6338735714889178
1776353282354,-1.7842777643181382,1.0199275691390037,-9.599102643585205,0.282226778238659,0.02620119262555071,-1.1447829271849785
1776353282371,-1.6873125970818101,0.9578280366439371,-9.555259410205483,0.2001400706895648,-1.1516663704861763,-1.8901596570394719
1776353282387,-1.7314558363214134,0.9784780990280211,-9.472209955596924,0.45256619997092923,-0.3925111213633575,-2.3043596172253817
1776353282404,-1.8001394964471458,0.9693501321334391,-9.478794594684242,1.3666484956030316,1.012745658853406,-2.225864095075833
1776353282421,-1.873910688970238,0.8087890563644469,-9.600150691333413,0.5855122569880837,0.7130184952181463,-2.750386551396258
1776353282437,-1.7440252489067614,0.7571640830673277,-9.76834335795939,-0.31169072021421307,-2.0269228826681642,-2.6595347901513335
1776353282454,-1.7057180223442614,0.8034020295638591,-9.738715112414955,-0.9844227853560672,-2.4566662189709074,-2.507208124725121
1776353282470,-1.7137983068168163,0.9005168344039469,-9.598354455566406,0.33144741591444515,2.7637888766517045,-2.4353566690907025
1776353282487,-1.7016778070427476,0.8608629424728452,-9.515155947875977,1.3108633524437756,6.13778173111047,-2.269676770393703
1776353282504,-1.6674106496512888,0.7953215989608318,-9.521889640045165,1.0693416735331895,4.200292705104218,-1.698875620299916
1776353282521,-1.5514416528679429,0.6860860751509666,-9.57052244578898,-0.1322369713235161,-1.3045317670831738,-1.442867537046556
1776353282537,-1.5435108598686753,0.7193056962508708,-9.690082891193033,-0.36483562173328893,-2.118051480017886,-1.3354084909998627
1776353282554,-1.5779275087334215,0.7682372657455504,-9.690381581878661,-0.4128107103808998,-0.7309634832410324,-1.1405984758229937
1776353282571,-1.654242686650902,0.8141759370345621,-9.660304423522948,-0.5511566189063312,1.0031714411843407,-0.9788403863700511
1776353282587,-1.6825241937614976,0.8367712152022868,-9.603741409301758,-0.4881836087801359,-0.09550717549452299,-0.9698987082511524
1776353282604,-1.7012288942314684,0.8539795396346599,-9.5890769241333,-0.3045429806086476,-1.1523558994272303,-0.7245878751767958
1776353282621,-1.70018143100515,0.816869413902238,-9.565883680072426,-0.22167357606935226,-0.3577294502321253,-0.48321960871827047
1776353282637,-1.700779981420189,0.7876901542343199,-9.581894319152832,-0.15803440905566918,0.37381017013756834,-0.16993758782957666
1776353282653,-1.7112546136833726,0.827194481626898,-9.599701778522133,-0.16130462892507721,0.14757786968405567,0.004142136205642498
1776353282670,-1.7022763574577866,0.8928853896774351,-9.629778352355956,-0.2135145949406547,-1.2002268810508512,0.012457838159280131
1776353282687,-1.6979367208182812,0.9126374072432517,-9.625588499450682,-0.37219074829361415,-1.783600808581045,0.27963920376028195
1776353282704,-1.7363938772454857,0.9492987662948668,-9.571719546619057,-0.3053416324938631,-1.2950839079137537,0.3110453206984997
1776353282721,-1.742977785680443,1.0208255408920348,-9.520842761340736,0.4214493522162321,1.130812522289658,0.6683263796837843
1776353282737,-1.7636276288688182,0.9696493342757224,-9.562441430664062,0.6990436613720357,1.691468813753566,0.7459543077261824
1776353282754,-1.7262183740593493,0.9458570283431559,-9.561842880249023,0.22909537701536448,0.8325144156556648,0.8425029803474265
1776353282770,-1.6970391874566673,0.910692191459611,-9.629329439544676,-0.01961112729354622,-0.6080610059549701,0.2729597589996855
1776353282787,-1.6992836053825915,0.8949803161300718,-9.620351183319091,-0.029498839973344602,-0.2419111064149827,0.0711317778114813
1776353282804,-1.7061669351555406,0.8479940354842692,-9.558401215362549,-0.2049280066173173,0.6201700775797565,-0.363885798551834
1776353282821,-1.7063165727593004,0.8352748391646891,-9.555857960620521,-0.16830319826638665,0.26392331200605285,-0.8694732629456913
1776353282837,-1.7079625864006578,0.8432056321639567,-9.559299625506997,0.12411729046297257,-0.013643943197335159,-1.1047532161719436
1776353282854,-1.7073638898551462,0.8858523492354899,-9.562890343475342,0.20364401109463423,0.4773578123065186,-1.122581397287852
1776353282870,-1.703922371099144,0.9051556731857359,-9.536105796924232,0.3626007091316667,0.7156653536040849,-1.4184460889474695
1776353282887,-1.7227767091728745,0.8698412717636674,-9.534609420886635,0.29701840665996787,0.4492774105247152,-1.1882519586102323
1776353282904,-1.7745513200737535,0.7161633065719157,-9.641749945178628,0.6724557092847331,0.3562168834960848,-0.7698673869797789
1776353282920,-1.7717083517327903,0.6606477555770427,-9.684247024646401,0.2504549260147282,0.2433016368804621,-0.6719032643747553
1776353282937,-1.7257693151175975,0.6905752032637595,-9.657012396240233,-0.5262476126943822,-0.15853167884375782,-0.4698886269231394
1776353282954,-1.6931486097589135,0.7776643617171793,-9.588478373718262,-0.4772391377696896,0.24458080324595854,-0.1368326747787298
1776353282971,-1.6994332429863512,0.8352748391646891,-9.560047229003906,0.08823697273157331,0.7214318475325739,0.07981865785782682
1776353282987,-1.686863684270531,0.8818122069992125,-9.53161666881144,0.4359237503671056,0.5358086502327837,-0.027801591325449324
1776353283004,-1.6735459375359116,0.9237106629867106,-9.56902606975138,0.07615895712316936,-0.38579053538518226,0.13729699424015843
1776353283021,-1.677286877629906,0.948400867607072,-9.600150691333413,0.024319262065800634,-0.48873039743970714,0.2189471566517536
1776353283037,-1.663819493291527,1.0520997270125896,-9.635016253009438,0.21157962369313124,-0.08953129357929074,0.03885193026803081
1776353283054,-1.6952433900810777,1.0886113753952085,-9.56962403564453,0.2489844609916185,0.09933090749096653,-0.07278172206328896
1776353283070,-1.6941959268547593,1.0688591386336832,-9.558101940155028,0.07298958926572478,0.45080182337009744,-0.26458469309720695
1776353283087,-1.6862649877250193,1.0018213460188359,-9.599701194000243,0.11994089658977422,0.4816551752332202,-0.44120519414281795
1776353283104,-1.6934477388359606,0.934334932853654,-9.578902151599525,0.13447041650168384,0.7007881343747393,-0.8881601802671701
1776353283121,-1.6822249185539782,0.9066519030928611,-9.590573300170897,0.19746525121671146,0.5813977083433858,-0.8671844025217965
1776353283137,-1.6919512166678905,0.8340776652693748,-9.60852981262207,0.05562756856066971,0.47190017099456105,-0.8763648170965284
1776353283154,-1.6874620885550975,0.7579121249556541,-9.586832360076905,0.017865587073784838,0.18645429258356333,-0.7505282933142695
1776353283170,-1.695093752477318,0.7284336631454527,-9.592069676208496,-0.12210545290686002,-0.01344666812419815,-0.5561982056482997
1776353283187,-1.6995830267205834,0.6588521043319254,-9.615862055206298,-0.09328160104215664,0.09074034378408877,-0.6157685009073594
1776353283204,-1.6971886789299546,0.6254829186934977,-9.600749241748451,0.09030315831635506,-0.10887249499848922,-0.2981500836280743
1776353283221,-1.7085611368156968,0.6015409020919352,-9.597007717132568,0.11435134724947082,-0.3027437860513046,-0.18069967144484245
1776353283237,-1.7164919298149643,0.5943583701767027,-9.645639938354492,-0.1554400310685486,-0.012398127364895411,0.20761416527140994
1776353283254,-1.709758237645775,0.7234955491561442,-9.69831237487793,-0.6013553610156044,-0.6768340739861227,0.5060932185575556
1776353283270,-1.7105065717950463,0.8342273759383708,-9.646837623706459,-1.1092408639000535,-1.6851109748533422,0.21572757623173883
1776353283287,-1.665615144536644,0.970098320152238,-9.584138883209228,-0.8403199878556671,-1.4565190574850015,0.3410479938448386
1776353283304,-1.6804294134393334,1.050603350974992,-9.519944935718177,-0.2861409035198994,-0.1584441937254435,0.12045908383219606
1776353283321,-1.6720497076287866,1.0808302199997006,-9.513211243548989,-0.45790495330264624,-0.5358632917461438,-0.10425627429533908
1776353283337,-1.7126013521172105,1.09010767836757,-9.554511222186685,0.022448003676628706,-1.7519251659748762,-0.5177322877900804
1776353283354,-1.7476165513969957,1.0419243699569254,-9.545084053149818,-0.3189837347417735,-0.9699939040127095,-0.9656188476841989
1776353283370,-1.7438756113030016,1.0136428628463297,-9.571270633807778,0.029898406039790347,0.5462082002135098,-1.1959999544499653
1776353283387,-1.7417806848503647,0.9709961457747965,-9.606585108295082,-0.04472599967594756,0.40328168935423286,-1.0908908136428739
1776353283404,-1.7395361207939684,0.923561098448187,-9.602693946075439,-0.5739618201322104,-0.7802205130184902,-0.9236239631809045
1776353283421,-1.7440252489067614,0.8858523492354899,-9.591920623126626,-0.3026922127869857,-0.9444257311850014,-0.8695878286968477
1776353283437,-1.7419303224541245,0.8179168771285563,-9.556007598224282,-0.10430632677535058,0.3003431079601773,-0.941694295847231
1776353283454,-1.7146962785698472,0.7998107270736247,-9.558401215362549,-0.06707806053907873,0.4584535562312158,-0.7695458344802594
1776353283470,-1.7066158479668199,0.806095579496771,-9.57620809020996,0.15865691676549237,0.24732456494074673,-0.6323935015122877
1776353283487,-1.7067654855705796,0.7769162467636167,-9.597457214465736,0.32216460186301604,0.2026426946901398,-0.5551072963718018
1776353283503,-1.6873125970818101,0.7269373601730913,-9.583989245605467,0.04154019667581263,0.13014818741753514,-0.43787400949898225
1776353283521,-1.6786336160637438,0.7257400401473045,-9.607781624603271,-0.2607546912005487,-0.10874504260135973,-0.46362112794685933
1776353283537,-1.6298519033685326,0.8566730895675718,-9.629030748859048,-0.5843333023043161,-1.2968996710159193,-0.1904500332893001
1776353283554,-1.6885096979118883,0.9663573800582438,-9.57605903712809,-0.42231758665361707,-1.0321248265194363,-0.7502856615161755
1776353283571,-1.6639689847648143,0.9510943444747477,-9.551517885589599,0.08286486886679961,-0.6435867408189105,-0.5783572069456723
1776353283587,-1.7331017038322984,0.9120389298934489,-9.529670795440673,0.8586934635272658,0.9765546208756241,-0.1837307813324472
1776353283604,-1.8013364511467516,0.8866005372542888,-9.552714986419677,0.1633046470522745,2.1431195549323023,0.11419708102376373
1776353283621,-1.7815842874504624,0.8789689463973045,-9.607482933917641,-0.015348022034400449,0.941663026387437,0.40025170004453886
1776353283637,-1.7417806848503647,0.7803579116500914,-9.707740128436685,0.05622969242468864,-1.7061757051404847,0.5949586220536229
1776353283654,-1.7260687364555893,0.7160137420333922,-9.520542901611327,-0.09567136683886775,0.16016356044686197,0.5961487291556448
1776353283670,-1.7398353960014878,0.7582115462936461,-9.473258003345132,-0.04694100867944154,2.934681703789304,0.26087592705831647
1776353283687,-1.7290614885307847,0.8183658630050719,-9.618256841388344,0.5439722737556827,0.9311387720935052,0.3430433695778343
1776353283704,-1.7069151231743394,0.7634488624252378,-9.606136195483803,0.07348275026814086,-1.6820508366617648,0.28760822025268856
1776353283721,-1.7034733121573924,0.7849965312361716,-9.56962403564453,-0.2890449078559184,-1.6874110410563439,0.1064590103026682
1776353283737,-1.7233752595879137,0.8684944602645933,-9.577255553436279,-0.008986554596179823,0.24147077265692846,-0.5020298429707798
1776353283754,-1.7341493131890893,0.9029111091293394,-9.597457214465736,0.5615607045595531,0.30375291982074754,-0.6243564499324454
1776353283770,-1.746120175359398,0.9045570497054606,-9.58234323196411,0.2200586632174674,-0.3377820695240882,-0.7068833845178881
1776353283787,-1.7444741617180406,0.9296961671371012,-9.60164706737101,-0.24331431008302365,-0.5871607871772898,-0.7003341935991979
1776353283804,-1.6742941255547106,0.9287983415145427,-9.632622051349282,-0.5373816748151493,-0.14291639897765418,-0.6446701795760038
1776353283821,-1.6543921781241893,0.9385247857589274,-9.623942485809325,-0.31837990333046207,-0.38116687084305384,-0.7208628073973472
1776353283837,-1.6463118936516343,0.9267034150619059,-9.552865208545327,0.0308950800500833,-0.551732435869875,-0.6794973675147518
1776353283854,-1.6813270929314195,0.8378186784286051,-9.57665700302124,0.27162370996500756,-0.15697658350796345,-0.5243886273013753
1776353283870,-1.690604624364525,0.8080407952804118,-9.579051789203286,0.058590536639132974,-0.009863807017703336,-0.18907284303704341
1776353283887,-1.68895875685364,0.8011575385726988,-9.616161914935708,-0.4636522906849475,-0.587959599145064,0.08337707969369769
1776353283904,-1.721878883550316,0.7776643617171793,-9.631274728393555,-0.010267908756644793,-0.8447803148270969,0.43814393537332996
1776353283920,-1.710506425664574,0.7739234216231853,-9.604788872528076,0.040665932462051,0.14270746455816055,0.795458985221906
1776353283937,-1.7347477174736559,0.7782629121322184,-9.579200842285156,-0.12050593466103411,0.689241059252598,1.2096537160442324
1776353283954,-1.7233752595879137,0.7963691352523863,-9.591621347919105,-0.15701060105168127,-0.36184949504467107,0.923490881213795
1776353283970,-1.739685758397728,0.8262965829391032,-9.598055180358886,-0.12504344810617044,-0.4768397317858025,0.8985884383867516
1776353283987,-1.7444741617180406,0.9211668967880308,-9.585186346435547,0.06773173098699012,0.4566028417704068,0.6666505287378982
1776353284004,-1.7585400964714586,0.9546856469649821,-9.573814473071694,-0.040666732874844354,0.4540392796758306,0.5931947257004672
1776353284021,-1.7504596658684313,0.9406197852768003,-9.583989830127358,-0.11514927876317227,-0.250610312818346,0.3950550466640699
1776353284037,-1.7506091573417186,0.9099440765060484,-9.606734745898843,-0.21493735536128009,-0.49084594181341284,0.28206802970130906
1776353284054,-1.6991339677788315,0.8812135835189372,-9.597307576861978,-0.5284050453376071,-0.579486856201369,0.055636266379690894
1776353284071,-1.6840205697990953,0.9105426269210875,-9.594463877868652,-0.5080586588520797,-0.7577068754928059,-0.2399809376442194
1776353284087,-1.7253205484367906,0.9135353789962828,-9.552116436004638,0.08540986138456984,0.06828764435240568,-0.29394612887435795
1776353284103,-1.742977785680443,0.8491911363143473,-9.552714986419677,0.06319307028351664,0.20322112633547523,-0.17672810320546517
1776353284121,-1.7386382951714097,0.8174680373825133,-9.592069676208496,-0.2663960272485826,-0.2525298894598105,-0.3200621308982686
1776353284137,-1.7176888845145701,0.8164204280257225,-9.62783306350708,-0.7058002659259122,-1.1121932131687917,-0.1338994553757531
1776353284154,-1.7081122240044175,0.8604141027268022,-9.623045244708656,-0.6512013878872699,-0.8872844753103805,-0.23248886045495012
1776353284171,-1.723225621984154,0.8656512727279215,-9.626037996783852,-0.6186212788246033,-0.7087161697321258,-0.10654083917057612
1776353284187,-1.737291556737572,0.8572715669173747,-9.584588380542398,-0.3413463877342035,-0.6245559661614039,0.365018702819557
1776353284204,-1.7265176492668688,0.841858966795355,-9.533561957660316,-0.4200206954213623,-0.8805526835530982,0.5466898352717016
1776353284221,-1.73205424060598,0.8822611198104917,-9.557952887073158,-0.3039551574532034,-1.0759633284901051,0.6575512760204132
1776353284237,-1.7401348173394797,0.8521838153243064,-9.602395255389808,0.05628721542410484,-0.8272328651582466,0.7509212959958097
1776353284254,-1.7393863370597362,0.7564158219832926,-9.685443540954589,-0.541231713712068,-0.8474812811178667,1.2873899132571458
1776353284270,-1.6880606389701365,0.7920295716781168,-9.642048635864258,-1.2458516909328903,-1.2494518409557216,1.4228761069544575
1776353284287,-1.677286585368961,0.902910962998867,-9.568277297210694,-1.2102849749339297,-1.4800855579990728,1.3674420782072225
1776353284304,-1.7245723604179917,1.048658062126115,-9.485827562060951,-0.5082433407639344,-0.5502759513902227,1.5546217048641295
1776353284321,-1.7305578645683823,1.0839725366134196,-9.485528286853432,0.38607585586558896,1.42921324184376,1.6357210231913337
1776353284337,-1.7060174436822533,1.0752935555953531,-9.509470303454995,0.2451131844752493,1.546503598148746,1.604407594054587
1776353284354,-1.6946448396660387,1.0158874269027263,-9.55780266494751,0.5314563256276046,-0.1949905349421983,1.4363992411808482
1776353284370,-1.7296600389458239,0.8655016351241618,-9.574861351776123,0.6167563170160724,0.3050485746897872,1.2088235278949586
1776353284387,-1.773354073113203,0.8262965098738669,-9.62094973373413,0.5989817101964663,1.2476337299760287,1.1675203067668336
1776353284404,-1.7995407999016344,0.8372202010788024,-9.602544892993569,0.353193137406179,1.2675921830610408,1.17649240057188
1776353284421,-1.7781426225639878,0.8104349238753318,-9.526378768157958,-0.14489205787550682,1.027022461766025,0.9825630529111196
1776353284436,-1.8001393503166734,0.8307856379866599,-9.515754498291015,0.7153984426179255,1.4347525252606403,0.769367289066487
1776353284454,-1.7877192830741404,0.8581693194746971,-9.49914472427368,1.035997757222245,2.966366951348993,0.35882409476832566
1776353284470,-1.7170903340995312,0.8370704173445701,-9.610325463867188,0.5422033081215023,1.525321473985244,-0.13118928433785965
1776353284487,-1.6970390413261949,0.80280347914882,-9.674819855609536,0.34918445669361625,-0.8966089641879172,-0.46498263010836616
1776353284504,-1.7293607637383044,0.7260394614852964,-9.63995429393351,0.2750267449972606,-0.8251978956724059,-0.7966019213299724
1776353284521,-1.7522553171135484,0.7239444619674236,-9.579949614825845,0.33880849220986775,1.3451359610384301,-1.0588852942441347
1776353284537,-1.7661716142632067,0.7722774079818278,-9.56977367324829,0.24002613428661787,1.3012381217993467,-0.889613996704178
1776353284554,-1.7842777643181382,0.8387165771163999,-9.571270633807778,0.26324626950457536,0.3369740528091904,-0.6482172355502089
1776353284570,-1.7703616132989526,0.8855530740279703,-9.608829087829589,0.16927183114848554,-0.05839779723849168,-0.3135571494461984
1776353284587,-1.7624306741692124,0.8928853166121989,-9.588328736114502,-0.003172195982647797,0.6290730690803095,-0.386528996228337
1776353284604,-1.7280141714349389,0.9123381320357322,-9.565134907531737,-0.06037740483945822,0.8053426424768846,-0.4396601039669406
1776353284621,-1.7506094496026634,0.9802736041426658,-9.553763034167885,0.19751519697501718,0.9374686499068144,-0.5683402542801725
1776353284637,-1.7752995080925522,1.0042157668747007,-9.552565933337807,0.4018657057619246,0.716511550009226,-0.9713017785170611
1776353284654,-1.780686461827904,1.0163364127792418,-9.626935822406411,0.10651765387999511,0.09441626621802501,-0.8671957150226094
1776353284670,-1.8107634740531444,1.0407271960616111,-9.644442837524414,-0.4640642898301168,-0.18094667883287363,-0.7943847245315099
1776353284687,-1.8161505739189683,1.046114295927435,-9.657611531177162,-0.6827019535351042,-0.27920911528598275,-1.15484347566729
1776353284704,-1.7815842874504624,1.1183892585434019,-9.658060443988441,-1.3482902277745068,-0.5697059719490578,-1.5267001049805289
1776353284720,-1.6476586320854723,1.097290356413275,-9.605537645068765,-2.0734036006305705,-1.9776718826670834,-3.681565023964314
1776353284737,-1.615935460088402,1.0607787080306559,-9.524434063830972,-1.2117033064037652,-2.184463330308624,-4.910352341029574
1776353284754,-1.7325031534172592,0.9217653741378337,-9.329904594421386,0.32232233654416104,-0.621121074699975,-5.495419088256873
1776353284770,-1.9188018239676952,0.7704817567367106,-9.3975407913208,1.8741106334806459,1.087237622932269,-5.68401768671385
1776353284787,-1.9399008722282944,0.748485028984025,-9.515455807605385,1.8272350452068484,1.245625227473222,-4.930179526416475
1776353284804,-1.8942614030815659,0.7624012530684471,-9.702502227783203,1.1343486392890205,2.3906752790877714,-3.8765447266533757
1776353284820,-1.8620894644036887,0.7607554586227983,-9.718363813781737,1.3736267077789632,3.9214122393111897,-1.8766132574812209
1776353284837,-1.8091177526727318,0.712272801939398,-9.671078330993652,1.6271531912077875,4.026915610099437,-0.5241022396039107
1776353284854,-1.6554396413505077,0.5880734446883201,-9.583241057586669,1.204427447390409,3.5545642730936855,0.7212715515304902
1776353284870,-1.4805135748162865,0.519389857627824,-9.645639938354492,1.0982835329240606,2.118239310220061,1.0507422146495984
1776353284887,-1.4203592581048607,0.5624855605758726,-9.67227543182373,0.7725630705461125,0.28310787264159065,0.6846617375792219
1776353284904,-1.310076198003441,0.6896775237716734,-9.662848847308755,0.6180179276609679,-0.16816253905816672,0.6423941791176557
1776353284921,-1.355565737285465,0.7423498141646385,-9.690531219482422,0.8405521075657417,0.1850936975565556,0.4219504639857289
1776353284937,-1.3985120218254625,0.7546203168686478,-9.645939213562011,0.45543071727580914,0.09812826058851538,0.6846075229526849
1776353284954,-1.4996668958365917,0.8470961367964744,-9.623493572998047,-0.5965757227004764,-1.6491542977414562,0.8941520704382696
1776353284970,-1.5765806241691112,1.0184312661666421,-9.64010334701538,-1.0041338575270777,-2.453895936932233,1.2196075428207624
1776353284987,-1.6020191629387437,1.1059693374313413,-9.636212769317627,-0.9154036170713825,-1.6677409500203535,1.206442780082386
1776353285004,-1.681626368138939,1.066614647642523,-9.592967501831055,-0.6981052574130995,0.08565083899622435,0.9784399665299591
1776353285021,-1.7112546136833726,0.9494484038986265,-9.547328617206215,-0.7010807119311391,0.014804274943443966,0.5085608911994871
1776353285037,-1.7208312741935252,0.9316414559859781,-9.551517885589599,-0.8938842523176111,-0.7792077240306242,0.14043760059789492
1776353285054,-1.7447732907950877,0.9276011676192283,-9.636362406921386,-0.6846300945934576,-2.000740419701978,-0.26809383618543325
1776353285070,-1.8201906430900097,0.8707389512557536,-9.657610946655273,-0.8999634408440398,-2.010594675127014,-0.4436145166921135
1776353285087,-1.8558045389153062,0.8210593398727476,-9.645041972461343,-1.4906246466101083,-1.2443953665357965,-0.668457860825307
1776353285103,-1.8760056154228746,0.7631495141524821,-9.570970774078368,-1.3117916178406628,-0.6851455604323821,-0.9215401151538158
1776353285121,-1.8631367814995348,0.7635985000289977,-9.507674652209877,-0.5804527943603969,-0.8351783495145284,-0.8534213579008093
1776353285137,-1.873461922289431,0.7594085740584879,-9.49989349681437,-0.27540502008340295,-0.7272639753101185,-0.6363529835184852
1776353285154,-1.834705490654707,0.7802081279158591,-9.53146644668579,-0.22087943317620606,-1.0527686463989767,-0.3623325174850379
1776353285170,-1.8095665193535386,0.814924125053361,-9.587431495013833,0.10172190058729412,-0.3805885192389977,-0.1386691685722434
1776353285187,-1.807471592900902,0.8104349969405681,-9.578004325976968,-0.01820901752298954,0.7420325518429787,-0.14176126991470223
1776353285204,-1.7880187044121323,0.8643045342940837,-9.56378875361979,0.5414957965730242,0.7670776282297989,0.30780653037144434
1776353285221,-1.737890107152611,0.9326889922775328,-9.536554125213623,0.3341593745409105,-0.12415768462861085,-0.033471555471059046
1776353285237,-1.7129003350637853,0.9358313088912517,-9.545981294250488,0.5431628429781833,0.017367676955461486,-0.2366755796531828
1776353285254,-1.6810278177239,0.9265538505233823,-9.608530397143959,0.45281294055469595,1.0146568311605402,-0.3360123301575409
1776353285271,-1.6252129915215074,0.9365794969100505,-9.640253569141029,0.4415380057822974,1.281782434670271,-0.3399539095975936
1776353285287,-1.6144390840508043,0.9340356576461344,-9.625887774658203,0.12537340494002022,0.38655402246834275,-0.5391935959359068
1776353285304,-1.5915445306755602,0.915779869987443,-9.593865327453612,0.19514037221711547,-0.748150480348606,-0.5195124592033679
1776353285321,-1.6282057435967028,0.8717863414168358,-9.574711714172363,0.36478754360483434,-0.17165818185061163,-0.7022974994596063
1776353285337,-1.648406820104271,0.8328807105697691,-9.580697802844643,0.15988912558044496,0.41871114005014454,-0.5995233228533071
1776353285354,-1.6566368883110583,0.8120810836471617,-9.632023500934242,-0.05737180143953527,-0.06760441199199285,-0.26702573867354606
1776353285371,-1.6561878293693064,0.8391653437972069,-9.618854807281494,-0.16488415497826636,-0.41675060895408644,-0.26016393319819553
1776353285387,-1.6624726087272166,0.8295886102218181,-9.607033436584473,-0.296629619485806,0.12464108059494793,-0.1961639134168389
1776353285404,-1.672797749517113,0.8007086257614194,-9.626187049865722,-0.062242633452253504,-0.10897945682810868,0.227517870121356
1776353285421,-1.694794331139326,0.7755694352645427,-9.571868599700927,0.0374735660770105,-1.194382907163965,0.11385514467843998
1776353285437,-1.6805787587821484,0.7531237947005778,-9.559897591400146,-0.1646832513671328,-1.3278421355033696,0.1995279683460553
1776353285454,-1.7407330754935741,0.7407038735885173,-9.599551556396484,0.09846550117878476,0.28875083619563763,0.21129974601971938
1776353285471,-1.737291556737572,0.8081903598189354,-9.586683306995033,-0.17946946366187325,0.6332563465035307,0.4608923072908806
1776353285487,-1.7377404695488512,0.8529320764083415,-9.606584523773193,-0.4944590585234967,-0.6308687685017881,0.5386148974863069
1776353285504,-1.7437258275687693,0.8985714724898338,-9.589376199340819,0.11231749834154085,-0.8016286203939844,0.5820828616945026
1776353285521,-1.7494122026421128,0.8683448226608336,-9.546879704394936,0.1531499700254638,0.28658246457757014,0.5874996285931459
1776353285537,-1.7543500974357127,0.8381178805708884,-9.566481645965576,0.15358096563426218,0.9361188337720907,0.3244354263186337
1776353285554,-1.7408828592278063,0.8587679429549724,-9.591471710315346,-0.0748163180231594,-0.281975288538985,0.28705412115627127
1776353285571,-1.7292111261345444,0.9249078368820249,-9.585635259246825,-0.15555168865322241,-0.6050702902330037,0.1881819035567534
1776353285587,-1.7245723604179917,0.9407693498153239,-9.57635831233561,-0.1289961799644773,0.27033894070995756,-0.011651075424425266
1776353285604,-1.7274154748894273,0.9213165343917906,-9.573814473071694,0.3326685256719965,0.4932878411633982,-0.22408004381301816
1776353285621,-1.7085609906852244,0.8831588723678141,-9.573514613342285,-0.05371452862368434,-0.14221016808964546,-0.6540574208165401
1776353285637,-1.7088604120232165,0.874928804161027,-9.592219898334145,0.05578327552940484,-0.2953030953633691,-0.6406684891351697
1776353285654,-1.708411499211937,0.8565233788985759,-9.59625952911377,0.01597682632486475,0.06019632478517355,-0.7799687031536988
1776353285671,-1.711553888890892,0.8433552697677165,-9.585186346435547,-0.09210488751421038,-0.006637343047665672,-0.49726642635493057
1776353285687,-1.737291556737572,0.8303368713058531,-9.57650736541748,0.07153897447989042,-0.04444286699050937,-0.30879992268928447
1776353285704,-1.7407329293631015,0.8298878123641014,-9.60194575805664,-0.03871068409042906,-0.0008693550152956854,-0.3406834324978891
1776353285721,-1.7316053277947008,0.8150737626571207,-9.610325463867188,0.11627287156206581,0.34869428389896207,-0.19992110442972771
1776353285737,-1.7085609906852244,0.8497896136641502,-9.611373511615396,-0.046360175795726,0.07995093941214293,-0.06403409068592736
1776353285754,-1.6915024499870837,0.8643046073593199,-9.605985973358154,-0.26693241054184014,-0.30718175482537324,-0.08315632584528876
1776353285771,-1.675940139196068,0.8686440978683531,-9.60194575805664,-0.248615043807056,-0.5048505510154364,-0.3090562415461451
1776353285787,-1.6909038995720445,0.8581694656051695,-9.572617372241616,-0.022228477127836262,-0.1965913872093465,-0.5619570156139725
1776353285804,-1.700779981420189,0.8354245498336851,-9.565734042468666,0.1722134548857925,-0.19839042168413085,-0.4908123244760917
1776353285821,-1.704072008702904,0.7888871819991617,-9.580997078052162,-0.15456878174297528,-0.2963365883621566,-0.8075085061348662
1776353285837,-1.7131997564017771,0.8300374499678611,-9.61451531677246,-0.06285492255874812,-0.7940419877733927,-0.40114653486708984
1776353285854,-1.72561982364431,0.8623593185104429,-9.620351767840981,-0.19311596818014715,-0.2766454731501272,-0.12860392433487758
1776353285871,-1.7404338002860544,0.8966263297714292,-9.594165187183021,-0.18732415452696147,-0.00808560995597283,0.07945046797288083
1776353285887,-1.7322038782097398,0.8854035094894468,-9.575010989379882,-0.10158276216338155,-0.19336999252033346,0.19858956438711903
1776353285904,-1.7428281480766832,0.8889948850449174,-9.564237081909178,0.1758022924078111,0.0019590903530300637,0.2951581939673443
1776353285920,-1.7470180009819567,0.8458991090316325,-9.57665700302124,0.10127836517806642,0.3874723627465921,0.4291455880286613
1776353285937,-1.679082528875023,0.8433553428329527,-9.635465165820717,-0.13577959834693135,-0.1517096805646638,0.41327052085025917
1776353285954,-1.6645676813103258,0.8738814139999449,-9.623344519916175,-0.3874037673702011,-1.532853251649064,-0.08484749135595449
1776353285971,-1.6783343408562241,0.8684944602645933,-9.585037293353675,-0.05987525253333006,-1.0068951749424668,-0.22480001512064626
1776353285987,-1.7516567666985094,0.793526093846187,-9.53790144816935,0.3229955904250833,0.41405439177922393,-0.4262332327191649
1776353286004,-1.7473172761894762,0.7879894294418394,-9.543138764300942,0.12130341260748599,-0.06909691504734641,-0.1521230937724347
1776353286021,-1.782482113073021,0.8313843345321714,-9.608081484332681,-0.12971895271688216,-0.9164022120723795,-0.13752044281163833
1776353286037,-1.76392705020681,0.8378187514938413,-9.6151138671875,0.0677651348808997,-0.2837672793811878,-0.13278242596176512
1776353286054,-1.7432770608879624,0.8333295503158121,-9.591022797504067,0.08795330643760622,1.010191808434056,-0.1086359196571982
1776353286071,-1.7134990316092966,0.832730926835537,-9.573514613342285,0.1007193035223303,0.9016367304689872,0.04315889814825276
1776353286087,-1.7105062795341013,0.8720856166243552,-9.58264250717163,-0.06353148481254962,-0.6624474544382545,-0.029697875954627004
1776353286103,-1.7133496862664819,0.8964766191024333,-9.592069676208496,0.060507525279232255,-0.3940841726261496,0.09838786113782876
1776353286121,-1.7319046030022203,0.8903415504135191,-9.583989245605467,0.08406708888242764,0.047413625753494684,0.18931496790703506
1776353286137,-1.7265173570059238,0.8548772921919823,-9.561693242645264,0.19398585680397176,0.4924930312595908,-0.017990558191254915
1776353286154,-1.7233752595879137,0.8478443978805095,-9.573364975738524,0.16124961388574688,0.27445754477947526,-0.14217324237944506
1776353286170,-1.747167492455244,0.8388661416549235,-9.594912790679931,0.30815732461834794,-0.029314531587460037,-0.05063293936924499
1776353286187,-1.7413317720390855,0.8327309999007732,-9.623194882312417,0.0777230170822494,-0.1124900940202159,-0.02719829352266679
1776353286204,-1.7413316259086131,0.8406619390305131,-9.62843161392212,-0.1519473498034391,0.06701231996831737,0.06191294342266816
1776353286221,-1.7079625864006578,0.8381180267013609,-9.596260113635658,-0.25404389693887897,0.30828427008737497,-0.16468010307681225
1776353286237,-1.694195780724287,0.8307857110518961,-9.568277297210694,0.01761180285743655,0.32049152568148026,-0.2407935433924658
1776353286254,-1.6894075235344468,0.8243512940902262,-9.552715570941567,0.05424701657468088,0.06567968602822441,-0.1274007171434711
1776353286270,-1.6961412157036364,0.8547276545882224,-9.598953005981445,0.004055638263106634,-0.5724400753294727,-0.1273815605972833
1776353286287,-1.7325031534172592,0.879567642942816,-9.5946140999943,0.14802828864330628,-0.8820604478123786,-0.37298393069140834
1776353286304,-1.7329519200980663,0.8735819926619529,-9.591920038604735,-0.15043515659336884,-0.5004199460390666,-0.10317686428263906
1776353286321,-1.746868363378197,0.8719360520858317,-9.593117139434813,-0.25348846382113943,0.006201011353578217,-0.08420580041951709
1776353286337,-1.7413317720390855,0.8720857627548276,-9.604639234924315,-0.09316439392878216,0.01857592674746616,-0.10849779508949056
1776353286354,-1.7419303224541245,0.8714872123397887,-9.594015549579263,-0.03240209725742314,-0.44475321061237516,-0.09033754938604314
1776353286370,-1.7446237993218003,0.8689433730758727,-9.579949030303954,0.042257366538663965,-0.22840285986654865,0.1177900273314549
1776353286387,-1.7474667676627635,0.8497896136641502,-9.577105915832519,-0.021992195271236133,-0.029415757125393745,0.03329818606001708
1776353286404,-1.7536020555473864,0.8453005586165935,-9.58294236690104,0.018718240142125725,-0.08782641432943208,0.03755536826449198
1776353286421,-1.7516566205680368,0.8448516458053141,-9.604040684509277,0.13337870681239253,-0.27793987403912396,-0.010628734843891874
1776353286437,-1.7643759630180895,0.8262966560043394,-9.612121699634194,0.048906022087142474,0.4346455444969612,-0.06951240932838004
1776353286454,-1.7555473443962633,0.8355741143722086,-9.60179612045288,-0.1931798678014838,0.9051379494705591,-0.06744854494069905
1776353286471,-1.6843198450066148,0.8270447709579021,-9.603442718616128,-0.051969095125628736,-0.586840355255681,-0.064088465395023
1776353286487,-1.697338170403242,0.8402128070235252,-9.548525133514405,-0.07928966504269462,-1.3956862978074003,-0.4733922471630915
1776353286504,-1.7022763574577866,0.8135773866195232,-9.553763034167885,0.26958943417025444,-0.33905005679090405,-0.4291511642377884
1776353286521,-1.7543500974357127,0.7848468936324119,-9.597007717132568,0.2064217636527138,0.18444867156681255,-0.4584049978550852
1776353286537,-1.7604853853203355,0.8289901328720152,-9.6206510430485,-0.30363376503624256,-0.41776996132685795,-0.2907261482479465
1776353286554,-1.7738029859244822,0.8524830905318259,-9.63441711807251,-0.1815172931132606,-0.6381305402499811,-0.060391198619930475
1776353286570,-1.7565948076225817,0.8578701173324137,-9.584737433624268,0.0032055998765573904,-0.10588871618739858,-0.12989499017056866
1776353286587,-1.7181379434563218,0.8614614198226481,-9.555558685413002,-0.0631579321618881,0.6972341948505112,-0.14416691056514833
1776353286604,-1.7057180223442614,0.8686440248031169,-9.568427519336343,0.03660938706444522,0.37942789400819804,-0.07976401634446673
1776353286621,-1.7304082269646226,0.8913890136398375,-9.593865911975502,-0.0033340928103182555,0.051584683541403956,-0.10306339242896694
1776353286637,-1.7063165727593004,0.8994694442428648,-9.6020953956604,-0.07646949060656694,0.19402545055681666,0.036707144146941026
1776353286654,-1.6932981012322008,0.8792682946700602,-9.600299744415283,-0.024988513882756105,0.021376624472288736,-0.024639053657174746
1776353286671,-1.7016778070427476,0.8381180997665971,-9.581295768737792,-0.012225505005793917,0.260674489838654,-0.08552672165240052
1776353286687,-1.7202328699089586,0.8337785361923277,-9.577105915832519,0.09763056391360359,-0.0116572119225077,-0.04040846634685325
1776353286704,-1.737441048210859,0.8267454957503825,-9.586084172058104,0.10809452044376891,-0.39148744676150177,-0.047055040822069016
1776353286721,-1.7360944559074938,0.829738320890814,-9.606585108295082,0.01916182891220632,-0.4270696374078006,0.0747210955811759
1776353286737,-1.7473172761894762,0.8144752853073179,-9.604939094653725,0.0023466502275753965,0.27599433734272816,0.07327149465154648
1776353286754,-1.7320540944755076,0.8081903598189354,-9.59012438735962,-0.1614914719514741,0.5583595869946385,0.2195073922462533
1776353286770,-1.7061669351555406,0.8177673125900328,-9.579500117492675,-0.10236996814565197,0.06702389927339465,0.1504852357538068
1776353286787,-1.7081122240044175,0.8441035308517515,-9.579051789203286,0.04443715737925007,-0.5187501994198239,0.0028775907138381064
1776353286804,-1.7298095304191112,0.8562240306258201,-9.57007294845581,-0.024383935419504194,-0.33282145787638134,0.025864325561251567
1776353286821,-1.7387879327751694,0.8587680160202086,-9.578902151599525,0.0004240053370696978,-0.10739800123098628,0.18029666360338525
1776353286837,-1.742977785680443,0.8668483735579997,-9.600300328937172,0.002316127819721902,0.1379328421632043,0.2971026634466823
1776353286854,-1.7414814096428453,0.8732828635849058,-9.601497429767251,-0.034027202032210165,0.011164371085208968,0.313801248667747
1776353286870,-1.7045209215141832,0.8557752639450132,-9.599252281188964,-0.2060065895367975,-0.4429194649027854,0.37707361317865923
1776353286887,-1.6723488367058337,0.8707389512557536,-9.594165187183021,-0.13528726443773506,-0.6369321088549083,0.5829642762625517
1776353286904,-1.6721990529716013,0.8587680160202086,-9.580248305511475,0.03695767335126298,-0.789428301710755,0.5553584125455056
1776353286921,-1.7043714300408959,0.8402128800887614,-9.565135492053628,-0.09424743247947875,-0.5578179743377977,0.8506426448473777
1776353286937,-1.726966562078148,0.8883961154341697,-9.611672202301024,-0.010064710628836914,0.2548346247374402,1.05221123892968
1776353286954,-1.7235248971916735,0.9217654472030699,-9.593566636767983,-0.07298046455988046,0.5136998081371283,1.068632401076566
1776353286971,-1.6980866506829857,1.0131939500350504,-9.528324057006836,-0.522587324990343,0.22517714294845145,0.9173160700389861
1776353286987,-1.7229263467766343,1.0779871055282653,-9.526828265491128,0.581991881440324,0.24814301370238465,1.028197467746679
1776353287004,-1.7450725660026072,1.060180157615617,-9.509918631744384,0.9020959539689647,0.24958973314595798,0.987238957728228
1776353287020,-1.7616824861504137,0.9021627749800681,-9.603142858886718,0.8888552053760719,0.12320129806225039,1.1454696813616823
1776353287037,-1.7708103799797594,0.8530817870773375,-9.648483637347816,0.4052736499926436,-0.3431225304030977,1.3830490604607015
1776353287054,-1.781883562657982,0.8569722917098551,-9.623044660186768,0.1989855552764211,0.21524364665687284,1.5077853901780596
1776353287070,-1.7860734155632554,0.7707811050094664,-9.574712298694253,0.2875829272084184,1.6541988193303339,0.9419973854916502
1776353287087,-1.703323820684105,0.7679379174727946,-9.521142036548257,0.8407311332271901,2.204724659594644,0.7631209743488045
1776353287104,-1.711553888890892,0.7499814050216227,-9.523386600604653,1.1232818118428958,1.5047431812330536,0.3841051862074816
1776353287121,-1.7212801870048045,0.7140684531845152,-9.542988542175292,1.228791906098608,0.31564225145332986,0.9375523197241471
1776353287137,-1.7399850336052476,0.6587023936629295,-9.625588499450682,0.5700547384835516,0.3778523081048936,0.7534856051423264
1776353287154,-1.691203174779564,0.7023967200912534,-9.677662970080972,0.131664489413278,2.0531634022422955,0.1811018255126534
1776353287171,-1.6898564363457262,0.7061375871200114,-9.682301735797523,-0.03605043213041488,2.0319343205282494,-0.43025634754243464
1776353287187,-1.675191951177269,0.7341198190230875,-9.632022916412353,-0.1579209105215706,0.8179726227475902,-0.43767337269211315
1776353287204,-1.6849183954216538,0.7866426179427654,-9.621698506274818,-0.7911911842077057,-1.044484694152809,-0.2999170215498449
1776353287221,-1.7115537427604197,0.8023545663375407,-9.618405894470214,-1.1361099743212375,-2.0719084295325723,-0.16604438000266938
1776353287237,-1.7693140039421618,0.8447020082015544,-9.558550852966308,-0.8890090980758087,-1.1070800695230967,0.0827959266448648
1776353287254,-1.8017853639580308,0.8675966346420347,-9.515455223083496,-0.145659840507325,1.5616693928705248,-0.16397491272543488
1776353287271,-1.801935147692263,0.8753777900375426,-9.535207971301674,0.2352769116576376,2.6754598030880414,-0.4597101509559395
1776353287287,-1.7214296784780918,0.8782208314437419,-9.59566097869873,0.3799048866721882,2.979702041929797,-0.2462741565515928
1776353287304,-1.6897067987419663,0.8649031577743589,-9.60209598018229,0.8092351566127043,1.6152743183023717,0.5682523155946086
1776353287321,-1.7313060525871813,0.8661001855392009,-9.570970774078368,0.8541339920911649,1.4098372758289033,1.1244486002522043
1776353287337,-1.799840075109154,0.8450012834090739,-9.58892787105143,0.9270558130737185,2.1998611380187714,1.7350595079234106
1776353287354,-1.7386381490409373,0.8345265780806541,-9.655217329517006,0.9550014253411199,3.0035127217066964,1.992447502832525
1776353287371,-1.6910535371758042,0.8289901328720152,-9.681702600860595,1.0404155022330681,2.450535483860586,2.2300990258046527
1776353287387,-1.6053111902214585,0.8128291986007243,-9.654618779101968,0.8964531504974763,1.7989467495421827,1.7422913975939849
1776353287404,-1.5973805433526633,0.7962194245833903,-9.55795230255127,0.9546484966601007,0.6204753016582915,1.5843565065289569
1776353287421,-1.6163843728996812,0.8001100753463805,-9.56992389537394,1.7779206525125333,0.6286624039564624,2.019350550756147
1776353287437,-1.676239268273115,0.7945734840072691,-9.623343935394287,2.1468324030764387,0.6450044853193642,2.448900720771426
1776353287454,-1.6587316686332225,0.7562661113142967,-9.690082306671142,1.2976637984293145,0.0824547907123344,2.493713378472468
1776353287471,-1.6020191629387437,0.7468390884079039,-9.688885790362953,0.063600640477896,-0.35253322373847945,2.3081461033465076
1776353287487,-1.4992181291557847,0.7266379388350993,-9.623494157519936,-0.294499614320967,0.08212742187984981,2.230633061220383
1776353287504,-1.5349813703238964,0.7827519671797752,-9.547926583099365,1.0629854354585522,0.2506105796226104,2.0931876704483354
1776353287521,-1.5674530226007104,0.8174680373825133,-9.523386600604653,1.6324089150524064,0.023400174735610794,2.2293867651402675
1776353287537,-1.5315398515678942,0.8013071031112223,-9.606734745898843,1.2759482791803167,-0.8635169111026171,2.650804100844765
1776353287554,-1.5420144838310776,0.7739234216231853,-9.686042091369629,0.01801979993863903,-2.7434803763717293,2.6817060110840183
1776353287570,-1.5515914366021752,0.8185155006088316,-9.663596450805663,-0.6385169261857628,-2.446932559073405,3.03410193734801
1776353287587,-1.6570858011223375,0.9175755942977964,-9.552865208545327,-0.8247560144496178,-1.1411809628931489,3.3002765437375223
1776353287604,-1.7060174436822533,1.016037064506486,-9.523685875812172,-0.6834408946259349,0.3253192421250628,3.278037874686784
1776353287621,-1.6602281908012926,1.0658663134932518,-9.508871753039955,-0.6124618889362797,-0.07965457323518785,3.00393662032206
1776353287637,-1.681626368138939,1.1279661382492632,-9.476100533294677,-0.21928866611025422,-0.565952196030754,3.0145110338177092
1776353287654,-1.8206397020317613,1.104023975517228,-9.547478254809976,0.05489268289465865,0.28460315046129453,2.6923854387381563
1776353287670,-1.8477241083122788,1.028307421080023,-9.600150691333413,-0.1537106058263602,0.9567306371398967,1.3477011239585932
1776353287687,-1.8091176065422594,0.8845055377364158,-9.658060443988441,-0.0031842555354011006,0.214951069100473,0.7393766221120486
1776353287704,-1.8650820703484117,0.8050481162704527,-9.535507246509194,-0.019763365806843458,0.5985345996100949,0.6271197950602445
1776353287721,-1.9387036252677439,0.7909819623213261,-9.49360813293457,-0.041315974371965804,2.157654197486089,0.26818524332643506
1776353287737,-2.0020004777885974,0.7938252959884703,-9.497947623443602,0.6019639949036759,2.915909355742347,-0.8957551905416656
1776353287754,-1.903389443041384,0.8210592668075114,-9.494655596160888,1.59712341074818,2.400565819892773,-1.6780517609027223
1776353287770,-1.9075792959466575,0.8119313729781656,-9.54418622752726,2.237798143103138,2.353095791717773,-2.2970730860414474
1776353287787,-1.8580491029717028,0.6748632548689841,-9.67886007091105,2.4006202479627214,3.5050441209506236,-3.0248606914009826
1776353287804,-1.710805554741621,0.5663759921431541,-9.783605809020996,1.749837262522968,2.335059823440708,-3.044234949868547
1776353287821,-1.6555894250847398,0.5485691903609782,-9.716119249725342,1.0227913730186138,0.8846412454624385,-2.892279889421865
1776353287837,-1.6141398088432848,0.6402970414657145,-9.561843464770913,0.5023670835610492,2.0831355529807807,-2.933446079879767
1776353287854,-1.5783764215447007,0.7396564103621989,-9.57007294845581,1.4625264223034393,2.9631405407398086,-3.3441974348650545
1776353287871,-1.5432115846611558,0.7667408897079527,-9.578752513995767,2.03602731138838,2.2973552582315335,-3.7295500910914154
1776353287887,-1.4347241758048535,0.8040005799788981,-9.606434886169433,1.5418259857843453,1.0375356170025556,-3.9544609633839425
1776353287904,-1.4249977315604685,0.8252490466475486,-9.682301151275635,1.4111802617744569,0.5831746247446469,-3.7718592710182364
1776353287920,-1.4305344690300523,0.8270446978926658,-9.692925421142577,0.8231318168093299,0.37080558059385027,-3.7783402667669326
1776353287937,-1.4167678094841538,0.881961771537736,-9.6719767411381,0.5487534061746916,1.0536183646204085,-3.114128915975522
1776353287954,-1.4013549901664257,0.9274516030807047,-9.637709145355224,0.3197190206141812,1.02310086596538,-2.664269391906622
1776353287970,-1.4235015016533434,0.9510943444747477,-9.617359015765786,0.40371348537582463,0.35783558496852497,-2.3910722838332785
1776353287987,-1.463305104253441,0.9997264926314353,-9.597007717132568,0.2636682471292352,-0.10574165367683173,-2.2754563910920034
1776353288004,-1.5197184808708726,0.9665070176620035,-9.665243048968911,0.4956837434581917,0.41831023996237654,-2.1097005065404875
1776353288021,-1.5448575983025132,0.9187726220626383,-9.707889181518555,0.5302244369777693,0.872643537937635,-1.6654674575220911
1776353288037,-1.5687994687736033,0.8568225810408592,-9.66584101486206,0.21659938584626748,0.9174961095566394,-1.5435490077241867
1776353288054,-1.5267514482475817,0.7653940782088786,-9.643246321216225,0.2576912979969451,1.1350254683470864,-1.488800452493186
1776353288070,-1.5397699197746813,0.6902760011214762,-9.636811319732665,0.302654486663992,1.1017321381246823,-1.5431565920120283
1776353288087,-1.524506884191185,0.5707155557174235,-9.604490181842445,0.05962253553403959,0.727177370645877,-1.5870522968169962
1776353288104,-1.5138826143242419,0.539291731993109,-9.655216744995117,-0.06816985026964942,-0.21374055147222046,-1.7290047586676058
1776353288121,-1.5155286279655993,0.5579964324630796,-9.655516020202636,0.16873000504823313,-1.0786228333981789,-1.8018517143735537
1776353288137,-1.5276492738701402,0.573708380857855,-9.62678618480265,0.020024620542596447,-0.027000644923559546,-1.3049008107417661
1776353288154,-1.5560804185844956,0.6028877135910093,-9.638606970977783,-0.2987162422772449,1.0524975732662918,-1.0562283506569996
1776353288170,-1.559372299736738,0.6194974145431071,-9.637260232543944,-0.15759599628831897,1.2481318001769108,-0.9790813639817056
1776353288187,-1.530342750737816,0.6578047141708433,-9.658508772277832,-0.01037511071010226,-0.29440265765126455,-0.6713718970016695
1776353288204,-1.5138826143242419,0.6696260118026286,-9.638308280292152,-0.1776296081346275,-0.7763989154561622,-0.15390609331092536
1776353288221,-1.5165760911919175,0.6896774507064372,-9.638607555499672,-0.49278507520746173,-0.6051869370574229,0.10144623842126063
1776353288237,-1.5472517999626696,0.7520762584090233,-9.66524246444702,-0.42313614213696077,-0.4342501138966145,0.41202539870890703
1776353288254,-1.5687996149040757,0.7808068244613706,-9.618256841388344,-0.4601386919655049,-0.7531435620752969,0.5949324218748536
1776353288270,-1.575682944677025,0.7876900811690837,-9.599701194000243,-0.38429581785443373,-0.2291326228906822,0.6694476512855771
1776353288287,-1.5958838750541209,0.8092378230452537,-9.6013472076416,-0.1107952999715536,0.7148105127407754,1.1281596341273428
1776353288304,-1.5973802510917186,0.8071429696578531,-9.604040684509277,-0.3942803004409494,0.24503709189902714,1.0920588827126518
1776353288320,-1.585708517998457,0.8185153544783592,-9.618405894470214,-0.3385874448767679,-0.3440325197078697,0.9802706706709341
1776353288337,-1.5928914152398705,0.8313843345321714,-9.611523149219154,-0.04290415343655244,-0.2131929357194294,0.8013852415439499
1776353288354,-1.6142894464470445,0.8129789092697203,-9.610924014282226,-0.021404532198350583,0.1722440840153518,0.7714628231203586
1776353288371,-1.6180303865410386,0.8023545663375407,-9.615712417602538,-0.06159293838788248,0.21621321335389732,0.7375820432684806
1776353288387,-1.6406255185782908,0.7993618142623454,-9.616311552539468,-0.1610452418191754,-0.07452904987162218,0.3032754469090813
1776353288404,-1.6214719052970408,0.7718284951705485,-9.62124900894165,-0.12699312026866527,-0.1733491339178658,-0.08104723813478286
1776353288421,-1.6009718458428979,0.7541713309921324,-9.615562779998779,0.07288313436420778,-0.14916684916143566,-0.16565844763413723
1776353288437,-1.5921429349601268,0.7314262690901756,-9.62139864654541,-0.06643620952008265,-0.2085025701111876,-0.5709878597180517
1776353288454,-1.5728398302055895,0.7264883012313396,-9.622596331897377,-0.06416266366096755,-0.7318484729862251,-0.5865213107162474
1776353288470,-1.5617666475273668,0.7294811263717711,-9.62095031825602,-0.044496654730223226,-0.8858807113533842,-0.6976072405730703
1776353288486,-1.5828655496574937,0.7239443889021873,-9.617957566180825,-0.1520145311172285,-0.3868407836917775,-0.5290477234498231
1776353288504,-1.5753836694695054,0.7187071458358317,-9.613168578338623,-0.025000359992097845,-0.26908872260715433,-0.32581592494376965
1776353288521,-1.5732885968863963,0.733820543815568,-9.625588499450682,-0.08121572502778533,-0.5436592056317728,-0.10799900451709452
1776353288537,-1.5921430810905992,0.7318752549666911,-9.648034140014648,0.13976103834409342,-0.22210096982058053,0.3247754950341063
1776353288554,-1.5764309865653514,0.6983564317245036,-9.651027476611732,-0.22300140753268505,-0.013208145111776612,0.41783885018793987
1776353288570,-1.5557811433769761,0.7676386422652751,-9.641151394763588,-0.5787025050247282,-1.1279323168940283,0.6296065708875109
1776353288587,-1.5496460016228257,0.8002597129501402,-9.612420390319823,-0.21443152115630246,-1.0941906487856363,0.6727371877837316
1776353288604,-1.5788251882255075,0.740853511192277,-9.609278000640868,0.19407779755350246,0.4174267443210648,0.7091247537827101
1776353288621,-1.597380397222191,0.7561165467757731,-9.594314824786782,0.05258306509898941,0.5305095973756173,0.6975738366791607
1776353288637,-1.5918438058830797,0.7742226968307048,-9.600150106811522,0.026119817324892356,-0.5209416762871931,0.5815722516931914
1776353288654,-1.6391289964102207,0.7683867572188376,-9.616759880828857,-0.023700116089709556,-0.636328650969567,0.6983172600816343
1776353288671,-1.6310488580681384,0.8028036252792924,-9.632322191619872,0.043372661724933,0.5449555008310472,0.633856335933434
1776353288687,-1.6270084966361522,0.8104349969405681,-9.645939213562011,-0.06597941393891162,0.6046022088314463,0.640228902429056
1776353288704,-1.6150374883353709,0.8134277490157633,-9.594613515472412,-0.05215329678980752,-0.06180606163432804,0.32889100417415634
1776353288720,-1.6406256647087634,0.8032524650253355,-9.582343816486,0.24218874293257314,-0.0571521414886106,0.2142364605585604
1776353288736,-1.6400271142937242,0.7911318191207944,-9.596708441925049,0.3813377856548628,0.9533223727440603,-0.10276406472467642
1776353288754,-1.6193771249748765,0.7698832793869078,-9.62738473521769,-0.05053171383131129,0.4326009700576002,-0.3764457160226941
1776353288770,-1.6045630022026598,0.7905331956405192,-9.629479661670327,0.16353047018170802,-0.4327028892866215,-0.6890004551669138
1776353288787,-1.6074059705436228,0.774671609641984,-9.618256256866454,0.2882758712440573,0.07381822995026484,-0.792416722916047
1776353288804,-1.5909458341300486,0.7338204707503319,-9.587580548095703,0.06578571404291828,0.39275332627462844,-0.959960676287078
1776353288820,-1.6051614064872264,0.7296305447798221,-9.613617491149903,0.07831975150012636,-0.14904612023177038,-0.9145097160637571
1776353288837,-1.6126432866752147,0.7272364161849022,-9.615862055206298,0.08138154387814325,-0.3751480334412446,-0.7533882749466537
1776353288854,-1.5942380075432359,0.7312767045516521,-9.642647186279296,-0.025552057850135045,-0.4244491659636164,-0.8417519263429897
1776353288870,-1.55323730411306,0.7396564834274351,-9.654767832183838,0.17555112287325444,-0.3296231150758171,-0.6219319462205024
1776353288887,-1.5548833177544175,0.7398060479659587,-9.6411508102417,0.19807457879587065,0.2043628351439252,-0.5569838374854099
1776353288904,-1.5836137376762927,0.7456419145125895,-9.611523149219154,-0.18979342799447974,0.41444024410647673,-0.28053291800492225
1776353288921,-1.5687994687736033,0.7583611108321696,-9.618854807281494,-0.1294244808502047,0.012932963193419144,0.03443514575255975
1776353288937,-1.5713433080375194,0.7767664630293846,-9.626187049865722,-0.0976040435697169,-0.0890304486140584,-0.08416831442036135
1776353288954,-1.5717922208487987,0.7785621873397379,-9.616161330413817,0.06835055679796385,-0.13744659139123758,0.01573099287559718
1776353288970,-1.576880045507103,0.7875405166305601,-9.626037996783852,0.18635061244639664,-0.12256921207933331,0.031276930313369325
1776353288987,-1.5674528764702378,0.7887376174606382,-9.632322776141763,-0.06509167610979508,0.26238753329900494,-0.11721959981405305
1776353289004,-1.5801720727898179,0.7662919768966734,-9.6329213265568,0.06393147776581849,0.5394900154737148,0.06004558037575725
1776353289021,-1.6008219159781931,0.7615035735763609,-9.616909518432617,0.08025723070773569,0.27880346608230744,-0.1018148818734562
1776353289037,-1.5906467050530015,0.7730255960006266,-9.60793126220703,-0.2127922757554994,-0.4527473067056404,-0.13555638989928942
1776353289053,-1.6038146680533885,0.7814052287459373,-9.622146834564209,0.037085686037347826,-0.616306271582792,-0.21293370869608627
1776353289070,-1.615336909673363,0.7489339417953044,-9.657611531177162,0.2956254215952555,0.5754994131082566,-0.024010676253533574
1776353289087,-1.5972306134879588,0.7058383119124919,-9.696516723632811,-0.46485221618390127,0.11243820059077968,0.1788967416277971
1776353289104,-1.541565424889326,0.7172107697982341,-9.668534491729735,-0.9854113485167207,-1.8568193692665238,0.2542907709247779
1776353289121,-1.5089445734001696,0.8300375230330973,-9.597756489673257,-0.7551911780832726,-0.8187474756924165,0.4378344424265638
1776353289137,-1.5372260805107651,0.8050481162704527,-9.582343816486,0.2289272903287587,1.1352343227253008,0.6330341519120938
1776353289154,-1.5595220834709702,0.7326235160507262,-9.56438730403483,0.28056304020637907,0.329158288686286,0.45682562333122556
1776353289170,-1.5550329553581774,0.7445945243515074,-9.593716274371742,-0.4782787672665596,-1.4160446371239754,0.7478312223657608
1776353289188,-1.5626644731499253,0.7809564620651305,-9.607781624603271,-0.41198567155392984,-0.6676188147744533,0.7604589081197921
1776353289204,-1.5765807702995835,0.865501708189398,-9.615264089313149,-0.07938638158855907,0.9578320051435613,0.6346133663533947
1776353289221,-1.6223697309195995,0.8821112630110234,-9.569923310852051,0.1444555127380078,1.099541781835224,0.7569845296272241
1776353289237,-1.662173333519697,0.869990836302191,-9.577704466247559,0.7775232286265698,0.7816790252105523,0.9222669966918933
1776353289254,-1.71290062732473,0.7544706061996519,-9.647436174121498,0.26583400406551105,0.4076348143722053,1.1697996689589139
1776353289270,-1.605760103032738,0.7344190942306071,-9.696218032947183,-0.7624710391605956,0.3033105049894305,0.9460142837755583
1776353289287,-1.5484489007927476,0.7905331956405192,-9.688436877551675,-0.8958484653125187,0.4703109780737695,0.8942682903758656
1776353289304,-1.5448575983025132,0.8369208528060466,-9.590424247089027,-0.13694222460971445,0.8243245919539963,0.4946480093035827
1776353289321,-1.5749346105277537,0.7635983538985252,-9.5440365899235,0.20085724055241613,0.5107175767907716,0.06798535512077973
1776353289337,-1.5939387323357164,0.7134698297042399,-9.569325344958902,0.43749010484285994,-0.28628631184402664,0.007251793268702366
1776353289354,-1.6126434328056871,0.6531658023238182,-9.61421604156494,-0.22786831752271583,-0.8763687124387894,0.030898228340403854
1776353289370,-1.6490053705193102,0.6290742942489683,-9.635914078631997,-0.5182583190778772,-0.05401153513087411,-0.07786642437439321
1776353289387,-1.657983626744896,0.6477789216537028,-9.648184362140297,-0.162993820084186,0.46656152438454984,-0.19974151847932398
1776353289404,-1.630300523918867,0.7020973718184977,-9.636063131713867,-0.09776666076890138,0.3578813685803052,-0.08276839244477319
1776353289421,-1.61084778156057,0.7163129441756755,-9.607632571521401,-0.10299039478221242,-0.3932754622201642,-0.003525604911343066
1776353289437,-1.6093512593925,0.7372622087020426,-9.605088147735595,-0.19657772683100647,-1.0544818499418862,0.0317718522239308
1776353289454,-1.631797046086937,0.7719782058395445,-9.573365560260415,0.02174091901497371,-0.06196571730617709,0.03322065274076686
1776353289470,-1.609501043126732,0.8421582420028746,-9.61496481410563,0.1627626608694634,0.9662324974924422,0.06242595466235959
1776353289487,-1.5942380075432359,0.8744798913497477,-9.626187634387612,0.3612163151642697,1.0119828121004801,0.24534247606012075
1776353289504,-1.5599709962822497,0.9065024116195738,-9.615562779998779,0.34216889192066113,0.26824020500491247,0.18866711379208878
1776353289521,-1.5400690488517284,0.8729836614426225,-9.578153379058838,0.5211495168092024,0.18627969587290485,0.3128352571478662
1776353289537,-1.5456057863213122,0.8863013351120054,-9.596559388843179,0.6729339292483397,0.5373816214542965,0.4786181422909446
1776353289554,-1.5508429563224315,0.8427567924179137,-9.629778936877846,0.8083511807237166,0.9623403568825928,0.8437109099743139
1776353289570,-1.5478502042472362,0.7872410952925681,-9.645939213562011,0.5339371250393472,0.7854756498937274,0.7170476131373662
1776353289587,-1.5385726728141307,0.768835670030117,-9.663446813201904,0.39923773711790933,0.259822850626518,0.36181907935852337
1776353289604,-1.536777167699486,0.7526748818892985,-9.64578957595825,0.07643707388843582,0.8401701505807498,0.6363904961980674
1776353289621,-1.5102913118340073,0.7609050231613218,-9.647734864807129,0.28495197035664116,1.9270926243158464,0.8361979686915644
1776353289636,-1.514181743401289,0.7092799767989665,-9.623942485809325,0.23889669847433279,0.6715924907675198,0.77745087131005
1776353289654,-1.5300434755302965,0.6426911700606346,-9.635314943695068,-0.45225846793230845,-1.7397374404529289,1.349531828099568
1776353289670,-1.4984697950065136,0.7026959222335368,-9.649829791259766,-0.526416179628664,-1.0503911002375774,0.9065386718589407
1776353289687,-1.5186710176445544,0.7037433854598552,-9.65955682002604,0.054434206446621544,0.8794684443832116,0.48237175812668975
1776353289704,-1.5767304079033433,0.6437387794174254,-9.569923310852051,0.14630606711625813,1.9059758138362826,0.4049039660038167
1776353289721,-1.6729470948599279,0.6952139689803123,-9.606883798980713,0.232934263494029,0.0694432803434601,0.46083990693334187
1776353289737,-1.7229264929071069,0.6980571565169841,-9.672574707031249,-0.11923290479362009,-1.736850511589835,0.1297884285473459
1776353289754,-1.6289539316155015,0.7721276973128318,-9.744550978961586,-0.9553146535475885,-2.8531700127909607,0.3550206932568335
1776353289770,-1.5367770215690135,0.8689433000106364,-9.69696563644409,-0.7723008019541546,-1.9383750296076496,0.15964718747343842
1776353289787,-1.5209155817009508,0.8429064300216734,-9.620051908111572,-0.5187886725947581,-0.12352978747264569,0.1458131729181065
1776353289803,-1.5679019354119896,0.8162708634871989,-9.446472872272134,0.13136086616032977,1.2017047632325129,0.20878004654621937
1776353289821,-1.6078548833549022,0.9057540774703026,-9.45425344314575,0.8378301704597858,1.0513394293151515,0.3585317840161903
1776353289837,-1.6217711805045605,0.9205682002425193,-9.530269345855713,0.8216548951230205,-0.042233087350598685,0.4987494311784696
1776353289854,-1.5837633752800524,0.8414099809188396,-9.739612353515625,-0.23236404942003872,-1.8428868505767557,0.7226855607712415
1776353289870,-1.5607191843010484,0.7867923286117613,-9.76774422302246,-0.8963197483652495,-0.8214177594927741,0.9738909538210249
1776353289887,-1.5566789689995348,0.79397493359223,-9.69127940750122,-0.7783391694281219,1.0800187533098002,0.9678602169490209
1776353289903,-1.554584042546898,0.807891157676652,-9.55675578624308,-0.3483300960779829,1.9432140051911921,0.7011318849890613
1776353289921,-1.5231601457573472,0.7818542146224529,-9.532064997100829,0.12235179328423006,1.1183738940374184,0.49125938170161015
1776353289937,-1.5307915174186228,0.7652444406051189,-9.560795417022705,0.21061832792830484,-0.38143191419936207,0.4461853091822564
1776353289954,-1.5559306348502635,0.7266378657698631,-9.650877254486083,0.030861622795320818,-1.4460212701741035,1.0935988769270781
1776353289970,-1.5679017892815172,0.6661844199813902,-9.692028180041909,-0.21317217834765492,-0.9643928287281817,1.1624770658384256
1776353289987,-1.5864567060172556,0.6657355071701109,-9.67182710353434,-0.5096717574349663,0.7325870939119385,1.2609389384792136
1776353290004,-1.5875043153740465,0.6675310853499918,-9.662698625183104,-0.5376213717663344,1.0526085638403044,1.2329281192495798
1776353290021,-1.5732887430168687,0.6833927444137633,-9.638308280292152,-0.7647966118512791,0.02566657024043854,1.1936041588768778
1776353290037,-1.5370764429070054,0.7040426606673746,-9.634866615405679,-0.799487089284921,-1.396392582056262,1.3433402616169516
1776353290054,-1.5197184808708726,0.7110757011093198,-9.619602995300292,-0.7979403716030304,-1.1650499127214047,1.2992572602183372
1776353290071,-1.4864989328362046,0.7833506637252867,-9.62184755935669,-1.088788075873862,-0.47440663697654417,1.2655963804412218
1776353290087,-1.464651842687279,0.8333296233810484,-9.635465165820717,-0.5906664884905046,-0.5302203815529496,1.334521526903113
1776353290104,-1.4694400998771189,0.9112906688094139,-9.618106619262695,-0.7023673488160402,-1.2736229199330447,1.547173170130819
1776353290121,-1.5318389806449413,0.9060532796125859,-9.604788872528076,-0.7398773069947222,-1.7666954500550287,1.629466597624012
1776353290137,-1.57403707716614,0.883308509971574,-9.630975453186034,-1.0351854983195423,-1.9515308277227403,2.123233032276987
1776353290154,-1.5863072145439683,0.8809143083114176,-9.631125675311685,-1.149573130948979,-1.5894774408591739,2.2383930098911637
1776353290171,-1.6000738740898668,0.884505610801652,-9.600001053729653,-0.7568423763151232,-0.6854552668225598,2.594563682888645
1776353290187,-1.6291035692192612,0.8614614198226481,-9.56902606975138,-0.5763927805073531,-0.06359711866160521,2.959302828199908
1776353290204,-1.6237166154839098,0.8649031577743589,-9.56992389537394,-0.8396992410539892,-0.11117245447978524,3.189672942629979
1776353290221,-1.5849604761101304,0.8539795396346599,-9.628581251525878,-0.6910904396920847,-0.4791754430385353,3.5175781584078316
1776353290237,-1.5913947469413279,0.8084896350264549,-9.617807344055175,-0.7422453549243069,-0.43414715413096183,3.7101186297895525
1776353290253,-1.5985773519217967,0.7679378444075584,-9.619154082489013,-0.8463694010261827,-0.8175890115761588,3.466369882322719
1776353290270,-1.657983626744896,0.7628502389449626,-9.599252865710854,-0.5764872292169697,-1.4900591282911724,3.0254672975766446
1776353290287,-1.6698049974419176,0.7837994304060936,-9.553314121356605,-0.130564055224539,-1.3733834890114873,2.5172310004452916
1776353290304,-1.6898562902152536,0.7667407435774802,-9.567529109191893,-0.2552812017152827,-0.2906285245675829,2.095227762576054
1776353290321,-1.7096086000420152,0.7161633065719157,-9.598055180358886,0.1399355283330461,-0.10459874424919176,1.659716118075823
1776353290337,-1.7239738100029527,0.7697335687179118,-9.607632571521401,-0.28407535826535235,0.17656657990376493,1.3278103324350465
1776353290354,-1.710656209398806,0.8274936837691813,-9.612420390319823,-0.2180360467690709,0.2331781759525925,0.9064928882471605
1776353290370,-1.6727978956475853,0.9175755212325603,-9.592069676208496,-0.16731583572492315,0.10746102039825023,0.6884906455783958
1776353290387,-1.6578339891411362,0.8907904632247984,-9.539546877288817,0.2914296043716049,0.6799221732646148,0.329874658136344
1776353290404,-1.661275654027611,0.843055994560197,-9.513210659027099,0.7585461349870711,0.923621722025083,-0.005810516632123894
1776353290421,-1.6509505132377147,0.8110335473556071,-9.546430207061768,1.0634465799492336,0.8584988031359204,0.19118868089543997
1776353290437,-1.6572354387260972,0.8711877179365605,-9.612570027923583,0.658940632547129,0.882346835509843,0.31916838997320185
1776353290454,-1.647209719274193,0.9274516030807047,-9.665392102050781,0.4251166835528529,1.2792321060672118,0.5887783680718193
1776353290470,-1.6234173402763903,0.9409190604843198,-9.67796224528849,-0.07099234590287784,1.023952505177516,0.25502282846558577
1776353290487,-1.5536862169243395,0.9337364555038511,-9.606584523773193,-0.02958069552167897,0.606564927722473,-0.20660828651399332
1776353290504,-1.5521898408867418,0.9060534988082944,-9.559748538318276,0.6186568705134814,1.110482464225115,-0.3392859651215339
1776353290520,-1.565807008959353,0.8635563462752849,-9.559149987903236,0.4756642455574728,0.9876309465535633,-0.32130941415416286
1776353290537,-1.555930780980736,0.8720856896895914,-9.642796823883057,-0.005648246278483201,-0.6344533371555754,-0.5958804307873102
1776353290554,-1.5494962178885936,0.8822609006147831,-9.672574707031249,0.03755312710867058,-0.6736529667410422,-0.5467193438233501
1776353290570,-1.5638615739800035,0.8312346238631755,-9.638906246185302,-0.01061886308610709,-0.09510072587805433,-0.6007811982385002
1776353290588,-1.59169416827932,0.7757191459335386,-9.600449966540932,-0.09740978338476822,0.3043644885557281,-0.4763657273295742
1776353290604,-1.6105485063530505,0.7769161736983805,-9.592519173541664,0.08683379574395883,0.4445292017519399,-0.49157010194799283
1776353290620,-1.627607339312136,0.7948727592147886,-9.591321488189697,-0.08967712879024109,0.1488772598127977,-0.43904010421720324
1776353290637,-1.6044133645989,0.7908323977828026,-9.62184755935669,-0.041409622668789024,-0.49335806404580235,-0.37568473689961945
1776353290654,-1.597679526299238,0.7951719613570719,-9.63351929244995,-0.09317338523249426,-0.49564260224061296,-0.45890925791490256
1776353290670,-1.6265597299553454,0.7679379905380308,-9.6411508102417,-0.14666622619284408,-0.2184985786419277,-0.6069152417217005
1776353290687,-1.6163843728996812,0.7631494410872459,-9.626187049865722,-0.3475024158887948,-0.5289081314586609,-0.4924133101453721
1776353290704,-1.5940885160699485,0.789485805479437,-9.625887774658203,-0.2214238739582501,-0.7095166892471925,-0.49329082937116003
1776353290721,-1.6100994474112986,0.8515852649092673,-9.59012438735962,-0.015873412991962522,-0.28628220305835406,-0.5798762303449125
1776353290737,-1.6551405122734606,0.8185155006088316,-9.579350479888916,0.22046618005099383,-0.14989928022821375,-0.5578093298796294
1776353290754,-1.6674106496512888,0.816121152818203,-9.595062428283692,-0.21971005676553226,-0.15424381414887076,-0.5243652018869562
1776353290771,-1.6647173189140856,0.8493407739181071,-9.648782912555337,-0.4180434090174965,-0.5358591829604712,-0.5368585783742615
1776353290787,-1.6606771036125718,0.9105425538558513,-9.664494276428222,-0.4160902950799902,-0.7210093362993851,-0.2845545120438846
1776353290804,-1.6410745775200426,0.9454081885971128,-9.665092826843262,-0.49574601557351516,-1.1120061300185566,-0.7065594307799885
1776353290821,-1.6569361635185778,0.9440613040328025,-9.611522564697266,-0.7478260997238833,-0.682125816406443,-1.8960814310498728
1776353290837,-1.6217713266350329,0.8185154275435954,-9.493907408142089,-0.7114702834323747,-0.026787148151143757,-3.020108160399123
1776353290854,-1.6102492311455308,0.7650947299361228,-9.386018695831298,0.008562495898257236,0.5712712592077543,-3.892152562680501
1776353290871,-1.713648815343529,0.8958781417526305,-9.35354733581543,1.9447599758211422,1.4109430194225048,-4.168290280634946
1776353290887,-1.7981940614677965,0.9470541291732341,-9.590873159900307,2.4196591868307205,1.9588555652773445,-4.446259769947425
1776353290904,-1.7537518392816185,0.8864509727157652,-9.730933372497558,1.8251102160447397,1.2385604639939016,-4.683502975673233
1776353290921,-1.6237166154839098,0.7433974235214292,-9.782558930316567,0.3678829533201724,0.5413208263363954,-4.643533989310788
1776353290937,-1.5777778711296617,0.7652445136703551,-9.596260113635658,-0.25495268562446094,1.3780410376952013,-4.26600723576938
1776353290954,-1.6570858011223375,0.8277930320419371,-9.550171147155762,0.8273875582707768,1.2142379469160747,-3.6214636281364334
1776353290970,-1.7522553171135484,0.8928853166121989,-9.521291674152016,1.290971066816348,-0.1077502629013444,-3.4491546039631134
1776353290987,-1.6892577398002147,0.7773650134444237,-9.630227265167235,1.3785565035341258,-0.09337647663859636,-3.439404082036097
1776353291004,-1.6460124723136424,0.7148164950728416,-9.65925696029663,1.2389243850106164,1.0357487754826569,-3.6091018395123564
1776353291021,-1.5734383806206285,0.6802502816695719,-9.624990533557535,1.0134299584308766,2.944211311785353,-3.8012862872835904
1776353291037,-1.5702959909416734,0.7119735267318785,-9.635016253009438,1.077617835094835,2.634202899180226,-3.6267134822872342
1776353291054,-1.561617009923607,0.760156835142523,-9.644891750335693,1.1372624620219713,1.6165908372648916,-3.5345644119868305
1776353291071,-1.5424632505118847,0.8150737626571207,-9.655216744995117,1.1631332976072757,1.1406849204046767,-2.983101768589171
1776353291087,-1.5078971101738512,0.7583611838974058,-9.644143562316893,0.5636612545335965,0.8966358580577742,-2.930657441707697
1776353291104,-1.4718343015372752,0.7276854020614176,-9.642048635864258,0.3871892834220068,0.9175791390437373,-2.6725862144381702
1776353291121,-1.4510348207451402,0.7219991731185466,-9.643545011901855,0.7361209697554797,1.9041030613432297,-2.5674141078246677
1776353291137,-1.421855488011986,0.7469885798811912,-9.64070189743042,0.8359483999825944,2.105303999149115,-2.4065059500365686
1776353291154,-1.393573834770918,0.7713795823592692,-9.652523852649331,0.7417341045927608,0.833726240624813,-2.148253722754036
1776353291171,-1.3717268907524645,0.8050481162704527,-9.649530516052245,0.411112234433388,-0.4295219421240996,-1.5839609958873309
1776353291187,-1.4125776643179355,0.7772154489059001,-9.689034843444823,0.3414101539534079,-0.37758102152879713,-0.8596262645966486
1776353291204,-1.4305344690300523,0.7398060479659587,-9.692028180041909,0.33371877397859173,-0.2751085471847421,-0.5374323142645426
1776353291221,-1.4260453409172593,0.6795021667160094,-9.667038115692138,0.20267401751078665,-0.6142616437825782,0.05232506537526276
1776353291237,-1.4549252523124216,0.655859279191494,-9.655516020202636,0.5232247203781227,0.12782330841793918,0.877852944561945
1776353291254,-1.4652502469718456,0.6419429820418358,-9.65910732269287,0.5703397387988409,0.6718377906082584,1.4730060669243545
1776353291271,-1.4861995114982127,0.6054314797896891,-9.700856214141846,-0.25268111411690275,-0.5449815942881108,2.0671697723524645
1776353291287,-1.4275415708243846,0.6622936961531639,-9.66673884048462,-0.8329423163349955,-0.8945451798415156,1.9454809876654016
1776353291304,-1.433078162163496,0.74294851071015,-9.636960957336425,-0.7820824332584062,-0.40349195779504876,1.484881204570068
1776353291321,-1.4812616167046129,0.8696914880294352,-9.594463877868652,0.049251747053021475,-0.25115792857113706,1.2500105290854875
1776353291337,-1.519269421929121,0.8246504962325095,-9.620351183319091,-0.14392590627306737,-1.0972395811981066,1.1510736381322662
1776353291354,-1.5324375310599803,0.778412476670742,-9.652223992919922,-0.3459702123588906,-2.0892692762988636,0.9195959658395952
1776353291371,-1.6151871259391306,0.7646458901900798,-9.69741454925537,-0.769656878415125,-1.9782392152550174,0.8352308565937728
1776353291387,-1.6858162210442125,0.7926281220931559,-9.678560795703529,-0.8790776828574929,-1.1959210871093928,0.6495161987921279
1776353291404,-1.6828231767080724,0.7947229024153202,-9.676166009521484,-0.8346804927570579,-1.2598359696499624,0.8939435895860256
1776353291421,-1.6783343408562241,0.8084897080916911,-9.634267480468749,-0.9251913848737165,-1.163835846596435,1.1568073684970803
1776353291437,-1.6847686116874216,0.8031027543563395,-9.556755201721192,-1.1267129146837693,-1.4429982711361382,1.0321114863062135
1776353291454,-1.6769873101614414,0.8393149814009666,-9.490465743255614,-0.7053853319338339,-1.2538311661524635,1.089257864822712
1776353291470,-1.6849183954216538,0.8885458991684019,-9.488969367218017,0.10859280408806249,-0.006047598901517384,0.8702462482606663
1776353291487,-1.7163421460807322,0.8957284310836344,-9.558850128173827,0.5618856721536576,1.0947824206441945,0.8822396335563856
1776353291504,-1.6481075448967515,0.7846974021591245,-9.654917469787597,0.2210255618718473,0.33571446987670484,0.6399332833040413
1776353291521,-1.6039644517876206,0.7580619086898863,-9.667935941314697,-0.17948034927586295,-0.8343505626036346,0.4261066874565345
1776353291537,-1.589599241826683,0.7725766831893474,-9.655516604724525,-0.45124237057156324,-0.8031251255133048,0.21305067568562275
1776353291554,-1.6294028444267807,0.7713796554245054,-9.643395958819985,-0.429395263459337,0.5344364759006986,-0.49014440668045844
1776353291571,-1.6083037961661815,0.7546200976729392,-9.649979428863524,-0.8717243438857394,-0.45937648554281374,-0.962497451233503
1776353291587,-1.580620839470625,0.7227472880721092,-9.644742697253823,-0.8248951261931039,-3.171214356398019,-1.4891240327051154
1776353291604,-1.6032161176383495,0.7291817780990153,-9.62109937133789,-0.7586148104047415,-4.19330883667788,-2.170975627688553
1776353291621,-1.6264100923515856,0.7260393884200602,-9.642198273468017,-0.5197116019063561,-2.785884325173284,-2.093503993584272
1776353291637,-1.6769876024223862,0.7248422875899821,-9.684097387042641,-0.9417254585853192,-2.1927722554339444,-1.9958158533103991
1776353291654,-1.648705949181318,0.7692845828413963,-9.686491004180908,-1.8662800350406379,-3.244809004374672,-1.4570554407782592
1776353291671,-1.6439176919914782,0.8141759370345621,-9.673622754779457,-2.0974213205166854,-3.8134026159843697,-0.849796768607354
1776353291687,-1.648107398766279,0.9042577014327049,-9.632022916412353,-1.57213740482551,-3.1176323761329154,-0.46873902070846163
1776353291703,-1.6259611795403062,0.9006664720077067,-9.63396878978312,-1.2470527370097546,-2.134371363265985,0.029859879504003244
1776353291720,-1.5298935456655918,0.7827520402450114,-9.607781624603271,-1.9069678988132268,-2.3796039693300037,0.7228439357826212
1776353291736,-1.4944297258354722,0.8234535415329038,-9.511415007781983,-1.7118530864446462,-2.994542548892354,1.248295297830168
1776353291754,-1.5951356870353222,0.9298458778060972,-9.476399808502197,-0.9770264375368838,-1.1387865547022362,2.18087513311684
1776353291770,-1.6142894464470445,0.9566310819443314,-9.537153260150552,-0.12258786169741862,0.5844494155202064,2.636035097425082
1776353291787,-1.634041756273806,0.8830093078292905,-9.60793126220703,-0.013472281333585698,0.20174372440148974,3.366397043771477
1776353291803,-1.6377825502373278,0.7743723344344645,-9.572168459430337,-0.8895670391536341,-0.21678945720426424,3.519348244619923
1776353291821,-1.6540929029166698,0.742798800041154,-9.57037222366333,-0.8110689023222941,0.7023859183928463,3.4003285697944543
1776353291836,-1.6802796297051013,0.7236452598251402,-9.559448678588867,-0.4156176513255106,1.4419018123309397,3.212863355852876
1776353291854,-1.6838709321953356,0.7187072189010679,-9.55765361186564,-0.025876598557416433,1.4088108264626973,2.7355330243855964
1776353291870,-1.691951362798363,0.705239834562689,-9.559897591400146,-0.2530951943353348,1.4378026316118742,2.1436599936503793
1776353291887,-1.6983856336295604,0.7112251925826072,-9.582193594360351,-0.6549201590860774,0.9066135904963992,1.4392075161467812
1776353291903,-1.6778852819144725,0.792927251170203,-9.612121115112304,-0.48342969039610123,-0.23671322573489723,0.382794376856221
1776353291921,-1.677286877629906,0.8234534684676676,-9.580847440448403,-0.6937259855772105,-0.12812479723677178,-0.20065238823816864
1776353291937,-1.7253204023063182,0.8571220023788512,-9.536404487609863,-0.45807053202916614,0.2975214927810216,-0.9898706082710927
1776353291954,-1.7550982854545116,0.9038088616866617,-9.521889640045165,-0.13637177041188614,0.4115244470219689,-1.3513876118414017
1776353291970,-1.7874201539970933,0.9335867448348552,-9.511565229907632,0.04419553943736087,0.431439837898698,-1.4035686562747125
1776353291987,-1.8531110620476305,0.9536381106734275,-9.56393839122355,0.23778380452644382,0.8157934722372389,-1.9187969326820427
1776353292003,-1.7941538461662827,0.8699907632369548,-9.61466553889811,0.4335436428847677,1.9855684351212644,-2.1276974146732366
1776353292020,-1.7486640146233141,0.8337783900618553,-9.62080009613037,0.1820396958630608,1.7094243138644718,-2.338426252927878
1776353292037,-1.671750140160322,0.8728338046431541,-9.558101940155028,0.1280947017157414,0.5397493492187636,-2.3989082183585757
1776353292054,-1.7018274446465074,0.8863012620467692,-9.51261269313395,1.0619891883350823,0.576142838272413,-2.7765675202585633
1776353292070,-1.730707502172142,0.8619104056991637,-9.513659571838378,1.6313311325457196,1.5192237158820094,-2.9555609517517984
1776353292086,-1.6941956345938145,0.8681951119918375,-9.59566097869873,1.9009385493233981,1.6193367867546482,-2.9963783756752065
1776353292103,-1.6629215215384958,0.8666986628890037,-9.670180505371093,1.5667258672904498,0.9482462615302715,-2.6069594090151607
1776353292120,-1.6506513841606676,0.8521838883895426,-9.655666242328286,1.2760123122037856,1.2565866138740347,-2.3259359713700403
1776353292137,-1.610248938884586,0.8279425235152245,-9.64728595199585,1.2804182111052669,1.8242592171628385,-1.928411277712482
1776353292154,-1.5773289583183825,0.7764673339523375,-9.636063716235757,1.4153857373124807,3.1631957143124243,-1.4973872809403614
1776353292170,-1.5521898408867418,0.736364383079484,-9.6329213265568,1.1222598447883325,2.963429329675653,-1.287339113725194
1776353292186,-1.4873967584587633,0.6763597039718181,-9.64010334701538,1.0082156426081008,1.0555617668826887,-0.9298714518373504
1776353292203,-1.4496880823113023,0.7291818511642515,-9.631574003601074,0.9579834432440651,-0.5816827086586751,-0.8201336839288117
1776353292220,-1.4555238027274608,0.7345688048996031,-9.621997196960448,1.14109441158976,1.4687060359550084,-0.5039262343216633
1776353292237,-1.510440949437767,0.6979076650436967,-9.636212769317627,1.3128116639045218,2.5846908578868035,-0.4277046849180531
1776353292254,-1.5414157872855663,0.7050900508284569,-9.64638812637329,0.7991952054196086,0.4873966429217035,0.13697768289646034
1776353292270,-1.556529331395775,0.7254408380050211,-9.672724344635009,0.49863251754978605,-0.5453584286312251,0.47667676774107426
1776353292287,-1.6048622774101793,0.7610545876998454,-9.647585811725259,0.379552918486521,0.3271543752168277,0.9139783486906713
1776353292304,-1.6023184381462632,0.8162708634871989,-9.647435589599608,0.23039823559954442,0.9465849247363717,1.1742322482868406
1776353292320,-1.6127929242789745,0.831384188401699,-9.653720368957519,0.13926819750679467,1.0218272491285842,1.0601990384423043
1776353292337,-1.5991759023368357,0.8418588206648826,-9.626337271991371,0.021153149220382382,0.4318325737759737,0.8932121723754525
1776353292353,-1.5810698984123766,0.8461983111739159,-9.617657706451416,0.12377604780873638,0.038781227137950604,0.6800066968555937
1776353292370,-1.591993297356367,0.837668894694373,-9.610026188659667,0.018361149314580997,0.34510096406530066,0.5275919326612583
1776353292387,-1.6020190168082713,0.8203111518539488,-9.596708441925049,-0.23107429092524345,0.13063099641449044,-0.203036657867032
1776353292404,-1.596033658788353,0.8458991090316325,-9.655217329517006,-0.004252379727714735,-0.030593324426986254,-0.32739577971530537
1776353292420,-1.6026175672233103,0.8375193301558495,-9.634267480468749,-0.05409152304935731,0.014923483088801844,-0.5745396114473111
1776353292437,-1.6096505346000194,0.7903834849715232,-9.602544308471678,-0.2184189375689883,-0.5102423450349267,-0.999145578277147
1776353292454,-1.5849604761101304,0.749981478086859,-9.582343816486,-0.023802462205553966,-0.48998293673961113,-0.9345519456878075
1776353292470,-1.5752340318657456,0.7329227912582457,-9.580847440448403,0.1963874153491717,-0.15387343646895624,-0.7713291008230145
1776353292487,-1.59648242546916,0.7216998248457909,-9.624391398620604,0.10870939755162873,-0.6123902786717005,-0.6701433167247135
1776353292504,-1.582715912053734,0.743547061125189,-9.661352471271156,-0.1747531379987001,-0.7590730200485142,-0.43705003788907015
1776353292520,-1.569697294396162,0.7607553124923259,-9.655067691913246,-0.2504717613638152,-0.15166507089164716,-0.20483091654548263
1776353292537,-1.5898985170342028,0.7597078492660075,-9.62109995585978,0.1829295414458665,0.22247623001853456,0.21523142702156087
1776353292553,-1.5747851190544664,0.7392074244856834,-9.597007717132568,-0.06747834697703851,-0.011022004329696513,0.7429116718943534
1776353292570,-1.5839130128838121,0.7718285682357847,-9.600449966540932,-0.13257605286321023,0.25466387000818985,1.0713597809895166
1776353292587,-1.5870554025627672,0.754320895530656,-9.658509356799721,-0.05176664404976133,0.6090439128652173,0.8943625256420706
1776353292604,-1.5749347566582261,0.7589596612472087,-9.637409870147705,-0.3548824886478465,0.389500395321557,0.988051536796048
1776353292620,-1.572540262737125,0.7894856593489646,-9.617358431243895,-0.17455778391626717,-0.18052238001111304,1.1011066422070974
1776353292637,-1.5704454824149607,0.8045991303939372,-9.610774376678465,-0.07349030082882489,-0.6676381847640527,0.9840920547898504
1776353292654,-1.5936393109977245,0.7793103022933006,-9.605537645068765,-0.016178957235614813,-0.17491519490892923,0.8695982874240142
1776353292671,-1.6071068414665757,0.7767666822250932,-9.605388007465004,-0.07597779702760535,-0.13813462622841058,0.8294407771683061
1776353292687,-1.6207238634087144,0.7896353700179606,-9.623494157519936,-0.24862438195631187,-0.15437574885764307,0.2645247955398371
1776353292704,-1.6240158906914293,0.8182161523360758,-9.629179801940918,-0.359632084802797,-0.419390397027017,0.1700728842720811
1776353292720,-1.6195266164481639,0.8126796340622008,-9.61346843806803,-0.25993114647745974,-0.38264723430437475,0.19438014014598132
1776353292737,-1.5994753236748278,0.8432057782944291,-9.594613515472412,-0.197716954359797,-0.4619094718686836,0.09625161275320149
1776353292753,-1.6340416101433335,0.811931446043402,-9.624690673828125,0.0466179087151882,-0.06645459233390351,0.0043624631672283
1776353292770,-1.6546914533317088,0.7775147241134196,-9.623792848205566,-0.04705013162360307,0.12083586481445746,0.027280682679530068
1776353292787,-1.5906467050530015,0.7435469880599528,-9.651625442504882,-0.8241733139360511,-0.9975628953804081,-0.03879510095970219
1776353292804,-1.5644601243950427,0.8001100753463805,-9.636961541858314,-0.4001925762195359,-1.9153485409248325,-0.16646537045155077
1776353292820,-1.580770623204857,0.8120810105819255,-9.577256137958168,0.18057862235005984,-0.7780786083834564,-0.13325928522362307
1776353292837,-1.6048622774101793,0.7407039466537535,-9.571869184222816,0.3482429044443594,0.8134879632272422,-0.1009189264729945
1776353292854,-1.6362860280692577,0.6929693318586796,-9.630975453186034,-0.059949023912451486,-0.4360307922380044,-0.02663997891887114
1776353292871,-1.644366458672285,0.7547698083419352,-9.632022916412353,-0.6265804769200779,-1.2639114581503443,0.4154502583299924
1776353292887,-1.6618740583121776,0.7977157275557517,-9.63366893005371,-0.14032826421032182,-0.2843818630043567,0.48056298529625285
1776353292904,-1.6499031961418686,0.8399136779464781,-9.577105915832519,0.19763862062775342,1.0647240387674377,0.43266564341130376
1776353292921,-1.6156361848808825,0.8250995551742613,-9.577405775561928,0.5108596767420196,1.6948967149432663,0.4925230734197683
1776353292937,-1.5952854707695543,0.8279426696456968,-9.58892728652954,0.29174763505483364,0.9710573858108216,0.13511725676042521
1776353292954,-1.5530876665093003,0.8650527953781187,-9.599701194000243,0.3630897079875573,0.7000542092040802,0.03821069289884298
1776353292970,-1.5632630235649645,0.8502385995406657,-9.612869887652993,0.4961154861189305,1.8072403067418708,0.06487954003912799
1776353292987,-1.5619162851311266,0.8396144027389586,-9.613617491149903,0.4606182993112867,1.8653485679925774,0.046908565280883975
1776353293004,-1.5682010644890367,0.8696916341599077,-9.641450085449218,0.47709783823123497,0.7485729915817947,0.05337830188961988
1776353293020,-1.5831648248650132,0.8638557676132768,-9.616161914935708,0.38811370683748575,0.6483199551920236,-0.12159812459800146
1776353293037,-1.5785260591484604,0.8307858571823686,-9.618854807281494,0.2850566109891599,1.436389102618799,0.03647470427174903
1776353293054,-1.5602701253592968,0.7790111001510173,-9.626486325073241,0.437709311226535,1.4740784066240467,0.048816375854286054
1776353293071,-1.5538358545280992,0.733371704069525,-9.619602995300292,0.3004066073751173,0.5902367201813228,0.035143671157242796
1776353293087,-1.5515912904717026,0.7043420089401304,-9.625738721576333,0.18051944516420404,0.0863357789039297,-0.14674584058535703
1776353293104,-1.5465036119438706,0.6880314370650797,-9.643994509235023,0.2981341820939129,-0.17529144228266175,-0.0827047062668481
1776353293121,-1.5643104867912827,0.6868344093002379,-9.647436174121498,0.06342433621994505,-0.26591489911849336,-0.03565481476708305
1776353293137,-1.568350555962324,0.685188249528408,-9.631274728393555,-0.21937844574524287,-0.32971166741118924,-0.07705461903894018
1776353293154,-1.5800224351860581,0.7106267882980406,-9.602844168201088,-0.3029263068486173,-0.3572494693603733,0.096770440325858
1776353293171,-1.58525975131765,0.7315760528244077,-9.608081484332681,0.10154474255569691,-0.14090778975314153,0.1825619385303023
1776353293187,-1.5924423562981187,0.7297804746445268,-9.592069676208496,0.2393056026900344,0.3130551572226289,0.19454443821203185
1776353293204,-1.5887014162041246,0.7655437888778746,-9.60793184672892,0.08207902358627792,0.32764257365992494,0.12324014476315484
1776353293221,-1.5738872934319077,0.8237526706099509,-9.612570027923583,0.11915819959957308,0.2491582039286307,0.21301113529363072
1776353293237,-1.587803590581566,0.8421581689376384,-9.617208793640136,0.14106501750618405,0.7087168634232134,0.33051114638962453
1776353293254,-1.6065082910515367,0.8556256263412535,-9.62768401042521,0.49712288566065455,1.1557578672424254,0.21791345020955447
1776353293271,-1.605610465428978,0.8336288985885679,-9.64055225982666,0.382014027743547,0.848332279999768,0.36831304179447166
1776353293287,-1.5898983709037302,0.8277930320419371,-9.637858782958984,0.21616694949444104,0.4013398879175394,0.39593859566623446
1776353293304,-1.5903472837150097,0.8300375230330973,-9.629629299274086,0.2084307464031967,0.1357301061558752,0.4485051189008278
1776353293321,-1.633742334935814,0.7861937781967222,-9.599552140918373,0.3417490487301169,0.8978716954107234,0.6309297065957893
1776353293337,-1.6451146466910838,0.7637480645675212,-9.60119815455973,0.3376678506184756,0.9543432725815657,0.5152697911508792
1776353293354,-1.6216216890312731,0.7228969987411051,-9.622745384979247,0.31912255300056874,0.5610980659649906,0.38204198883046175
1776353293371,-1.5825662744499742,0.711524540855363,-9.619154082489013,0.06237958408119755,0.38687029224342606,0.23346611111479085
1776353293387,-1.571343161907047,0.7252911273360252,-9.632771104431152,0.37932362690164956,0.9790945974732225,-0.1025046776187746
1776353293404,-1.5466532495476304,0.7460908273238688,-9.643545596423744,0.27200860179690833,1.0791312556045218,-0.13967507401008647
1776353293421,-1.5004152299858629,0.7610545876998454,-9.651326751819253,0.09376403651314169,-0.2023495568447846,-0.051375295554660756
1776353293437,-1.4863492952324449,0.7803579116500914,-9.643245736694336,0.0583568161034716,-1.0192076581384728,-0.32811876591112177
1776353293454,-1.4553743112541735,0.8270448440231383,-9.616161330413817,-0.06479728428439695,-0.8838539060780358,-0.5965701731717757
1776353293471,-1.4983203035332262,0.7881389939803629,-9.654319503894447,0.19652962202212548,0.2655504444932497,-0.44443219172138454
1776353293487,-1.500265592382103,0.7436966987289488,-9.637410454669594,-0.09352396603598631,-0.1896970049333062,-0.45914996872229263
1776353293504,-1.4896413225151597,0.7900843558944761,-9.62693523788452,-0.45918556041117076,-0.5993497399988535,-0.4084297309977184
1776353293521,-1.5059518213249743,0.8159716613449156,-9.635314943695068,-0.23529999022651282,-0.6394441243655921,-0.009742891325052953
1776353293537,-1.5158277570426464,0.8028035522140562,-9.632173138538002,-0.10326571010270212,-0.25797437732153045,0.04935435997313034
1776353293554,-1.5292952875114976,0.7790111001510173,-9.636811319732665,-0.2459405978601729,0.23516197238051095,0.46001804307711897
1776353293571,-1.5408173830009997,0.7594085740584879,-9.634866615405679,-0.19345593017391396,-0.020503160671320464,0.5595209325969522
1776353293587,-1.5469525247551499,0.7588099505782127,-9.637709729877114,-0.4106199805654711,-0.22463302233152474,0.8187036130713403
1776353293604,-1.5469523786246775,0.757612995878607,-9.629927989959716,-0.42175204165425473,0.1199192320835006,1.074019926227825
1776353293621,-1.5682010644890367,0.7516274917282164,-9.62080009613037,-0.275343975267696,-0.028579325756331635,1.1188350385281
1776353293637,-1.5568286066032946,0.7629998765487224,-9.619154667010903,-0.2979009418059275,-0.5073987451843801,1.2466993814419123
1776353293654,-1.578226783940941,0.7604560372848064,-9.619603579822183,-0.06007588934019918,-0.6014568533578025,1.189477657401132
1776353293671,-1.6112966943718492,0.7401053231734782,-9.616460605621338,-0.2887449131409668,-0.1281278121249601,1.1017325650115055
1776353293687,-1.6109974191643297,0.7481858268417417,-9.616910102954506,-0.20630727794283674,0.32381820133324674,1.1322812264046223
1776353293703,-1.6032161176383495,0.781106026603654,-9.622146834564209,-0.19916615508302973,0.1886711158560556,1.0179316934241498
1776353293720,-1.597679818560183,0.7875404435653239,-9.607781624603271,-0.2436053134942632,-0.30670961799899615,0.9634735279545802
1776353293737,-1.588551778600365,0.7869418931502848,-9.60119815455973,-0.033093974076004284,-0.34977980372931805,0.6439651226267586
1776353293754,-1.5881028657890854,0.8020554372604936,-9.61391735087931,0.006880028206612688,-0.015131110167399655,0.5367407576110789
1776353293771,-1.5854093889214098,0.8249499175705015,-9.61496422958374,-0.144199540726691,0.1118265251340933,0.4051736517543264
1776353293787,-1.5934898195244371,0.8301871606368572,-9.621399231067299,-0.0523838423547219,0.10802018877569212,0.2644202082681713
1776353293803,-1.5898983709037302,0.8197125283736735,-9.610475101470946,-0.06146185745275642,-0.197180544386113,0.17206938058298757
1776353293821,-1.581369173619896,0.8032523919600993,-9.599252281188964,0.055023737149358265,-0.27251318202184305,0.18134675182742183
1776353293837,-1.5734383806206285,0.8108839097518473,-9.602993805804848,0.1381554102806115,0.09206897566021492,0.09255824132036998
1776353293854,-1.5723909173943103,0.7966682643294334,-9.619902270507811,-0.08694225167745923,0.1822789125665699,-0.04295505969021019
1776353293870,-1.5777777249991893,0.7784125497359782,-9.636811319732665,-0.025293311074467924,0.06059861225511672,0.003532221657101516
1776353293887,-1.5719418584525584,0.7749708848495036,-9.628581251525878,-0.11763397351717597,0.1259866812222933,0.07085355432450907
1776353293903,-1.548149625585228,0.7749709579147398,-9.613617491149903,-0.19250986893258787,-0.14634240585707672,-0.04930473437994197
1776353293920,-1.5484489007927476,0.7655436427474022,-9.62109937133789,0.14470935031520898,-0.24840845726508956,-0.17325188376347245
1776353293937,-1.5382735437370836,0.7583611108321696,-9.610624739074707,0.13341888753461922,-0.38155117570557284,-0.2065512170818267
1776353293953,-1.5581753450371325,0.7746716827072203,-9.620201545715332,-0.0031855361958704784,-0.19740009761533187,-0.08104574403090192
1776353293970,-1.5707449037529526,0.7981647864975034,-9.632173138538002,-0.17321501141412496,-0.06446401907766793,-0.2044658749508572
1776353293987,-1.5812195360161363,0.7894857324142008,-9.629030164337157,-0.04320292085188761,-0.0736717544090798,-0.06623026330835091
1776353294004,-1.5614673723198473,0.8062452171005308,-9.614365679168701,-0.18563787153433522,-0.02294041762710431,0.0589712663245083
1776353294021,-1.5523394784905016,0.7930769618391991,-9.626486909595132,0.02168328929385173,-0.06101109164796202,0.12131867381141273
1776353294037,-1.562215560338646,0.7930770349044353,-9.616760465350746,0.024863382682727354,-0.09340283689992437,-0.009091515393815879
1776353294054,-1.5646097619988024,0.7929273973006755,-9.617657706451416,-0.2748573776501855,-0.09539383704298308,0.20549467219459036
1776353294070,-1.568051426885277,0.7987633369125425,-9.62798270111084,-0.1019728566784392,-0.08374126751467688,0.11952873736204626
1776353294088,-1.5638615739800035,0.7972668878097087,-9.630227849689126,-0.11184490794791414,-0.14568508019074233,0.08642067602087883
1776353294104,-1.5720916421867905,0.7987632638473063,-9.589676059070229,-0.13977998144686962,0.19757677539925306,-0.05912035654748498
1776353294121,-1.5949861955620348,0.834077738334611,-9.603741409301758,0.01584438468798997,0.03233934489442365,0.027351225727051606
1776353294137,-1.6011213373161852,0.8141759370345621,-9.616161330413817,0.33671562619864065,0.25879922938551525,-0.05181461545651009
1776353294153,-1.573438234490156,0.7612042253036052,-9.636212769317627,-0.43180722737085064,-0.12773929175506274,-0.08015133609517404
1776353294170,-1.5396202821709215,0.7989129745163023,-9.65237363052368,-0.3016452194924168,-0.8839356549046644,0.06743605850112261
1776353294188,-1.548149625585228,0.8126795609969645,-9.645490885272622,0.09618677931693925,-0.844638695123525,-0.16563422180692483
1776353294204,-1.5375253557182849,0.7667408897079527,-9.587581132617592,0.15330220853876103,0.4717714646173886,-0.19361649298026215
1776353294220,-1.5521896947562694,0.72618902602382,-9.611972062030434,0.12409690661716831,0.17688012827535082,-0.24818194044456843
1776353294237,-1.5252549260795116,0.7634488624252378,-9.601048516955972,0.07238373014200349,-0.6430104969685436,-0.16307890396412025
1776353294254,-1.566704688451439,0.8047487679976969,-9.603741409301758,0.23859478276867707,-0.1844855705965865,-0.10848853698151402
1776353294270,-1.6027672048270702,0.8095371713180094,-9.633369654846192,0.307090321003945,-0.1978576402484434,0.15756846208822736
1776353294288,-1.603665176580101,0.8108839828170835,-9.629030748859048,-0.03675004627266517,0.056206587175386964,0.3242660056107057
1776353294304,-1.5952854707695543,0.8274937568344175,-9.637859367480873,0.07593452137591097,0.6374473078895683,0.2680538155457652
1776353294320,-1.573139105413109,0.8500888888716697,-9.616759880828857,-0.059609275362096245,0.8683891304975104,0.4124782722673906
1776353294337,-1.562065776604414,0.8478444709457457,-9.617657706451416,0.24124345542361397,0.6649839092195622,0.30803934377260656
1776353294353,-1.5435108598686753,0.7963691352523863,-9.616310968017578,0.22426072366090616,0.6359685185734075,0.0699294510741475
1776353294371,-1.5354302831351756,0.7799089257735758,-9.613018940734863,-0.0530292952312881,-0.10715785071255157,-0.11412408337700923
1776353294388,-1.5315397054374218,0.7858944299239665,-9.613168578338623,-0.17368954947888218,-0.631111507021588,0.05762027625102093
1776353294404,-1.567303238866478,0.7680875550765544,-9.628730889129638,0.17122051613520192,0.023116028193967686,3.7139153611944336e-05
1776353294420,-1.5825664205804466,0.7460908273238688,-9.615563364520668,0.2132584628467792,0.5122059710604525,-0.07262518800133402
1776353294437,-1.5634126611687242,0.738309671928361,-9.638158058166503,-0.00030010143665743525,0.17395760772337873,-0.24342316622292073
1776353294454,-1.5530876665093003,0.7416017722763121,-9.637559507751464,0.18609746856028303,-0.08190186555468071,-0.1737334921412377
1776353294471,-1.5423137590385974,0.7606057479538023,-9.61481517650187,-0.08100134780129685,-0.1944633030352115,0.0414373703122922
1776353294487,-1.537675139452517,0.7812556642074138,-9.630227849689126,-0.11822000908404835,-0.46324941624562255,0.00111417460835833
1776353294504,-1.5432115846611558,0.7911318191207944,-9.629330024066567,-0.0032901234675362986,-0.22081924213414533,0.1760633337001525
1776353294521,-1.5696974405266344,0.8048983325362205,-9.616610243225097,-0.03934663873518072,-0.17101454324304372,0.18366223931690903
1776353294537,-1.5538358545280992,0.8246505692977458,-9.624840895953774,-0.11837643642429752,-0.1358569715836229,0.27179259706440667
1776353294554,-1.5471021623589098,0.8349756370224058,-9.627084875488281,-0.15566438677452762,0.2374784737262031,0.15377028994031847
1776353294571,-1.568949106377363,0.8255483218550682,-9.614365679168701,0.11733091055318311,0.2790960969995602,0.14525939398680657
1776353294587,-1.5652083124138414,0.8084896350264549,-9.60733329631388,-0.07216924619380923,-0.08756964190532192,0.09521160973036126
1776353294604,-1.5674528764702378,0.795770511772111,-9.62094973373413,0.08374185448405867,-0.3788615219156159,0.2527227089017311
1776353294621,-1.5800224351860581,0.8029531167525797,-9.636212769317627,0.03154154678285443,-0.03019818731133044,0.1787633394955703
1776353294637,-1.5726901926018297,0.81312854687348,-9.617508068847656,0.1565862488690678,0.10770530638278396,0.004436314587629063
1776353294655,-1.5693980191886423,0.8041501445174217,-9.607781624603271,0.020470023581675323,0.07121427369005037,0.04224952249328903
1776353294671,-1.5668543260551988,0.7870915307540446,-9.607482933917641,0.027912741982020702,-0.03559745185022552,-0.03060853227006011
1776353294688,-1.5610184595085679,0.7731752336043864,-9.62065045852661,-0.050257359006173626,-0.2582628460922577,-0.22267121057499725
1776353294704,-1.5682010644890367,0.7764672608871013,-9.632471829223633,0.004217535090777092,-0.4681115504393196,-0.0685315034501163
1776353294721,-1.564160849187523,0.7875405166305601,-9.605537060546874,-0.07338867508449451,-0.49034360274429956,-0.06580017483405166
1776353294738,-1.5746353353202343,0.8216578172225505,-9.622297056689858,0.11355616381969325,-0.12455564986946988,0.04096229863900608
1776353294754,-1.5879532281853257,0.80280347914882,-9.631873863330483,0.2322386514157455,0.3095194671100895,0.010960052379490383
1776353294771,-1.586307068413496,0.7430980752486736,-9.634866030883789,-0.16295145156699076,0.2870943552393509,0.16217264991905064
1776353294788,-1.5280981866814196,0.7951719613570719,-9.644742112731933,-0.3178538453622389,-0.546457181953098,0.17104591942454345
1776353294804,-1.5426130342461168,0.8068436944503337,-9.619304304614662,-0.07051724754916527,-0.9731897922140407,0.10527957537122451
1776353294820,-1.535430429265648,0.7694343665756285,-9.607781624603271,0.03992587079330954,-0.2829432010495699,0.09568177220518144
1776353294838,-1.5625148355461655,0.7308277917403727,-9.602544308471678,-0.0114230645000232,-0.508294833986974,-0.10875720887581881
1776353294855,-1.568051426885277,0.7538719096541404,-9.592518589019775,-0.04714209905356023,-0.5234428061838872,0.11251279906312091
1776353294871,-1.6138405336357653,0.8066940568465739,-9.619453357696532,-0.05817378837805642,0.038270563775786366,-0.07049766411615438
1776353294887,-1.6211727762199937,0.8361727378524839,-9.630078212085365,0.14678183248063184,0.21520463987340974,-0.08067872808471953
1776353294904,-1.5987271356560289,0.835873316514492,-9.619005029407143,0.15077370452453406,0.3004140245336691,0.014182034037885226
1776353294922,-1.5800222890555857,0.8038508693099021,-9.624391398620604,-0.0978436604796227,0.2968018683189373,0.25044601475229544
1776353294938,-1.5716427293755113,0.8206104270614684,-9.621997781482339,-0.016468546584252775,-0.18154589453041,-0.0623591468745404
1776353294955,-1.5658068628288804,0.8276433944381772,-9.606883798980713,0.1436598490605542,0.013067165738439317,-0.08735899993853578
1776353294971,-1.5620659227348863,0.8156722400069236,-9.60882967235148,-0.06896740825738062,0.8299839906507337,-0.01132359987023489
1776353294988,-1.5556315057732164,0.8002597129501402,-9.6336695145756,-0.006815248131203348,0.1558371158553349,-0.28661720249280204
1776353295003,-1.548598392266035,0.7950223237533122,-9.619004444885253,-0.03694582724192124,-0.6353117531960285,-0.15407975620665823
1776353295020,-1.5451567273795603,0.7787119710739702,-9.611971477508545,-0.007282742563378987,-0.17556443640605068,-0.25939591044253935
1776353295037,-1.562215560338646,0.7641969773788004,-9.634267480468749,-0.004244002073810892,0.00761293952106679,-0.3448545970075042
1776353295053,-1.5613177347160876,0.7577625604171305,-9.629778352355956,-0.04154286471845716,-0.21332166877702827,-0.08404270297265658
1776353295070,-1.5792742471672594,0.7597078492660075,-9.62768401042521,-0.03815541105524818,-0.10437393497596313,-0.07960241300148715
1776353295087,-1.5783762754142283,0.7800584903120994,-9.643694649505616,0.08987483075020122,-0.01785923713229084,-0.040043051226257564
1776353295103,-1.5673030927360057,0.7767664630293846,-9.65297218093872,-0.15970732515464628,0.007099928281375364,0.14778053420333465
1776353295120,-1.5403684701897202,0.7848470397628843,-9.620351767840981,-0.26253630335686423,-0.19423980110287872,0.01245036763987543
1776353295137,-1.5631132398307324,0.8083400704879313,-9.59610989151001,0.1234094587493771,-0.24391000396426926,0.17116838258192768
1776353295153,-1.5716427293755113,0.8087889832992107,-9.589376199340819,0.26099348101723474,-0.07392575206883965,0.1968903947485197
1776353295170,-1.614588721654564,0.7927778327621519,-9.609577275848388,0.16662870802224927,0.08275275771487621,0.10510444505203716
1776353295187,-1.6095011892572044,0.7855950816512107,-9.647435589599608,-0.060362143635531475,0.10079854438887302,0.16896719403933239
1776353295204,-1.5952854707695543,0.797566089951992,-9.64564052287638,-0.2611213336207609,-0.020876579919849755,0.04472194425112786
1776353295220,-1.571792366979271,0.8137270972885191,-9.62723509761393,-0.0023060959793784457,0.11071656603311333,-0.021139382120336572
1776353295237,-1.5830151872612535,0.8110336204208433,-9.586533669391274,-0.01732077276577054,0.11295964284522783,-0.17247604364286778
1776353295254,-1.5837633752800524,0.7951720344223081,-9.574712298694253,0.053777387708389614,-0.12292571593749624,-0.3277854206631134
1776353295270,-1.6030664800345897,0.7941245711959898,-9.58937678386271,0.3498183836259581,-0.10058963664980583,-0.5443726402349218
1776353295287,-1.6172821985222399,0.7866426179427654,-9.637111179462075,0.21284411582408275,0.39417662030378275,-0.5352811782019589
1776353295304,-1.6214720514275132,0.7739234216231853,-9.64683703918457,-0.26792228104338955,0.3050041250993292,-0.91218296943431
1776353295320,-1.588850907677412,0.8173183267135172,-9.661950437164306,-0.9820183453248111,0.7672844015347504,-0.9027225171036076
1776353295337,-1.6386803758598862,0.8204607894577085,-9.743802790942787,-1.8534629716196973,2.6930351604829537,-0.7756320666392696
1776353295354,-1.6563376131035386,0.8351252015609294,-9.750536483111977,-2.2488782040407798,3.3718733613819465,-0.128832015300559
1776353295370,-1.6068075662590562,0.8833085830368101,-9.699210200500488,-1.870832996452686,2.354636853149257,-0.16442562516937637
1776353295387,-1.5664052671134472,0.8461983842391521,-9.637110594940186,-2.30765753137744,2.095534267315058,-1.0693168073757424
1776353295404,-1.5239081876456737,0.7028454867720604,-9.577854103851317,-2.475563858300452,0.7954521016718831,-0.9321719449271754
1776353295420,-1.3365620538689196,0.6863854234237223,-9.550470422363281,-2.350172684196419,-1.6800617575094101,0.6560241951323864
1776353295437,-1.5996249612785876,0.7719782058395445,-9.624541036224365,-1.4390245951430718,-2.9683001083275187,-0.04151607757030602
1776353295454,-1.7063165727593004,0.8059458688277751,-9.776573426166177,-1.7675496505881034,0.35311768516019154,-0.4384367263731414
1776353295471,-1.701228748100996,0.8554759887374938,-9.878775325012207,-4.873290453932615,6.28017538049278,0.744304496876507
1776353295487,-1.7969969606377183,0.9133856683272867,-9.799317757415771,-4.389703669185604,4.289975223340601,0.5991167665151327
1776353295504,-1.810613982579857,0.9671055680770426,-9.65985609523356,-1.836231471560813,-2.714070649022712,-0.47614347937728435
1776353295520,-1.5656572252251206,1.0082559091109782,-9.366865667071938,-2.8002275089868993,-3.951025805118249,-2.3911200951574685
1776353295537,-1.655290003746748,0.901564224565029,-9.617956981658935,-2.46251990453302,2.776421738408466,-4.563971676990247
1776353295554,-1.67309687859416,0.8871990876693278,-9.660753920856118,-1.2140802122349297,7.4094626361634095,-4.597781967155457
1776353295571,-1.4815608919121324,1.0905565911788493,-9.694421797180174,-1.7751981817980484,2.9059895731899617,-3.643187471678482
1776353295587,-1.4266438913322985,1.2551580283798276,-9.885209741973876,-1.9580861017786602,-7.303101222860679,-4.623816086950607
1776353295604,-1.507298559758812,1.1628316268600523,-9.765200383758545,-0.8085921049745182,-15.026720117446118,-6.177529590098536
1776353295621,-1.5997745988823473,0.919820158354193,-9.422380633544922,-0.28084846740849156,-10.965560500169175,-6.230990761392696
1776353295637,-1.6883600603081286,0.7896354430831969,-9.565135492053628,-0.7497510391310632,-2.456573157643466,-5.615435757257752
1776353295654,-1.6707028230644763,0.7909822545822709,-9.776423788562417,-1.821134192174146,2.4075748746416754,-4.934511147010732
1776353295670,-1.4832069055534898,0.8695418504256754,-10.19555871669352,-0.5770621390460144,-1.544222314965962,-3.5106882050825816
1776353295687,-1.3531718278862535,0.9326889192122966,-10.04262850112915,1.334320890096244,-8.547256038671645,-3.932953124574395
1776353295704,-1.327134738701582,0.8809143083114176,-9.781810157775878,2.4737978275131804,-14.806045243099469,-4.7424142110382395
1776353295720,-1.3703801523186265,0.7070355588730424,-9.367912545776367,2.5109504280600534,-17.617296463963356,-3.0702432430108977
1776353295737,-1.6086032175041733,0.5389924567855894,-9.551668107715248,1.1862587173113521,-15.053240034445984,-1.1332010607867526
1776353295754,-1.6730970247246324,0.560989184538275,-9.750536483111977,-0.3592184314711881,-11.563786887492974,0.5529603758165964
1776353295771,-1.671451011083275,0.7336710523422807,-9.851392228046059,-0.16818737853518734,-9.143839765500054,1.5550654537167687
1776353295787,-1.6681588376700878,0.913086320054531,-9.351452409362793,1.7110016606759217,-8.30962009706856,1.0345055743320088
1776353295804,-1.9726715074516832,0.9498973167099058,-9.082404582324623,3.89829802538622,-9.279588067706765,-0.5469267040976834
1776353295820,-2.1760290109612046,0.9169770438827574,-9.241468770599365,3.05872263487179,-12.017185089882174,-2.136990740812685
1776353295837,-2.2183764528252183,0.8381180997665971,-9.813234054565429,1.9006719585023562,-13.661273948580419,-3.0966007295745652
1776353295854,-2.348261892888695,0.9597734716232865,-9.613618075671791,1.4378713603903974,-11.342842220674108,-4.137679934095888
1776353295871,-2.4546540830314156,1.0245664079207926,-9.37808790283203,0.9157858942214917,-7.562252260349303,-5.779750045007572
1776353295887,-2.5944156049430367,1.0827755088485778,-9.19328546218872,1.3461921857605492,-3.965468667005064,-8.572738620691315
1776353295904,-2.5526667134940624,0.9720436090011149,-9.099013771820069,1.9126608614864324,-1.9278742540889897,-12.353822062183655
1776353295920,-2.586484811943769,0.9071009620346129,-9.07192995006144,0.5921108066956979,-2.837371785240721,-14.78901245885675
1776353295937,-2.7136769212700425,0.8411107787765562,-9.10320362472534,-0.6329410372237995,-5.655990432341526,-17.70528808349334
1776353295954,-2.6767164331413804,0.9003673429306596,-9.198971691131591,-2.18092699986585,-7.3302896446255605,-21.08666031702007
1776353295971,-2.61327008914724,0.8789690925277769,-9.197624952697753,-3.195627373482349,-3.855988418572576,-23.023220437299198
1776353295987,-2.28750902576223,0.7920296447433531,-9.318681774139403,-4.6422482061995325,2.422232887487346,-23.55388686222146
1776353296004,-2.163908218926191,0.7372622817672788,-9.25718071899414,-4.930228618401134,7.239366166394351,-24.882906778469835
1776353296021,-2.155827788323164,0.7263388097580522,-9.150340054431558,-5.387379155965611,6.4937707637647115,-26.022170379196915
1776353296037,-2.0856478982903064,0.7299301853135228,-9.271546513476967,-6.335728297220256,3.0391806098827376,-25.41085820319702
1776353296054,-2.1357764955498277,0.747587349491939,-9.565883095550536,-5.299218489253672,-0.6544906575811599,-23.847549138038868
1776353296071,-2.1053997697256506,0.7378609052475541,-9.631424365997313,-4.312259569281414,2.5453814116660873,-23.23464040532048
1776353296087,-2.0292343755424023,0.572511280027777,-9.595811200824379,-4.4251856481501735,8.618065463570812,-23.5311918511568
1776353296104,-2.173335241832584,0.4122495525315404,-9.389012032428383,-3.3722722871181574,11.265855743444309,-23.640249481634395
1776353296120,-2.2565337495230136,0.36301863476410506,-9.337685749816893,-1.5543800869222402,8.802303840016382,-27.13061787393619
1776353296137,-2.246807305278629,0.4098552778061479,-9.258228766742349,-1.4577307757324443,5.317715495299712,-29.665816754210258
1776353296154,-2.197576533641666,0.5060723300889134,-9.062353143420815,-2.602539422848516,5.659365826451982,-28.70237759064494
1776353296171,-2.2827204763114453,0.5657777339890598,-8.955362256732583,-2.4412696919212293,12.131488305642337,-26.913691065896582
1776353296187,-2.328509436931461,0.7383098911240696,-8.796447121539712,-1.2101690751614511,22.083586190538668,-25.808253977033992
1776353296204,-1.6774363691031933,0.6413447969529777,-8.981548252868652,-2.3200415181163194,37.50439797781077,-23.8294115706979
1776353296220,-1.2274758023366332,0.4991890003159642,-9.217527338519693,-6.884892155075383,44.535456181124424,-23.094375640525097
1776353296237,-0.3124418553456664,0.29089352894760667,-9.651026892089844,-11.820514915373534,41.73151667776703,-21.79037470720648
1776353296254,-0.059404521257430315,0.40222383307963605,-9.613467853546142,-15.535951701205589,22.82200306435062,-16.559539218149332
1776353296271,-0.2671016614064574,0.577299902543798,-9.29533830795288,-18.280316587074836,7.388287342189078,-11.951721995555834
1776353296287,-0.9307444340810179,0.8659507671311497,-8.933515166583657,-21.034141284944546,1.2253265455901787,-9.203028477300093
1776353296304,-1.096093986235559,0.9287986337754874,-9.028535044971107,-22.657935090297748,10.13749995482174,-4.827493181774034
1776353296321,-1.140685992155969,0.9492990585558115,-9.200319014087318,-21.927972283130973,20.726506149632588,-1.767173883462047
1776353296337,-1.1595403302296996,1.2280738412950187,-10.346392836761474,-15.906183812713422,26.332862024162456,-0.28908556882582115
1776353296354,-1.269075056181848,2.469018489274755,-13.812149961963295,14.741284804483993,11.276877961217417,-1.973352428347285
1776353296371,-0.9551353634938597,3.4789226039841767,-14.954333791461586,32.84560790721511,-10.88303388574885,-2.5683688402045886
1776353296387,-0.12868687792867423,2.3943492519333955,-11.726650678363441,17.704646045711357,-26.909384631624892,-2.796571009903415
1776353296404,-0.6947659329518675,-0.6575096036817878,-7.427861597552895,-12.21221858031095,-33.25440155922954,-3.3063242493607454
1776353296421,-1.098338404161483,-0.9097986036207526,-6.153247904205322,-18.93390080384794,-14.940987582984118,-2.6225070540002253
1776353296437,-2.2626687451466916,-0.5843367423780262,-6.644508741870522,1.3741862496823753,26.20697480756995,1.0344050424851627
1776353296454,-1.5475506367787717,0.9920953401658683,-10.177452566638589,14.105677645606361,39.21661711970624,9.250698928838549
1776353296471,-0.9813219441518187,1.9451372385118155,-11.362881663623451,13.99048565148045,1.8887428196735172,8.204920127281435
1776353296487,-0.6883313698597252,1.939002096757665,-11.567585321044922,3.058423387208779,-63.22447933530177,2.767248154022904
1776353296504,-1.6620234036549926,0.364066317186132,-10.174459814563393,-3.789877736935553,-59.022949939070955,-0.8733623086260731
1776353296520,-2.189645594511926,-0.07691570109389721,-9.656413845825195,-5.0796304687587,-13.6621780948718,-0.6738430914598919
1776353296537,-2.595313284435123,0.24495478459335862,-9.061903646087647,-1.104571362385292,49.29515205142326,2.1953909926504096
1776353296554,-2.0967206425771114,0.9937413538072257,-9.208548497772217,0.4199190696770319,48.15058993144755,3.731767768137554
1776353296571,-1.6858157826527953,1.1070169467881321,-9.353846611022949,-1.4433542947466251,8.172264139085957,4.926422495486144
1776353296587,-1.0377353207692503,1.0085554035142064,-9.44183410655558,-2.9951404038881413,-38.65363877736794,4.77487810016331
1776353296604,-1.0631737134084105,0.8994696634385734,-9.682002460590004,-1.802652980940561,-33.17005213807447,3.9490967035645435
1776353296620,-1.4049461465261877,0.8611624368760734,-9.788544434466958,-0.23165573745876725,-7.032993708169708,2.2171225201552747
1776353296637,-2.0673916722401975,0.9277512436144053,-9.768941908374428,-0.33285395463579176,11.17172976026601,1.6083862859678253
1776353296654,-2.247256071959436,1.2143071817491202,-9.626037996783852,-2.1936023368615127,3.7241435694765275,2.990954778587393
1776353296671,-2.2147847119435666,1.3049875696275381,-9.571718962097167,-3.226098341473657,-3.1480666318574344,3.8519586069622687
1776353296687,-1.9413969560049473,1.214007979606837,-9.476101117816567,-1.1125745298235488,0.2814031001134378,3.6778532430372355
1776353296704,-1.5827154736623168,0.9388243532273918,-9.376592111316322,0.20154906401014439,5.1081422396752725,2.3739812295392024
1776353296720,-1.4469943131826817,0.8349758562181144,-9.376292836108803,0.520486134686065,6.333450429132057,1.6683093498253454
1776353296737,-1.2723670834645628,0.8158221698716283,-9.58892728652954,0.931669178971239,1.5252215824686326,1.8998201058468085
1776353296754,-1.228822540770471,0.8750788070909679,-9.797971603503823,0.05160319975735704,-3.100770133176035,2.673776374901045
1776353296771,-1.2599471623525023,0.8652026521775871,-9.82460651245117,-1.1388943436250756,-4.769419925242823,3.01006991675332
1776353296787,-1.2846373669728637,0.8402131723497063,-9.687688105010986,-1.1176592854955059,-1.1643909061882043,3.1570619909943414
1776353296804,-1.298703447856754,0.8152236925218254,-9.44243207244873,-0.17994488218070315,2.309408194239079,3.206812662021891
1776353296820,-1.2527645573720336,0.8330304943040013,-9.386467608642578,0.7265209254336152,3.0801869312253785,3.9077198444594297
1776353296837,-1.1703143838308752,0.9885039646103978,-9.475203292194008,1.6823172140393954,-0.8702318408303858,5.571411772962435
1776353296854,-1.1935080662831663,1.0892102180711924,-9.784653856769204,1.9287771197199008,-5.048667940590564,7.6107329430780535
1776353296871,-1.2756591107472777,1.0799325405076146,-9.864559752655028,1.1465206767202178,-7.065866127984511,9.84058394763847
1776353296887,-1.5134334092520176,1.0154387332871555,-9.792584065246581,0.623784368228604,-5.744117801881262,11.45478816739697
1776353296904,-1.7823321832083165,0.8922870584581046,-9.749040107074379,0.3792952922887646,-3.6664481077837836,11.6499574078355
1776353296921,-1.9083268994435667,0.7960700792405754,-9.762657129016517,0.16659775872757265,-1.5382258357615137,9.678724686008445
1776353296937,-1.698086066161096,0.6808489782150834,-9.657910221862792,-1.0564286672987515,-1.1966800918809106,6.062741857794125
1776353296954,-1.2728161424063145,0.9005171266648918,-9.420136069488525,-1.1907060242346765,-4.090112789168627,5.306104173710691
1776353296971,-1.2343592782400548,1.1222799823716283,-9.329306044006348,-0.18141604089490043,-6.134091294524548,6.43411589155382
1776353296987,-1.65095022097677,1.4692895124252885,-9.285312588500975,1.970585561403195,-6.510214444191518,9.55478748842398
1776353297004,-1.9604009316824376,1.561017436595261,-9.699659697833656,2.3717165949425203,-7.652678842318394,11.941957386363654
1776353297021,-1.9548643403433261,1.4927826892808078,-9.906758141437173,1.082047426215,-9.05305374482589,13.364684936703664
1776353297037,-1.9825474431693553,1.1384407705124466,-9.892243293872475,-1.896272676346633,-8.78341751318765,14.081415106127183
1776353297054,-2.3039688699148595,0.8734327203843743,-9.464279162597656,-2.791490629821395,-5.273148937852202,13.033654695937118
1776353297071,-2.4341535851858556,0.9032106035325675,-9.29533889247477,-1.7798691774166908,2.218775212491006,10.417566739096236
1776353297087,-2.3136954602897166,1.1936571924302726,-9.287407514953612,1.5520490714245618,12.252006139773567,5.882586653811753
1776353297104,-1.7688647988699375,1.1851277028854936,-9.507823705291747,2.470450181046228,10.900669434185822,5.374953334318065
1776353297121,-1.5768797532461583,1.0152890956833958,-9.570971358600259,1.3221631533736213,1.9939894180376554,6.063065011119232
1776353297137,-1.605460389433801,0.8897430730637162,-9.569025485229492,-0.41041438119928314,-9.362983823698974,5.934375282532906
1776353297154,-1.72412330147624,0.944959421916306,-9.642348495593666,-0.5201250951554063,-10.955757471162913,5.079318414490995
1776353297171,-1.7305575723074376,0.9726423055466263,-9.698612234607339,-1.1915568096731664,-8.109186488327243,4.847101801107494
1776353297187,-1.7422291592702268,0.8740311246689408,-9.834332956695556,-5.665632098128645,-9.364816875717477,8.362238166887046
1776353297204,-1.86957090620026,0.7083823703721165,-10.060435375976562,-8.514211583467123,-16.06681961670837,9.174918833770905
1776353297220,-1.9202980538748204,0.6950646236374974,-9.954193261829017,-8.046792710259178,-21.318178116674112,8.684605166465076
1776353297237,-1.9756641133964061,0.8869001047227532,-9.376292836108803,-4.852913438317528,-17.276370986636756,6.024843699410663
1776353297254,-1.8529612783133982,1.0896589116867632,-9.255833980560302,-1.8265313222789255,-7.975818507046283,5.4254177601138815
1776353297271,-1.8204899182975292,1.3854924543198197,-9.692028180041909,-0.7073392996449864,-6.0570830460667695,7.892992218076123
1776353297287,-1.8432348340690135,1.4662968334153295,-9.944317179980873,-2.6507902270230135,-17.46286076418749,12.455553461002763
1776353297304,-2.0412053838431836,1.5511412816818804,-9.989956649127603,0.5159352543472795,-33.87076466012066,13.333008226880438
1776353297321,-2.08026065229401,1.3621489881332962,-9.04649097290039,4.141982953272996,-33.017445221448874,9.102146583259003
1776353297337,-2.0127743852593003,1.1436780866440386,-8.768764164844155,3.632315944953937,-10.986538572431222,8.04770539428702
1776353297354,-1.905783498571068,0.8488920803025365,-8.9954651345402,2.583945940380449,11.43974638329731,8.509603767098302
1776353297371,-2.0070878640554843,1.1938066108383238,-9.734225399780273,4.023499234853962,10.660369718806434,9.807479728278711
1776353297387,-2.118717662590742,1.456271113963425,-9.855282805743814,7.798428249017296,-6.92735928312676,10.303404395987704
1776353297404,-2.1933866807363924,1.8067222358383237,-9.509619356536865,10.677043064344081,-20.958210071941515,10.783507784258008
1776353297421,-2.254888028142601,1.8243796192124484,-9.487473575702309,12.797783504460837,-19.492285843969405,11.804383716101258
1776353297437,-2.307560318535566,1.4954760930832474,-9.58294236690104,11.538733753617366,-4.776692796048417,10.28431145593658
1776353297454,-2.284964894237369,0.38621253641210496,-9.628132338714599,9.948264441224659,8.313989710590077,9.648263749857481
1776353297471,-2.3587365251518784,0.014812003880366683,-9.207501619067788,7.568537741933007,9.402470001064465,9.77990369327843
1776353297487,-2.374298689812422,0.2570753574326634,-9.14240926143229,6.223398579243403,2.655148954930539,8.84403202697693
1776353297504,-2.000803230828047,0.9582770955856889,-9.504532262530923,4.662127044892031,0.4679761739555358,7.60334950858527
1776353297520,-1.7235248971916735,1.0094531560715287,-9.641749945178628,5.628449828947565,3.536079219878692,9.032779182048355
1776353297537,-1.8442824434258043,0.942864422398433,-9.468619237628578,5.414162462135347,-0.8455726167708184,9.763460012851624
1776353297554,-2.143856926152855,0.6426913892563432,-9.307609175983071,4.257561279973836,-10.125250864318968,9.114212966201478
1776353297571,-2.31803495079875,0.558445345274359,-9.587131635284424,3.186887932995906,-16.583962267074003,7.295972212914478
1776353297587,-2.3937515783011913,0.6817466577071696,-9.671078330993652,5.3317114066827145,-13.547316511146988,6.2331994738155485
1776353297604,-2.6439457979179917,1.005412940770015,-9.32077728511393,5.729066199384669,-7.684013188909474,4.560489134287187
1776353297620,-2.5712219224907455,1.0901077514328061,-9.197475315093994,4.045854444007413,-1.088907177297514,2.9645639948515217
1776353297637,-2.4435810464836654,1.0767899316329508,-9.260173471069335,3.753374644690066,-0.40378066668961404,3.4087815692225796
1776353297654,-2.2951403974235056,1.1028269477523862,-9.387066159057616,4.334002195843681,-3.2636592592668494,4.287534711372791
1776353297671,-2.3980912149406968,1.0618262443222104,-9.256133840289712,3.7340417942443453,-6.341189460348504,5.20495419474468
1776353297687,-2.4679719758965075,1.057187551670894,-9.280524769702554,3.8347499453484213,-4.726656537736196,5.008726274984798
1776353297704,-2.520045715874433,1.035789228202775,-9.331550608062743,3.982478399359335,-0.7069365319273673,4.598377047386895
1776353297720,-2.412157295824587,0.952441229039058,-9.300276933398843,4.606100710677709,5.2003523547913835,3.8506309889423473
1776353297737,-2.3795361520744858,0.8839071334518491,-9.29459070445597,3.4527041678974046,5.684468052312248,4.282592215734641
1776353297754,-2.426671997258812,0.7131707006271928,-9.279028393664955,-0.69516875631767,2.983708161321421,4.533477016780257
1776353297771,-2.39599628848806,0.7685365409530699,-9.565135492053628,-2.1584110678234913,1.0074064786348658,4.6654738375853375
1776353297787,-2.277483160179853,0.8924364038009196,-9.703100778198241,-0.4718913130929812,5.023778731255037,5.300089338372849
1776353297804,-2.170642057225853,1.0772388444442302,-9.634118427386879,-0.902768193993682,8.487003524908376,6.542970750790429
1776353297820,-2.2355849233880636,1.0525486398238688,-9.634567340198158,-2.832965672895828,4.899522222326873,5.360591154040821
1776353297837,-2.176926836583763,0.9635143386520445,-9.626486909595132,-1.3270901743644334,1.278839370189936,4.053438515307066
1776353297854,-2.1422109125114974,0.8575708421248942,-9.146299839130043,-1.6479215553179747,3.137787197156565,2.8994315243696915
1776353297871,-2.2644649809136985,0.7778141454514116,-9.170840406146645,-2.8853685917554586,8.236788936175069,1.68468323425657
1776353297887,-2.302472932268679,0.7607553855575621,-9.313744317737221,-2.8823639488508874,9.632611517600752,0.631663791849007
1776353297904,-2.2450118001639843,0.8245010047592222,-9.356091175079346,-2.4989856441814835,10.577624538332667,-0.5306487091191034
1776353297920,-2.1785728502251205,0.8726843862351029,-9.354146470752358,-2.662794711376134,12.509315587507226,-1.1450164342772284
1776353297937,-2.1583717737175525,0.9085974111374467,-9.353547920337318,-3.5599654586232847,14.784178392471672,-0.3268976561535704
1776353297954,-2.1520869943596423,1.0440193694747983,-9.498247483173012,-3.9023013700134936,17.35546969986738,3.3778335552064287
1776353297971,-2.2661108484245833,1.1924597993392496,-9.6917283203125,-3.7836951350762225,16.261536357114384,5.126017698506842
1776353297987,-2.2493514368034897,1.2207413064498454,-9.676316231647133,-4.039315818537596,15.423926353533624,5.099265981962017
1776353298004,-2.0881917375542223,1.186025528508052,-9.494505958557129,-5.238849008500868,16.926147914302472,5.032015085620426
1776353298020,-1.8336581735588608,0.8957285772141068,-9.496301609802245,-5.284570721691757,17.304250111281455,4.984000990189352
1776353298037,-1.8204900644280015,0.772876031462103,-9.589974749755859,-4.839415703857114,13.363090941306112,3.7567555883292227
1776353298054,-1.845030631444603,0.6578047141708433,-9.671078330993652,-4.313809595336184,6.055646571906951,0.9445784499459746
1776353298070,-1.7272658372856675,0.748036189237982,-9.677214057269692,-4.7251410895141,2.426678913750201,-0.8330551211780064
1776353298087,-1.6808781801201402,0.8714871392745525,-9.654020228686928,-4.70610876739186,1.3171960050214353,-1.466763700909786
1776353298104,-1.685516945836693,1.1869232810653745,-9.528623332214355,-3.0053208008460457,2.453141627915769,-1.6106866723359443
1776353298120,-1.9545653573967516,1.4998155105270445,-9.584887071228026,-2.261392391260712,2.921118015314717,-1.9807207083578477
1776353298137,-2.044048498314619,1.564458882286027,-9.599252281188964,-2.0534807925952894,2.134376272464451,-2.8528867733838164
1776353298154,-2.003197724749148,1.4061424436386674,-9.555409047809242,-3.261682132945542,-1.5997948684873013,-2.6105388550270705
1776353298171,-1.9529194898858666,1.1038743379134683,-9.580697802844643,-3.8381133866278296,-3.593767637938855,-2.3013500651223446
1776353298187,-2.002299752996117,1.0274095954574645,-9.57561012431681,-4.2276066315950995,-2.822219864340694,-3.1267955017913107
1776353298204,-2.0409061086356637,1.0217233665145933,-9.462483511352538,-3.6681351645087767,0.015342365783994033,-4.652889640926412
1776353298220,-1.9641421640373766,1.1507110540207475,-9.318831996265054,-3.0195941886640796,2.117720429286552,-5.517752099295522
1776353298237,-1.9672845537163317,1.210266747251898,-9.328109527698158,-2.5691276315326945,2.8891119623074486,-6.01587608791726
1776353298253,-2.00663924350515,1.2532126664657146,-9.443928448486327,-2.059898822537574,1.3840058205530323,-6.6525662586651615
1776353298271,-2.058563345879316,1.2189457282699643,-9.482236259570717,-2.389427702347186,0.29567264595006376,-7.432290835916885
1776353298286,-2.0684395738579333,1.169565465159714,-9.501090597644447,-3.5406727355389376,0.5924407902099741,-8.177499479084773
1776353298304,-2.009033299034834,1.0642204459823668,-9.494505958557129,-3.4276173099627707,3.2615555610024853,-8.404086735931715
1776353298320,-1.9449885507561264,1.0990861537888645,-9.57605903712809,-2.9651475491387345,5.26367888056798,-7.91746222455134
1776353298337,-1.8869291604973375,1.132604903965816,-9.57575976192057,-3.5011728977951075,6.770116802488842,-7.155660063681729
1776353298353,-1.7558464734733104,1.1800399512924253,-9.609877135577797,-3.996361612621032,7.076656119325838,-8.088742024594103
1776353298371,-1.616234589165449,1.1634301772750912,-9.501538925933838,-3.3223350665489018,5.506008015904508,-8.87707221331322
1776353298386,-1.5466532495476304,1.1411342473801225,-9.409212524414063,-3.358930579791595,3.917409748457562,-8.795262768755746
1776353298404,-1.5430616547964513,1.0503041488327085,-9.280374547576903,-3.6416259196794876,4.98664598094544,-9.044056678141692
1776353298420,-1.7158933793999254,1.003467651921138,-9.63396878978312,-3.0980562001980125,6.050561069183054,-10.543855229302478
1776353298437,-1.6955423730276524,0.9888031667526811,-9.631125090789794,-3.582848726776943,5.236546380976927,-11.15200929658489
1776353298453,-1.4968237813651561,1.0770893529709429,-9.364919793701171,-6.0110296418143125,4.001859061129246,-9.155610742760924
1776353298471,-1.4022528157889842,1.2217888427413999,-9.374646822467446,-6.654416386156589,5.239804381211023,-7.850968625433973
1776353298486,-1.4457973584830761,1.2626400546982883,-9.424176869311928,-6.854260891081991,6.045926358944377,-6.623933678777645
1776353298504,-1.4478922849357128,1.211164719004929,-9.488520454406737,-6.81905041213693,5.70106840020314,-5.5056421738970895
1776353298520,-1.5173239869497717,1.0697568911910056,-9.561992517852783,-6.937116635242947,4.579915899833996,-4.877324534411154
1776353298537,-1.6187784284293651,1.0287564800217748,-9.529072829547523,-7.310405256404361,5.588724168074301,-4.6686430453602235
1776353298553,-1.7310066312491892,1.1010314426377414,-9.481637709155677,-7.847170186481799,8.050917290744218,-5.106543121635843
1776353298571,-1.707663165062666,1.2837389568284152,-9.509769578662514,-8.350877854750022,7.871580428801779,-4.617468279890726
1776353298587,-1.6530454396903513,1.3847441932357847,-9.465775538635253,-9.357716040301602,8.208263504880156,-3.4444885175429367
1776353298604,-1.5667043961904943,1.5632618545211852,-9.468917928314209,-9.467092982122894,11.419937127156981,-2.213465380741556
1776353298620,-1.5539850537404416,1.6166824790634213,-9.469965391540526,-8.944500694573232,12.946796034035712,-2.297620781835518
1776353298637,-1.503706965007633,1.5937880718186497,-9.453056926837563,-8.74816093046569,12.752198821940171,-2.7191792036350586
1776353298653,-1.3980629628837107,1.5676013450302182,-9.465925760760904,-9.373777230134888,11.176916435166989,-2.564900598210103
1776353298671,-1.4106323754690586,1.6497526817552743,-9.588628595843911,-9.91158888670263,9.297155314252038,-2.408238683651636
1776353298687,-1.4082383199393749,1.7103557651475072,-9.62005249263346,-10.341460502495723,9.821443196263155,-2.6669846055451134
1776353298704,-1.3777122487723827,1.7034725815050302,-9.621698506274818,-10.732195988118288,12.670517443429635,-3.218167851517037
1776353298720,-1.2403447823904454,1.5619152622178196,-9.579649755096435,-10.423471437633712,14.699926301512273,-3.606330917143447
1776353298737,-1.1097113004386425,1.3747187660448252,-9.559449263110757,-9.029253950662982,15.589286940886925,-4.239228625354699
1776353298753,-1.1171930344961583,1.300797789787501,-9.56902606975138,-7.851378436784174,13.766510941991038,-5.200439866590124
1776353298770,-1.1689676453970372,1.2603956367723643,-9.522339137378335,-7.232680264970555,12.20329237683939,-6.419861286756004
1776353298787,-1.1532556239370255,1.3028925701096654,-9.516203411102294,-7.764104840890689,11.787525955456019,-6.859012568310205
1776353298804,-1.0730500144522637,1.4529790866807102,-9.561842880249023,-8.960805209895698,11.64430628007096,-5.5757331482729375
1776353298820,-1.0357901780508458,1.5792732242539524,-9.751583946338295,-9.529876934747298,11.527399908463376,-3.85467104583641
1776353298837,-1.0354909028433263,1.616532987590134,-9.857976282611489,-8.765954427027221,11.259023846727004,-2.316123977740494
1776353298853,-1.0238191697500645,1.6243142891161142,-9.827899124255776,-7.816918424874167,10.521511119206428,-2.169446092201293
1776353298871,-1.0027202676199376,1.6775851299241185,-9.721656425586342,-6.889168280382634,8.298351138711686,-2.2790347698868554
1776353298887,-1.0042166436575353,1.8285696182481943,-9.654319503894447,-5.702344364917463,6.215298828661414,-2.7141891101161293
1776353298904,-0.9922455622915178,1.9033881278671323,-9.669282679748534,-4.612492060193549,6.791187082304686,-2.469021177405814
1776353298920,-0.8722361310109495,1.9321186939194797,-9.759514154815673,-3.244886057446246,7.996548984950917,-1.404481553745967
1776353298937,-0.7631504640005529,1.8882748760178685,-9.801712543597818,-2.6159137870170475,6.388278065147041,0.059652844498481516
1776353298953,-0.7674898814443498,1.933764707560837,-9.789292037963866,-2.4190043424440457,3.4058896244393138,0.6458231475244137
1776353298971,-0.8005598649404942,2.060507757945359,-9.768792270770668,-1.9035318867738873,3.18610182091112,1.6363474796042707
1776353298987,-0.7282849023245275,2.0391097267381846,-9.778518130493163,-0.44356849295649525,4.556893466575999,3.1923759899940114
1776353299004,-0.6693276864431799,1.9837438133470713,-9.727342654529213,-0.9095579356372037,3.08190515068846,4.732747785815379
1776353299020,-0.6382029187306761,1.864931409831345,-9.612869303131102,-2.1298312084586306,2.290197646868183,6.55515282006197
1776353299037,-0.6687290629629046,1.8411388847030699,-9.606285248565673,-1.5866527307505505,2.912572808332796,6.900522616104134
1776353299054,-0.6983573085073381,1.8460772178880869,-9.579649755096435,-0.6053148963826548,3.152793763093318,6.303256297245546
1776353299071,-0.7713805322073399,1.8465261306993663,-9.530119708251952,-0.5843187881523298,3.5868448143282237,5.712008655706208
1776353299087,-0.7881398707631975,1.8701687259629367,-9.60793126220703,-1.466392095930255,-0.20770111678119538,5.394193123436345
1776353299104,-0.8131293505910784,1.8953078433945774,-9.617059156036376,-2.4150682324914143,-2.315102010685931,5.539554063126203
1776353299120,-0.8659514977835119,1.8718148857347665,-9.585336568561196,-3.0862137193942685,-0.8080082838830408,5.3527351558348375
1776353299137,-0.9726431092642247,1.8782493026964366,-9.494955455890297,-3.168558053141119,3.116720332435307,5.011573610095047
1776353299154,-1.0173847527883946,1.9354110134631395,-9.444228308215736,-2.342602486718518,4.920146405412549,3.7270254824194495
1776353299171,-0.9847637551687657,2.06739123384878,-9.412056223407387,-0.949871633109323,2.9304922365071477,2.6585444127216817
1776353299187,-0.9063535777334123,2.1191656986191867,-9.612869887652993,0.7510540577978019,-4.882301607881978,1.8736451134000272
1776353299204,-0.9217663239859044,2.118118381523341,-9.76759516994059,2.01913241158953,-7.005250333534763,1.6914002984184544
1776353299221,-0.9316424058340489,2.0825046318285168,-9.72285352641642,1.384269209722901,-2.6599241109340244,1.5025848414553296
1776353299237,-0.8770247535269707,1.8686724960558114,-9.386318555560708,-3.6233893145955536,3.5475550049013713,1.7616744072414232
1776353299254,-0.8324326745413243,1.8236314311936497,-9.39754137584269,-5.885333243631744,2.599975754032234,1.9101127740391945
1776353299271,-0.7843990037344396,1.8511647502854465,-9.690232528796791,-5.372817192655144,-3.6741243866372315,1.7739675738086824
1776353299287,-0.7869429160635918,1.8408399017564951,-9.457097142139077,-3.6309960108968324,-3.562186123877185,0.5800131542934301
1776353299304,-0.7787127747915684,1.7949010112717747,-9.190592569842934,-2.7411021898800954,1.2328397536771927,-0.7096760781147771
1776353299321,-0.8140272492788732,1.8010361530259251,-8.993519261169434,-3.576471464526267,3.7600396286595292,-1.4622611121428668
1776353299337,-0.9935923737905918,1.9186514557115733,-9.293692878833413,-4.605974779064887,3.5034793673004563,-0.8272529821997864
1776353299354,-0.9651612290762365,1.9075782730333506,-9.534160508075356,-4.917590207115672,5.272011711355395,-0.36715817953578417
1776353299371,-0.8285420968435704,1.7546486419908702,-9.796175367736815,-4.613301437610195,5.4635669279493415,0.3644983811430195
1776353299387,-0.7224490357778967,1.691501573204249,-9.642797408404945,-4.518391690224637,3.725041312465561,0.10009407440900968
1776353299404,-0.7448946763418615,1.7950506488755344,-9.51276174621582,-5.352786809140436,2.5184121962848804,-0.5281607059922205
1776353299421,-0.7638986520193517,2.151786842369288,-9.4674221367985,-5.470581532226944,5.8381682260918675,-0.16149832882107057
1776353299437,-0.7041932481192051,2.1781230606310067,-9.52608007747233,-6.0874265883413745,8.988065348646865,1.2275957692202097
1776353299454,-0.6838425340078771,2.138768224711716,-9.578004325976968,-6.382327689719491,8.723741296635604,3.486857461624995
1776353299471,-0.6750139153860509,2.114526932902634,-9.529521742358803,-6.2759769485873385,6.962127507323064,5.34868357299655
1776353299487,-0.6830943459890783,2.0639495689623057,-9.491214515796303,-6.460150438235793,5.667968876598436,4.791158282936858
1776353299504,-0.6362577029470354,2.028934077421576,-9.476250170898437,-6.759836087127504,5.013647426281792,3.893729909491951
1776353299521,-0.6566084901235997,2.030430745720118,-9.498247483173012,-7.66921814539358,6.808828607157182,2.26677970296856
1776353299537,-0.7706322711233049,2.245459836192429,-9.541941078948975,-7.260810399067252,8.325257815173304,0.6497934617837481
1776353299554,-0.8411116190267727,2.388064618705958,-9.533412320056557,-5.93429118582875,9.942918110651831,-1.3737328958762158
1776353299571,-0.9120398432089015,2.5028365146592257,-9.504681315612793,-4.946363232767997,9.562001875734806,-3.255757584170791
1776353299587,-0.8144760890249162,2.3175853073351083,-9.586384031787514,-4.245740783841483,4.874136116729227,-4.395268565811872
1776353299604,-0.7448946398092433,2.187550229667872,-9.701455349078774,-2.8514746317729163,0.33001883916085467,-5.215748454954238
1776353299621,-0.6022900034261867,1.9680318649522959,-9.822960498809813,0.3897152794761479,0.6064664769488896,-6.6484604612003375
1776353299637,-0.6305715105367824,1.9406481834642588,-9.75547452403605,3.237615747961591,1.5447365001444169,-8.058826649803093
1776353299654,-0.6953645564321428,2.0389599430039524,-9.660454645648597,5.384409731223948,-0.8012495982559016,-9.748538610836086
1776353299671,-0.7606065882040187,2.2450112156420943,-9.398139926257729,5.99522415718808,-3.9444406489847106,-10.52989944528085
1776353299687,-0.7211022242788225,2.0848988334886727,-9.291149039569497,4.122009345705763,-2.7981549734606235,-10.07697252594438
1776353299704,-0.7184087108785286,1.9074284892991185,-9.343521616363525,1.6549095858908383,-0.6249873352961725,-8.59124843334205
1776353299721,-0.6860870615316554,1.7549479171983897,-9.560347088733314,0.8782416783752538,-1.1870307421309751,-7.013303126566208
1776353299737,-0.5183433077169582,1.9976601104967295,-9.729287358856201,2.752254608134257,-2.0393811477142676,-6.042057910553211
1776353299754,-0.4134473109487444,2.2619201187364757,-9.786000595203042,5.54379006107208,-1.6421132264808194,-5.0519199644091355
1776353299771,-0.3640668286427855,2.7046976421311495,-9.75472575149536,8.045935521518341,-0.056986989648913806,-4.449097286660742
1776353299787,-0.4019252154592424,2.582593503593653,-9.631724225726723,8.09346680795246,-0.5934555001885441,-3.640198410142955
1776353299804,-0.35867987490743397,2.3098041519396006,-9.60224561778605,7.314633143500599,-3.104247766680629,-2.363523142702855
1776353299820,-0.21906799059957266,1.810014409251511,-9.530119708251952,5.249228761605171,-4.650585732742003,0.7758240589879705
1776353299837,-0.17357823212184012,1.793704056572169,-9.509021390643715,4.497637306657907,-2.2951531625544392,2.712065134727667
1776353299854,-0.26740093661397696,1.9000962467148899,-9.508721530914306,4.410103309802317,-1.0537551818472204,3.426938773357412
1776353299871,-0.48377698471583425,2.0014009044602514,-9.577256137958168,5.351612016603193,-3.110608166901792,3.11142864337584
1776353299887,-0.6211443049672991,1.8673259037524461,-9.63396878978312,6.190021152316843,-4.848019607777214,2.396569518898081
1776353299904,-0.6483783488515764,1.8010362991563975,-9.64040320674479,6.390087638390272,-5.214621473741186,2.735502928864566
1776353299920,-0.8188155795339495,1.8300657020248472,-9.56962403564453,5.862012843371206,-4.258927744694662,2.6750581025874802
1776353299937,-0.9334379840139299,1.9590534625962375,-9.481488071551919,4.487535883762281,-2.5541255479075846,2.9452956043160925
1776353299954,-0.9325400853261351,2.001700179667771,-9.444676636505127,3.1737242374745875,-1.7271464136048336,3.080739322774503
1776353299970,-0.8526336779836565,2.011875682853907,-9.44826852351725,2.914825916985254,-2.543524667428902,2.7087211167987113
1776353299987,-0.6199472772024571,1.906081896995753,-9.450662140655517,4.117020319403892,-3.232596199251866,2.4436145812406593
1776353300004,-0.5119088542226702,1.8757054634325205,-9.437943528857828,5.083945013880033,-1.4421494066883527,1.9532003820879853
1776353300020,-0.4050675320729613,1.9393012988999485,-9.379584278869629,4.2128692178003275,3.065467233233766,3.121636361090424
1776353300037,-0.45549555067047476,2.0287847320787606,-9.376442473712563,0.5624051934174017,4.400185875127458,4.362028596442358
1776353300054,-0.5324092790029943,2.0156164768174287,-9.494505958557129,-2.9915453765071875,3.189460352992062,5.490741262449061
1776353300070,-0.6889301394704729,1.9396007202379404,-9.80036580516398,-5.157723009747218,2.8472779074147665,6.502371252590227
1776353300087,-0.8285420968435704,1.9458853534653782,-10.05549791957438,-5.130119653990258,6.147143786028442,7.035727491385006
1776353300104,-0.8611630213979631,1.9795538143113254,-10.293272071948646,-3.4342863493570537,10.592986487549673,7.523484106620311
1776353300120,-0.8357247018240391,2.0534749366991223,-10.427197727313636,5.208509308207671,4.481816880992865,4.574597743791495
1776353300137,-0.6313196985555812,1.946932962822169,-9.305963162341714,11.706024723184843,-11.45040147840253,1.9091522786871615
1776353300154,-0.2895473019704223,1.8526611263230441,-8.803030591583251,11.28004802276595,-20.008426164074347,3.147695240321315
1776353300171,-0.704941436138004,1.7350459697678684,-9.092130442047118,6.997759750449374,-7.560741080995437,1.9903888411280009
1776353300187,-1.0019720065359026,1.4841037082627415,-9.937582903289794,4.887774296954451,5.571171435681015,1.3895739188304737
1776353300204,-0.8559257783316075,1.6039635750047863,-10.159944966998696,6.688905426370567,3.312446446734604,3.1501801485187304
1776353300220,-0.878670694103092,1.7637765358202158,-10.092159132495523,11.433736670601345,-7.399034644848093,2.3675036488850916
1776353300237,-0.9446608773611486,1.9436407894089818,-9.732280695453285,17.956256554356287,-18.543779181477028,-0.8764511549565056
1776353300254,-0.5515628192190081,1.7610827666915951,-9.112032243347167,21.2773421231739,-21.10069294066986,-3.8441598115905835
1776353300271,-0.3534426318410784,1.5830140182174741,-8.989927958679198,15.626730037916936,-11.606433734896886,-1.6400577664274687
1776353300287,-0.31693120265416796,1.3516745750658212,-9.37793884975016,8.61011426960327,-3.4606666743657586,2.543886880898324
1776353300304,-0.44023251508697864,1.5551815700486302,-10.197653643146158,7.445020600982496,-3.704979339325941,7.702855973282246
1776353300320,-0.5801436746023595,1.7503090053513646,-10.293571347156167,11.421154608376535,-10.695692042099155,9.219356044511008
1776353300337,-0.7097297663930803,1.9220926822066307,-9.578602291870117,12.929457598827636,-17.82327447876343,8.44342094158817
1776353300354,-0.6759117410086095,1.691202151866257,-9.099463269153237,10.8393932458207,-18.083987922024694,7.376803232873348
1776353300371,-0.7604570601981133,1.5378237541429698,-9.153931356921792,8.91434455561398,-9.98704198646376,7.299215698996588
1776353300387,-0.9195218329947441,1.354218268199265,-9.549124268451333,8.025351892680861,-0.8266875706025563,8.04576732811003
1776353300404,-0.9820703513663261,1.4288872863449156,-9.76834335795939,8.536636802059567,-0.1455989557741767,8.950027171385418
1776353300421,-0.9721941964529454,1.5367759986557066,-9.760711255645752,8.194584343519914,-6.231346358116359,9.230133229247642
1776353300437,-1.0405785813711583,1.6430185511946678,-9.654917469787597,8.680252628416486,-12.227797388034103,7.970122983052137
1776353300454,-1.083075733904168,1.540367301145941,-9.456348954120278,8.867081354104783,-14.485161248344976,5.902102638704595
1776353300471,-1.0694587119620294,1.4580666190780698,-9.415946801105141,7.988818064584109,-10.396357294176054,5.505739077205939
1776353300487,-1.1101602132499218,1.3221958209946751,-9.56289092799723,7.028216417732107,-5.9434769364887705,5.390459144394463
1776353300504,-1.1341022298514842,1.3196518356002866,-9.495404368701577,6.608000128104474,-5.433275892753981,5.244324685781102
1776353300521,-1.134850417870283,1.3422472598984836,-9.433604038348793,5.2940232766162305,-6.275132139564373,5.532095496552549
1776353300537,-1.2532137624442576,1.3822005001023412,-9.53820013885498,4.455614140902581,-5.143250265782784,5.723074842822099
1776353300554,-1.3998585410635918,1.32877958329916,-9.501389288330078,5.298002288694586,-5.027482401332477,4.632134830472859
1776353300571,-1.3714274694144726,1.2779029441513121,-9.420286291614174,5.118933938563893,-5.237743798515795,3.9186921164742317
1776353300587,-1.33072596812658,1.1810874145187438,-9.415198028564452,3.957831661739344,-4.0016144549795944,3.232946886777064
1776353300604,-1.3212989452201873,1.1685180019333958,-9.575310264587403,2.0608684959563046,-0.8524249506947809,2.7930940167290554
1776353300620,-1.3368611098807304,1.1797406760849058,-9.607631986999511,1.8628028284228666,-1.0235924261422094,2.0031209540711394
1776353300637,-1.3880372434318065,1.209668196836859,-9.46218482066691,2.5285857630536146,-3.5427574373396724,0.9215655149197919
1776353300654,-1.2300198607962578,1.1721090121626854,-9.317484673309325,2.0676892936162083,-4.424004025423762,0.2398712277306761
1776353300671,-1.1930592996023595,1.1296120788253843,-9.35324806060791,0.6107607449461235,-0.9629056617581171,0.616930380118202
1776353300687,-1.222388416069746,1.0700563125289977,-9.534759058490396,-0.9889402084400901,3.8183139488844318,1.3200555064061434
1776353300704,-1.266381871575117,1.2354058646835386,-9.592818448749185,-1.6349869912989687,5.827539597969682,1.8945410099486233
1776353300721,-1.2499216620963065,1.2942134429611265,-9.491513206481933,-1.6350851752682878,3.0514070753838833,1.8555749941771122
1776353300737,-1.1507120038688181,1.3295280635789035,-9.348160966601966,-3.15239120881911,1.3084620073419873,2.4886297967392745
1776353300754,-1.1780956853568554,1.3540686305955052,-9.534459783282875,-3.039890522669596,1.4483896382688055,2.6902689338690986
1776353300771,-1.2021873395621776,1.3807038318037985,-9.594613515472412,-1.2345054660610297,0.5969658438959604,1.992434269341008
1776353300787,-1.1314088260490447,1.3470355170883237,-9.548076220703125,-1.1966647239552781,1.6203366624161146,1.911521927442333
1776353300804,-1.1634312001883982,1.2704212100937962,-9.663297760120034,-2.802667594067886,4.547033661622263,2.1750259298663703
1776353300821,-1.2888274390738457,1.2867315627731382,-9.72958663406372,-3.2366225957675887,5.7337457327397745,1.5717010197705694
1776353300837,-1.3051380109488964,1.3476342136338353,-9.81278514175415,-2.420559491140693,3.9360156106435,0.9018913684589817
1776353300854,-1.3458394391715527,1.3871385410264134,-9.806949275207518,-1.2966919905764684,0.7437846020867926,-0.548411896716191
1776353300871,-1.3238427114188671,1.3226447338059544,-9.727342654529213,-0.3799772173082816,-0.9710691251984576,-2.670392656497538
1776353300887,-1.2283738471549004,1.2044307345747947,-9.48732335357666,-0.09824685508406501,-1.590628327734321,-5.044440480381149
1776353300904,-1.1873731437247246,1.1771966906905174,-9.3730002243042,-0.157450961490162,-2.114386229754528,-6.2030403466485335
1776353300921,-1.1768985845267772,1.190814004893601,-9.408763611602783,-0.10630349009691818,-1.098776587204771,-6.530463393759667
1776353300937,-1.165526126641035,1.166572713084519,-9.562142155456542,0.14503277044457966,1.2413164453240018,-5.501333605191281
1776353300954,-1.088911673516035,1.2032339260056615,-9.764003282928467,0.19579164142664676,0.961759150472907,-4.30061793872795
1776353300971,-1.0410275672476739,1.264435559812933,-9.882067352294921,0.15231935498936677,-1.3869653201760577,-3.4211008826077554
1776353300987,-1.073648637932539,1.383547238536179,-10.009708812823892,1.1076208284062912,-3.4073856493109584,-3.8683207520058573
1776353301004,-1.1887199552237986,1.386689628215134,-9.727791567340493,1.1221013630552472,-2.391470782682666,-4.488040890874039
1776353301019,-1.206826032213494,1.3575102954819798,-9.559149987903236,0.4076381761059374,-0.7771268642112975,-4.126159112513369
1776353301037,-1.2545604278128593,1.2608442573226988,-9.401730644226074,0.17671225503215662,0.717027656178385,-2.6677626067802604
1776353301054,-1.2056290044486522,1.1942556697800755,-9.52458370143473,0.7848402822183576,1.7465297434173892,-1.197379225775485
1776353301071,-1.1480185270011425,1.1915621929123996,-9.617359015765786,0.9708412743566142,2.093399406312606,0.2133632102010037
1776353301087,-1.040429089897871,1.2312160117782651,-9.740361126056312,0.9467077614197261,0.05468366843388568,1.1632106708439671
1776353301104,-0.9971837493460625,1.2358549236252903,-9.797223415485023,0.5647956529052004,-1.409320742772921,1.4730250633879838
1776353301120,-1.0142425092399119,1.2351067356064915,-9.800515442767738,0.45337669796548646,-0.9379630915696999,1.3645727584255825
1776353301137,-1.0838239219229668,1.2126609489120543,-9.712677584838866,0.6573966896295887,1.6766942608051822,1.1468337982049808
1776353301154,-1.1263210013907403,1.2225370307601988,-9.58339069519043,0.7887104915176689,3.008732480336467,0.9796078221563255
1776353301171,-1.1317079551260918,1.2255296367049215,-9.541641803741454,0.5720772748906687,2.150632336132493,0.9129719630051522
1776353301187,-1.1246749877493827,1.246628684965521,-9.534160508075356,0.09061211765459236,-0.9228829943776639,0.06891255330060896
1776353301204,-1.144576862114668,1.257702013774216,-9.610176410785316,0.3332726238875724,-1.7636728779038866,-0.5525321016112954
1776353301220,-1.1634310540579258,1.2407926722884177,-9.655516020202636,1.0172949917274576,-0.9414557728348094,-1.2495395661978739
1776353301237,-1.1718109059989452,1.1960513210251926,-9.724948452869057,0.9061306747777381,0.1473585032178219,-1.782484072651748
1776353301254,-1.1429308484733105,1.2186465991929172,-9.683349199023843,0.12842479195172343,-0.28876113484024557,-1.8587467632729369
1776353301270,-1.1150981811087577,1.275059975810349,-9.632471829223633,-0.6334201109610523,-1.482127571117495,-1.939924201888773
1776353301287,-1.129762739342451,1.3801055736497043,-9.571420271411538,0.22207394254859136,-1.0947956541357113,-1.6286562597120133
1776353301304,-1.2219395032584666,1.37651427115947,-9.540145427703857,0.8987707190602263,0.006171662884488318,-0.9323062008330485
1776353301320,-1.2799988935172557,1.3355134215988218,-9.575609539794922,0.8958198638953693,0.17042159744572197,-0.007443572173991631
1776353301337,-1.324441261833906,1.2385482543624937,-9.675268768420814,-0.01702269904152295,-0.3540063034433808,0.6854509979543285
1776353301354,-1.2309176133535802,1.1812369059920311,-9.743502931213378,-0.6720818097885277,-0.019657124348738026,0.8199490020169569
1776353301371,-1.17510293328166,1.1782444461777806,-9.734973587799072,-0.9741753671669324,0.8663749717442971,1.0525844447347978
1776353301387,-1.0690097260855138,1.1557986594833434,-9.68409680252075,-0.5861431423518108,1.3707901515609981,0.8822153010074675
1776353301404,-1.0004757766287773,1.1341012069381773,-9.594912790679931,-0.27960932168266317,1.076905894595567,0.5464303948049468
1776353301420,-0.990599767845869,1.1387401187852024,-9.578453238788246,-0.16884313005636145,-0.05313481631787951,0.04750055058285368
1776353301437,-1.0130453353445976,1.1771966906905174,-9.582193594360351,0.042318411354370956,-1.7637422470126445,-0.2880327058374343
1776353301454,-1.116444992607832,1.2542602027572691,-9.617807344055175,0.2470726483542496,-2.0921046585780654,-0.46931617169332773
1776353301471,-1.18153735024333,1.2690744716599582,-9.641301032367348,0.47777029169936386,-1.113985710939097,-0.4942794992535194
1776353301487,-1.265783321160078,1.2639867931321263,-9.645490885272622,-0.1512736156748408,-0.523675779667608,-0.4389851958995787
1776353301504,-1.2586007161796093,1.3088779281295835,-9.649829791259766,-0.8552989128706223,-0.933938829488093,-0.42233786377771554
1776353301521,-1.2551589782278985,1.3501779067672788,-9.641151394763588,-0.5665634446006172,-1.4935034646235628,-0.14582832740032747
1776353301537,-1.2177496503531933,1.3974635356858371,-9.56992389537394,-0.07506001703831133,-0.31434750371878933,-0.08922409514919884
1776353301554,-1.1861759698294103,1.2915199660934507,-9.591471125793456,0.1536815508419612,0.2991226918937136,0.16729379769267927
1776353301571,-1.1459236005485056,1.24872375754863,-9.595811200824379,-0.06418616911666591,0.07744831541156795,-0.018270275782108093
1776353301587,-1.1275181022208183,1.269523238340765,-9.60239467086792,-0.49797783324566974,-0.3726333498879163,0.16398414415298496
1776353301604,-1.1569967832267283,1.2867317089036105,-9.661052611541747,-0.3511120107825879,-0.3210128878946491,0.4178140907521986
1776353301621,-1.1950046615164727,1.2380993415512145,-9.649829791259766,-0.26850135301895967,0.6807808027484794,0.3786870852875161
1776353301637,-1.1875228543937206,1.2315154331162572,-9.617807344055175,-0.406198820460063,1.0351706640024387,0.40161517655760265
1776353301654,-1.1873731437247246,1.2172997146286069,-9.62080068065226,-0.22981622877706528,0.303956811639643,0.13692763041644881
1776353301671,-1.184679739922285,1.2030841422714291,-9.623045244708656,-0.3101031281190082,-0.2742999435004625,-0.17345884383140914
1776353301687,-1.181387639574334,1.2132594993270933,-9.630376902770996,-0.10127094801951461,0.16320699669148445,-0.22263433822564976
1776353301704,-1.19036589579992,1.2306176074936985,-9.630078212085365,-0.05512837778187698,0.7758015407080505,-0.29558662825520393
1776353301720,-1.1764495986502617,1.2403439056076109,-9.6336695145756,-0.1834536517429592,-0.27772085441843397,-0.41483879631671755
1776353301737,-1.1656757642447948,1.2593480274155735,-9.636063716235757,-0.2552789872398877,-0.8312900508860871,-0.3210641409938506
1776353301754,-1.1797416259329765,1.269224109263718,-9.625589083972573,-0.2265317615599354,-0.6782360770349737,-0.339988620832399
1776353301771,-1.1857271300833672,1.2559062163986265,-9.594463877868652,0.02611805641674696,0.0016983692258059832,-0.2613561213734801
1776353301787,-1.1815372771780936,1.2535118686079978,-9.609278000640868,0.07511959443056383,0.06614040363208293,-0.34132781815739754
1776353301804,-1.1728583692252634,1.252614335246384,-9.632023500934242,0.07519584708934468,-0.30110814250807166,-0.28911224925226653
1776353301820,-1.1562485221426932,1.2713188895858825,-9.642198273468017,-0.1627623140239196,-0.5340464080660674,0.05298391182590454
1776353301837,-1.15594932000041,1.282691493602097,-9.64578957595825,-0.29731349217645353,-0.561345873765815,-0.00874621731476
1776353301854,-1.1444272245109082,1.2719175861313938,-9.620202130237221,-0.2576145384100618,0.03978291706841528,-0.02436760699851963
1776353301870,-1.1436790364921092,1.2602458530381322,-9.604340544238687,-0.06445636179527811,0.06475168743560182,0.07702516384814449
1776353301887,-1.1522083799064158,1.2617422290757299,-9.599701778522133,-0.06403913328652552,-0.09385096134250068,0.04278056970125752
1776353301904,-1.1785445981681346,1.2636873717941344,-9.610475685992837,-0.07438460204284698,-0.30053125832747,0.18506877803825567
1776353301920,-1.1894681432425975,1.24872375754863,-9.632173138538002,-0.23453604957610277,-0.46852493696666403,-0.054837401051063855
1776353301937,-1.1908148086111991,1.251417234416306,-9.636063716235757,-0.1713626694473028,-0.0988006073349385,-0.03155019124102273
1776353301954,-1.1785445981681346,1.262789692302048,-9.616759880828857,-0.10774591399183381,0.21660023961991373,-0.038945151678030906
1776353301970,-1.1791431485831736,1.2623407794907688,-9.61451590129435,-0.12053725748168097,-0.0837371587290043,0.10301830250827428
1776353301987,-1.2015887891471386,1.255606941191107,-9.60793126220703,-0.04242716077256225,0.09626239164548542,0.08075924961173163
1776353302004,-1.2008406011283397,1.271618164793402,-9.618855391803383,-0.2153702452803561,0.10700457166262296,-0.11923770727038026
1776353302020,-1.182135900658369,1.2725161365464328,-9.616461190143227,-0.2714000746305425,-0.4396347042009646,-0.20715536865825548
1776353302037,-1.1709130803763865,1.2684757751144469,-9.617209378162025,-0.17368845558139792,-0.07831068015513494,-0.06187596435161489
1776353302054,-1.1864753181021659,1.257851359117031,-9.596558804321289,-0.20985324001955763,0.37446640190641844,-0.23237653585961515
1776353302070,-1.2300199338614939,1.2693737468674777,-9.585037293353675,0.369431111745091,1.338555500659946,-0.31166473347885526
1776353302087,-1.237651378588006,1.254858753172308,-9.590722937774657,0.7385821323733586,0.9537842642866825,-0.3594325152129857
1776353302104,-1.25411151500158,1.2615925914719701,-9.655217329517006,0.7685808568165835,0.2875245504353559,-0.08015090920835091
1776353302120,-1.2161036367118359,1.234059272380173,-9.67287398223877,0.17566600878952818,0.8192253221300528,0.11665616256837989
1776353302137,-1.1662743146598338,1.2550083907760679,-9.67212637874186,-0.7107367851485389,0.6030399631413645,0.12330471139515262
1776353302154,-1.0761924041312187,1.3174074176743626,-9.642348495593666,-0.43053174290420365,-0.24552454329018392,0.0784571023354671
1776353302171,-1.0651192945182322,1.3058851760543881,-9.564237666431069,0.2860187071667797,0.11882170606124416,-0.301424172159317
1776353302187,-1.0763421148002148,1.25994643170014,-9.551817745319008,0.44823137772549837,-0.18320349606460748,-0.3904028874264978
1776353302204,-1.0902584119498728,1.2217888427413999,-9.630526540374754,-0.24087729325107782,-1.4766094185983594,-0.603780985305458
1776353302220,-1.093400801628828,1.2808958423569798,-9.695319622802733,-0.8182393736511909,-1.7228862965534497,-0.47299791046022904
1776353302237,-1.0898094260733573,1.313067781034857,-9.696068395343422,-1.0516035655369604,-1.2976847158836475,0.14586541319308652
1776353302254,-1.1168939054191112,1.3380574069932103,-9.625439446368812,-0.789055682875019,0.46467212330539504,0.78848530871847
1776353302271,-1.1635808377921582,1.3016954692795872,-9.5570550614506,-0.7004250137708179,1.0040324719065854,1.0308578264283987
1776353302287,-1.1653764890372753,1.278202365489304,-9.548375495910644,-0.5801680608493719,0.7450856464019743,1.1198033245646553
1776353302304,-1.1976982114493846,1.2410922397568822,-9.586533669391274,-0.39848126698690395,-0.10422692582624919,1.4103190176088007
1776353302320,-1.2421404336355626,1.233161300627142,-9.664943189239501,-0.31634319961690244,-0.0356234385855833,1.3570200633074292
1776353302337,-1.2556078910391777,1.2307672450974583,-9.658658994403481,-0.13540070961098075,0.27321455707223874,1.2744062572534804
1776353302354,-1.249023836473748,1.2072738490462303,-9.65940659790039,-0.02110688536092612,1.0069071277735144,1.0957864584521864
1776353302371,-1.259947454613447,1.2250808700241147,-9.613617491149903,0.10211458310371696,1.4480481288103049,0.8717517713641253
1776353302387,-1.2632394818961619,1.2264276084579526,-9.598355040088295,0.4573022958300984,1.9915790015908754,0.7003584194264103
1776353302404,-1.245881519860029,1.2482748447373508,-9.62828256084025,0.5548624767787391,1.136019901201558,0.3005891014920036
1776353302421,-1.187073868517205,1.2654830230392515,-9.587580548095703,0.05074264928278832,0.19197388584572697,0.07892465012849562
1776353302437,-1.1477191787283867,1.2741620040573178,-9.598504093170165,0.5950490153384198,0.09430516892230652,-0.12181599696035429
1776353302454,-1.1504127286612986,1.270869976774603,-9.610924598804116,0.8364787534994753,1.4967681883251232,-0.514855817654153
1776353302470,-1.1435293988883495,1.2850856952622531,-9.631424950519204,0.3524397888850678,2.1009162429376165,-0.45374088578646565
1776353302487,-1.1324561431448905,1.3201006022810935,-9.6656913772583,0.38924223551527165,1.126424979521571,-0.614448726932813
1776353302504,-1.0726011747062205,1.3004982223190367,-9.597307576861978,-0.10048758401865232,0.15389632827484637,-0.641629358013173
1776353302520,-1.107915576128289,1.3537690631270407,-9.54478419342041,-0.38324821091005656,0.11632922062271842,-0.8999148824679092
1776353302537,-1.1312590423148126,1.375915720744431,-9.568426934814452,-0.04504162912079619,0.9677861520852086,-0.8335586875467362
1776353302554,-1.1285654923819004,1.3633460158981383,-9.594014965057372,-0.10593735460480848,1.4826368470974842,-1.297912033116962
1776353302570,-1.1342517213247716,1.330874655882269,-9.643545011901855,-0.18022195840933825,0.3750795714669858,-1.4560844866990597
1776353302587,-1.1333540418326855,1.2978047454513608,-9.65895768508911,0.1955711010216494,0.5121958858592562,-1.3715621763806212
1776353302604,-1.1339525191824882,1.2114638480819762,-9.635314943695068,0.3026087030522117,1.0800187533098002,-1.1756333975620452
1776353302621,-1.1543031602285803,1.1632805396713315,-9.664943189239501,0.3745233912973057,0.44453608530196276,-0.9170731714366275
1776353302637,-1.158493159264326,1.188569294706732,-9.6727249291569,0.13209660559998707,-0.3914111674222945,-0.17294004293917906
1776353302654,-1.1635808377921582,1.1911132801011204,-9.687688689532875,-0.0012256987908999444,-0.3389693751813333,0.3133356218654225
1776353302671,-1.175701483696699,1.1736056804612278,-9.650578563800453,-0.024483560131851177,0.17924118593320673,0.6662777498196036
1776353302687,-1.1810884374320507,1.1739051017992197,-9.6206510430485,-0.2699344387646194,1.1142730057710606,0.7252399447991205
1776353302704,-1.1293138265311717,1.1819852401413022,-9.619005029407143,0.4994137204361062,1.2182011641819745,0.3886810927862728
1776353302720,-1.1064192000906914,1.1999418987229467,-9.63351929244995,0.8242428964882206,0.22738697594921506,0.2941986057498104
1776353302737,-1.0993863057792186,1.219245003477484,-9.641749945178628,0.5573736385157766,-0.38020971054432645,0.0857351491437917
1776353302754,-1.0779881284415722,1.2770051185287534,-9.669881814685464,-0.03644119365613366,-1.1765508840666483,-0.036805381477112854
1776353302771,-1.0838239219229668,1.286881200376898,-9.661800799560547,-0.01209541124644633,-0.5512384744546656,0.13299237423746366
1776353302787,-1.090108701280877,1.2981040206588803,-9.622895607104898,-0.40721006198319515,0.06891596839519397,-0.1991241334113783
1776353302804,-1.147569541124627,1.3643934791244565,-9.57007294845581,0.05395865452565941,-0.36472799289300833,-0.3938509323381642
1776353302820,-1.187073868517205,1.3793572395004332,-9.567678746795654,0.3557775102333826,-0.23453999827921668,-0.5157076169488477
1776353302837,-1.1694165582083165,1.3533201503157615,-9.580846855926513,-0.13123506794963988,-0.37668776085140643,-0.735252575235536
1776353302854,-1.1134521674674003,1.3212979953721165,-9.587880407825113,-0.9526997583125314,-0.3510296216257246,-0.9443876315360374
1776353302871,-1.0808311698477715,1.3328200908616183,-9.63396878978312,-0.3767419754779434,1.032126854231846,-0.9977358912654798
1776353302887,-1.105371736864373,1.313067781034857,-9.644442837524414,0.2482773763299635,1.409834927951376,-0.9834528984939254
1776353302903,-1.113152965325117,1.2297197818711398,-9.644891750335693,-0.1750929665903347,0.025801573198252076,-0.9750756714769047
1776353302920,-1.0675133500479161,1.2174492061018942,-9.666439565277098,-0.725172283237655,-1.0774241351988416,-0.5622950032561824
1776353302937,-1.0592834279716015,1.2241831905320286,-9.679009708514808,-0.41828958931230786,-0.7311826362638547,-0.2847130738182494
1776353302954,-1.1028279706656932,1.2520156387008725,-9.636662266650795,0.049632209934132344,0.5967522937626918,0.0011290622863148422
1776353302971,-1.1279670150320977,1.235256227079779,-9.630976037707924,0.020229953104519954,1.1022730037295827,0.40121342269618837
1776353302987,-1.1290145513236522,1.225829204173386,-9.647286536517738,-0.2464314910263411,0.667860699520607,0.6922242510943069
1776353303004,-1.082477183489129,1.2324131126083433,-9.661501524353026,-0.607451144767282,-0.23206362781826392,1.1209289183955322
1776353303021,-1.064071831291914,1.255606941191107,-9.621997781482339,-0.4028918082825868,-0.32984194793352195,1.056765801167315
1776353303037,-1.0913058751761913,1.234059272380173,-9.628132338714599,0.05964158535852158,0.8165176857326717,1.1686060934014542
1776353303054,-1.104174636034295,1.2080221831955016,-9.631574003601074,-0.011926577507900077,0.3477384843019834,1.0656354421348113
1776353303071,-1.1349999824088066,1.190814004893601,-9.651925302234291,-0.2253159078463938,-0.9562567927662271,0.85076894998617
1776353303087,-1.1282662902396172,1.2382491252854466,-9.662998484912514,-0.3708930390317382,-1.1215540941479998,0.5882094346582983
1776353303104,-1.1406862844169139,1.256504912944138,-9.647585811725259,0.22359456677341835,-0.6132712663529263,0.44767210262635065
1776353303120,-1.1596902600944041,1.254858753172308,-9.606435470691324,0.11170187418174056,-0.3115134821413365,0.304865066716696
1776353303137,-1.1641793882071971,1.2876295345261692,-9.596559388843179,-0.1985140854607051,-0.7846026129795822,0.5410174698877117
1776353303154,-1.1728583692252634,1.3166592296555637,-9.617059740558267,-0.2472711507270031,-1.4180531396267824,0.6007748482970061
1776353303171,-1.1924608953177929,1.3608023227646946,-9.619004444885253,-0.18779314306301803,-1.1504582807767303,0.4824511590757911
1776353303187,-1.179442350725457,1.3391047240890561,-9.59625952911377,-0.33825887542509325,-0.2800457600984564,0.4964692152127432
1776353303204,-1.152058742302656,1.334316466899216,-9.597906127277016,-0.2964308503087881,0.2513112076210656,0.307532255587586
1776353303220,-1.1146492682974785,1.2981040206588803,-9.59536170349121,-0.461698803221471,0.30970660362117725,0.4264592426115836
1776353303237,-1.137394257134199,1.2874798969224095,-9.616311552539468,-0.38019444934039975,-0.20063779404490303,0.3368579929541531
1776353303254,-1.1519090316336602,1.2934652549423276,-9.610475101470946,-0.4042774562300267,-0.28437612671267093,0.20238224036718017
1776353303270,-1.1552011319816111,1.2927172130540012,-9.635914078631997,-0.4019058598037249,-0.1079443630037344,0.36000054149200744
1776353303287,-1.1650772138297558,1.275359104887396,-9.639056468310951,-0.3408398865185647,-0.3671232815379936,0.3807102620248679
1776353303304,-1.1709130073111504,1.2719175861313938,-9.622595747375488,-0.4008848265640873,-0.23213286352488965,0.21940718056452452
1776353303321,-1.161635475878045,1.2588988223433495,-9.620201545715332,-0.36554545447886777,0.20803742355653915,0.06967267865003733
1776353303337,-1.1460732381522656,1.248573973814398,-9.645639938354492,-0.024797215225142857,0.4569910953360397,-0.142946761302949
1776353303354,-1.13051092736125,1.2354058646835386,-9.644442837524414,-0.08312572339615593,-0.304380416770316,-0.013010870038639603
1776353303371,-1.086218123583123,1.2413913688339293,-9.640852119556069,-0.2686619158253079,-1.1007505118749046,0.014069282555727125
1776353303387,-1.1008826818168163,1.253961073680222,-9.64055284434855,-0.13075356629358043,-0.9179335618286375,0.15403106442839545
1776353303404,-1.1112076764762402,1.2710197605088351,-9.632472413745521,0.1037614057456305,0.1358174578720573,0.012366270935719648
1776353303420,-1.1082149244010449,1.2928667045272886,-9.613618075671791,0.0718705054589005,0.49421589311687364,0.16837211380789502
1776353303437,-1.12018585963659,1.2856842456772923,-9.620202130237221,-0.06875377808283262,0.19141893297566345,0.3616622518118775
1776353303454,-1.1394891835868357,1.2981040206588803,-9.619603579822183,-0.09322402468188755,0.13699646591667786,0.4144806916329679
1776353303471,-1.1758511213004588,1.310673725505173,-9.623792848205566,-0.07890119803365014,-0.10978115028193892,0.6102244150137188
1776353303487,-1.1643290258109569,1.297355978770554,-9.638457917895913,-0.07768710522825394,0.6758844108872265,0.8303068771715755
1776353303504,-1.1523579444449394,1.286282649961859,-9.642347911071777,-0.6031928419848964,0.41453293190794793,0.8102248403512686
1776353303520,-1.1426315732657908,1.3135166938461362,-9.641600307574867,-0.4808631400937632,-0.34149427733799015,1.0631240669543622
1776353303537,-1.1306605649650097,1.294213589091599,-9.596409751239419,-0.18669412293688067,-0.8314816697088177,0.7441581280570277
1776353303554,-1.131558317522332,1.2609938949264585,-9.579649755096435,0.06111722638436168,-0.28544019548016486,0.6102674772220016
1776353303571,-1.184530029253289,1.2309167365707456,-9.597906127277016,0.10485167469189378,-0.013525748908182204,0.2378748381414754
1776353303587,-1.1728583692252634,1.2665306323960424,-9.622446694293618,-0.08340365339843726,-0.16061360588014234,-0.41311689495478676
1776353303604,-1.171810832933709,1.2846366363205015,-9.639504796600342,0.09378532749344508,-0.5593714154871525,-0.6284669431523238
1776353303621,-1.1285655654471367,1.3111223460555075,-9.643096099090576,0.0786791368443454,-0.461867743681723,-0.42756973532109244
1776353303637,-1.1103098508536815,1.2969069198288024,-9.630826400104164,0.024306455461106862,0.17842513840994886,-0.10596774361052974
1776353303654,-1.1355985328238456,1.2897243148483335,-9.618256841388344,0.11593029488650736,0.4916145515384508,0.0461053243623199
1776353303671,-1.1754022084891795,1.3097758998826146,-9.605986557880044,-0.03598869362362031,-0.12199782406657943,0.13495141122964083
1776353303687,-1.1742051076591014,1.3253380645431578,-9.626486325073241,-0.2428797392970816,-0.16614688620107249,0.21185758037583902
1776353303704,-1.1622340993583202,1.331622843901068,-9.636662266650795,-0.17370582453901384,0.3965167605073055,0.44742589565111285
1776353303720,-1.1510112060111015,1.3283306704878806,-9.629329439544676,-0.15204665435066872,0.5441315025407086,0.5581727172878153
1776353303737,-1.1584930861990899,1.3004982223190367,-9.61406640396118,-0.2591023190299346,0.29780884097383814,0.31748058619626823
1776353303753,-1.1546025815665721,1.275957655302435,-9.596858664050698,-0.03596297369252698,0.1163236177331649,0.21946208888214908
1776353303770,-1.145175412529707,1.2690743255294858,-9.610625323596595,-0.11250143320145518,0.45939537528473706,0.17430781500090056
1776353303787,-1.1442775869071482,1.2859835208848118,-9.626636547198892,0.2010313036545457,0.20809270540013394,-0.45819214141290415
1776353303804,-1.135299257616326,1.2844869987167418,-9.629629299274086,0.19554265968705864,-0.2365344668777133,-0.32053832314946545
1776353303820,-1.1505623662650584,1.280446783415228,-9.627084875488281,-0.15134306482487808,-0.1717829128442437,-0.41664732902331647
1776353303837,-1.1519091046988963,1.2653333854354918,-9.62843161392212,-0.16425198895406995,0.09561208293130614,-0.588003515126993
1776353303854,-1.1537047559440134,1.2669795452073216,-9.633369654846192,0.004392078440582653,0.12035321590006086,-0.49701872527581187
1776353303870,-1.1557996823966503,1.2829907688096165,-9.626336687469482,0.10692111528870187,-0.33918327216014577,-0.3990764806204735
1776353303887,-1.167471415489912,1.2892754020370543,-9.638009005084633,0.04632319672467273,-0.702461744164804,-0.4468478375317476
1776353303903,-1.1462228757560253,1.299001846281439,-9.616760465350746,0.02207586508856879,-0.5751172960407062,-0.22864242341560156
1776353303920,-1.137992734484002,1.3105240879014133,-9.612270752716064,-0.02613705288037606,-0.015648230192763665,-0.2714812898486422
1776353303937,-1.1454746877372264,1.2933156173385678,-9.612720250049232,0.10444767967465811,0.13524596313759765,-0.19797970319943092
1776353303954,-1.1376935323417185,1.2954105437912047,-9.617508068847656,0.3138749400055891,0.38836567678483574,-0.32038213593305426
1776353303971,-1.1376935323417185,1.3163599544480442,-9.648782912555337,0.5639186672879414,-0.12432537110881994,-0.20461968760931468
1776353303987,-1.1242261480033398,1.2849360576584934,-9.62723509761393,0.4519572459177403,-0.6471679477389658,-0.052560333375657964
1776353304004,-1.1088134017508475,1.2796984492659569,-9.620201545715332,-0.28415764070050986,-0.44748304512455883,0.045748553699892516
1776353304020,-1.095944640892744,1.301845106883347,-9.636961541858314,-0.374031510955359,0.20245667875696272,0.09699108745256114
1776353304037,-1.1115068786185234,1.3046880752243102,-9.624989949035644,0.3531871076298024,0.3092224072420468,-0.12790820553488833
1776353304054,-1.1142004285514353,1.293165979734808,-9.605985973358154,0.39330171575978645,-0.1941635217636714,-0.22609030722397044
1776353304071,-1.1159960797965527,1.2656328067734837,-9.617209378162025,-0.16134518317327418,-0.7999042110719677,-0.06388548071062669
1776353304087,-1.1364963584464043,1.2814943927720188,-9.643096683612466,-0.24832476076733045,-0.809851581185298,-0.03869750395976505
1776353304104,-1.1474199765861033,1.3019945983566343,-9.642498133197426,-0.030281910489515985,-0.37138748069462363,-0.10860937263288506
1776353304120,-1.1789934379141778,1.3144146655991673,-9.63307037963867,0.38705721531110227,0.013493145427065971,-0.05286982632242417
1776353304137,-1.1611865630667655,1.2740122203230857,-9.624840311431884,0.017550384515759326,-0.3921922902673354,-0.049589147725849526
1776353304154,-1.1230290471732616,1.2626400546982883,-9.619005029407143,-0.33019338251066027,-0.7758369189535171,-0.11170689010191229
1776353304171,-1.0963934075735509,1.2596471564926206,-9.594613515472412,-0.07198864638720057,-0.3865382276558871,-0.11863865165540254
1776353304187,-1.1484674398124217,1.2991516300156711,-9.586234394183755,0.6060948719693585,0.3058559777548768,-0.04130951770876602
1776353304204,-1.1617851865470408,1.2987025710739195,-9.617359015765786,0.7153422536398315,0.03688510259133159,0.01119633423609051
1776353304220,-1.167471415489912,1.2473770191147924,-9.688736152759194,0.25161381701780894,-1.5341168366455165,0.3974409171185199
1776353304237,-1.1812380750358105,1.2152049343064426,-9.705494979858399,-0.288760921396834,-1.1962719880780024,0.7507886942763763
1776353304254,-1.164777938622236,1.2126609489120543,-9.68439666225016,-0.8971277383997209,-0.08130694540580202,0.9583950688632642
1776353304270,-1.0944482648551463,1.3070824230149387,-9.618107203784584,-0.6122836636876248,-0.17388319601402263,0.8412549767200184
1776353304287,-1.1127040525138376,1.3696307952560483,-9.533561957660316,-0.11887122493272675,-0.9185355789709507,0.5478749264535516
1776353304304,-1.1327554914176463,1.3546671810105442,-9.533412320056557,0.10000288071141943,-0.509985892775934,0.5109851281071657
1776353304320,-1.1873732167899609,1.2988523548081516,-9.570672083392738,-0.06991781840821733,-1.181443433946493,-0.05792832845475908
1776353304337,-1.2244833425223827,1.309476624675095,-9.608530397143959,-0.41325581993528776,-1.1296246029826047,-0.43930648159483376
1776353304354,-1.2324141355216502,1.3340171916916965,-9.622147419086097,-0.5487671732747375,-0.2393849502782829,-0.5672870177658155
1776353304371,-1.2472281852286309,1.3790579642929135,-9.626187049865722,-0.2924646448351263,0.473504304954162,-0.7064858995247051
1776353304387,-1.2526152120292187,1.3353639301255344,-9.574263385882974,-0.16706685398533502,0.42991531833161,-0.6720361862593062
1776353304404,-1.2642868720572442,1.3031916991867125,-9.573964110675453,-0.029916708812331865,0.8989775457260307,-0.5603562967489566
1776353304420,-1.2686263625662773,1.2782022193588316,-9.592518589019775,-0.05425027158670721,0.3809638861586575,-0.7586435719044496
1776353304437,-1.2199942144095897,1.26787737082988,-9.639055883789062,-0.171132577449638,0.24484024371271326,-0.8710703532727107
1776353304454,-1.1730080068290234,1.2713190357163549,-9.65312240306437,0.3163002974911783,0.6684269648914833,-0.7486881976631858
1776353304471,-1.1577449712455272,1.2638370093978941,-9.645939798083901,0.5606910293791401,1.1453971106017509,-0.6690341580365269
1776353304487,-1.1429307754080742,1.2630889675095676,-9.624990533557535,0.21586732830545963,0.8340069187110183,-0.4094665323693852
1776353304504,-1.1162952819388359,1.2719174400009214,-9.626636547198892,-0.03750552922789205,0.022698586241803546,-0.25406281336122877
1776353304520,-1.119437671617791,1.268924687925726,-9.630376902770996,0.38254294051739984,-0.1352922803579068,-0.3006131138758044
1776353304537,-1.1378431699454783,1.249471945567429,-9.626336687469482,0.5307667966865506,0.1868817663760709,-0.43528715539211926
1776353304554,-1.1357481704276053,1.2593478812851011,-9.62768401042521,0.39419156134259214,0.7837626064333765,-0.473335844741586
1776353304571,-1.129014478258416,1.2713188895858825,-9.638008420562743,0.3638210718372776,0.6779386436409608,-0.3844377310426966
1776353304587,-1.0905576871573925,1.2779029441513121,-9.667936525836586,0.3167723809567025,0.0491434778825062,-0.39548828342868964
1776353304604,-1.0854699355643243,1.2828409850753844,-9.638607555499672,-0.0270619031826781,-0.09646297509150165,-0.15970753859805784
1776353304621,-1.0969920310538261,1.2942132968306541,-9.637260232543944,-0.06298701735007911,0.007178902343653636,-0.044888270029588256
1776353304637,-1.1207844831168652,1.292866850657761,-9.60793126220703,-0.0336749136814256,-0.3251880277878045,-0.047161869249556246
1776353304654,-1.1399380233328789,1.31112249218598,-9.602544308471678,-0.2988856096243201,-0.39529132852067,-0.2305513812473408
1776353304671,-1.1507120038688181,1.332221394316107,-9.610026773181557,-0.14816326492069334,-0.31727274567425884,-0.21737602637966555
1776353304687,-1.183931551903486,1.3102248126938938,-9.61451590129435,-0.15192080277912595,0.4312317839332771,-0.0917018263119003
1776353304704,-1.190365968865156,1.2907719242051243,-9.62154886867106,-0.30359283726207537,0.4163461336891748,-0.14124358960038286
1776353304720,-1.1725590209525079,1.2912205447554588,-9.63411784286499,-0.3819623210770959,-0.23045031579196576,-0.18551284705601226
1776353304737,-1.1516098294913768,1.2747607006028294,-9.623344519916175,-0.3212018119943087,-0.08442369946229636,-0.06133680629400701
1776353304754,-1.141135124162957,1.293614746415615,-9.629329439544676,-0.07359259358381641,0.17414207619182198,-0.10257353979943008
1776353304771,-1.1710626449149102,1.2979542369246482,-9.624092123413085,0.20751107210362504,-0.06352614872726055,-0.13621251494643377
1776353304787,-1.1776466994803398,1.2758078715682029,-9.613767128753661,0.1562456999059192,-0.19720140847959328,-0.08948929858806573
1776353304804,-1.1837818412344903,1.2753589587569236,-9.617956981658935,-0.06678647015845737,0.14424863271135047,-0.047405995151531315
1776353304820,-1.1825848134696484,1.286282649961859,-9.635015668487549,0.046005486206561357,0.026979407304109037,0.0018540228336882268
1776353304837,-1.1549017837088555,1.2897243148483335,-9.63456675567627,-0.03654455362818299,0.055894799711946455,0.01041422421527116
1776353304854,-1.1460732381522656,1.2684757751144469,-9.619453942218422,0.16114796146099006,0.16755169069470013,0.06349605320623018
1776353304871,-1.1492156278312207,1.269224109263718,-9.619603579822183,0.08293727954417233,-0.022851731889599925,-0.21210498797026686
1776353304887,-1.167321704820916,1.2793993201889098,-9.623343935394287,-0.18870585377128743,0.03761614627593452,-0.36978081209451036
1776353304904,-1.1083645620048046,1.2865819251693784,-9.62828256084025,0.08657440863805702,0.179636589853127,-0.047264695613076675
1776353304920,-1.1216823087394237,1.299001846281439,-9.606585108295082,-0.055363885906110195,0.3957260593891707,0.0029260957291157752
1776353304937,-1.1414344724357128,1.3187541561082006,-9.613169162860512,0.2507274398904411,0.09219821564591626,-0.1837346766747082
1776353304954,-1.159690187029168,1.296757428355515,-9.661501524353026,0.2778884341769373,-0.7564887005821636,-0.20973213756392212
1776353304971,-1.1593909118216483,1.2572529548324645,-9.663896310535073,-0.14962191051488777,-0.12687087055469262,-0.007194697156109291
1776353304987,-1.11764209343791,1.263537880320847,-9.61391735087931,-0.8024533123754105,0.08539273255079191,-0.09166036492920421
1776353305004,-1.081280155724287,1.4321794597581028,-9.341277636829018,-1.7680395032176404,4.214189151857433,-0.16399092098130208
1776353305044,-1.1713619201224297,1.1982957389511166,-9.489268642425536,-0.9571180369318834,-1.561263530223438,-0.07844864464028391
1776353305054,-1.1653764890372753,1.2161027599290013,-9.581445406341553,-1.4076184248440011,-1.2892450566687448,-0.31216749943479166
1776353305070,-1.1454746877372264,1.2508185378707946,-9.65357073135376,-0.03312102802841988,1.1447813263593918,-0.3050157577652594
1776353305087,-1.1942564734976737,1.2886769977524877,-9.68394774943888,0.8122329159672523,0.5155128498357965,-0.09023074763898235
1776353305799,-1.1773474973380564,1.1420319999374449,-9.668385438647865,0.0789477553777973,-1.0742824616240474,0.4634867119584276
1776353305803,-1.1405366468131541,1.1623828601792454,-9.650428341674804,0.019331623146104603,-1.3783597087086648,0.5527048840529556
1776353305820,-1.1016308698356152,1.2285225349105895,-9.629330024066567,-0.21406802702641084,-1.4512868124156546,0.628133811347727
1776353305837,-1.1082149244010449,1.3347653797104955,-9.623344519916175,0.5197496481944671,-0.7124018038412882,0.8936583224664718
1776353305854,-1.1348503448050469,1.3605029014267027,-9.609427638244629,0.7512560286259933,-0.2633356489331673,0.8636289688936876
1776353305871,-1.150562220134586,1.3593056544661521,-9.600150106811522,0.3063418816812997,-0.5593978824701863,1.0670157806773886
1776353305887,-1.1635806916616855,1.3546670348800718,-9.610026188659667,-0.25437764239328403,-1.120087631188857,1.0803899314025083
1776353305904,-1.126620349663496,1.4167666404403745,-9.597756489673257,-0.531220737462092,-1.0740383890829253,0.7749338398791945
1776353305921,-1.1059703603446482,1.4345735152877865,-9.589676059070229,-0.7194334302309634,-0.38394574397904413,0.7761132214497853
1776353305937,-1.1097112273734062,1.3929741153120994,-9.568875847625732,-0.5891177964570571,0.6885987013054995,0.4964801541875858
1776353305954,-1.1382920827567578,1.3313235686935483,-9.58877823344767,-0.6042545095140103,0.048507736681166105,0.27092478951384485
1776353305971,-1.163730475395918,1.296757428355515,-9.64010334701538,-0.6830279349854136,-0.7492297569591738,0.1001312669234745
1776353305987,-1.164777865557,1.2856842456772923,-9.626337271991371,-0.6030562382014962,-0.8025370355535961,0.0750341103442329
1776353306003,-1.1532558431327342,1.2716183109238743,-9.628432198444008,-0.7164326826686535,-0.7383281880744517,0.0029390090555153304
1776353306021,-1.1447264997184277,1.2587493308700621,-9.635015668487549,-0.8291806963713167,-0.2767789286432069,-0.09412921150989936
1776353306037,-1.1590916366141288,1.2419900653794407,-9.642647186279296,-0.3400662075125021,-0.32137603517899693,0.04457007926380086
1776353306054,-1.1516097564261405,1.1821347316145896,-9.651176529693602,-0.40177275115618893,-0.8710738750890015,0.024397969323814453
1776353306071,-1.177048222130537,1.1950038577988744,-9.645939798083901,-0.3220309596069512,-1.6377503364267678,0.14572886277053917
1776353306087,-1.1827343780081718,1.2234348563827573,-9.636662266650795,-0.016623293057635876,-1.340896547997968,0.2264454236999582
1776353306104,-1.2355565252006053,1.2662312110580503,-9.635315528216957,0.3921673707490354,-0.5155871815038733,0.3932221013672735
1776353306120,-1.2711702748954294,1.2828411312058567,-9.625738137054443,0.6049349137492199,-0.41601374893651843,0.24669656106307578
1776353306137,-1.2680278852164744,1.2933156173385678,-9.611372927093505,0.7925375318869916,-0.7815602973128705,0.4182657370110657
1776353306154,-1.259947454613447,1.317257780070603,-9.591172435107827,0.8050954750062947,-0.9133809205817067,0.4817269455803582
1776353306171,-1.242140506700799,1.3437434898056089,-9.593715689849853,0.9742021543150835,-0.5744165613205452,0.6494108644685216
1776353306187,-1.2297206586539744,1.3416485633529722,-9.598653730773925,0.912299616258729,-0.3006103391114541,0.4705414969582574
1776353306204,-1.2189467511832712,1.3633461620286107,-9.58324164210856,0.8553973102833529,-0.10224862556617846,0.18664228286829734
1776353306220,-1.2017384267508984,1.375915720744431,-9.578153963580727,1.0825905329757217,0.4284949591493647,0.29315999010914534
1776353306237,-1.203085165184736,1.3712768088974059,-9.566332008361815,0.9889889802596322,0.9574339331809965,-0.04586045140840436
1776353306254,-1.1846796668570487,1.3521231956161557,-9.555258825683593,0.7833919619491975,1.2068083019246876,-0.13884752722303065
1776353306270,-1.1739057593863458,1.3681342730879782,-9.535955574798583,0.7384402458655221,1.487660237788617,-0.3130348800985304
1776353306287,-1.188121477873996,1.36379507483989,-9.529072829547523,0.8206095560148912,2.086916916460029,-0.5685820323046205
1776353306304,-1.2488742719352244,1.3543677596725523,-9.594314824786782,1.1157426703813769,2.2670597407245303,-0.7758515931880621
1776353306321,-1.2801485311210155,1.2861331584885716,-9.682451373401284,0.8266721493160708,1.962990817932964,-1.1850903280764569
1776353306337,-1.251567675737664,1.2409424560226499,-9.708338094329834,-0.25933329148167206,0.6642377644135912,-1.5502926455908108
1776353306353,-1.1192880340140312,1.2508185378707946,-9.69157926723063,-0.9188639616596402,-0.35782646026268067,-1.7034909071881406
1776353306371,-1.0338450353324413,1.3132175647690891,-9.60164706737101,-0.8257343323265164,0.5722397053268681,-1.6700627874513347
1776353306387,-1.042075030473992,1.3253379184126852,-9.578602291870117,-0.14392486573643598,1.2070871657418945,-1.768166181882403
1776353306404,-1.0862181966483593,1.2823922183945775,-9.579799392700195,0.2741909539584332,0.5800841242277748,-1.9316940373823193
1776353306420,-1.1008826818168163,1.2524646976426244,-9.630826400104164,-0.06105244630895233,-0.9690410926234927,-2.126623367426252
1776353306437,-1.0935503661673516,1.2591982436813414,-9.663147537994384,-0.30000704130867156,-1.2669576157984643,-1.7482535124091712
1776353306454,-1.091455439714715,1.2651838939622044,-9.682152098193765,-0.38168732592172355,-0.13425195716994923,-1.2295614763189981
1776353306470,-1.0910065999686718,1.271169398112595,-9.65297276546061,-0.21365856252175386,1.1477402923738882,-0.8582952314821423
1776353306487,-1.0844224723380058,1.264884618754685,-9.635315528216957,-0.2827031839332674,0.6977098534931792,-0.23306745218284425
1776353306504,-1.1025286954581737,1.2741621501877902,-9.628132338714599,-0.14742360345834857,-1.0607490821139018,0.30447654634679866
1776353306520,-1.1400876609366386,1.2657824443772434,-9.622446109771728,-0.12259757337264474,-1.373538875815105,0.5814236417178906
1776353306537,-1.1540040311515332,1.2415411525681614,-9.655516604724525,-0.3031644563350686,-0.48467993517933095,0.9060386806673546
1776353306555,-1.1358978810966014,1.2199931914962827,-9.648633274951576,-0.8319272861913081,-0.2682950332812577,0.5862906851100537
1776353306571,-1.1649275031607598,1.2850855491317807,-9.625738137054443,-0.4031817177963421,0.22106136700413698,0.530627471499653
1776353306586,-1.1896177808463573,1.3093269870713353,-9.612720250049232,0.1195590463264882,0.2282760744800803,0.2611380889285686
1776353306603,-1.1938075606863945,1.2572531009629369,-9.596858664050698,0.03535903555950976,-0.19006217993006388,0.04696715549735799
1776353306621,-1.1818365523856134,1.2551580283798276,-9.597306992340087,0.017886077641294875,-0.6882891016370275,-0.2958202420691595
1776353306637,-1.1792927861869333,1.2864322875656187,-9.600898879352211,-0.1664048058835198,-0.5399833365586895,-0.12059574097644919
1776353306654,-1.217151099938154,1.3410501590684056,-9.610624739074707,0.12911741582224504,-0.24692585264794722,-0.20783417206787838
1776353306670,-1.3178572072684764,1.3299768302597104,-9.60134779216349,0.4963353861936932,0.8715586050766608,0.06868560959326471
1776353306687,-1.3416495132010429,1.3331192199386654,-9.58967547454834,0.2991050828122596,1.2662784388628712,-0.10028233149800815
1776353306704,-1.2734147658865898,1.3144146655991673,-9.601497429767251,-0.2946329630923409,0.1199692312026592,-0.13367339212248155
1776353306720,-1.2116145085990428,1.3217469081833957,-9.60778220912516,0.06315737187293274,0.07602656884714748,-0.3037231177844081
1776353306737,-1.1840811164420098,1.3165094459213316,-9.597008301654457,0.7332058663620594,1.3949186485777145,-0.13399523810669195
1776353306754,-1.2017384267508984,1.2719175861313938,-9.600001053729653,1.0995389003491678,1.8392698385244108,-0.4483415678867177
1776353306770,-1.1734567735098302,1.2360042689681052,-9.656413845825195,0.42099578496666096,0.3795378173651529,-0.5221941088653913
1776353306787,-1.125423248833418,1.2400446304000914,-9.650428341674804,-0.1788306808919184,-0.4867274444656009,-0.9544235273043133
1776353306804,-1.0703566106498241,1.2822425807908178,-9.575459902191161,0.1927562093099579,0.5095245348418408,-1.1363616241034702
1776353306820,-1.1619348241508007,1.3205496612228453,-9.555857960620521,1.2742332613684089,2.1775945078811185,-1.49449320172298
1776353306837,-1.2481260108511893,1.3058853221848605,-9.575609539794922,1.9087896383309162,2.938335428108438,-1.4917423430347574
1776353306854,-1.2493231847465038,1.2240335529282689,-9.704148825946449,0.5967724641650844,-0.19507631251322016,-1.8139313308075444
1776353306871,-1.0748456656973808,1.222088264079392,-9.807398772540688,-0.9070574460707442,-2.572410818089355,-1.8827331069775524
1776353306887,-0.9705483289420604,1.2651838939622044,-9.769091545978188,-1.928760898020622,-2.1447263569345476,-1.5753443920842423
1776353306904,-0.8665501943290234,1.3506268195785582,-9.616910102954506,-1.2984342224233507,0.25755336019222264,-0.9247566006443629
1776353306921,-0.9913479558646678,1.3224950962021946,-9.529970070648194,-0.018447006926882174,0.8800510915359254,-0.8706364228170034
1776353306937,-1.0649696569144724,1.2879286636032163,-9.517251458850502,0.6192691329395495,-0.2363235581066627,-0.8959969152052607
1776353306954,-1.1441278762381524,1.2577018676437437,-9.603891046905517,0.010027358031813408,-3.2328822134233604,-0.7187821076605792
1776353306971,-1.1523580175101757,1.2636875179246068,-9.706692665210365,-0.8049140481064664,-2.896883650365865,-0.1795059624852505
1776353306987,-1.1433797612845897,1.2801475082077085,-9.713875270190835,-0.9599228968032314,0.09780355979867532,0.402094036851444
1776353307004,-1.1025286223929376,1.2770052646592258,-9.683798111835122,-0.4825363763578576,2.1111243875390238,1.138147505128017
1776353307020,-1.0808312429130076,1.239895138926804,-9.616310968017578,-0.3444773357775668,0.4049298460174687,1.4671634804196434
1776353307037,-1.09444819178991,1.2301686946824193,-9.580847440448403,-0.07070798591782318,-1.6874774219573399,1.5870696924550387
1776353307054,-1.1836322766959666,1.230318332286179,-9.594464462390542,0.41344485075665316,-1.9460280431292374,2.013166241349524
1776353307071,-1.2478267356436699,1.2268765212692319,-9.662548987579346,0.6076739796889538,-1.4988692185468426,2.127988551486608
1776353307087,-1.2648854955375193,1.2457308593429623,-9.678111882892251,0.17818928344017188,-0.7714688528967353,2.3226342152365738
1776353307104,-1.2436369558036326,1.2752096134141087,-9.67197615661621,-0.35166002674177566,0.12572403910436517,2.1048517125600132
1776353307120,-1.1819862630546092,1.288676851622015,-9.634267480468749,-0.6394238472414936,0.472491569327149,1.8192021024126788
1776353307137,-1.1255728864371777,1.3072320606186985,-9.602693946075439,-0.7074738223551239,-0.17081195876504407,1.3418469047879518
1776353307154,-1.1161456443350761,1.3352141463913023,-9.559898175922035,-0.15455394742587167,-2.1986415223651012,1.145277368847864
1776353307171,-1.1358978080313653,1.299600396696478,-9.566032733154296,-0.14910655139766915,-2.3359554319956257,0.9795669477430112
1776353307187,-1.1523580175101757,1.2793996124498546,-9.595811200824379,-0.35661676972764794,-2.020887556762812,0.5267592365518985
1776353307204,-1.1830337262809276,1.2985529334701598,-9.613618075671791,-0.9871256192766882,-1.7770131978482735,-0.22176420947798717
1776353307220,-1.2059282796561717,1.3914780315354465,-9.588179098510741,-0.9477623853162584,-0.6085700684915477,-0.2937289768835191
1776353307237,-1.2330126859366892,1.4140731635726989,-9.575909399524331,-0.5452618454874928,0.26346142046343074,-0.22419388919266053
1776353307254,-1.2752104901969432,1.3908794811204075,-9.568277881732582,-0.38701711463015487,-0.275928490050261,0.011996106699216693
1776353307271,-1.259947381548211,1.2874796046614647,-9.606135610961914,-0.628716351778735,-1.395023342571086,0.10699731458662982
1776353307287,-1.2630898442924021,1.2656326606430113,-9.628881111255287,-1.1712741360459904,-1.2706849780945872,0.3606641904194094
1776353307304,-1.2488741988699883,1.275957655302435,-9.64564052287638,-1.3164448976561454,-0.5431487557130201,0.2509675103675965
1776353307320,-1.2164029119193553,1.3619994235947728,-9.701754039764404,-1.7581982678407098,-1.233105277281177,-0.2785151840745653
1776353307337,-1.129164188927412,1.4315807632125914,-9.774777190399169,-2.117395354970742,-4.448159843197158,-1.0890428205855622
1776353307354,-0.9623181146048009,1.2427379611372946,-9.796025730133056,-1.2522823140364572,-5.7655744142720335,0.6176291938476589
1776353307371,-1.2309177594840526,1.095345067564398,-9.513360296630859,-0.5644771953351485,-4.1079972126234825,1.198195540103007
1776353307387,-1.4881448003470896,1.2433366576828062,-9.460238947296142,-0.5085991509310098,-3.987430713394417,0.8521144972526625
1776353307404,-1.5028092855155466,1.2912208370164036,-9.478195459747313,-0.8184548981360166,-3.185292656937885,0.7130196691569098
1776353307420,-1.4489397481620312,1.3667878269150853,-9.54463514033854,-0.447546677941631,-1.1977533920759547,0.5040832219508677
1776353307437,-1.299002869194746,1.404945269743353,-9.55017173167765,0.21451004165133117,1.8438168235209353,0.052988660941811816
1776353307454,-1.2319650765798986,1.3985108527816832,-9.56318961868286,0.81994942890378,2.2539786478034864,-0.1498053918075525
1776353307471,-1.1789935109794139,1.3437436359360813,-9.60224561778605,0.6154206948682176,1.1612508334389966,-0.184503873369128
1776353307487,-1.1812380750358105,1.2961587318100034,-9.66599123698771,-0.043064289356077506,-1.486226431671443,0.14615569623281208
1776353307504,-1.1960520516775548,1.2883774302840232,-9.684246440124511,-0.12743075930364856,-2.0804480869857924,0.3817138195851838
1776353307520,-1.2392974652945994,1.3364112472213805,-9.609877135577797,-0.2885233588797645,-1.288994047216747,0.736496309994713
1776353307537,-1.3132182954214513,1.3531705127120017,-9.552714986419677,-0.10997698461204788,-0.8080512393696178,0.49736167547734056
1776353307553,-1.3343173436820506,1.3609519603684543,-9.558701075091957,-0.09554778310357283,-0.501384176650802,0.08026310040155367
1776353307571,-1.3602045030020176,1.34942971874848,-9.563788169097899,0.4183835044133955,0.4661603041316645,-0.1298961907897587
1776353307587,-1.3435950212456285,1.337309072843939,-9.55675578624308,0.383998037614877,1.2984582348071516,-0.5069123076494282
1776353307604,-1.2978057683646678,1.3287798755601048,-9.58174526607096,0.21103518291108717,0.48055786265437533,-0.6270641930515324
1776353307621,-1.1818366254508494,1.3033414829209446,-9.622745969501137,-0.02432048936541712,-0.04216942785310005,-0.3578999915179641
1776353307637,-1.1718109059989452,1.3292286422409116,-9.6329213265568,0.023341958045107015,-0.1034597301638128,-0.21906340326977602
1776353307654,-1.1707634427726268,1.3394041454270482,-9.643545596423744,-0.38517966034128925,-0.464173572856837,-0.2557890369522437
1776353307671,-1.2445346352957187,1.3373089267134666,-9.626187049865722,-0.18362630078248715,-0.6153881447479542,-0.13234542725701653
1776353307687,-1.300798520439863,1.340750883860886,-9.55062005996704,0.009845130719191582,-0.25885416438356623,-0.17855293765262217
1776353307704,-1.3196527123831212,1.3522728332199156,-9.558101940155028,-0.03556282065669944,-0.10647675278625436,0.04338461455598053
1776353307720,-1.3473358152091501,1.3316229900315404,-9.616012277331947,0.1843080657194455,0.4598391241373763,0.027239221296833975
1776353307737,-1.2572539777457714,1.3081297401107848,-9.649980013385415,-0.2862335112800913,0.8134284125154161,0.04909849468351932
1776353307754,-1.2021873395621776,1.310823363108933,-9.648932550159095,-0.7853169013563774,-0.5116393855244589,0.357519635358559
1776353307771,-1.172708877751976,1.3485320392563938,-9.60149684524536,-0.6693653688504196,-1.3541381503645071,0.2682862554209572
1776353307787,-1.2158043615043164,1.320400169749558,-9.579201426807046,0.2045267596840055,-0.43101620608759855,0.30849621939505695
1776353307804,-1.2662322339713572,1.2897243148483335,-9.57605903712809,0.3085436571932768,-0.014614737193976112,0.2428165867276854
1776353307821,-1.3028933007620274,1.2904725028671324,-9.599401918792724,0.0372952341066497,-0.6394457251911787,-0.12838557172484874
1776353307838,-1.3093278638541697,1.3105240879014133,-9.62109995585978,-0.3254946926093675,-1.0050446205642165,-0.08652512989041243
1776353307854,-1.3341675599478184,1.3350643626570702,-9.606135610961914,-0.0037991860041138113,-0.09348874787307844,-0.16582480009302406
1776353307871,-1.337010674419254,1.3444916778244078,-9.592069676208496,0.052124268485834964,1.0059679767626377,-0.13550559036733748
1776353307887,-1.2999006948173046,1.3326704532578586,-9.60733329631388,-0.04583382434281189,0.5336026592134282,0.3630307976059659
1776353307904,-1.287480773705244,1.3385061736740171,-9.610924598804116,0.029416877703304447,-0.15565611584232958,0.42293710615567837
1776353307920,-1.2752103440664708,1.3380571147322653,-9.592668226623534,-0.1899643694867152,-0.6483054410400373,0.3761694135264259
1776353307937,-1.2946632325552403,1.3530210212387144,-9.590722937774657,0.03332017073140806,0.1343429907849808,0.20374699754071335
1776353307954,-1.2834405584037303,1.35586413571015,-9.596260113635658,0.11719468029575308,0.605807470415689,0.3432069205919444
1776353307971,-1.256805064934492,1.3389552326157688,-9.597008301654457,-0.2646207650337611,0.08622766981597309,0.26443707029768476
1776353307987,-1.2672796971976756,1.340152333445847,-9.591022797504067,-0.35072610509448215,0.09864831546078838,0.12497175780031174
1776353308004,-1.272666650933027,1.337907623258978,-9.584438742938637,0.016707976731173458,0.43619098151838237,0.05044622974498035
1776353308021,-1.265783321160078,1.3287798755601048,-9.580697802844643,-0.18529593518901147,-0.12109754643703358,0.00027736971332598657
1776353308038,-1.2539619504630566,1.3180058219589292,-9.61346843806803,0.03254899968543131,-0.4475649540337461,-0.18344626126483382
1776353308054,-1.2461807950675488,1.3033414829209446,-9.630377487292884,-0.05536415271037465,-0.21608202569706547,-0.1584696201718459
1776353308071,-1.239596740502119,1.28074620475322,-9.632622051349282,-0.09112870407142747,-0.03371328013465403,0.022413959452484422
1776353308087,-1.2467793454825877,1.3171079963363705,-9.621548284149169,-0.13644730269915298,-0.33949943521352327,-0.06117368216672006
1776353308104,-1.243487318199873,1.3411997966721654,-9.625140171161293,-0.18705172069252787,-0.7265412559185666,0.17815379847299953
1776353308120,-1.2587502076528965,1.347783851237595,-9.612270752716064,-0.09901674546957238,-0.6031117868493554,0.38298615576151024
1776353308138,-1.2832909207999705,1.3398530582383275,-9.579799977222084,-0.11349087681618145,-0.17580202560354663,0.45660113422311427
1776353308154,-1.291071930065006,1.3368601600326597,-9.579350479888916,-0.20091452342799435,-0.13067747371735824,0.48412492894841447
1776353308171,-1.3031927221000195,1.3295280635789035,-9.594913375201822,-0.1931955025313808,-0.20004786313576964,0.4813149997960418
1776353308187,-1.310375327080488,1.3489809520676732,-9.607183658710122,-0.09500518327095349,-0.31528222577887616,0.4019845937421651
1776353308204,-1.3001999700248241,1.364393625254929,-9.60793184672892,-0.15233538992566045,-0.334174262218867,0.5060133907216311
1776353308220,-1.3042401853263377,1.369181882444769,-9.59476315307617,-0.1358399227911243,-0.04532646935352688,0.5677922916818378
1776353308238,-1.3114227903068065,1.3488311683334409,-9.574861936298012,-0.15731232999435188,-0.010003825895688597,0.3953322029339843
1776353308254,-1.3198024961173533,1.329228788371384,-9.57067149887085,-0.13609480090495685,0.23535716638038523,0.19625609429020763
1776353308271,-1.325039812248945,1.34464146155864,-9.57650794993937,0.08248654041980438,-0.22322896488983757,-0.03550140231502221
1776353308287,-1.3070832997977733,1.3468860256150363,-9.618556116595864,0.09249628937016385,-0.44284870841185225,0.046300945249017296
1776353308304,-1.3118717031180858,1.3455392871811984,-9.59610989151001,0.1664817522333882,-0.03105841762078181,0.11972190364951069
1776353308320,-1.3009480119131505,1.3352141463913023,-9.586383447265625,-0.32897069860794864,0.22766114401136758,-0.0763957725882984
1776353308337,-1.2903238881766796,1.3266849491074681,-9.603142858886718,-0.17773350171520574,0.2877506403690539,-0.14970443307388326
1776353308354,-1.28209367383942,1.3272832072615623,-9.599701194000243,-0.25457739874608043,0.1368732023465003,-0.24323264129767438
1776353308371,-1.2490239095389841,1.374419198576361,-9.59551192561686,0.05076799568791142,-0.46090111183160754,-0.016621905675460718
1776353308387,-1.2933167863823474,1.3284806003525853,-9.590124971881508,0.09813130215713015,0.014104980966311019,0.022333758090589663
1776353308404,-1.2955612043082714,1.3085787990525364,-9.592519173541664,-0.04879118953172163,0.41809540916863847,-0.13121116228754484
1776353308420,-1.2728161424063145,1.337608201920986,-9.631723641204834,-0.4168356127927414,-0.855123302303759,0.02328198044645784
1776353308437,-1.2565057897269725,1.3827990505173802,-9.611373511615396,-0.06468485296735618,-1.1541440216075984,-0.12710344383201685
1776353308454,-1.280447806328535,1.355115947691351,-9.589825696673989,0.25308252113277324,0.04014774521962917,-0.24353781201535646
1776353308471,-1.3105249646842478,1.2955603275254368,-9.585485621643066,0.2092826524195971,0.6063926788893417,-0.3951706529518576
1776353308487,-1.2828420079886913,1.3091773494675756,-9.599850831604003,-0.33025287986163343,-0.1181403413306825,-0.43484351326118575
1776353308504,-1.2765572286307811,1.3202505321457982,-9.625289808765054,-0.2438099256846727,-0.8757277952347189,-0.2773320672442722
1776353308520,-1.2868822232902049,1.3810032531417906,-9.615264089313149,-0.046484666665520064,-0.25128121882174104,-0.14456786401376923
1776353308537,-1.2937655530631542,1.3539189929917455,-9.580099252429603,0.16071237681884307,0.5836295793763933,0.09416466979664524
1776353308554,-1.305287648552656,1.3461376914657652,-9.586533669391274,-0.1316765489660313,0.6280784227824263,0.020708866759214208
1776353308571,-1.2967583051383496,1.354816818614304,-9.613618075671791,-0.47754852399475,-0.34304214227821783,0.023872204840282144
1776353308587,-1.2717688253104686,1.3509262409165501,-9.592668226623534,-0.1796359495228923,-0.3428742690350236,0.23784618336347307
1776353308604,-1.2859843976676464,1.3884851333297787,-9.565733457946777,0.04367745891664482,0.5265770092392767,0.24774440813129095
1776353308620,-1.2819441823661326,1.3925253486312925,-9.572916647449135,-0.1586612923554294,0.41249406707984626,0.03691167629607117
1776353308637,-1.249173547142744,1.3554152228988707,-9.611073651885986,-0.07457253896672812,-0.29283118053363266,0.047624934730941954
1776353308654,-1.2484253591239451,1.3425465351060033,-9.60209598018229,-0.23793799071087157,0.021204429000010367,0.07541868201101634
1776353308671,-1.2725170133292674,1.3331192199386654,-9.581595628467202,-0.16919789968680543,0.6519432104641567,0.15930445071532132
1776353308687,-1.3079809792898593,1.3299768302597104,-9.586233809661865,-0.2862022951811502,0.42010119026794795,-0.024640227595938344
1776353308704,-1.3144155423820019,1.3103744502976535,-9.60119815455973,-0.1297192728819995,-0.2257963689658219,-0.33636125677459333
1776353308720,-1.3268353173635898,1.291070907151699,-9.609726913452148,0.141470346544742,-0.24357847298525917,-0.3492627103843805
1776353308737,-1.307232937401533,1.2841878696396947,-9.629928574481607,0.05040732968322301,-0.24225384317309984,-0.3100030765198381
1776353308754,-1.300798520439863,1.2991514838851987,-9.628581836047768,0.2629860819858802,0.17390483383986982,-0.21382184673159949
1776353308771,-1.2946633786857127,1.3307250182785093,-9.603891046905517,0.24675600505319606,0.1829962425119799,0.04781676699708411
1776353308787,-1.3055869237601756,1.3422472598984836,-9.607034021106362,0.136480733273489,-0.18884517895818512,-0.042698393987805804
1776353308804,-1.2796996183097362,1.3582584835007785,-9.597606852069497,0.24411133446222597,-0.32167848449318154,0.03387757820070457
1776353308820,-1.2773052705191075,1.363196232163906,-9.592368951416015,0.28158281946597374,-0.1391751628597797,-0.040906536547735274
1776353308837,-1.270571578349918,1.3697804328598082,-9.579051204681395,0.19108334657183368,0.13539836173345354,0.0753079048804152
1776353308854,-1.2774552003838122,1.377411950651556,-9.586683306995033,0.02096094342826999,0.25371943627287696,-0.11642462982768703
1776353308871,-1.274013389366865,1.3824997753098607,-9.594314824786782,0.15467667738752033,0.17546489173498303,-0.04451383692485404
1776353308887,-1.2776046918570994,1.3748682575181126,-9.58877823344767,0.1389143083304234,0.2645151905863168,-0.11862579168985588
1776353308904,-1.2808967191398144,1.361101597972214,-9.581296353259683,0.10369112950237341,0.16923906758481064,-0.09003830172303195
1776353308920,-1.2798491097830236,1.3459880538620055,-9.585186346435547,0.047481340675813014,-0.06034530828644445,-0.15649011929258516
1776353308937,-1.2960099709890782,1.3473347922958432,-9.595062428283692,-0.0660292262950851,0.2213185129542174,-0.10538458952971345
1776353308954,-1.282393095177412,1.3471853008225558,-9.603292496490479,-0.009541187301126014,0.5933430688715033,0.0373614015642342
1776353308971,-1.285685122460127,1.3389552326157688,-9.622146834564209,0.004833532776547618,0.16323976025515935,0.02519229897994578
1776353308987,-1.2904735257804394,1.3141152442611752,-9.598803368377684,0.06458696248272815,0.15789913929359117,0.04251104403330647
1776353309004,-1.2873311361014843,1.315162853617966,-9.600300328937172,0.07087425833543066,0.004997724120892377,-0.03811245556867115
1776353309021,-1.2744623021781445,1.3236920509018004,-9.619154667010903,0.06484752352739356,0.2089294569343134,-0.14878836063188175
1776353309037,-1.2342097867667674,1.3192030689194798,-9.6151138671875,0.18048102535012273,0.017349854430595984,-0.05107092524977206
1776353309054,-1.2580020196340977,1.3305753806747496,-9.600449382019042,-0.06201574310576214,-0.2070433375476114,-0.029826902496916777
1776353309071,-1.2596481794059275,1.329228788371384,-9.60119815455973,0.08578963057459313,-0.15152369131191318,0.012062114074242519
1776353309087,-1.273414838951826,1.3503275443710385,-9.591621347919105,-0.05323318705018356,-0.0914345684801971,-0.1792525784752989
1776353309104,-1.2701228116691112,1.3748682575181126,-9.585186346435547,-0.08690524592597951,-0.2845219085627684,-0.013835828824330204
1776353309121,-1.2789514302909373,1.381601949687302,-9.608680034747719,0.38174855750041564,-0.11537363446915132,-0.007831345491948527
1776353309137,-1.2891267873466015,1.3307251644089817,-9.619304304614662,0.1371342969996946,0.1018588778966646,0.281303368679385
1776353309154,-1.2782032422721386,1.3326704532578586,-9.61496481410563,-0.544634748744321,-0.5445475571106976,0.2625009784722506
1776353309171,-1.2699731740653515,1.3524226169541478,-9.611522564697266,-0.2816326051417208,-1.288990525400456,0.04904193217945515
1776353309187,-1.2656336835563182,1.3646929004624486,-9.580098667907714,0.280302799326831,-0.2725567778386548,-0.02676372273672473
1776353309204,-1.29630939232707,1.3105240879014133,-9.577256137958168,0.3381765396290829,0.5941651995319908,0.08246252803600355
1776353309220,-1.319353583306074,1.3037902496017515,-9.58294236690104,0.1211319108262952,-0.04969405516263269,-0.0898094103445572
1776353309237,-1.3051380109488964,1.3356630592025815,-9.618256256866454,-0.2640532456828418,-0.6221917602132274,-0.15800452697805037
1776353309254,-1.3190543080985546,1.3709776798203586,-9.610774961200356,-0.0670253400164227,-0.1348582698609201,-0.16579833310999026
1776353309271,-1.3043898229300974,1.363196524424851,-9.605238369861244,0.09074754749922902,0.5513827622008821,-0.12001802970262777
1776353309287,-1.2969079427421093,1.3376083480514585,-9.58832932063639,-0.0002406040856842773,0.805365374200216,0.09789272578385572
1776353309304,-1.3048387357413769,1.3403018249191343,-9.599402503314614,-0.13158925061070206,-0.09108468136779262,0.08128378679564745
1776353309321,-1.2951122914969921,1.3536195716537534,-9.592369535937905,-0.17093212740575398,-0.5853935290904019,0.04862230243232249
1776353309337,-1.2927180898368358,1.3587072501815856,-9.600599604144692,0.13306547860592396,0.02851214444254221,0.059269019883638537
1776353309353,-1.2780536046683788,1.3488313144639135,-9.595062428283692,0.1031441807602435,0.7726423647735081,-0.038814364227595745
1776353309371,-1.280447806328535,1.3552657314255834,-9.58249286956787,-0.21314237631131544,0.29176711176613873,-0.13398360544076177
1776353309386,-1.2624912938773631,1.361849785991013,-9.60119815455973,-0.18979641620224164,-0.43041610993598944,-0.21252058897300627
1776353309404,-1.2668307843863964,1.3536195716537534,-9.598803952899575,0.06994572613427917,0.19724412384233228,-0.19310382858611452
1776353309420,-1.2594985418021678,1.329228788371384,-9.59551134109497,-0.0008280003543053738,0.1072114516892803,-0.19588830461165832
1776353309437,-1.2541115880668163,1.3115714049972593,-9.606285833087563,-0.16255356636741108,-0.2754933322949371,-0.20149626344620902
1776353309453,-1.2565057897269725,1.3319221191085875,-9.621399231067299,-0.20433858263628635,-0.4314364761649659,-0.16768621340483766
1776353309471,-1.2627904229544102,1.3446413154281676,-9.616909518432617,-0.07591597847953145,-0.4510333561107903,-0.1458282206786217
1776353309486,-1.2795499807059765,1.3344659583725034,-9.624989949035644,-0.11172834116477436,-0.13296387954202002,-0.038818312930709656
1776353309504,-1.2819441823661326,1.320699298826605,-9.596260113635658,-0.060721635701456285,-0.025715608864245117,-0.011909235230710592
1776353309520,-1.2794004892326891,1.3296777011826633,-9.594014965057372,-0.06798194002619473,-0.19985643107602416,-0.01700951891085894
1776353309537,-1.2933166402518748,1.343294723124802,-9.579051789203286,0.008736879165504124,-0.21747479731836628,0.17947773459407132
1776353309553,-1.3124701074026524,1.3637947825789452,-9.591171850585937,0.11656427517970207,0.08096463553450803,0.061836050433652624
1776353309570,-1.299301998271793,1.3643933329939841,-9.600299744415283,0.15872078970640255,-0.20242738364872573,0.08549518538834211
1776353309586,-1.2901742505729197,1.338805595012009,-9.610326048389076,-0.11976736709617358,-0.1548504736853854,0.010086268413404768
1776353309603,-1.3073825750052928,1.3482327640488743,-9.58832932063639,-0.003843422151160222,0.3080632494347016,0.041271311338096264
1776353309620,-1.3138169919669627,1.3537693553879857,-9.58354033279419,-0.09000687218067932,0.12426365928245182,0.1250076696543072
1776353309637,-1.30274380928874,1.349729140086472,-9.59596083842814,0.07444650063220024,-0.2854962243757001,-0.11572245436449799
1776353309653,-1.2826923703849316,1.345240011973679,-9.594913375201822,-0.0825494261849361,-0.09230184242223005,-0.01619336466589531
1776353309670,-1.284338384026289,1.3540684844650328,-9.583989830127358,0.2011162541323477,0.2293882213760288,-0.2338902765344192
1776353309687,-1.2666811467826367,1.360503047557175,-9.602844168201088,0.012929601459687029,0.27305890346435646,-0.06949207884342867
1776353309703,-1.2756594030082224,1.347783851237595,-9.600001053729653,0.05860553103879527,0.06439331594758771,-0.12252804418132812
1776353309720,-1.2897253377616404,1.3465867504075169,-9.5946140999943,0.005175682565282944,0.05301736908066702,-0.10054382635759915
1776353309736,-1.2855353387258945,1.327432844865322,-9.592219313812254,0.02013176913520102,0.07626626579833261,-0.213123059682569
1776353309753,-1.261294193047285,1.3374590027086437,-9.618256841388344,-0.17022232134060156,0.05767433079499923,-0.21991725695730696
1776353309770,-1.2425896387077868,1.3409003753341733,-9.617956981658935,0.0023886452188003966,0.264863743677399,-0.2037052159928999
1776353309787,-1.2602467298209667,1.3397034206345677,-9.60194575805664,-0.023907583085748696,0.16544415044892807,-0.08044799575682003
1776353309803,-1.2765572286307811,1.3471851546920834,-9.593566636767983,-0.037136912456122925,0.08071207861777623,-0.05974179704025036
1776353309820,-1.2795499807059765,1.3453896495774387,-9.5953622880131,0.05118095532843273,-0.0349037607626461,0.07716006008425225
1776353309837,-1.2738637517631053,1.3621490611985325,-9.585935118976234,0.1497327943671947,0.18805341062299255,0.10819611950767284
1776353309853,-1.3088789510428904,1.337458856578171,-9.610325463867188,0.3641527628988463,0.5717656475097869,0.10509884216248362
1776353309870,-1.3006488828361034,1.3183052432969211,-9.628132923236489,-0.07173390167550024,0.5649475178925274,0.07777413677931871
1776353309887,-1.2714694039724765,1.3367105224289,-9.619902270507811,-0.45030119184827666,-0.7085803663615189,0.10512178732922664
1776353309903,-1.2624912938773631,1.379058110423386,-9.598504677692056,0.07919406907474089,-1.1406939917496681,0.014728715975750699
1776353309920,-1.2639875237844884,1.3612510894455014,-9.572616787719726,0.2828216983875377,-0.1484153682701756,0.021949293145511993
1776353309937,-1.297656130760908,1.2852353328660129,-9.559598900714516,0.3246419861801737,0.3329346896062155,-0.42715050578035646
1776353309953,-1.3055869237601756,1.3096261161483824,-9.603741409301758,0.1589338595919952,-0.5004078864863133,-0.5835000725864274
1776353309970,-1.2975064931571483,1.3422471137680112,-9.605388007465004,0.08320712537724073,-0.47000922245067245,-0.3043936235814065
1776353309987,-1.32204706017375,1.3961167972519992,-9.600748657226562,0.13158487502076502,0.17484590584145063,-0.2692792475324007
1776353310003,-1.316211193627119,1.3789083266891538,-9.593416999164223,0.07627176196618035,0.5308487589565908,0.07045767015691279
1776353310020,-1.2979552598379551,1.3548166724838315,-9.600000469207764,-0.09284137400580816,0.5424606141541414,0.11609672738667354
1776353310037,-1.2626409314811229,1.3422471137680112,-9.586384031787514,-0.13266975452088633,0.10158060104883948,0.23167062513672373
1776353310054,-1.2469291292168199,1.3754666618026792,-9.585186930957436,-0.27150132684890266,-0.19462175808787052,0.11765657183837519
1776353310070,-1.2457318822562693,1.3637949287094175,-9.585186930957436,-0.03850369734206594,0.32970331643771184,0.021789317308545598
1776353310087,-1.2654840459525585,1.3344661045029758,-9.58279272929728,0.20845326468311656,0.7735984845356041,0.01284422409506187
1776353310104,-1.258450932445377,1.3464368205428123,-9.60179612045288,-0.13657846367555837,0.25687482358686414,0.007137440960957544
1776353310120,-1.261294193047285,1.3467363880112766,-9.60793184672892,0.03846042169037157,-0.3288557326503956,-0.059463893718395465
1776353310137,-1.2578525281608104,1.3301264678634703,-9.605537645068765,0.06917807690459321,0.38926534076457336,0.09856048349693025
1776353310154,-1.2773054166495799,1.297056557432562,-9.595960253906249,0.12459273566222892,0.5534476137643416,0.047493026702596086
1776353310170,-1.2852362096488474,1.3019947444871067,-9.596709026446938,-0.0704086848939591,-0.037479275688269816,-0.049423302195065154
1776353310187,-1.2603963674247265,1.3163599544480442,-9.62080068065226,-0.010406433530749114,-0.4229577568057471,0.17823816198141978
1776353310204,-1.288677874535322,1.3295280635789035,-9.608979309955238,0.08938604533772218,0.03727783846860733,0.14109826131753497
1776353310220,-1.2882289617240428,1.3311739310897885,-9.6206510430485,-0.05353657017929377,-0.1737071318799097,0.19760500329043226
1776353310237,-1.268775927104801,1.319801327073574,-9.585934534454346,0.02202431850467635,-0.10215663145579486,0.0051041790224093725
1776353310254,-1.2975063470266759,1.3444916778244078,-9.579051204681395,0.004270789221962035,0.16844585850659002,0.23754485462719915
1776353310270,-1.2966086675345896,1.3557144981063902,-9.586384031787514,0.16586895619879113,0.03918548895945073,0.079872285514982
1776353310287,-1.2982545350454746,1.359605075804144,-9.586682722473144,0.07264183658743592,-0.02620103254299204,-0.05688080155166127
1776353310304,-1.3000503324210644,1.3546670348800718,-9.600449966540932,0.10491416025062883,0.3495009399121111,-0.020015549197605023
1776353310321,-1.2574034692190588,1.3724737635970115,-9.615562779998779,0.3235738619878601,0.6034425174155722,-0.16212059640705573
1776353310337,-1.2300199338614939,1.3823499915756285,-9.6083807595402,0.5886283707143434,0.8478638784330932,0.0951268726959708
1776353310354,-1.228972616765648,1.3411997966721654,-9.596260113635658,0.48078566013536583,0.8985301683353949,0.6706695614559218
1776353310371,-1.2805972978018223,1.2990017001509666,-9.597606267547606,-0.3999146462172546,0.7203605750499398,0.7163048834259802
1776353310387,-1.2997509110830723,1.3087282905258237,-9.60897872543335,-0.7639364882635336,1.09893624287662,0.6376229718172844
1776353310404,-1.2847872968375682,1.349130589671433,-9.605387422943116,-0.02155068757441828,0.8823530253687784,0.7176858089379393
1776353310420,-1.2002420507133007,1.354218268199265,-9.60269453059733,0.4729162683553062,0.28397989569953086,0.6623650119205383
1776353310437,-1.1935082124136387,1.3295279174484311,-9.58249286956787,0.008589122963849706,0.05198430296870259,0.8220713765798325
1776353310454,-1.2467793454825877,1.304388946147263,-9.61481517650187,-0.05573271612129088,-0.1491966245173487,0.557559974614071
1776353310471,-1.2782032422721386,1.3290791507676243,-9.60209598018229,-0.11154699430622524,-0.3995072894662868,0.43297214815030804
1776353310487,-1.3015465623281894,1.3365607386946676,-9.600748657226562,-0.04154142397542911,-0.13087293452149698,0.18267783830278095
1776353310504,-1.321298872154951,1.3757659370101987,-9.585037293353675,-0.04036647135562825,0.038041859160296725,0.015700897354566812
1776353310520,-1.3172586568534372,1.3763646335557103,-9.580548165240883,0.340624895642268,-0.10523149724276996,-0.2975805632451716
1776353310537,-1.3157621346853672,1.3566123237289487,-9.566332008361815,0.08475112165563384,-0.028930867055175728,-0.23995948658135735
1776353310554,-1.2767067201040685,1.3233926295638083,-9.605387422943116,-0.10920994903217017,-0.03629258368083299,-0.15186669487429477
1776353310571,-1.2313666722953318,1.357959208293259,-9.645939798083901,-0.5016972447747119,-1.1516101281472295,-0.03804015161300422
1776353310587,-1.2282242826163767,1.3798061523117124,-9.597756489673257,-0.14515096473373262,-1.0059957244061408,0.017189184902542013
1776353310604,-1.2699731740653515,1.3474845760300755,-9.555258825683593,0.3967954642419537,0.26823518908474075,-0.09336076186742004
1776353310621,-1.3245908994376658,1.2859833747543394,-9.584887655749917,0.2381773941773658,0.22876811490458568,-0.2730596771967234
1776353310637,-1.31546300560832,1.2964581531479953,-9.597606267547606,-0.05053355478073602,-0.4123165355222788,-0.5265732206187215
1776353310654,-1.3009481580436228,1.3456889247849584,-9.63411784286499,-0.2888705779495244,-0.7316196616490297,-0.34997171603673954
1776353310671,-1.2755097654044627,1.362747465483099,-9.621548284149169,0.09279286899053049,-0.10724971142080296,-0.2764858441587046
1776353310687,-1.2539619504630566,1.3633461620286107,-9.59596083842814,0.33489004469954314,0.6126584703183292,-0.08423205395913932
1776353310704,-1.2611444093130528,1.3184547347702085,-9.575459902191161,0.02336661075914253,0.40227028774854207,-0.1408421825845124
1776353310721,-1.2569545564077793,1.3540684844650328,-9.610026188659667,-0.22789526475342564,-0.6291520431425878,-0.05216583659023684
1776353310737,-1.2340601491630077,1.3907298435166477,-9.607183074188232,-0.3167406312492326,-0.7721044873763696,0.12394733614651561
1776353310754,-1.2351074662588537,1.3919267982162535,-9.603741409301758,-0.11490392556158072,-0.04727339343209786,0.03590790529234375
1776353310771,-1.2698235364615917,1.3552655852951108,-9.569324760437011,0.15066250050710978,1.0179829198429249,0.06366371300601284
1776353310787,-1.2771557790458201,1.3435939983323215,-9.580847440448403,-0.1471281177354662,0.48283300933907713,0.03249707957556864
1776353310804,-1.2740132432363926,1.3247393679976462,-9.618854807281494,-0.12521649735209506,-0.45068448285459073,0.21956987780498835
1776353310821,-1.2717688253104686,1.3217469081833957,-9.604639234924315,-0.19446445029354867,-0.1298740727162355,0.09296042206860737
1776353310837,-1.271619187706709,1.3295280635789035,-9.607482933917641,0.015079243418389869,-0.009347220600868232,0.08315275066814508
1776353310854,-1.2731155637443066,1.3193527065232395,-9.593117139434813,-0.0778555921212564,0.10406326809043333,0.07553500867031812
1776353310871,-1.288677874535322,1.3109728545822203,-9.61481517650187,0.2018867314872369,0.17514648752578407,-0.14411917928223755
1776353310887,-1.3073827211357651,1.3028924239791928,-9.609577860370278,0.22295791843757912,-0.2573077401863666,-0.05857847708637967
1776353310904,-1.2767068662345409,1.3193527065232395,-9.610326048389076,-0.27234869719280735,-0.41813372226101403,-0.033694977362112515
1776353310921,-1.2588999913871288,1.3480831264451145,-9.617359015765786,-0.17096931992021883,0.003420804196265683,-0.029742912514466775
1776353310937,-1.2493231847465038,1.360353263822943,-9.603442718616128,0.055303294657652775,-0.06745622890351531,0.005672738909960043
1776353310954,-1.2584510785758494,1.366937464518845,-9.58937678386271,0.007378845459435181,-0.06493268744860715,0.037082751190438835
1776353310971,-1.2849367883108556,1.3566123237289487,-9.575160626983642,0.07458625270592104,0.0008752247091136652,-0.056976157395776994
1776353310987,-1.2906231633841991,1.3585577587082982,-9.583840192523597,-0.11830600009848176,-0.1538580685433237,-0.09092718681048564
1776353311004,-1.2897253377616404,1.3575102954819798,-9.59012438735962,-0.008294250890775562,-0.07164110715232327,0.031680925330605
1776353311021,-1.2699731740653515,1.375915720744431,-9.593117723956704,-0.005456093847223701,0.06786998895682998,-0.004329806325259177
1776353311037,-1.2659329587638377,1.3669373183883726,-9.599103228107094,0.049994316681848804,0.02911266748097443,-0.06653991633767578
1776353311054,-1.2653344083487987,1.3600539886154233,-9.605088732257485,-0.009512639244829478,-0.033102831977584145,-0.0022544426737802245
1776353311071,-1.2686264356315136,1.338057260862738,-9.600001053729653,0.029102048671249173,-0.03284573938835663,0.034248329406589326
1776353311087,-1.2693746236503123,1.331174077220261,-9.596858664050698,0.030387351534828057,0.16438872613960243,-0.09955571676419515
1776353311104,-1.2765572286307811,1.3379077693894506,-9.591322072711586,0.24676235499469004,0.109947636142958,-0.03013207321459883
1776353311121,-1.2675788262747227,1.3464369666732847,-9.607631986999511,-0.017001087896102208,-0.1987071183460373,0.10702917101580559
1776353311137,-1.2502210103690623,1.3441925487473607,-9.612420390319823,-0.09093732537253488,-0.08533771751146157,-0.007736043008685692
1776353311154,-1.2657831750296056,1.3400024035811424,-9.609726913452148,-0.07079077528108313,0.17274306135073295,0.17161960195397163
1776353311170,-1.2758090406119822,1.3452398658432065,-9.593266777038574,0.09354637759420042,0.2944929442143556,0.1813394413905758
1776353311187,-1.2696737527273594,1.34793319658041,-9.589974749755859,-0.014597234834227955,0.07249738875866073,-0.09913990231804418
1776353311204,-1.2834405584037303,1.3428458103135228,-9.581894319152832,0.059695906706764335,-0.18108485676143415,-0.11167145849559285
1776353311221,-1.2750608525931835,1.3453895034469663,-9.604339959716796,0.08484242207492987,-0.12326930646925961,-0.12421419377182212
1776353311237,-1.2761081696890293,1.3497289939559995,-9.62080009613037,-0.1815695867490935,0.08723282820187567,-0.05334073584918481
1776353311254,-1.2723673757255076,1.3437436359360813,-9.605537645068765,-0.008421516524919941,0.02718137813230043,-0.08885174311772735
1776353311271,-1.2731155637443066,1.3584079749740658,-9.590424247089027,-0.12144345816589769,0.17152056421100645,-0.03795071882355936
1776353311287,-1.2711702748954294,1.360951814237982,-9.586533669391274,-0.18008826279242054,0.16311964497530232,-0.030415899591124593
1776353311304,-1.2669804219901561,1.3401521873153746,-9.593566636767983,0.16921425478821644,0.13917566978788218,-0.09183338749470238
1776353311321,-1.2714695501029492,1.3473347922958432,-9.58967547454834,0.11167332612544402,0.07299828708474597,0.15383314902502374
1776353311338,-1.2871814984977246,1.3452398658432065,-9.613168578338623,-0.20090419810295998,-0.04859754299658119,0.15003220211276455
1776353311354,-1.2681775228202343,1.3509260947860777,-9.610026773181557,-0.11595404046604374,-0.06516934283117752,0.03094497244753613
1776353311371,-1.2621918725393713,1.3799556437849998,-9.60194575805664,-0.043899920312346255,0.07429564950107816,0.21683497401178004
1776353311386,-1.2816449071586131,1.3691820285752414,-9.586982582202554,0.44385429368457796,0.6081906194666418,0.344879089638981
1776353311404,-1.3085795297048985,1.3073815520919858,-9.579949030303954,0.04929422229192249,0.5660182034057798,-0.08835244561722885
1776353311421,-1.2557576017081737,1.332221394316107,-9.626337271991371,-0.24285055091055036,-0.42447549954451796,-0.07976174850821886
1776353311437,-1.2545603547476232,1.3483822555221616,-9.635913494110106,-0.154389222472998,-0.8445217281339885,0.012764289537431563
1776353311453,-1.2583014409720896,1.3597548595383762,-9.583989830127358,0.15924217859999784,-0.14448192636018872,-0.20695627931612018
1776353311471,-1.2533634000480174,1.3010967727340756,-9.592070260730384,0.2662450427153283,0.3950483765574585,-0.2548764596461065
1776353311487,-1.270571578349918,1.2882279388107358,-9.604788872528076,0.03932518767231865,-0.07876467429152922,-0.6542486661133005
1776353311504,-1.2553086888968943,1.335064654918015,-9.62139864654541,-0.0465529151963673,-0.5413163440247527,-0.4683554628978831
1776353311520,-1.2883785993278025,1.3500284152939914,-9.605986557880044,-0.04505753065495763,-0.8135483677127144,-0.4208853546816036
1776353311537,-1.3018459836661815,1.3599044971421361,-9.593117723956704,0.17750583763634747,-0.2805393479876956,-0.6159910690247665
1776353311553,-1.2862836728751659,1.341050012937933,-9.593865911975502,0.13491971488302376,0.5716230673108629,-0.28643164012687455
1776353311571,-1.2892764249503612,1.3561635570481418,-9.587431495013833,-0.07229461751767598,0.1426984999348749,-0.15154394175558522
1776353311587,-1.2811959943473339,1.3747186199143528,-9.60164706737101,-0.04641737863002486,-0.5453689407192446,-0.05518083150026856
1776353311604,-1.257852382030338,1.3874375239729881,-9.589825112152099,0.026709721553599318,0.09497756902958254,0.07425877715173067
1776353311620,-1.2378009431265293,1.3720248507857322,-9.60149684524536,0.18378368861808833,0.6668769921975665,0.13793369593685054
1776353311638,-1.2364542046926914,1.3600539886154233,-9.592817864227294,-0.007061561828146933,0.4361126477863388,0.39129881614653306
1776353311653,-1.2599473084829746,1.347185008561611,-9.59566097869873,-0.3384071118744237,-0.12955732269347617,0.21488447475606537
1776353311671,-1.2554583265006543,1.339553783030808,-9.60119815455973,-0.21178637031765635,-0.04214904400729579,0.0672785372633892
1776353311687,-1.2580021657645701,1.3133670562423765,-9.590423662567138,0.10557999697299929,0.4532684821558241,0.042467661659906314
1776353311704,-1.273414838951826,1.3123197391465307,-9.600898879352211,0.013757921979109746,0.14067911181807832,-0.04040654535614918
1776353311720,-1.2752104901969432,1.319502197996527,-9.60823112193644,-0.14034061724776603,-0.2236702324628174,-0.16208014888056457
1776353311737,-1.2756594030082224,1.3169585048630832,-9.61451531677246,0.04165513595293925,-0.23899261460740387,-0.29196668135595005
1776353311753,-1.2909224385917186,1.3154621288254855,-9.62124959346354,0.08399766641281681,-0.2513896213943886,-0.13619391868920136
1776353311770,-1.2669804219901561,1.3275827747300266,-9.618854807281494,-0.04362863373624981,-0.396350968337374,-0.10210177649902319
1776353311787,-1.2596480332754552,1.325786977354437,-9.613018940734863,-0.029039456390808353,-0.18597519216588396,-0.11197823003886162
1776353311804,-1.2596481794059275,1.3488313144639135,-9.599252865710854,-0.08186307221462916,-0.03375895702472849,-0.0175108441237673
1776353311820,-1.2698235364615917,1.3612510894455014,-9.60209598018229,0.13531527888550268,-0.10933574724286005,0.03224804447512762
1776353311836,-1.2794003431022167,1.3599044971421361,-9.592968086352943,0.13311681174640483,-0.1967887690041893,-0.08081962741677748
1776353311854,-1.2873311361014843,1.3581088458970187,-9.593566636767983,-0.15004460851106163,0.00939060297426839,0.01026390669267799
1776353311871,-1.282841861858219,1.3660393466353415,-9.59566097869873,-0.13490554757658127,0.09191988543723824,0.15133153888065368
1776353311887,-1.285685122460127,1.3763646335557103,-9.598953590503335,0.08833408948383444,0.24104975552762062,0.11310030205344779
1776353311903,-1.2843382378958166,1.364094203916937,-9.591171850585937,0.06790803524494107,0.2190881360250909,0.005362232106988917
1776353311920,-1.2858347600638866,1.3552657314255834,-9.592519173541664,-0.012948277758198783,-0.0921301271976277,0.004919710553966138
1776353311938,-1.2805974439322947,1.3494298648789524,-9.596709026446938,0.011697339283881525,-0.04785006416928792,-0.10379571677403925
1776353311954,-1.2873311361014843,1.3456887786544858,-9.603891046905517,0.0025773825554748896,0.011892373201197123,-0.10690809524059654
1776353311971,-1.2801485311210155,1.32399132610932,-9.600300328937172,0.07374848731553667,0.020877220250084445,-0.03634002147905284
1776353311988,-1.2653344083487987,1.3359624805405734,-9.607482933917641,0.0005121041051922841,0.25268909156440994,-0.011536989920944898
1776353312003,-1.2575531068228185,1.3320717567123472,-9.609726913452148,0.06949002445059238,0.06310865341424352,-0.11647924466062069
1776353312020,-1.2674293348014354,1.3398530582383275,-9.595960253906249,0.011338807713308746,0.048689110220141676,0.0029818044595336917
1776353312038,-1.2620422349356115,1.344342040220648,-9.60808089981079,-0.0181816434054566,-0.07806335260198644,-0.015134098375161534
1776353312054,-1.266381871575117,1.3480829803146421,-9.608680034747719,0.037765823468293006,-0.1390293543292558,-0.04799792709264812
1776353312071,-1.2728162885367869,1.3425466812364757,-9.58922714625895,0.20529734376060044,0.09400512084650198,-0.08640797613789085
1776353312087,-1.284936934441328,1.3368601600326597,-9.602544892993569,-0.043470792333399046,-0.07817242218529508,-0.003869408886518005
1776353312103,-1.280447806328535,1.3452398658432065,-9.600898879352211,-0.12986070582258638,-0.0858300781010843,-0.03768658260175028
1776353312120,-1.2675789724051951,1.3554152228988707,-9.601497429767251,-0.030144506293322368,-0.14436277157568372,-0.1463902171812668
1776353312138,-1.2849367883108556,1.3470355170883237,-9.579949030303954,-0.07684411047428627,0.14899065162519048,-0.06447746601259638
1776353312154,-1.2826923703849316,1.353619717784226,-9.58922714625895,0.01864364166978449,0.4357462188095382,-0.07738244143867434
1776353312170,-1.2711702748954294,1.3518239204086362,-9.59506301280558,-0.1274463673531191,0.437781134934526,-0.0529990663081255
1776353312187,-1.26443658272624,1.3549664562180637,-9.599551556396484,-0.19602280064136937,0.35818547208092943,-0.23745467478581384
1776353312205,-1.2741630269706248,1.3681345653489232,-9.584887071228026,-0.012777149502978228,0.22409893355494148,-0.019242617243482876
1776353312221,-1.2967583051383496,1.354816818614304,-9.594314824786782,0.1572362907789826,0.6222770308561468,0.04225032290608239
1776353312237,-1.2958604795157909,1.2886769977524877,-9.621848143878578,-0.14882736741534486,0.9566961660289293,0.050783843861219966
1776353312254,-1.2674293348014354,1.3124693767502904,-9.617209378162025,-0.643321857545161,0.1796193009367904,0.025870035172510873
1776353312271,-1.223735154503584,1.3675358688034116,-9.620351183319091,-0.47380904878502095,-1.0240013837187638,0.02746840615999964
1776353312287,-1.2529143411062658,1.344940590635687,-9.560196866607665,0.3467258020358232,-0.06778605233523287,-0.2915739454786743
1776353312304,-1.2502210103690623,1.3084290153183042,-9.555258825683593,0.7179192626693361,0.6587254815882736,-0.41052379762813557
1776353312320,-1.2770061414420604,1.2942134429611265,-9.60793184672892,0.21706479920518038,-0.7521479019212088,-0.3152173923426139
1776353312338,-1.2671299134634435,1.3497289939559995,-9.62124900894165,0.019296244900638054,-1.1374497586156178,-0.323995306003991
1776353312354,-1.2958603333853185,1.3703789832748472,-9.622595747375488,0.2318130452530891,0.05235121219317922,-0.1160977679233049
1776353312371,-1.3209995969474315,1.387437816233933,-9.605537645068765,0.196706139723488,0.7393839325488947,-0.2167069079648423
1776353312387,-1.2654840459525585,1.341947984690964,-9.602544892993569,0.1784031537385579,0.038407327641745294,-0.2145589468730055
1776353312405,-1.261593322124332,1.3293782798446714,-9.58249286956787,0.043150467133496025,-0.06044952203214004,-0.16086317458911226
1776353312421,-1.268027739086002,1.3829485419906675,-9.567529109191893,0.2553004116223233,0.033854953199078906,-0.24618274941059098
1776353312438,-1.2476771711051464,1.396715201536566,-9.60269453059733,0.24004160893395618,-0.09824037174043879,-0.21719105098311983
1776353312454,-1.2392974652945994,1.385492527385056,-9.612420974841713,0.13508934903436337,0.22247436238868337,-0.267652008323498
1776353312471,-1.2521662992179392,1.3617000022567807,-9.600001053729653,-0.028882148596486495,0.7494385579765351,0.03635282808374662
1776353312487,-1.2324141355216502,1.3506269657090306,-9.593865911975502,-0.010693675001859885,0.17819531321654852,0.0204684227560886
1776353312504,-1.2394471028983591,1.3455392871811984,-9.602395255389808,-0.014597608360198189,0.21496990548154343,-0.11908117320842532
1776353312521,-1.2544108632743358,1.3117211887314915,-9.614216626086831,0.2332989849235371,0.32177592141056,0.1790451915205391
1776353312538,-1.2529143411062658,1.2948119933761655,-9.616460605621338,0.3208234301864606,0.23821880219920902,0.21888589839263503
1776353312554,-1.2455822446525096,1.2825417098678649,-9.621997781482339,0.050745797573108875,-0.30584071655095,0.1379494373884533
1776353312571,-1.2416916669547557,1.290323011393845,-9.616461190143227,-0.023539233118244022,0.09962871441094967,0.3704970481424361
1776353312588,-1.2472281121633946,1.3055859008468687,-9.61481459197998,0.05101116109453445,0.41433736438210345,0.2619120880997486
1776353312605,-1.246330286540836,1.3193525603927672,-9.62109937133789,0.04152600268894369,0.07762205834858014,0.2687556708438369
1776353312621,-1.2416915208242834,1.3323710319198667,-9.613617491149903,-0.08737559516378479,-0.5549965726020535,0.31011438725896817
1776353312637,-1.242888767784834,1.3416485633529722,-9.611223874011635,-0.16469186914487463,-0.9396859000661298,0.2556710561065023
1776353312654,-1.2571043401420117,1.3431450855210423,-9.60209598018229,0.03127383538390167,-0.25854136306392084,0.3134599526526579
1776353312671,-1.2955612043082714,1.360503047557175,-9.579201426807046,0.23913607526040057,0.5120631240572641,0.11218884532522132
1776353312688,-1.3208499593436718,1.3709776798203586,-9.57710650035441,-0.03746001242037626,-0.056540359310218447,-0.08933396514530084
1776353312705,-1.3081307630240917,1.3715762302353978,-9.579650339618325,-0.039194613665295044,-0.6761803501773584,0.03372838125602211
1776353312721,-1.3082804006278514,1.374419198576361,-9.591471710315346,0.11103683787216347,0.07462125742541735,0.14661668064093503
1776353312738,-1.2940646821402013,1.3679847816146908,-9.586533084869384,0.06527574437184162,0.572958049128483,-0.0990345679944379
1776353312754,-1.2641371613882482,1.3576597869552671,-9.591770401000977,0.0375909599533701,0.29927418335507033,-0.20536938091200294
1776353312770,-1.2621920186698437,1.3382068984664977,-9.597307576861978,-0.049759048681453595,-0.010868805321047243,-0.005589762783714967
1776353312787,-1.2583014409720896,1.3444916778244078,-9.600000469207764,-0.19648098360471558,-0.14761108681498014,-0.11933260954724641
1776353312803,-1.2472281121633946,1.3325206695236265,-9.616460605621338,0.16548187657192182,0.0534144805478798,-0.05021042813605624
1776353312820,-1.2521662992179392,1.3180059680894016,-9.605985973358154,-0.09063212797442638,0.0889170568016656,-0.11015478297387979
1776353312837,-1.2330126859366892,1.310075175090134,-9.609577860370278,-0.03936259363019504,-0.06637161620765844,-0.22696083617802973
1776353312854,-1.229121962108463,1.3108232169784604,-9.6151138671875,0.03257786790684519,-0.014471836829934751,-0.2177214311804272
1776353312870,-1.2280744988821446,1.3370097976364195,-9.616909518432617,-0.03609242712163988,-0.18489140656324687,-0.09308830135256
1776353312887,-1.2403449285209178,1.320998720164597,-9.611523149219154,0.17389533560805526,-0.3050904896397329,0.08128207924835494
1776353312904,-1.2508195607841015,1.3148634322799742,-9.601497429767251,-0.008711265956116576,-0.08226178450742865,-0.043633809738980206
1776353312921,-1.2737141141593455,1.3325208156540989,-9.607482933917641,-0.009668452935270393,-0.17979859340250323,0.28848520586994764
1776353312937,-1.2635387571036816,1.3501779067672788,-9.601646482849121,-0.087213618294835,-0.31854676271745136,0.2858301832735167
1776353312954,-1.2714694039724765,1.3708278960861264,-9.598504093170165,-0.07917395203320109,-0.3971108535629644,0.3506909936532801
1776353312970,-1.288677874535322,1.3531706588424741,-9.60209598018229,0.22185196140056596,0.3575653656094864,0.4056725757288547
1776353312987,-1.288079324120283,1.3153124912217258,-9.59521265040934,-0.1383297401870055,0.5519127955526456,0.2696139268017313
1776353313004,-1.2802980225943028,1.3323710319198667,-9.603442134094237,-0.35110904925525244,-0.4271959959074458,0.24849514197061054
1776353313020,-1.2586007161796093,1.3848939769700168,-9.610774961200356,-0.08363937496608204,-1.0815632298358695,0.21457167343641995
1776353313037,-1.2723673757255076,1.3672367397263645,-9.56977367324829,0.22739578048994202,-0.0003253944809276387,0.18640397329928737
1776353313054,-1.2907728009879589,1.323243138090521,-9.576807225146888,0.38279587096010187,0.38696868965615655,0.11620590369168796
1776353313070,-1.2960101171195506,1.2979543830551206,-9.611373511615396,-0.0662872526992382,-0.44718646550419217,-0.30484126777630677
1776353313087,-1.266381871575117,1.324589876524359,-9.621399231067299,-0.15510327072595523,-0.458307934463677,-0.35661818379024957
1776353313104,-1.2788017926871775,1.3468860256150363,-9.616311552539468,-0.1270343682079498,-0.10794948564561192,-0.20042947327521765
1776353313121,-1.2648854955375193,1.3518240665391086,-9.608081484332681,0.17390243260148971,0.3364552252365339,-0.22554938825821716
1776353313137,-1.2588999913871288,1.3175570552781224,-9.597157354736327,0.08265489391067461,0.23416028245004628,-0.07877510633826937
1776353313154,-1.2608452802360057,1.3162103168442845,-9.60793184672892,-0.07378629347980974,-0.1818566147767927,0.020666818407136318
1776353313170,-1.2602467298209667,1.3347653797104955,-9.604789457049966,-0.13139192217671217,-0.48030258433414613,0.18248621948005037
1776353313187,-1.2366039884269238,1.3940217246688902,-9.600300328937172,0.03477350692073984,-0.0776246730303718,0.2883623691865932
1776353313204,-1.2532137624442576,1.3696307952560483,-9.597307576861978,0.059419230684525925,0.555296140430182,0.4709231337781319
1776353313221,-1.2518670240104197,1.3492802272751927,-9.592369535937905,0.018296315878318765,0.47914145217524395,0.27447008457990457
1776353313237,-1.2686264356315136,1.3353639301255344,-9.582043956756591,-0.26589862405836173,-0.16535925333197893,0.07634993561566526
1776353313254,-1.274761577385664,1.3406012462571262,-9.606285833087563,0.009122144523375154,-0.008711799564645482,0.08513889497359074
1776353313270,-1.268027739086002,1.3394039992965756,-9.587131635284424,-0.01620158223724048,0.08709835885259104,-0.08987186922286579
1776353313287,-1.268925710839033,1.3506269657090306,-9.593117139434813,-0.07730714927524553,-0.25889439846664586,0.029947551385302706
1776353313304,-1.2847872968375682,1.3123197391465307,-9.614216626086831,0.02669616789696507,-0.02935433878371652,-0.012681366772039378
1776353313321,-1.2982546811759472,1.3001989471115172,-9.600001053729653,0.022267003663623365,0.27870789679478014,-0.17547361623443067
1776353313337,-1.2912217137992381,1.3195023441269993,-9.619004444885253,-0.13831648001506217,-0.3274932699935367,-0.26135009159710343
1776353313354,-1.274013389366865,1.3379077693894506,-9.61421604156494,-0.14318696518223661,-0.32290815866762185,-0.022988655838117527
1776353313371,-1.27565925687775,1.353769209257513,-9.594912790679931,0.17777755109926704,0.10687351740792335,0.05901587599752494
1776353313387,-1.2835900498770176,1.3621489150680601,-9.59551134109497,0.022875264025724738,0.038670823533319694,0.08893845450367478
1776353313404,-1.2882289617240428,1.3420974761642515,-9.595811200824379,-0.14558377461152927,0.08286396173230047,0.002478184729951033
1776353313421,-1.2879296865165233,1.3447910991623997,-9.594164602661133,-0.035087855705119096,0.12028363334789136,-0.14076376881118946
1776353313437,-1.2728162885367869,1.3428456641830504,-9.590124971881508,0.010703813563909124,-0.5117353816988093,-0.2345442938278744
1776353313454,-1.2651846246145666,1.35436761354208,-9.578602291870117,-0.1442972978091868,-0.08509417857886831,-0.44217078545630206
1776353313471,-1.2674293348014354,1.3576599330857395,-9.589825112152099,0.2496806066784309,0.1699221398626648,-0.4028828169788747
1776353313487,-1.256206514519453,1.3284806003525853,-9.623044660186768,0.3251364278430592,0.05294431807305962,-0.3201881158719436
1776353313504,-1.2394469567678867,1.3141152442611752,-9.6020953956604,0.0419925366257673,-0.08321272826679425,-0.15981431366469218
1776353313521,-1.2342097867667674,1.3419478385604917,-9.609727497974038,0.05767326357794142,-0.18685268471124547,-0.09676126225916079
1776353313537,-1.2375016679190098,1.353619425523281,-9.593416414642334,0.1614635375449858,0.24852635806955162,0.25440448290228806
1776353313554,-1.25171738640666,1.3527217460311949,-9.601048516955972,0.17864904054867836,0.7938576260266553,0.3143982498898884
1776353313571,-1.2749112149894237,1.3482326179184019,-9.605836335754393,0.02346250021178716,0.43874429832920353,0.31747306231601063
1776353313587,-1.2954115667045116,1.3295280635789035,-9.607034021106362,-0.18586046633216888,0.2033697363107759,0.32916522559716177
1776353313604,-1.296010263250023,1.3428458103135228,-9.591172435107827,0.04728977521393531,0.38923065621019437,0.06719774893211264
1776353313620,-1.29630939232707,1.3485318931259214,-9.58952642146647,0.006890273490367707,0.30583548718736675,-0.035600066532017166
1776353313637,-1.2922691770255565,1.3555650066331029,-9.584438158416747,0.0708245793813894,0.1508366703309451,-0.06338634329268684
1776353313654,-1.267130059593916,1.3340171916916965,-9.603891631427407,-0.1388699121008183,-0.15289960090370053,-0.44678636582921755
1776353313670,-1.2617431058585642,1.3416487094834446,-9.600749241748451,-0.16698070288834294,-0.3568764769986671,-0.37959811512891944
1776353313686,-1.241542029350996,1.346437112803757,-9.587730770221352,-0.23138687880147732,-0.43215847518500383,-0.43474327489903053
1776353313704,-1.2687760732352733,1.3337177703537046,-9.592369535937905,0.1254323153216116,-0.012050321325753668,-0.5511490416652207
1776353313721,-1.2728162885367869,1.31276865195781,-9.602544308471678,0.21237331301902787,0.14703204151983645,-0.1321500198137307
1776353313737,-1.239596740502119,1.3157614040330052,-9.642348495593666,-0.196363829852194,-0.44871685476509815,-0.15363440652843224
1776353313754,-1.2096690736196933,1.3233927756942807,-9.639055883789062,-0.21953287205350863,-1.1109162879591166,0.11467241950131431
1776353313770,-1.215654577770084,1.3265350192427634,-9.60897872543335,-0.1980434960990618,-0.1556309028393387,0.15007643825981096
1776353313787,-1.219246026390791,1.292268300242722,-9.583391279712318,0.17701224974710827,0.5734469412626678,0.025202224098583456
1776353313804,-1.2629402066886424,1.2930164882615207,-9.581595628467202,0.4583638032766536,-0.3322407850752245,-0.060319588355351124
1776353313821,-1.2946633786857127,1.305436263243109,-9.58219417888224,0.6016185901029143,-0.66887786409841,-0.14218668931437353
1776353313837,-1.321298872154951,1.3030422077134252,-9.620351767840981,0.5107103197147784,-0.40976898168356984,-0.1077473280544354
1776353313854,-1.3292296651542186,1.3205498073533177,-9.636961541858314,0.371763781429209,-0.5997713974583961,0.23209639138193883
1776353313870,-1.3275836515128612,1.3398530582383275,-9.62783306350708,0.24712953102343113,-0.47684474770597424,0.48652526019399794
1776353313887,-1.3397042974174023,1.3907296973861754,-9.56917512283325,0.2817686753165921,0.3084060929145245,0.5580393685164413
1776353313904,-1.357361680791527,1.4252961299851536,-9.536105796924232,0.43339449930093815,0.4131355178924456,0.4478364006924012
1776353313921,-1.3509271176993847,1.4374167758896945,-9.534609420886635,0.5192798592456173,0.7046016210874279,0.18766222221045065
1776353313937,-1.3389561093986033,1.3902807845748961,-9.566033317676187,0.3019242967530353,0.6162625156834216,-0.23288466458126705
1776353313954,-1.3211492345511913,1.3804048488572238,-9.598803368377684,0.1419816502371409,0.2828579837675034,-0.4819538892877025
1776353313971,-1.3141162671744824,1.3799557899154722,-9.618854807281494,0.07701966768029675,0.7689396551914207,-0.6428083126969406
1776353313987,-1.2909224385917186,1.3510758785203099,-9.612570612445474,0.14459377070784768,1.33254834928492,-0.9756252882616792
1776353314003,-1.2406442037284373,1.2774541774705053,-9.6083807595402,0.1683740347985991,0.776981135722053,-1.2933057108520232
1776353314021,-1.2077239309012888,1.2517165096238254,-9.606135610961914,-0.1100712732391058,0.13534115889915468,-1.5870183593145577
1776353314038,-1.1806395246207713,1.2535120147384702,-9.609428222766518,0.26250434020598273,-0.07681412167496168,-1.6007856728037761
1776353314054,-1.2086216103933751,1.2597967940963803,-9.609427638244629,0.28066229139275584,-0.017579519541437664,-1.671586559966482
1776353314070,-1.2165524033926427,1.2577018676437437,-9.623792848205566,0.3603079533655109,-0.25337587242154,-1.5411963277202347
1776353314087,-1.2434871720694005,1.2596471564926206,-9.652074355316161,0.18403773963870107,-0.5080582853261094,-1.1930174029384912
1776353314104,-1.2442355062186716,1.2841877235092223,-9.62139864654541,0.11725588519401875,-0.2533583433813654,-0.827241456255562
1776353314121,-1.247228258293867,1.3129181434310973,-9.629330024066567,-0.22042813376288276,0.11979020554121082,-0.44394820878566565
1776353314137,-1.237651451653242,1.3657402175582944,-9.597606852069497,0.1885749595991465,0.33006350219472425,-0.339749590891875
1776353314154,-1.2418413045585155,1.361550364653021,-9.582343816486,0.09088820670744897,0.09437624557835697,-0.23376205040492282
1776353314170,-1.2563561521232127,1.3664885517075658,-9.56992389537394,0.20618649565231859,-0.2590095778676105,-0.2547162436853021
1776353314187,-1.282991645592451,1.3757660831406713,-9.572767009845375,0.021406239745643086,-0.04114527300356838,-0.15034604396904133
1776353314204,-1.3034917050465942,1.3807038318037985,-9.57620809020996,0.24939651349764067,0.3460394747459427,-0.0715000744181331
1776353314221,-1.3090285886466502,1.3636454372361302,-9.57665700302124,0.1873559842757108,0.6076848653029434,-0.2109846235029732
1776353314236,-1.3126198911368847,1.3380574069932103,-9.584887655749917,0.367850456560762,0.8206030459908386,-0.41093184807019095
1776353314254,-1.2972072179496288,1.320998720164597,-9.602844168201088,0.17514723457772455,0.5352636758422107,-0.3518040476837277
1776353314271,-1.2903238881766796,1.3061845973923802,-9.631724225726723,-0.005087423714601685,0.12212810458891214,-0.3925412702452407
1776353314287,-1.2813456319510936,1.2966077907517553,-9.632023500934242,0.03377624594106508,-0.011638909149966181,-0.2780164735434486
1776353314304,-1.2768563577078282,1.2820927970565854,-9.598504677692056,0.04179067251928169,0.7715241347403301,-0.4103334327854479
1776353314321,-1.2710206372916697,1.2874798969224095,-9.605985973358154,0.03597887522668842,1.115560496429608,-0.6046345455082981
1776353314337,-1.2349579747855663,1.3133672023728489,-9.618556116595864,0.23871062918030284,0.4072228685878889,-0.7649207825559559
1776353314354,-1.2226876912772655,1.3087284366562961,-9.6013472076416,0.08497833216724254,-0.37942874778184427,-0.8076606912873106
1776353314370,-1.2267277604483067,1.3130676349043846,-9.600748657226562,0.09823178064312338,-0.5578022328861949,-0.7298901296851356
1776353314387,-1.2418413045585155,1.3156117664292455,-9.631574003601074,0.5230587147647797,-0.06661670260498553,-0.44318512190890186
1776353314404,-1.2630898442924021,1.270869976774603,-9.62708546001017,0.2805983117301398,0.6142944607071059,-0.5143408320629047
1776353314421,-1.2369032636344433,1.2786512783005832,-9.629928574481607,-0.026127981535384637,0.18875766715944434,-0.42474892055473007
1776353314437,-1.1858768407523632,1.3287797294296324,-9.640851535034178,-0.0583122331108814,-0.913649859280276,-0.13961530985484885
1776353314454,-1.1956031388662756,1.30962597001791,-9.611073651885986,0.37665478384431994,-0.9148248652609298,0.13783524516326717
1776353314470,-1.1947053132437169,1.281194971434027,-9.589376199340819,0.44524717202758457,-0.388453935635517,0.36675074274353703
1776353314487,-1.1991945874869823,1.2696730220749974,-9.632322191619872,-0.09376833206179938,-1.0403566985731825,0.2892902076966571
1776353314504,-1.2042821198843419,1.2961587318100034,-9.64025298461914,-0.3270541368546725,-1.0333371850971134,0.6081912064360235
1776353314521,-1.207424509563297,1.3368603061631321,-9.670180505371093,-0.1513260693932324,-0.6417695903345698,0.6433742045418468
1776353314537,-1.1797416989982128,1.353619717784226,-9.695619482532143,-0.9682636249968748,-1.6532668186737445,0.9594256803759956
1776353314554,-1.0628747304618358,1.3435939983323215,-9.661651746478677,-2.0221729129872434,-2.5547409052631207,1.4211414523486858
1776353314571,-1.0431224206350742,1.3696307952560483,-9.616161330413817,-2.1626534690717154,-2.35956056576719,1.8228519847504043
1776353314587,-1.14323012368083,1.421704827494919,-9.518447975158692,-0.9978931990598017,-0.010345228632483454,2.132868294761759
1776353314604,-1.2566554273307322,1.3904304221786559,-9.498397120776772,-0.6479939203808612,0.15069606448357806,1.9800820856704515
1776353314621,-1.3256382165335119,1.2988520625472069,-9.613617491149903,-1.0332362263634443,-1.5366048397723995,1.9484963027405506
1776353314637,-1.3352151693046093,1.275059975810349,-9.640702481952308,-1.95634483042713,-2.2668349848121547,2.0422466255144993
1776353314654,-1.3241418404959142,1.306483580338955,-9.620351183319091,-2.226410083322611,-1.5494429273693788,2.2788036106721328
1776353314671,-1.3546680577933787,1.3542181220687926,-9.514707619586586,-1.5543023935204314,0.9105170436070615,1.934061551703375
1776353314687,-1.3751682633779942,1.358258337370306,-9.4496146774292,-0.5327063036065698,2.077960617467438,1.5449510107730375
1776353314704,-1.5414157872855663,1.3316229900315404,-9.415946801105141,1.2219459221161397,1.4416966932124278,0.4865900936302602
1776353314720,-1.7200830861747265,1.2690744716599582,-9.502886248889565,2.090425926146123,0.5060539983306809,-0.5279060146413731
1776353314737,-1.7507587949454784,1.222088264079392,-9.58279214477539,1.3719474417384923,0.2930336316095001,-1.3364043112365094
1776353314754,-1.63478965203166,1.2814943927720188,-9.718813311114907,0.5749045996810838,0.2118110497121183,-1.7808623296106931
1776353314770,-1.4622574948966502,1.3805544864609838,-9.654768416705727,0.5733558542867834,1.708725500135015,-1.754544543521576
1776353314787,-1.40644281482473,1.3976131732895969,-9.594314824786782,1.0608624205654418,2.796331953282465,-1.9771322977226522
1776353314804,-1.3548176953971385,1.4125769336655736,-9.496900744739174,1.5511789693573257,2.747260032303685,-2.3615852899692755
1776353314821,-1.3054372861564159,1.4529789405502378,-9.47385655376017,1.9103304863189887,1.1532836312155883,-2.540818845300519
1776353314837,-1.2934662778556345,1.4715340034164488,-9.507225739398597,1.676038562644861,0.006987443603481716,-2.4669281513120285
1776353314854,-1.257553252953291,1.4523805362656712,-9.574562661090493,1.3170756229373137,0.352278532387632,-2.326257417147854
1776353314870,-1.2337607278250158,1.415569393479824,-9.611672202301024,1.2561443591252763,3.350668398773407,-2.218022824465247
1776353314887,-1.2149065358817577,1.392824623838812,-9.625589083972573,0.9859793214348895,5.102077458579124,-2.310407322848605
1776353314904,-1.1133024567984044,1.3126188682235778,-9.626037412261962,0.5275049011101935,4.82463432071956,-2.5558333086434994
1776353314921,-1.0287573568046093,1.2532127395309507,-9.65910790721476,0.3302557079868366,1.7544333395041518,-2.608720103717143
1776353314937,-1.002121571074426,1.2354058646835386,-9.652223992919922,0.3393229975534401,0.08001598629181672,-2.3590636695050717
1776353314954,-1.0482102452933788,1.1749522727645934,-9.655516604724525,0.2828807154908348,-0.3172618333798427,-2.2099092000615066
1776353314970,-1.1480185270011425,1.1285646155990658,-9.68439666225016,0.21537934330577396,-0.16714644169742154,-2.62549718275281
1776353314987,-1.193508358544111,1.1405357700303196,-9.673921445465087,-0.01895270772972757,0.017300282198260502,-2.9907972573496595
1776353315004,-1.2717686791799963,1.1939561023116112,-9.649829791259766,0.04630734855136418,-0.018704419681227026,-3.3271494961401142
1776353315021,-1.3018459836661815,1.272366498942673,-9.657461893573403,0.18983849123474597,-0.11843958899369368,-3.511583173307265
1776353315037,-1.2768563577078282,1.3314730601668356,-9.664494276428222,0.40325202072002564,-0.6474186370258463,-2.7923181499280245
1776353315054,-1.1611864900015294,1.3257868312239647,-9.663297175598144,0.05104867377411663,-1.6672703072978572,-2.2216394096307686
1776353315070,-1.1559491738699377,1.2352563732102513,-9.583391279712318,-0.21461980492572738,-1.6101620284303229,-1.9464773415105772
1776353315087,-1.1563982328116893,1.2505194087937475,-9.571420271411538,-0.12078173022919982,-0.4577020219791028,-1.9081700121071492
1776353315104,-1.1834826390922069,1.368284202952683,-9.593716274371742,0.2043196128530837,0.2088989345264599,-1.3152594329483251
1776353315121,-1.2529144872367382,1.373371881480515,-9.620051908111572,-0.1521245078350363,-1.074039989908512,-0.7826512599502213
1776353315137,-1.2701228116691112,1.3501779067672788,-9.607632571521401,-0.5066671145303954,-1.3902521352707147,-0.827634565658808
1776353315154,-1.2876304113090038,1.3082793777145445,-9.594314240264891,-0.24685570980682237,-0.31234076212412787,-0.8733499289082024
1776353315171,-1.3015465623281894,1.2735634536422789,-9.585186346435547,-0.07681358806643278,1.394779270029964,-1.0585264958692973
1776353315187,-1.308579675835371,1.2575523761704563,-9.58339069519043,-0.07771797448165121,1.6033999277085986,-1.3224539700218758
1776353315204,-1.276108315819502,1.3189037937119603,-9.656863343158363,-0.04076998612518791,0.15037371157126517,-1.179253931430681
1776353315221,-1.187223579186201,1.343893273539841,-9.654020228686928,-0.34910193413462076,-2.1374368375428516,-0.5776994810729412
1776353315237,-1.1869243039786814,1.2850856952622531,-9.620202130237221,-0.01022420621812729,-1.1378439885967746,-0.5365996181551829
1776353315254,-1.20697574288249,1.178992488066107,-9.535806521716713,-0.0527609168216742,1.5294117968027297,-0.6809322942098363
1776353315270,-1.2101179864309728,1.2358547774948179,-9.63965501872599,0.6815987712624414,1.270592236932263,-0.3197110164862476
1776353315287,-1.2271768193900585,1.2746110629990697,-9.660304423522948,0.3661502197051048,-0.06328474422878291,0.14580394149055642
1776353315304,-1.2500710805043578,1.281194971434027,-9.63396820526123,-0.20714712440648386,-0.8866487341090404,0.3371109233968551
1776353315321,-1.2527648496329784,1.2665304862655697,-9.591322072711586,-0.023489394081644084,0.14943082530068608,0.3844244975511797
1776353315337,-1.2500713727653026,1.284038232035935,-9.591471710315346,0.3411101058776034,1.5969650357368004,0.5382487886746236
1776353315354,-1.2536625291250645,1.3066335102036595,-9.597755905151367,0.5077941491043003,1.4670134297013147,0.2240741207583473
1776353315370,-1.2167021871268748,1.2838885944321752,-9.641600307574867,0.017773432880842554,-0.44424153339400596,0.02383303797426035
1776353315387,-1.1976982114493846,1.2948121395066379,-9.66614087459147,-0.17298737401569314,-1.7108934448662594,-0.12986121275068885
1776353315404,-1.1942564004324376,1.315162853617966,-9.623343935394287,-0.15801317143621865,-0.27218565310679976,0.017931701170516446
1776353315421,-1.212063421410322,1.312020463939011,-9.605687282672523,0.05827949622763294,-0.3280091893997107,0.13032379798439853
1776353315437,-1.2241840673148632,1.3022940196946262,-9.59506301280558,-0.3482560045337441,-0.8482362838254176,0.26401018347455896
1776353315454,-1.2271768193900585,1.3093269870713353,-9.60179670497477,-0.49224367599403246,-0.8328100881415322,0.2956186447669384
1776353315470,-1.2517172402761876,1.2904723567366598,-9.605985973358154,-0.27186100567781263,-0.30406249280879305,0.4755655813404778
1776353315487,-1.2520166616141795,1.299001846281439,-9.594913375201822,-0.21634752262062326,0.1888891483009671,0.8134639508434414
1776353315504,-1.2512683274649083,1.301096918864548,-9.590274024963378,-0.3668502874146047,0.2683241416265096,0.853415114681021
1776353315521,-1.277604545726627,1.295859456602484,-9.592668811145424,0.023292972782153327,0.09114620643117563,0.9651972969463622
1776353315537,-1.310375327080488,1.284636782450974,-9.605387422943116,0.4090925261514741,0.45108645015941656,1.0379205621953094
1776353315554,-1.3560145039662719,1.267727587095648,-9.62169792175293,0.3607451921940975,0.3801603250749761,1.1473986761936819
1776353315570,-1.2746119397819042,1.2814942466415464,-9.662399934497476,-0.7835113835379669,-1.0545321158653094,1.3280322068613664
1776353315587,-1.2304688466727733,1.2868813465073703,-9.65177566463053,-1.552004995360074,-1.6495943113343932,1.1966693129886266
1776353315604,-1.2011398763358592,1.2930164882615207,-9.600001053729653,-1.0178059752547393,0.05723597138850193,0.5930277595917721
1776353315621,-1.2318155851066113,1.2979546753160656,-9.516053773498534,-0.21143658992695766,0.8266510184183261,-0.3480047549579081
1776353315637,-1.2515677488029002,1.287479750791937,-9.514407759857177,0.6866618090672719,0.1174776528986326,-0.8435719049525335
1776353315654,-1.3355144445121288,1.2620415042832493,-9.567978022003173,0.5505815489947279,-1.1252230796710603,-0.8979084076775122
1776353315670,-1.3456898015677927,1.295410689921677,-9.624242345538734,-0.10469191229833896,-1.1326846344524761,-0.8862507688681813
1776353315687,-1.3338684308707713,1.33820704459697,-9.650279288592934,-0.3074177965581354,-0.6049649559093975,-0.7265980318660423
1776353315704,-1.2850864259146153,1.3836967300094662,-9.625289224243163,-0.1567172497629145,1.2270069855694135,-0.2779600177610902
1776353315721,-1.2861340352714061,1.3516742828048764,-9.600150691333413,0.007102169437196775,1.3200843212667044,0.07966876722205678
1776353315737,-1.2952617829702793,1.3174071254134176,-9.591022212982176,-0.055994557826425664,0.2341284793817234,0.2903049176752271
1776353315754,-1.3049882272146642,1.2735634536422789,-9.572616787719726,-0.05782342101797592,-1.1244215996606417,0.37344214033518097
1776353315770,-1.2506697770498691,1.269523238340765,-9.584438158416747,0.05146003258905123,-0.09700154617972773,0.008985967626798026
1776353315787,-1.2196949392020702,1.260994041056931,-9.616161914935708,0.21435758969462237,1.0451164866510352,-0.09937818520662771
1776353315804,-1.1529564217947423,1.287479750791937,-9.609278000640868,-0.6202534805928247,1.3158113976106267,-0.7338307219494098
1776353315821,-1.118240643852949,1.3787588352158664,-9.58907750865519,-0.8229601549455805,0.4823289627226714,-1.070725854057175
1776353315837,-1.1415841100394726,1.3959671596482395,-9.589376199340819,-0.6531496993480159,-0.28315416318147335,-1.2986385944899221
1776353315854,-1.1979973405264317,1.3224949500717222,-9.591920038604735,0.5150548536354355,-0.004752370919300825,-1.3397534518073428
1776353315871,-1.2295708749197423,1.2074236327804624,-9.624690673828125,0.5330145158928666,0.26787639070990354,-0.8562176800356949
1776353315887,-1.2523157906912266,1.1480175040878355,-9.66628992767334,0.7385153245855394,-0.041018007369423994,0.11926913681273289
1776353315904,-1.2870318608939646,1.0696073997177182,-9.727342070007323,0.4745762177670309,-0.08376981557097342,1.11838776785917
1776353315921,-1.385493258037418,1.1228785327866673,-9.690831079211831,0.4386430727912698,1.0078945169954043,1.6980081862753245
1776353315937,-1.3857925332449377,1.193208206553757,-9.654469141498208,0.6143966467403916,1.1417066740158284,2.1619326706708675
1776353315954,-1.348682553642988,1.3227942252792417,-9.619005029407143,0.9481252391159153,0.4262431311573761,2.756605438635555
1776353315970,-1.305287648552656,1.377112821574509,-9.553763034167885,1.01804097645087,0.22578839151831473,3.1223740215207854
1776353315987,-1.285685122460127,1.3916276691392064,-9.539696514892578,0.8588178476753541,0.590605283592239,2.780607577152626
1776353316003,-1.2503705018423497,1.3816016574263572,-9.572766425323486,1.0775532684628373,0.8500573296520193,2.0778681964702317
1776353316021,-1.1824351758658884,1.3688826072372495,-9.580548165240883,0.4704029721841531,0.610111503449002,1.075453092014764
1776353316036,-1.1537047559440134,1.366189276500046,-9.56947498256266,0.2191799700529158,-0.050320298132158235,0.24034758006443158
1776353316054,-1.1658254018485545,1.3783099224045872,-9.580697218322753,0.18395503031672045,0.06180451416959421,-0.7756094949984969
1776353316070,-1.192011836376041,1.3619992774643004,-9.57620809020996,0.15279656109676854,0.2848269992391711,-1.3448081119582695
1776353316087,-1.1628326497733592,1.3118708263352512,-9.601047932434081,-0.13577319504458443,-0.3431146329968699,-1.8103663989476209
1776353316103,-1.161635548943281,1.2994509052231906,-9.617807344055175,-0.6954993801621809,-0.7903633972968119,-1.7688345799257121
1776353316121,-1.180938799828291,1.3070822768844663,-9.636512629047036,-0.8676484284985343,-0.46387320461591514,-1.739511297158378
1776353316136,-1.2041324822805821,1.299600396696478,-9.647286536517738,-0.8672076678536569,-0.09066126300010471,-1.2831778209733635
1776353316154,-1.242439708843082,1.2451324550583958,-9.648932550159095,-0.6709274544579427,-0.18827987408266078,-0.9013303324516886
1776353316170,-1.240045507182926,1.208321458403021,-9.64025298461914,-0.750898724355037,-0.33300950152196823,-0.4068997686236356
1776353316187,-1.2388484063528478,1.2053288524582981,-9.65267349025309,-0.5575340412395662,0.04943909700752081,0.11218521678722475
1776353316203,-1.2352572499930858,1.211164719004929,-9.64564052287638,-0.5134962898442031,-0.3050159178478181,0.3164430911335139
1776353316221,-1.2286730492971836,1.22957014426738,-9.625588499450682,-0.19313837973836126,-0.6032576220603058,0.6884751175702046
1776353316236,-1.2291221082389354,1.243486295286566,-9.60823112193644,-0.29793866792892126,-0.529992637432812,0.7682825162880714
1776353316254,-1.2499217351615428,1.251716363493353,-9.604339959716796,-0.05908874024214723,-0.5445520927831933,0.6854386715973108
1776353316270,-1.268925710839033,1.2913704746201633,-9.592070260730384,-0.04996398103698042,-0.16349437156472746,0.43676621151254436
1776353316287,-1.2978056222341954,1.3447910991623997,-9.587281857410073,0.15021667058120777,-0.10005037187049216,0.3252203644646563
1776353316303,-1.305736415233463,1.3450902282394468,-9.581894319152832,0.27333467235209574,-0.32335617638849234,0.24869412459104007
1776353316321,-1.3331200967215,1.344042618882656,-9.573215338134766,0.3997648889836168,0.08927462787688635,0.1792246974296635
1776353316337,-1.362748488396406,1.3491304435409606,-9.584737433624268,0.47988647640330423,0.36025181774826986,-0.015440282949048513
1776353316354,-1.3926760091483592,1.3296777011826633,-9.60852981262207,0.8241072532001724,0.5571744424519356,0.16543838747681588
1776353316370,-1.377562611168623,1.2799978706039488,-9.628132923236489,0.2684431896893088,0.580169448231547,0.09100602747063169
1776353316387,-1.3024443879507481,1.297056557432562,-9.63456675567627,-0.13152748542348106,-0.4591967661902778,-0.050168486505684125
1776353316403,-1.2566554273307322,1.3245900226548313,-9.60134779216349,-0.19809336181608816,-0.38336571150812193,-0.23756932057824956
1776353316421,-1.1981469781301914,1.3174072715438903,-9.572767009845375,0.33600539324666506,0.8593755753097679,-0.542111634176236
1776353316437,-1.1879717672049999,1.2746109168685973,-9.570971358600259,0.5217505734561636,1.1700293340697556,-0.8056309511650532
1776353316454,-1.1650772138297558,1.2750598296798765,-9.603592356219886,0.1094833433619558,-0.36483930363213835,-1.15728121287075
1776353316470,-1.1403870092093944,1.2990019924119114,-9.629479077148437,-0.34231414016222966,-1.0167405724659229,-1.2950833743052248
1776353316487,-1.162682866039127,1.3362616096176205,-9.61436626369059,-0.40089026937108213,-0.08462609717731087,-1.2577989724517118
1776353316503,-1.1737560487173497,1.3347653797104955,-9.600300328937172,-0.21082384725321346,0.9220191888910688,-1.1586971964630581
1776353316521,-1.2002419045828283,1.2954105437912047,-9.606584523773193,0.1293315529248955,1.1211841967157614,-0.9459015856542531
1776353316537,-1.2246329801261424,1.2615927376024425,-9.617807928577065,0.26401029019626476,-0.06850877172678485,-0.8557675278807086
1776353316554,-1.220891893901676,1.250818684001267,-9.616610827746987,-0.18135859793676357,-0.5912489755606598,-0.4647841277356127
1776353316570,-1.2199940682791173,1.2645851974166928,-9.656713705554605,-0.22119927812843307,0.02184918818548899,0.0430741077530094
1776353316587,-1.2352571038626134,1.248573973814398,-9.671078330993652,0.07378599999511884,0.5828025928782927,0.5288225940114771
1776353316603,-1.2309176133535802,1.241241877360642,-9.655067691913246,-0.23250486871081733,0.22635241573336967,0.6115251391637831
1776353316620,-1.2125123342216013,1.241241877360642,-9.62154886867106,-0.1778103413433684,-0.13028607186140478,0.9221406381922481
1776353316637,-1.221041677635908,1.275059975810349,-9.588029460906982,-0.2559089121082627,0.06702795469821435,0.5353951569837334
1776353316654,-1.216552549523115,1.292866850657761,-9.574562661090493,-0.02407065385218275,-0.11475406160623712,0.4029146200471976
1776353316670,-1.2295708749197423,1.3199511108078061,-9.581445406341553,0.3293686905292341,-0.2079089839836312,0.15512720306847672
1776353316687,-1.2822431653127073,1.2942134429611265,-9.60224503326416,0.5182060788028972,0.11340835425718594,-0.03705334936049605
1776353316704,-1.2907728009879589,1.2720672237351536,-9.612869887652993,0.06880924668941252,-0.19682452077562607,-0.2138686175191582
1776353316721,-1.2882289617240428,1.312020463939011,-9.620351767840981,-0.4004125830160044,-0.2576105897069479,-0.07382335259214234
1776353316737,-1.2834405584037303,1.368284202952683,-9.57620867473185,-0.1565524447687615,0.37384346730977214,-0.3170102102780365
1776353316754,-1.2981048974417149,1.3646929004624486,-9.575161211505531,0.46134640814898065,0.9892454325186251,-0.12045406791202433
1776353316770,-1.3212987260244786,1.2928667045272886,-9.59610989151001,0.5700347815245704,0.46434304692561795,-0.02499507726766166
1776353316787,-1.2789514302909373,1.2624904170945286,-9.640702481952308,-0.5424835593208843,-0.620465269817948,0.2474811256831281
1776353316804,-1.2436369558036326,1.2738628749802707,-9.654768416705727,-0.8855703646329718,-0.37781479542531143,0.2188784812340832
1776353316821,-1.2035340779960155,1.2686254127182066,-9.617209378162025,-0.06262760532543364,1.606712996342878,-0.29771551284213227
1776353316837,-1.1875228543937206,1.2484243362106382,-9.59476315307617,0.31557096135386786,1.3768543990486175,-0.5820248584474105
1776353316854,-1.1927598782643676,1.2274749255537987,-9.596858079528808,0.409551109321217,-0.25631949719083036,-0.9152462025553548
1776353316870,-1.1984463994681835,1.2101172557786106,-9.638757193103432,0.1216651991900851,-1.7783044237665233,-0.6268131835995344
1776353316887,-1.2095195821464062,1.262191141887009,-9.650577979278564,-0.21561509155384517,-1.1562951043093292,-0.5516026089147918
1776353316904,-1.201289513939619,1.2898740985825656,-9.627534372821449,-0.21130748334338853,-0.15983971343066816,-0.4249472361644984
1776353316921,-1.2202934896171092,1.324141109843552,-9.592668226623534,0.4318340678798547,0.31568024438058806,-0.19106058816807578
1776353316937,-1.2720681005179881,1.3196518356002866,-9.592518589019775,0.608568467665961,0.11317073837926354,0.06913987053392345
1776353316954,-1.2853858472526072,1.3205498073533177,-9.593566636767983,0.14672655063703705,-0.20056260860318,0.5050566839901532
1776353316970,-1.2412427541434765,1.3525722545579075,-9.641600307574867,-0.5981647555387093,-1.0943234105876285,0.844156686539363
1776353316987,-1.2101178403005004,1.414522076383978,-9.606285248565673,-0.17786138099915838,-0.707970878699801,0.9985755776465682
1776353317004,-1.2141582017324863,1.389981363236904,-9.568277297210694,0.10528507153907225,1.086941790363843,0.9867845367050107
1776353317021,-1.230468700542301,1.2764065681137144,-9.571718962097167,0.18367936815068697,1.2098796458953718,0.8688685243998807
1776353317037,-1.2499215890310704,1.2593480274155735,-9.619304304614662,-0.07133038690594058,-0.09133296941629317,0.45738468498696166
1776353317054,-1.2544107171438634,1.2644357059434055,-9.616011692810059,-0.24610625662797214,-0.47619310497047274,0.465307917867588
1776353317070,-1.2704220868766307,1.292866850657761,-9.615114451709388,-0.01221456603095132,0.20064507780132262,0.11366907538441001
1776353317087,-1.2569547025382517,1.2659320819810032,-9.625589083972573,0.04102334345471307,0.5969615750277292,-0.10030495649963382
1776353317104,-1.252465574425459,1.2488733951523898,-9.624092707934976,0.18923108464629085,0.7060310516146645,-0.29331020091003274
1776353317120,-1.25171738640666,1.239745355192572,-9.643844871631265,-0.0651634464569331,-0.14036497647711063,-0.2574741993669592
1776353317137,-1.2222387784659863,1.25530781211406,-9.628281976318359,-0.11151431078382966,-0.9090394815905174,-0.16473506475528968
1776353317154,-1.2184976922415196,1.2529134643234312,-9.614365679168701,-0.04157333376545777,-0.43992552084921904,-0.19357038920336458
1776353317170,-1.22612935616374,1.271767948527634,-9.600898294830321,-0.038725304964121125,0.36948991540497655,-0.2877744126290167
1776353317187,-1.2190963887870312,1.3048378589585423,-9.626037996783852,0.05940396948059918,-0.16299606124000743,-0.305672976709888
1776353317204,-1.21341015984416,1.3027429325059054,-9.64055284434855,-0.03960373132440823,-0.707178363312668,-0.11936694725608159
1776353317221,-1.2300199338614939,1.2913704746201633,-9.609876551055908,-0.05069809297062457,-0.011367195687046612,0.021090236774824217
1776353317237,-1.2446842728994787,1.2942134429611265,-9.58249286956787,-0.08846485025384315,0.24471617972974233,-0.17921191750539617
1776353317254,-1.2427389840506016,1.2867315627731382,-9.594164602661133,-0.035378939157638,-0.11989455268903863,0.09554906376404221
1776353317270,-1.230618484276533,1.2796987415269017,-9.62154886867106,0.10264984581906382,-0.3903270082936872,0.025137604105732788
1776353317287,-1.2436368096731603,1.2883774302840232,-9.62753378829956,0.16547029726684453,-0.4917369079741293,0.29379909304421753
1776353317304,-1.2484252129934728,1.2808958423569798,-9.63950538112223,0.012270381483075016,-0.19748945036349738,0.3595683185835926
1776353317320,-1.2340601491630077,1.2889762729600072,-9.621698506274818,-0.40052690864332274,0.12474086538985357,0.5127361111339219
1776353317337,-1.2292715997122228,1.3067828555464744,-9.612570027923583,-0.15194470844122102,-0.14164230189318236,0.5258433508728821
1776353317354,-1.2360052918814122,1.3075311896957456,-9.599402503314614,-0.0923446911871013,-0.3737657205471103,0.34973780873809307
1776353317370,-1.2566554273307322,1.2820929431870578,-9.569325344958902,0.15019329852764163,-0.02938816956444924,0.06707261773208388
1776353317387,-1.266531509178877,1.2771549022629856,-9.591620763397216,0.012772667191335407,-0.013793727111399423,-0.15891006065160596
1776353317404,-1.2722175919912755,1.2933157634690404,-9.611972062030434,-0.12567857565770227,0.15053342060396713,-0.3993810110079209
1776353317421,-1.2580021657645701,1.3141153903916478,-9.606884383502601,-0.1796877095501963,-0.07514782232174302,-0.5050486798622197
1776353317437,-1.222986966484785,1.3364112472213805,-9.577704466247559,-0.37834597603541215,-0.41946603603598964,-0.8527997039646323
1776353317454,-1.219246026390791,1.3406012462571262,-9.567380056110023,-0.4231188532206242,0.028624095511906953,-0.8158278899873533
1776353317470,-1.2455819523915648,1.3630467406906186,-9.55121861038208,-0.00361941329072496,0.7864713100478155,-1.0098125194917087
1776353317487,-1.2740132432363926,1.34793319658041,-9.598953005981445,0.20295405526675717,0.3752927480742842,-0.9776928078677832
1776353317504,-1.2924188146293163,1.3159108955062926,-9.64698667678833,0.005246439056216044,-0.666228284308974,-0.7672627903893298
1776353317521,-1.287630119048059,1.2997498881697653,-9.65297218093872,0.2129156193669563,0.42623213882168065,-0.050126384792753345
1776353317537,-1.267130059593916,1.26638084866181,-9.64040320674479,-0.04452776410745852,1.4215250101592645,0.3049265384192261
1776353317554,-1.1996433541677891,1.2566544044174253,-9.635763856506347,-0.4652389756456532,0.8951093641391292,0.8466859909663834
1776353317571,-1.186625028771162,1.2606947658494114,-9.622895022583007,-0.11814143522816677,-0.262681444876727,0.722990518045512
1776353317587,-1.190814735545963,1.254708969438076,-9.588777648925781,0.2580487623504601,0.17286541778641137,0.6972641836498358
1776353317604,-1.2413923917472363,1.15789358593598,-9.65267349025309,0.6023582782456856,0.6714833144625053,0.5552469950846697
1776353317621,-1.238698768749088,1.14667091178447,-9.655067107391357,0.23053190453603567,0.24602901679341282,0.3038963537933178
1776353317637,-1.1957527764700353,1.1860256015732884,-9.6849952126652,-0.2120156619025278,-0.7753319652026122,0.24043920064884497
1776353317654,-1.1828840886771679,1.2548588993027805,-9.664643914031982,-0.2688212513320396,-1.0881140215801464,0.12300364946314314
1776353317671,-1.1806395246207713,1.259946723961085,-9.648184362140297,0.29129534846573185,-0.18740435588885623,0.05822592193133065
1776353317687,-1.2018880643546581,1.2454317302659152,-9.602693946075439,0.3189900580028411,-0.040706379988542166,-0.013032587905766127
1776353317703,-1.2059282796561717,1.254858753172308,-9.599851416125894,0.10899872009600224,-1.3124871231972404,-0.07564663957456552
1776353317721,-1.206825959148258,1.331622843901068,-9.597755905151367,-0.5764450207823332,-2.1200883704944307,-0.0681851915148555
1776353317737,-1.2111655957877636,1.3953686092332005,-9.599103228107094,-0.7360014948058574,-1.039618077647469,-0.29997401094073217
1776353317754,-1.1981469781301914,1.40045614163056,-9.61406640396118,-0.29515333812973127,0.20954988357087387,-0.021504743880079363
1776353317771,-1.2063770463369785,1.3850433223128318,-9.587879823303222,-0.6420689447192868,-0.1707654014208969,0.05716195988554249
1776353317787,-1.2298702962577341,1.344042911143601,-9.566931143298744,-0.6675358920090612,-1.065540779981783,0.1242701159456516
1776353317804,-1.2741630269706248,1.298104166789353,-9.566631868091225,-0.5377421807372791,-0.5390723067172861,0.2568384848460456
1776353317821,-1.289426062554121,1.2895748233750461,-9.600000469207764,-0.4094574076635409,-0.19814776320561026,0.25149418198562795
1776353317837,-1.2813454858206212,1.2916696036972104,-9.639205521392821,-0.4375202003638903,-0.23836637163787833,0.710230337293753
1776353317854,-1.278352733745426,1.2788007697738706,-9.644293784442544,-0.4369232258221753,-0.47778032353970734,1.1623370469604402
1776353317870,-1.2859843976676464,1.2728154117539525,-9.626187634387612,-0.237107162231363,-0.24174117877895218,1.5510315866816415
1776353317887,-1.2937655530631542,1.2593478812851011,-9.624541620746255,-0.2409371107671683,0.10031509506168305,1.6858123499037379
1776353317904,-1.2799988935172557,1.2454317302659152,-9.615264089313149,0.10021835183539217,-0.23874846202500236,1.9324291364917419
1776353317920,-1.2680278852164744,1.2434864414170383,-9.609278000640868,0.11310206296159317,-0.253052612374728,2.0064525922822245
1776353317937,-1.276407444896549,1.293914167753607,-9.62753378829956,0.15625445108579328,-0.4090820140634546,2.024340217388253
1776353317954,-1.241841158428043,1.3045384376205502,-9.626336687469482,-0.3333185142210584,-0.2703621260005386,1.8042742970947927
1776353317970,-1.2083223351858556,1.3126187220931052,-9.6273841506958,-0.9340334916411211,-0.6327940814349383,1.163244928511523
1776353317987,-1.1674712693594396,1.295859456602484,-9.553163899230956,-1.0375795863453376,-1.0162931950752871,0.7008731382133943
1776353318004,-1.224932255333662,1.2811951175644993,-9.51231341792643,-0.18002044114839644,-0.10645738279665502,-0.2463009703801704
1776353318021,-1.29630939232707,1.2843375072434544,-9.528174419403076,0.8908912420789703,0.361054044810629,-0.7253086735776437
1776353318037,-1.3608031995475292,1.2928667045272886,-9.598953590503335,0.8161055265049438,-0.9651732845625614,-1.1636174939864061
1776353318054,-1.3157621346853672,1.3459881999924779,-9.625589083972573,-0.6655884876828141,-2.879048105452258,-1.03824360879871
1776353318070,-1.3042401853263377,1.3747184737838805,-9.612121699634194,-0.7310160436811298,-1.3270348925208386,-0.5874189469835751
1776353318087,-1.374569712962955,1.4704866863206028,-9.557653027343749,-0.02137555725523092,1.413428461228449,-0.1266035326817101
1776353318104,-1.46719538969025,1.3865399906113742,-9.56393839122355,0.7256778239579418,1.8825768664002882,0.23872999916990215
1776353318121,-1.4562719907462596,1.3178561843551695,-9.578004325976968,0.11727770978285106,-0.12487213308796476,0.3529002396846619
1776353318137,-1.3648432687185703,1.286881200376898,-9.607632571521401,-0.5687885921661604,-1.298340840930792,0.6403258057379054
1776353318154,-1.2774549081228672,1.3591560168623924,-9.606434886169433,-0.13695892655666925,0.3997273229431817,0.4482180375122757
1776353318171,-1.2183482007682322,1.3434443607285618,-9.60778220912516,0.1425995689136155,2.0985958996105163,0.20030063349591298
1776353318187,-1.1528067841909826,1.274012366453558,-9.598654315295814,0.1432934734446065,1.4704667306569907,-0.3736889342798006
1776353318204,-1.1851285066030919,1.237351299662888,-9.57650794993937,0.19700437353029426,-0.02013395693016954,-0.655060978376856
1776353318221,-1.2189467511832712,1.2433368038132786,-9.577256137958168,-0.144108960678909,-0.917077333583153,-0.952321536587242
1776353318237,-1.2768565038383006,1.276257076640427,-9.629030164337157,0.3461190891384557,-0.33524275993715086,-1.0679562123487347
1776353318254,-1.2701228116691112,1.2798483791306614,-9.644293784442544,0.2546401777895064,0.4457838754859595,-1.0281613958101248
1776353318270,-1.2615934682548045,1.2669795452073216,-9.654469141498208,0.31272458673897086,0.8206767906895335,-0.9862988462219993
1776353318287,-1.2403449285209178,1.2780525817550719,-9.632322776141763,-0.13461152927715336,0.20411513406480644,-0.8722928504124372
1776353318304,-1.2042822660148143,1.3150132160142063,-9.61436626369059,-0.09055939713193632,-0.10797285769917805,-0.50415931452709
1776353318321,-1.2095195821464062,1.3332690036728978,-9.619154082489013,0.13704774569630584,-0.2467463200583964,0.0005174401904813566
1776353318337,-1.2141583478629587,1.3205496612228453,-9.593716274371742,-0.025821636878938986,-0.4964333567196006,0.49573758455875844
1776353318354,-1.2276257322013377,1.3230936466172336,-9.599252865710854,-0.2761149595506876,-0.38915467035567797,0.475832599048343
1776353318370,-1.23256377312541,1.3501780528977512,-9.60269453059733,-0.2444049792356836,0.09377172047595794,0.44675675055586317
1776353318387,-1.2467793454825877,1.3513751537278293,-9.598354455566406,-0.0014545634889482624,0.926240565963254,0.08461627878037899
1776353318404,-1.2391476815603673,1.3220460372604428,-9.577554828643798,-0.17946359396805528,0.5950027514789636,-0.05271283869321966
1776353318421,-1.2265782689750193,1.3198016193345188,-9.57561012431681,-0.010678413797933137,-0.16265551227685882,-0.034814167890642574
1776353318437,-1.2623416562736034,1.3211482116378843,-9.586234394183755,0.052751151785595196,-0.28183150772087096,-0.07952245176343041
1776353318454,-1.3016963460624218,1.3072320606186985,-9.613318215942382,0.17955580152185044,0.19680357664086648,-0.18227893924699634
1776353318470,-1.3227952481925487,1.3060349597886205,-9.629629299274086,0.17222540771684003,0.2526980561876956,-0.1812909096948717
1776353318487,-1.3382079213798046,1.307531335826218,-9.638308280292152,-0.03288986881369726,0.14134761658309333,0.20355479174860094
1776353318504,-1.331623866814375,1.3192029227890074,-9.602544892993569,-0.2661967511434622,0.2632501114859835,0.3015314541540538
1776353318521,-1.3150139466665685,1.31755690914765,-9.57665700302124,-0.20300669574813388,0.5251273015879415,0.20615629340958244
1776353318537,-1.3084298921011388,1.3003487308457493,-9.57710650035441,0.6754341520105346,1.1755820644215644,0.15836919504670557
1776353318554,-1.311722065514326,1.2550085369065402,-9.617956981658935,0.7980074461951141,0.718842778950316,0.15169001709037358
1776353318570,-1.2862836728751659,1.2345081851914523,-9.623793432727455,0.44484915342587267,-0.32335590958422794,0.13799922306420037
1776353318587,-1.206825959148258,1.2641361384749412,-9.65282254333496,0.01770993346590259,-0.44747087885009973,0.030134847978949147
1776353318604,-1.1695663419425486,1.323542559428513,-9.624242345538734,0.08959409930314312,0.6320274460614573,0.06597770639161911
1776353318621,-1.1792927861869333,1.3254877021469176,-9.60882967235148,0.3660616406893062,0.9405072303138239,0.03833246236513961
1776353318637,-1.2026361062429844,1.2916697498276828,-9.594015549579263,0.060772621996393376,-0.510610908445843,-0.23539139736751463
1776353318654,-1.2199942144095897,1.327882049937546,-9.609877135577797,-0.31856034305451203,-1.106902164439559,-0.3891652891654032
1776353318670,-1.20547922071442,1.3341665370345115,-9.606584523773193,-0.2205766103360512,-0.32099303765737375,-0.4383825651074573
1776353318687,-1.1752525708854198,1.3450903743699192,-9.616012277331947,-0.6622162952235319,0.42693639535813244,-0.6371052114616857
1776353318704,-1.171960543602705,1.3486816768601535,-9.592668811145424,-0.34078994076025904,-0.13701322122448556,-0.5265552913721502
1776353318721,-1.1994937165640294,1.3473347922958432,-9.56348889389038,0.02510105192150264,-0.5956333700384262,-0.551431160494454
1776353318737,-1.2840389626882969,1.2961587318100034,-9.57620809020996,0.38234801332179,-0.21586252582869947,-0.3412336362520454
1776353318754,-1.338357412853092,1.236453327909857,-9.657611531177162,0.14728758664433012,-0.4192268726933334,-0.06009040349218546
1776353318770,-1.350029292076826,1.2241831905320286,-9.682152098193765,-0.05311891478371807,-0.586224571013322,0.18682744502782817
1776353318787,-1.3012474332511423,1.2415411525681614,-9.649381462970375,-0.3174376307096912,-0.44505934182540924,0.5076889215023999
1776353318804,-1.2668307843863964,1.2940639514878391,-9.574262801361083,-0.045785426049240005,0.31539289618777155,0.8391098704338111
1776353318821,-1.2571043401420117,1.2985530796006322,-9.56977367324829,0.8118612576268684,1.008220871971684,0.9360680342401387
1776353318837,-1.3283316934011875,1.2120623984970151,-9.654318919372558,1.486843176409154,0.8786582131929188,0.7971444411213123
1776353318853,-1.296907796611637,1.1285646155990658,-9.734674312591553,0.39370763176772616,-0.9712895055208962,0.37750866421227736
1776353318871,-1.184679739922285,1.1233274455979465,-9.749489019885658,-1.6903192075388884,-3.0384423091221415,-0.2801259347799247
1776353318887,-0.9639642743766307,1.2716183109238743,-9.662100659289955,-1.5300622655994676,-1.6313253695736074,-1.2561934511099357
1776353318904,-0.9982312856376171,1.417963887400925,-9.44168446895182,0.28031683323114126,1.0135568505390506,-2.1246931986554887
1776353318921,-1.0850209496878087,1.4258945342697202,-9.412055638885498,1.65303064353885,0.48215596683759965,-2.453271188066588
1776353318937,-1.3236930738151074,1.3597548595383762,-9.509320665851234,1.8443576891258358,-3.7259053313955675,-2.0772603096341005
1776353318954,-1.4842540765188634,1.3386556651473045,-9.618405894470214,0.6361973832714559,-5.30866890974403,-0.8370260224067226
1776353318970,-1.5376747010610996,1.4336758357957005,-9.673322895050049,-0.7269934891468155,-1.908725818750859,1.0349831539653807
1776353318987,-1.5439594804190098,1.4728807418502867,-9.663147537994384,-0.7710561066996255,2.6291201712206784,1.7300823277308812
1776353319004,-1.5026595017813145,1.5240568023361265,-9.543886367797851,-0.6945027595127409,4.5064695950283795,2.0870919400575105
1776353319021,-1.4267932366751133,1.4665959624923766,-9.48133784942627,-0.33602871193937833,1.96286872830155,2.2011629293858936
1776353319037,-1.3941723851859569,1.4145222225144505,-9.495105093494058,-0.04364272100141296,0.6835641581961125,2.305841981718686
1776353319054,-1.3298282155692576,1.3036407581284641,-9.527726091113687,0.07784014415434454,0.9385416299367412,1.7487929906318964
1776353319071,-1.2376513055227696,1.264884618754685,-9.605238369861244,-0.39665715291126097,0.9192111273685473,0.3127235728827659
1776353319087,-1.2005411797903478,1.2580012889817356,-9.623943070331215,-0.16681168238681157,1.535355448762816,-0.6405996002740878
1776353319104,-1.218497838371992,1.209369067759812,-9.639056468310951,0.15011336397001132,2.2887887069084565,-1.658650715287007
1776353319121,-1.2639876699149608,1.1402363486923277,-9.657012980762124,0.67078028522567,1.4935078402134998,-2.191506749446788
1776353319137,-1.280447806328535,1.0890604343369603,-9.69142904510498,0.144674185513154,-0.3949170021376415,-2.405438732978754
1776353319154,-1.1965011106193064,1.045815166850388,-9.698911509814858,-0.46595779969494416,-2.1736953236386873,-2.3624164386139017
1776353319170,-1.1577449712455272,1.081578554148972,-9.680355862426758,-0.3909983945447583,-2.3415015456016763,-2.496594651085156
1776353319187,-1.1566975080192088,1.199642623515427,-9.635614803424478,0.787329459284004,0.09890989036165872,-2.4005367915888005
1776353319204,-1.181237928905338,1.2829904765486717,-9.649081603240965,0.9667423070809602,0.6250634812332475,-2.204781648985531
1776353319221,-1.149963669719547,1.3611014518417417,-9.648632690429688,0.24453598012953034,-2.1695651936249454,-1.2150928945010897
1776353319237,-1.1544529439628124,1.3955181007064879,-9.624242345538734,-0.3522880839802995,-2.5907739951163458,-0.09084821274820737
1776353319254,-1.1522082337759434,1.4662966872848568,-9.572018237304688,-0.5780822918315792,-1.3917665162757535,0.8706806056031968
1776353319270,-1.2165524033926427,1.4929320346236228,-9.547178395080566,0.0029998404278107566,-0.7043899919448632,1.3824103310515996
1776353319287,-1.2728161424063145,1.4652490779280662,-9.53805050125122,-0.09611818394054823,0.1924467163631917,1.75744513276301
1776353319304,-1.342996324700117,1.3923760032884775,-9.579051789203286,-0.13046571117266142,0.7135038655360403,2.069868764291677
1776353319321,-1.3795077538870275,1.327133715788275,-9.598504677692056,-0.2899483604562113,0.7731666351531595,1.7774109496457209
1776353319337,-1.3869896340750156,1.2895746772445738,-9.604340544238687,-0.5323494795832895,0.9528084010090169,1.6133790475293988
1776353319354,-1.3649927601918577,1.246478901231289,-9.60808089981079,-0.8269872985132435,0.8774297396376686,1.0306687155657541
1776353319370,-1.3313245916068552,1.257702013774216,-9.578901567077637,-0.6929780798630941,0.013185306666739382,0.15539747578836824
1776353319387,-1.319952133721113,1.2695233844712377,-9.569474398040771,0.19144940202266406,0.6408242494647577,-0.12973536117914605
1776353319404,-1.383997028130293,1.257702013774216,-9.576806640625,0.6634495178946894,0.9955605827365366,-0.5954335870052033
1776353319421,-1.4252970067679882,1.215653847117722,-9.641899582782386,0.6125024965453296,-0.24443328716814214,-0.9672405907252538
1776353319437,-1.3971651372611522,1.2072739951767026,-9.6787098487854,-0.24363065989938631,-1.3100409549790237,-0.8867428626535396
1776353319454,-1.2746117936514316,1.2303180400252343,-9.683049339294433,-0.9366785891189144,-0.9147328711505461,-1.026891087346208
1776353319470,-1.1611866361320018,1.3028925701096654,-9.621548284149169,-0.5776492151495182,0.704058994574382,-1.2546169580721322
1776353319487,-1.1439781655691563,1.3350648010484873,-9.576807225146888,0.14440903543513997,1.2765305528070603,-1.3261158051906488
1776353319504,-1.1478688893973827,1.3338675540879368,-9.52503261424601,0.5287016249579738,0.1470138988298536,-1.3019916837638696
1776353319521,-1.2413922456167639,1.3787588352158664,-9.55750338973999,0.6386923233092147,-1.915560276789103,-0.7042171561423501
1776353319537,-1.2789511380299925,1.4044963569320736,-9.590573300170897,0.2933830384742286,-1.0722758801119445,-0.1172230415890645
1776353319554,-1.297057580345869,1.436518950267136,-9.638158642688394,-0.2693606495134855,0.5000489280289174,0.4973055398600995
1776353319570,-1.2681773766897617,1.4121280208542941,-9.624092123413085,-0.6275553797023915,1.8870292959654904,0.8952356692779216
1776353319587,-1.257553252953291,1.3666380431808531,-9.606734745898843,-0.7612974739229699,1.9714457383517936,0.9795253262777565
1776353319604,-1.2704219407461583,1.2623407794907688,-9.589676059070229,-0.02401046281012201,1.1341253774805258,1.1424740030803968
1776353319620,-1.2877799027822912,1.1589409030318258,-9.61421604156494,0.3088905027370665,0.5939642425600044,0.7089717682174723
1776353319637,-1.267429188670963,1.1236267208054662,-9.625888359180092,0.03477131912577132,-0.1223402940204321,0.21975962899786777
1776353319654,-1.200990092601627,1.1387401187852024,-9.694272744098305,0.0868092497516291,-0.3956688565548719,-0.33659497731025473
1776353319670,-1.2190962426565586,1.1882701656296848,-9.683798111835122,0.4386319203730157,0.02429519632114692,-0.36405303146479356
1776353319687,-1.2261292100332677,1.2075732703842221,-9.654618779101968,0.10358723592179518,0.044174035013645904,-0.3230106915464514
1776353319703,-1.2276257322013377,1.2795489577926695,-9.573365560260415,-0.234074478198598,-0.5435792710741425,-0.584653147256543
1776353319720,-1.2886777284048496,1.3265351653732358,-9.566033317676187,0.38709350069106796,-0.8697779534156973,-0.5018933992699383
1776353319737,-1.318755032891035,1.3368603061631321,-9.573066285052896,0.7216025489009713,-0.7470206710103506,-0.6350798469293655
1776353319754,-1.327733289116621,1.3391048702195285,-9.629479661670327,0.058591176969367664,-1.2312917553348328,-0.4399007614134778
1776353319771,-1.282841861858219,1.393722595591843,-9.628730889129638,-0.6681816116898918,-0.8629282875343794,-0.05285776676967086
1776353319787,-1.2523159368216992,1.4236501163437962,-9.587431495013833,-0.5562893459850371,0.5148097138772555,0.22722486567813302
1776353319804,-1.3028933007620274,1.4419059040024875,-9.509919216266274,0.33841628994112094,1.6783300911114003,0.07487749624099861
1776353319821,-1.3326713300406932,1.3211483577683567,-9.547777530017495,0.5939399100110861,1.174942587960522,-0.12173200697790429
1776353319837,-1.3341677060782908,1.2562056377366184,-9.593566636767983,0.20663147180457433,-0.7075777159357022,-0.14004635882450012
1776353319854,-1.2762579534232616,1.24243897819072,-9.623643795123696,-0.40271622439614985,-0.8564485190853001,-0.22356545842816647
1776353319870,-1.2831412831962108,1.2960090942062437,-9.590573300170897,-0.05555216967553511,1.464557976694695,-0.28555457446833615
1776353319887,-1.3153133680045603,1.3229438628830015,-9.576806640625,0.6321690657650293,3.0466163380113542,-0.5735524890296857
1776353319904,-1.3236929276846348,1.3007976436570285,-9.587281857410073,1.1585479995183756,1.8221296922456753,-0.6902825030184663
1776353319921,-1.2940646821402013,1.2690743255294858,-9.616909518432617,0.737557924162974,-0.3381943087930955,-0.4751946166911815
1776353319937,-1.280447806328535,1.291520112223923,-9.638158058166503,0.3282382408607441,-0.8952612824873092,0.038275419613399426
1776353319954,-1.260695642632246,1.3622986988022923,-9.613169162860512,0.346557928792629,1.7784968430020471,0.43984086385610793
1776353319970,-1.2090706693351267,1.358707396312058,-9.613767713275552,0.23275790587522516,3.155511111165925,0.5290894516367836
1776353319987,-1.1878221296012401,1.3461378375962376,-9.600299744415283,0.3603835656940571,2.093885630404146,0.4621493289024274
1776353320004,-1.1813877126395702,1.2930164882615207,-9.613169162860512,0.47592485996299105,0.6158307196618299,0.42013790253473676
1776353320021,-1.1981471242606638,1.2192451496079564,-9.59625952911377,0.563418836178914,0.8757793951794642,0.20360041527782252
1776353320037,-1.1926105329215526,1.220741525645554,-9.597307576861978,-0.008506306920163301,1.0941064453597746,0.16490429870023263
1776353320054,-1.1754022084891795,1.2774541774705053,-9.624092707934976,-0.07036991823433399,0.8650306517774211,-0.3373921617720157
1776353320071,-1.2152058110892772,1.240493689341843,-9.660604283252358,0.4518565539883355,0.8666371336145493,-0.6604706482820647
1776353320087,-1.2337608739554882,1.194554944987595,-9.670030867767334,0.34076326033381366,0.5419544864644729,-0.6073086712900638
1776353320104,-1.2418413045585155,1.139039393992722,-9.678560795703529,-0.0663453626680362,-0.8560225927575263,-0.6684925987405389
1776353320121,-1.2421404336355626,1.0791840602278708,-9.759364517211914,-0.10333265129265354,-1.2131545081589814,-0.6950886083166281
1776353320137,-1.2051799455069006,1.064070808378607,-9.76130980606079,-0.4830496010409606,-1.363241298424253,-1.0725988199936392
1776353320154,-1.0737982755362987,1.1131520885422825,-9.724948452869057,-1.1090744847607403,-2.4615632511623953,-1.4206059228290746
1776353320171,-0.9115909669302403,1.3608023227646946,-9.526678627887367,-1.1517408622368117,-2.3192370498981387,-1.9286283496620413
1776353320187,-0.8894447477042674,1.495326528544724,-9.438990407562255,0.22621837327090819,-1.680297185592364,-1.5872471706517532
1776353320204,-1.1082147782705725,1.6250621848739684,-9.41011035003662,2.072956650126758,-0.446069302688072,-0.6154302998217379
1776353320221,-1.3946211518667637,1.4670450214341282,-9.548824993243812,1.5886275091943305,-1.1005951250712869,0.6864190705474721
1776353320237,-1.474527778404951,1.399408824534714,-9.6329213265568,-0.24646081281500457,-2.5997123648623655,2.2517914931652014
1776353320254,-1.5147801476858556,1.3940217246688902,-9.68469593745768,-1.592299376203447,-0.2958982022752329,3.784189896904225
1776353320271,-1.4959259557425975,1.3893831050828098,-9.65297276546061,-0.8499752072994206,4.071557299627818,3.9679019218968814
1776353320287,-1.428289612712711,1.3147137946762144,-9.662699209704995,-0.4089455970430395,5.280988287472084,3.5224218297464285
1776353320304,-1.2388485524833202,1.0764907294906676,-9.672574707031249,-1.0216956612653556,0.24384047477295265,2.3777568300463385
1776353320321,-1.002121863335371,1.0748448619797826,-9.556456511035561,-1.1913429393747803,-3.197916554071361,1.2552744705014518
1776353320337,-0.9484019635856151,1.1439774349167942,-9.522339137378335,-0.4002246194116968,-3.5292129587721255,-0.29327511614925705
1776353320354,-1.0968424665153025,1.2268765212692319,-9.537003622546791,1.7493260655522749,-0.7270040545956878,-1.613072756233806
1776353320370,-1.3347661103628574,1.1719596668198704,-9.646837623706459,1.7995631741147764,-0.18769517253711068,-2.063500680107698
1776353320387,-1.4226035299003124,1.1800400974228977,-9.737667649188637,-0.3167415917445846,-3.746573056937203,-1.3604673878475817
1776353320404,-1.4064425225637853,1.262789692302048,-9.71701765986979,-1.685875208988443,-4.051728833580448,-0.5386671911221398
1776353320420,-1.3675368917167186,1.4655486453965305,-9.566931143298744,-1.2795183336821176,-1.0726485523085334,0.05311437911122236
1776353320437,-1.3530220441520213,1.5222612972214817,-9.49315980464518,0.5139914251981762,2.2685382632364264,0.5848107752159823
1776353320454,-1.3397041512869297,1.4748260306991636,-9.50647696685791,0.6078342223301846,1.2076961197950833,1.071066509742029
1776353320470,-1.2807470815360544,1.3753171703293918,-9.583241057586669,-0.33900758155200306,-1.1795930930116543,1.3167408369462774
1776353320487,-1.1954536473929882,1.419310625834763,-9.609577275848388,-0.7086265768601223,-1.0807794656286105,1.8753994047996627
1776353320504,-1.1848293775260448,1.4281390983261166,-9.593416999164223,-0.08276134881219162,1.4927267440488854,1.9699657217360165
1776353320521,-1.217899287956953,1.3081297401107848,-9.618406478992103,0.6780724192991578,2.998006095131785,2.0056254990624183
1776353320537,-1.2229868203543126,1.1341013530686497,-9.638606970977783,0.08077216293813118,1.263289057162227,1.9575789602327867
1776353320553,-1.2283739202201365,1.1019292682603001,-9.648932550159095,-0.2089581650731686,-0.8899707673666053,1.8215015282854459
1776353320571,-1.2478266625784338,1.1147979560531676,-9.690082306671142,-0.39904302336571107,-1.0829625648420758,1.6771189064724867
1776353320587,-1.2093697984121738,1.1183892585434019,-9.688286655426024,-0.472273270077973,-0.35931562826472857,1.0487887805469749
1776353320604,-1.1698656171500683,1.1192870841659606,-9.670031452289223,-0.7755756642177641,-1.42350875322633,0.48409109816768175
1776353320621,-1.1394891835868357,1.14667091178447,-9.626337271991371,-0.975328495197901,-2.3807687300269027,-0.02709359952929519
1776353320637,-1.2024864686392247,1.23450803906098,-9.553763034167885,-0.34527436015676904,-2.0749832953195475,-0.7726835059910868
1776353320653,-1.2690752023123204,1.2960090942062437,-9.547627307891846,0.06730596474177503,-2.0733668883637817,-1.1079418472972817
1776353320671,-1.3582592141531407,1.3822002078413962,-9.528174419403076,-0.19214538762691777,-2.89995979681331,-1.5131086688624382
1776353320687,-1.3859423169791698,1.4966732669785618,-9.49301016704142,-1.4062202637765584,-2.781200309506536,-1.8174070433214347
1776353320704,-1.427242295616865,1.567302215953171,-9.488670092010498,-0.7064392087784257,-0.7223329522553396,-1.4048168733455322
1776353320721,-1.5887009778127072,1.6039632827438413,-9.529970070648194,0.4221770875279558,2.0236691513022995,-0.9364482836778381
1776353320737,-1.6334429135978221,1.4356211246445774,-9.546730066791175,0.39345523493355306,3.0195297287537874,-0.6492934172313091
1776353320754,-1.568350555962324,1.3726236934617162,-9.533711595264077,-1.3944620931203813,0.9744776030377055,-0.28022510592502214
1776353320771,-1.4103331002615391,1.4318798922896385,-9.478644372558593,-1.6818713307526405,0.5519943309358627,-0.15788387808966442
1776353320787,-1.4027017286002634,1.576130688444525,-9.415198613086343,0.2505367815630626,4.998202661021101,-0.15805940861524848
1776353320804,-1.4303846852958202,1.5637109134629368,-9.434950776782632,1.8524900965497937,7.489474033421878,-0.37179683847757483
1776353320821,-1.451483587425947,1.4079380218185484,-9.575909399524331,1.9332854714589323,6.3070248541201,-0.7410442554865895
1776353320837,-1.3346164727590977,1.1701640155747532,-9.712528531756996,0.5526092614045753,1.7988767401031902,-0.9177562970753346
1776353320854,-1.2475275335013867,1.0939984752610326,-9.71028338317871,0.04812487256167516,1.1126004631980537,-0.8338978491277097
1776353320871,-1.1185397729299962,1.104921874205023,-9.65297218093872,-0.33103997912219807,3.4837616783836873,-1.4011395635294208
1776353320887,-1.0809808074515312,1.1677696677841245,-9.593416414642334,0.30018942870385207,6.016048550193802,-2.564973382413446
1776353320904,-1.088761962847039,1.240493689341843,-9.584438158416747,1.7644605908142594,4.392043862749979,-3.532773408320406
1776353320921,-1.1739058324515819,1.2782022193588316,-9.683798111835122,2.356272683455475,1.4423368100037048,-3.4593326530434902
1776353320937,-1.2153553756278008,1.159988658519089,-9.806800222125649,1.800520467815636,-0.8188418176803273,-2.3067828402768553
1776353320954,-1.1581938109915704,1.1174915790513158,-9.803357972717285,0.29436124962942134,-0.8953319322565364,-1.6531003328127254
1776353320971,-1.0143920737784355,1.1694158275559543,-9.691878542438149,-0.4330751612768136,0.30128647447843243,-1.6915110755490557
1776353320987,-0.976982599773258,1.317257487809658,-9.645639938354492,1.1649709386591265,3.6188105265307065,-1.6225560470095457
1776353321004,-0.9967348365347832,1.3186043723739682,-9.647436174121498,2.0458079288364264,3.1583710394374567,-1.0286151765031075
1776353321020,-0.9774315856497734,1.2167011642135679,-9.680954997363687,1.2601938075294477,-0.9877164306398942,-0.29071547607736836
1776353321037,-0.9311934930227697,1.2366029655136168,-9.653870006561279,-0.9393089590013098,-5.044493841234039,0.6537653768686692
1776353321054,-0.9394236342947929,1.3147139408066868,-9.626486909595132,-0.8346118173393875,-2.6998213803101847,0.6354053481319989
1776353321071,-0.9858113645255565,1.3817515872910617,-9.62050140544474,0.2608880933327756,2.502368508811344,0.28622302587249826
1776353321087,-1.030253732842207,1.2786511321701108,-9.639953709411621,0.4266730595491167,1.7070928714799702,0.3216121035921855
1776353321104,-1.0580863271415233,1.2318147083237767,-9.65955682002604,-0.5088613661621149,-2.0761943732367554,0.5598971799706848
1776353321120,-1.1578945357840507,1.1722590881578623,-9.675119130817055,-1.1592244016896185,-4.360992115235809,1.0134379625588101
1776353321137,-1.2155050862967967,1.1846788631394505,-9.702502812305092,-0.9272602918619958,-3.144973409937065,1.0553080893880462
1776353321153,-1.216552549523115,1.2047301559127868,-9.712079618945717,-0.3936987205052934,-1.4125483273208694,1.3415970692747174
1776353321171,-1.2020375558279455,1.2318145621933043,-9.663147537994384,-1.1598455220172665,-2.430790474187137,1.805391886797736
1776353321187,-1.2386989148795604,1.3220461833909154,-9.587431495013833,-1.2791122575916194,-3.47387860809809,2.023306510946054
1776353321204,-1.2930173650443553,1.3507766033127904,-9.548824993243812,-0.813767840900654,-2.216134917489973,1.988916935361863
1776353321221,-1.3591570397756993,1.377411950651556,-9.520692539215087,-0.23195725295802627,-0.6030572520577011,1.858752099358226
1776353321237,-1.3617008790396152,1.3561634109176695,-9.592518589019775,-0.4981926106785549,-1.7913812478193358,1.9607417647053258
1776353321254,-1.3388063256643712,1.343893273539841,-9.606585108295082,-1.015423093008051,-2.6951348033224978,1.7241617276592438
1776353321271,-1.3204010465323923,1.310673725505173,-9.613767713275552,-1.3655108422194013,-1.2785720323169536,1.2004230355460777
1776353321287,-1.3088789510428904,1.2814943927720188,-9.590723522296548,-1.1226726443462953,0.20137569459910243,0.49362438806257997
1776353321304,-1.2867324395559727,1.269972297282517,-9.57022258605957,-0.9247231967504533,0.24123907983367693,-0.3870937674953324
1776353321321,-1.2575531068228185,1.3144146655991673,-9.505879000964761,-0.4760891580290416,-1.8766392975774315,-1.1018766393143105
1776353321337,-1.3078313416860996,1.3628969569563865,-9.509918631744384,0.327896464597979,-2.859030528542243,-1.4945768715403127
1776353321354,-1.4033001328848302,1.3572110202744603,-9.523386016082764,1.3400635850843436,-1.6291260486608632,-1.4203353833049186
1776353321371,-1.5503940435111523,1.3269842243149876,-9.573963526153564,1.275934405358565,0.5143516109551886,-0.5831921804652479
1776353321387,-1.568051134624332,1.353470080180466,-9.636213353839516,0.8457961987444306,0.2846510151463375,0.07704794893232884
1776353321404,-1.5150795690238474,1.4000073749497532,-9.640702481952308,0.12748409347611284,-0.6236696423948889,0.6983630436934145
1776353321420,-1.3377588624380528,1.4621068343795836,-9.594015549579263,-0.20316973983414147,0.7787783292474125,1.2632243838085233
1776353321437,-1.2276255860708654,1.431880038420111,-9.55720411453247,0.28360087356144803,2.274536449988167,1.372660449454818
1776353321454,-1.185278290337324,1.411080557627976,-9.53191535949707,0.44284379921338635,2.9232648291482164,1.323168151676965
1776353321471,-1.1435293988883495,1.3738207942917942,-9.546281153979898,0.7230286710553289,1.3951047712325972,0.8308701009738371
1776353321487,-1.1525075089834629,1.3049872043013573,-9.677213472747802,1.033520532987646,0.7351408376095828,0.7387530471851675
1776353321504,-1.1203355703055857,1.2059272567428647,-9.725846278491616,0.5230694936570636,0.6881332345857337,0.7139270170994637
1776353321521,-1.0066108453176914,1.0154384410262107,-9.753977563476562,-1.2682653835811102,-0.13307465667262117,0.06596249854854525
1776353321537,-0.9850630303762853,1.0510523368515075,-9.69846201248169,-1.6460881831343552,-0.44916044353517875,-0.1505597008240158
1776353321554,-1.0105014230154454,1.1185387500166892,-9.630077627563477,-0.6570741232738643,0.6020920075897608,-0.4520466253463323
1776353321571,-1.0835247197806834,1.2011389995530246,-9.592219313812254,0.116359209422043,-0.8104114432538274,-0.8945172187546009
1776353321587,-1.187672345867008,1.2137084121383725,-9.644742697253823,0.026491582386982033,-3.474558425363918,-0.8551075608521562
1776353321604,-1.2445347814261913,1.1991935645736753,-9.65327204066813,-0.4963965910919589,-4.451548043912307,-0.701741479372485
1776353321621,-1.3703798600576818,1.2653335315659642,-9.593416999164223,-0.7402930947604468,-1.9649606871782779,0.004709949041252699
1776353321637,-1.4609107564628123,1.4001568664230406,-9.571120996204018,-0.5405250025763833,0.06453445540348368,0.3516948180178604
1776353321654,-1.4761737920463085,1.4625558933213352,-9.562741290393472,-0.1825757056303481,0.6075878019115352,0.5210406073084525
1776353321671,-1.5108897161185741,1.51702398108989,-9.54448550273478,-0.04018392387788908,-0.06388126520324831,1.0537325568455946
1776353321687,-1.468242999047041,1.5116370273545383,-9.48732393809855,-0.2564950543968409,-0.4186272567894003,1.0871646252855145
1776353321704,-1.4480419225394725,1.520764921183884,-9.486724803161621,-0.20404237654188995,0.5295944053876885,1.2808826639688278
1776353321721,-1.3976140500724314,1.4854504466965794,-9.503634436908364,0.383448687634367,3.1177062275533163,0.9234492597485402
1776353321737,-1.3892341981314122,1.3804048488572238,-9.561244914355873,0.5990706627382351,3.339416302446046,0.4230982559314084
1776353321754,-1.3982126004874706,1.349729140086472,-9.58847895824015,0.6114982452939262,2.4207661043630857,0.11352035868740357
1776353321770,-1.348084003227949,1.290323011393845,-9.575459902191161,0.42717134319341027,2.1791823134197346,-0.5019314989189022
1776353321787,-1.2590496289908886,1.2647348350204526,-9.580996493530273,0.4715409990937536,2.2558499061926587,-0.9791462507788208
1776353321804,-1.2277753698050975,1.2294205066636203,-9.593865911975502,0.6647501353230479,2.3644870531494733,-1.7339680650383837
1776353321821,-1.193508358544111,1.1821350238755344,-9.616610243225097,0.9295678285844022,1.699223853225881,-2.312245710952396
1776353321837,-1.1824351758658884,1.209219430156052,-9.629479661670327,1.0185417146943965,1.0052234861431062,-2.39601627357531
1776353321854,-1.1574456960380077,1.2177487735703587,-9.61496481410563,0.871178088834697,1.3973442195067152,-2.813412975736197
1776353321870,-1.1435293988883495,1.2261284793809055,-9.648932550159095,0.6535049225457096,1.2037183883771971,-2.8157894546805387
1776353321888,-1.151460191887617,1.2388475295700132,-9.71701765986979,0.6148908215990126,0.3442319292151223,-2.4254050834699936
1776353321904,-1.1876724919974804,1.2428878910019994,-9.717765847888588,0.408249264593242,-0.35600933645876637,-1.9029325376742188
1776353321921,-1.170015254753828,1.2364534740403295,-9.689933253589272,0.3904891719256221,-0.606355433014024,-1.5662319592360934
1776353321937,-1.1279670880973338,1.3039400333359836,-9.613168578338623,-0.2601303158608744,-0.061357243500664155,-1.1529781936936419
1776353321954,-1.1397883126638828,1.3863903530076145,-9.603143443408609,0.3286003476084606,0.1652882300367814,-0.7065022279456896
1776353321971,-1.1468214261710643,1.3563130485214292,-9.596409166717528,0.8285628844165479,-0.06790179202515285,-0.3822148246329748
1776353321987,-1.132306578606367,1.2684757751144469,-9.609577860370278,0.4397024458037094,-0.20804070524899193,-0.19942591571490179
1776353322004,-1.0990868844412267,1.2752096134141087,-9.623045244708656,-0.05891267610803428,-0.5969712867029553,-0.16254553555905102
1776353322021,-1.0788859540641307,1.314863724540919,-9.629778936877846,-0.038356634831499106,0.2540821833508281,-0.022942818865484393
1776353322037,-1.1423320057973265,1.3292284961104393,-9.63980407180786,0.7045022098184924,0.7880940135842224,0.24523036490819733
1776353322054,-1.2077237847708164,1.2422891944564878,-9.642947046008706,0.436099841181645,0.1596168251481436,0.5011393570577394
1776353322071,-1.2189467511832712,1.2033834174789488,-9.65267349025309,-0.08577052738925825,-0.279816708637423,0.8395867563760956
1776353322087,-1.1942564004324376,1.2337598510421812,-9.660454061126709,-0.2747932112245844,-0.8279063324825804,0.8955027937074925
1776353322104,-1.1638801129996776,1.2849360576584934,-9.661501524353026,-0.4704574536149545,-1.1574113066300975,1.0902010712584083
1776353322120,-1.1748036580741406,1.287779172129929,-9.646987261310219,-0.16255084496391364,-0.2658841632672283,1.2356363959771957
1776353322137,-1.2413922456167639,1.2744612792648373,-9.584438158416747,-0.24624528833017892,0.11941550563221215,1.3626049168926784
1776353322154,-1.3331200967215,1.2734139621689915,-9.589975334277748,-0.09654541760921781,-0.49296282020844073,1.6206347361403621
1776353322170,-1.3811539136588573,1.256504912944138,-9.616460605621338,-0.07869453145040438,-0.5907528263504819,1.3333839802411886
1776353322187,-1.3603541406057775,1.2131097155928612,-9.63980407180786,-0.33925360176425573,-0.4692775917966877,0.9114631315288141
1776353322204,-1.2684766518972814,1.2306176074936985,-9.632621466827391,-0.762770126741048,-0.6959245060771613,0.151602398569927
1776353322221,-1.2378010892570017,1.2497712207749485,-9.615114451709388,-0.5817596550085435,-0.4747438242059607,-0.3802959683630243
1776353322237,-1.2137094350516795,1.2921186626389622,-9.557653027343749,0.01037292291513374,-0.23739338984626884,-1.0196545019205796
1776353322254,-1.2276255860708654,1.3244403850510715,-9.540295649829506,0.4712786237800899,-1.2763691895879188,-1.5190899935846653
1776353322271,-1.26443658272624,1.3376084941819308,-9.560496726337075,0.5002761385405261,-1.8410356558682708,-1.548135159586733
1776353322287,-1.3064847493827343,1.3449407367661594,-9.593865327453612,0.0916686625418287,-1.5810989331816838,-1.2229515607497183
1776353322304,-1.3171087269887327,1.373671010557562,-9.62169792175293,-0.266338184084049,-0.4629130294289994,-0.6117642491455865
1776353322321,-1.3099264142692089,1.3851932521775363,-9.629030164337157,-0.19413361300562618,0.9020619097448205,-0.23146942804089926
1776353322337,-1.2882289617240428,1.3588568877853453,-9.591022797504067,0.09849943868122325,1.3980945798200646,0.16068142752416645
1776353322354,-1.2355565252006053,1.323542559428513,-9.560047813525795,0.07062826480360443,0.6265715122967923,0.674456367742165
1776353322371,-1.2252315305411814,1.31276865195781,-9.573664835467934,-0.31407349573919546,0.1656723214558888,0.7015521017055758
1776353322387,-1.1849790151298045,1.2921186626389622,-9.600299744415283,-0.29885828886764004,0.40641130337627385,0.713110435967677
1776353322404,-1.1679200360402464,1.2916696036972104,-9.638906246185302,0.008449050725011554,0.4507731685920951,0.3079516185304542
1776353322421,-1.180339957152307,1.2669795452073216,-9.626187049865722,0.18184668965815504,0.7911449203482496,-0.03548560750256656
1776353322436,-1.2177495042227209,1.2110150814011693,-9.599701778522133,0.049171545691126715,0.5440288896205998,-0.511178347755483
1776353322454,-1.2511186898611486,1.2211904384568333,-9.635165890613198,0.06966157959263607,-0.12098930394694474,-0.6740352972520043
1776353322470,-1.2536625291250645,1.230018910948187,-9.633818567657471,-0.11068364238687975,-0.5623070094480828,-0.5994465899468503
1776353322487,-1.2231364579580724,1.268924687925726,-9.648183777618408,-0.4975975304471175,-0.983779253470205,-0.41267133183314925
1776353322504,-1.2090705232046544,1.3230935004867612,-9.605237785339355,-0.2711476244355165,-0.8915250089287535,-0.2436878894141116
1776353322520,-1.2315163098990916,1.347783851237595,-9.576807225146888,0.14912565458300403,-0.6321732812724077,-0.09722264687368044
1776353322537,-1.308280254497379,1.3193527065232395,-9.599402503314614,1.154490867151388,0.49566458691200393,0.3745410003787597
1776353322554,-1.37307348305583,1.2301686946824193,-9.601946342578529,0.6922412198455261,0.7728099712124379,0.4987627713916923
1776353322571,-1.3353646607778966,1.2487236114181577,-9.62708546001017,-0.258333255737647,-0.177750710590263,1.1028960450479348
1776353322587,-1.285685122460127,1.3150132160142063,-9.687688689532875,-0.3242823873925431,0.01460358477572195,1.3883615602527963
1776353322604,-1.2494726762197912,1.250818684001267,-9.66614087459147,0.1767394690671309,1.2929868263951483,1.5590198130810888
1776353322621,-1.214008710259199,1.2002411739304661,-9.645639938354492,0.17086705384565376,1.0363349978125145,1.372610610418218
1776353322637,-1.1590917096793651,1.188569294706732,-9.593416999164223,-0.21475430095543846,-0.2628537470707112,0.7865930261532592
1776353322654,-1.1276678128898143,1.2683262836411595,-9.568577156940101,-0.26251429200504683,-0.6870786106892014,0.14316044483834992
1776353322670,-1.1275181752860546,1.3111226383164525,-9.58174526607096,0.22273897885816848,-0.8232854960656553,-0.23226290392338433
1776353322687,-1.1655259805105627,1.3198014732040464,-9.609726913452148,0.4345554180164288,-1.0725467398012178,-0.42490526785369986
1776353322704,-1.2217898656547068,1.3003487308457493,-9.58952642146647,-0.11041344970826757,-0.8483237956241584,-0.3764281336216666
1776353322721,-1.2476770249746738,1.3308745097517967,-9.577704466247559,-0.7355178853961087,-0.48230148188343264,-0.2407163035579065
1776353322737,-1.2816447610281407,1.4043468654587865,-9.58279272929728,-0.4132398917206999,0.5822964118277714,-0.23253371025180478
1776353322754,-1.3379085000418125,1.3991092570662498,-9.602544308471678,-0.013581671082011684,0.49970064174209966,-0.08382154891785097
1776353322770,-1.337310095757246,1.351524791331589,-9.604490181842445,-0.29997721259190563,-0.34014910359746786,0.07510636093904693
1776353322787,-1.3055867776297032,1.2457308593429623,-9.618405894470214,-0.6098230346782748,-0.17325519213635168,0.3847337770545343
1776353322804,-1.237052901238203,1.2398949927963316,-9.616311552539468,-0.6004240540501026,0.9248912834370592,0.2760340911781317
1776353322821,-1.2249321092031895,1.260694619718939,-9.621698506274818,0.0255736156347029,1.0922196056015587,0.06530258488084566
1776353322837,-1.2095195821464062,1.2713190357163549,-9.602993221282958,0.19109225783426642,0.26677182105506553,0.1825625254996841
1776353322854,-1.2264284852407872,1.2795489577926695,-9.57007294845581,0.16969941166269892,-0.6062902794126444,0.0681368999429894
1776353322870,-1.240793841332197,1.2982538043931127,-9.58264309169352,0.054484472370044605,-0.4892884986000912,0.08291887004992503
1776353322887,-1.276257807292789,1.3175570552781224,-9.604190322113036,0.22565258814770783,0.7078051398907225,0.19673410081040274
1776353322904,-1.2746117936514316,1.290023590055853,-9.629628714752197,0.08648668339590466,0.7666275294356656,0.15387983977130312
1776353322921,-1.2506699231803415,1.2879286636032163,-9.626486325073241,-0.009259762162980334,0.29726151870573797,0.061014880268517264
1776353322937,-1.2508195607841015,1.278202365489304,-9.601048516955972,0.3378706752203133,0.451980351167042,0.12752027213437275
1776353322954,-1.2481260839164257,1.278202365489304,-9.599551556396484,0.4055281812609324,0.8198698145112671,0.06524917066710205
1776353322970,-1.2524654282949863,1.2853849704697728,-9.606734745898843,0.41396906777545167,0.21907810418474744,-0.05658075347585672
1776353322987,-1.2593486119374633,1.3009469889998435,-9.636960957336425,-0.14337471534313262,-0.4546569315480407,0.02470991686981363
1776353323004,-1.2403449285209178,1.3036407581284641,-9.61466553889811,-0.1734509464251813,0.02450367717339098,0.05763121522586353
1776353323021,-1.2466294156178832,1.3248891517318784,-9.594912790679931,0.014981059449070936,0.5362882042177126,-0.24003720666359268
1776353323037,-1.2671297673329711,1.3434442145980894,-9.584737433624268,0.3879199002197866,0.9069804997208759,-0.434617316605782
1776353323054,-1.2538120205983518,1.2660815734542905,-9.610924014282226,0.12736082990593525,0.5515269965862457,-0.26353577881193396
1776353323070,-1.217001316203922,1.251566579759121,-9.617956981658935,-0.5132826863500816,-0.5941089038321911,-0.5277799229459923
1776353323087,-1.1830337262809276,1.2994509052231906,-9.607482933917641,-0.44585495214200993,-0.7566979818472009,-0.7889225475470566
1776353323103,-1.1727085854910313,1.3091773494675756,-9.600749241748451,0.06922124583458181,0.646193098317505,-0.955552642951481
1776353323121,-1.196500964488834,1.283439389359951,-9.611522564697266,0.3299476557830985,0.6836554052545557,-1.055951301108791
1776353323137,-1.231965222710371,1.2294205066636203,-9.649830375781654,0.08666496200541257,-0.262429474929377,-0.8227286755657405
1776353323154,-1.2545605008780956,1.215653847117722,-9.65925754481852,0.13346365729019455,-1.0012905778416483,-0.6202750383773926
1776353323171,-1.2467791993521153,1.224482465739548,-9.664494276428222,0.0695060860673125,-1.0100810313034547,-0.4007771176825274
1776353323187,-1.2149065358817577,1.2557567249253392,-9.622446694293618,-0.1892301775117917,0.3503825679235717,-0.1594364921457994
1776353323204,-1.1806395246207713,1.310823363108933,-9.60179670497477,-0.26862453654785795,0.8354669250069614,-0.2218563903513559
1776353323221,-1.190365968865156,1.3310244396165012,-9.598055764880776,0.2653015161145145,0.05943582590977494,0.13873170749183134
1776353323237,-1.2352571038626134,1.3250390815965831,-9.610625323596595,0.27698684920649563,-0.39549754153666616,0.37877150215678923
1776353323254,-1.2406442037284373,1.287479750791937,-9.600449382019042,0.34896252890644375,-0.3176624666633463,0.5426661601594764
1776353323271,-1.2389980439566075,1.2822424346603452,-9.61406698848307,-0.3693403449343239,-0.1895083743183375,0.5406748932121532
1776353323287,-1.2226876912772655,1.3223453124679625,-9.612570612445474,-0.5572321255339104,0.43813550435857324,0.23609413311965904
1776353323304,-1.2083223351858556,1.3428458103135228,-9.609128947558998,-0.24843716540394478,0.7036461950164193,0.047949528799076234
1776353323321,-1.2391478276908396,1.2864322875656187,-9.593716274371742,0.026254820282705888,-0.1274177926163961,-0.20745979232399706
1776353323337,-1.2370527551077306,1.2636873717941344,-9.58892728652954,-0.19095277256481008,-0.501085302513761,-0.5031140287798135
1776353323354,-1.243187896861881,1.2638370093978941,-9.596858079528808,-0.1962933668459518,-0.35995678559263705,-0.5238964801551641
1776353323371,-1.2404942738637328,1.3265351653732358,-9.615862055206298,-0.2824374468858716,-0.18796984752736567,-0.5181210216033894
1776353323387,-1.2367536260306835,1.3250389354661107,-9.62080068065226,0.0864738767912109,-0.015406345446610011,-0.37408951420245123
1776353323403,-1.2612940469168126,1.2683262836411595,-9.618107203784584,0.29482724995771603,0.36372656976680806,-0.31486627793059296
1776353323421,-1.2617429597280918,1.2464790473617613,-9.615713002124428,-0.17982692801538822,0.23320949877323935,0.07504520940163416
1776353323437,-1.2556078179739414,1.256205491606146,-9.639804656329751,-0.1363196902194648,-0.14454147707201476,0.31130476116525446
1776353323454,-1.2268775441825388,1.2934654010728002,-9.622745969501137,-0.3339820564267546,-0.02305098131429389,0.5525005119863841
1776353323470,-1.208921031731367,1.326086398692429,-9.617807928577065,-0.094390146080535,0.46541037070513824,0.7876421538819437
1776353323487,-1.2104174077689647,1.3054364093735813,-9.622446694293618,0.24333424036157833,0.5740253729080033,0.7406565355294855
1776353323504,-1.2367536260306835,1.2228363059677183,-9.626486909595132,0.5857295423810548,0.5830645413051333,0.6243922017038822
1776353323521,-1.234509061974287,1.1375430179551242,-9.65925754481852,0.428082693199931,-0.4897298995752033,0.4247690375962699
1776353323537,-1.220891893901676,1.1218310695603488,-9.67871043330729,0.1738197232795091,-1.0791772526597136,0.26294205928224534
1776353323554,-1.208023059978336,1.1656748874619602,-9.666739425006508,0.195746604866807,-0.9067682302480765,0.06662246557709774
1776353323570,-1.162682866039127,1.235406010814011,-9.641899582782386,-0.17603294469443123,-1.0455249106190607,-0.36802041087721893
1776353323587,-1.1394890374563633,1.2790998988509177,-9.613467853546142,-0.14311231334904248,-1.51575152518441,-0.49062086573591973
1776353323604,-1.1783948144339025,1.378758689085394,-9.544933831024169,0.20421769362406242,-1.7062122039638619,-0.46406295580879453
1776353323620,-1.318455611553043,1.4248472171738742,-9.517251458850502,0.7907202213200922,-0.7854836006608081,-0.07508979239422436
1776353323637,-1.348682553642988,1.4255954051926731,-9.534459198760986,0.04778298957720428,-0.7420581116915133,0.022482528148449
1776353323654,-1.3569126218497751,1.495326528544724,-9.58937678386271,-0.5499495430530901,-1.3181384644051912,0.3233248268874191
1776353323670,-1.3316237206839023,1.5170238349594174,-9.546130931854247,-0.7699392640486227,-0.1897959893154185,0.5845095532014142
1776353323687,-1.302145258873701,1.4911366756394504,-9.527875144195557,-0.5020279219800757,1.9883254836684223,0.5215212818712921
1776353323704,-1.2753599816702306,1.3591561629928648,-9.558999765777587,0.05405347676124622,2.6528937118439657,0.5342738853819406
1776353323721,-1.2529144872367382,1.2505194087937475,-9.585785481372476,0.06604814271743487,1.2251184382639049,0.2797724458099501
1776353323737,-1.2448340566337108,1.231665070720017,-9.612270752716064,-0.23862413123776696,-0.49073244327931426,0.2683588795417415
1776353323754,-1.2545605008780956,1.209219430156052,-9.670030867767334,-0.2804484744552227,-0.5467474649928236,0.08682504456408474
1776353323770,-1.2309177594840526,1.1360464957870542,-9.69157926723063,-0.2762535110052184,1.3289038030324833,-0.19160201406193153
1776353323787,-1.2262789937674998,1.1080644100144506,-9.676016371917724,-0.2584411780626185,1.388506808494365,-0.5412609554594521
1776353323804,-1.1921616201102734,1.1056700622238218,-9.649231240844726,0.014684159663586945,-0.0191521705978331,-0.9473965433088396
1776353323821,-1.179292640056461,1.1589410491622985,-9.642198273468017,0.0476476664542734,-1.3046638885549313,-1.0424817411787026
1776353323837,-1.1767489469230175,1.19620081249848,-9.64683703918457,0.30015506431459044,-1.6341123001983842,-0.9711773410081199
1776353323854,-1.1828840886771679,1.2566544044174253,-9.642647186279296,0.3266290909809714,-1.758135728921122,-0.8499615469210805
1776353323870,-1.206825959148258,1.34314493939057,-9.600599019622802,-0.09628507000796396,-1.9757137528094053,-0.6618016813965709
1776353323887,-1.2234357331655918,1.3950691878952086,-9.574861936298012,-0.16456660454271366,-1.0009945318298106,-0.3083508644317826
1776353323904,-1.2796996183097362,1.4377160510972142,-9.552865208545327,-0.018497966541392814,0.029066030095547934,0.10902278584065594
1776353323921,-1.306634386986494,1.4107812824204564,-9.549573181262613,0.06598672437575764,-0.2089923426994451,0.3297182574765212
1776353323937,-1.3124701074026524,1.3874376701034605,-9.573514613342285,-0.2843882129458507,-0.4947468869639892,0.4154189355093455
1776353323954,-1.2729657800100742,1.368284202952683,-9.575310849109291,-0.3704047872277881,0.1581623683809011,0.355540001077166
1776353323970,-1.2588999913871288,1.3543677596725523,-9.600898879352211,-0.5310645502456809,0.6669514839482019,0.4169718430501714
1776353323987,-1.2650349870108066,1.3278819038070737,-9.614365679168701,-0.35439034150163534,1.0329910866052643,0.22450885162684803
1776353324004,-1.261294193047285,1.2737130912460386,-9.599103228107094,-0.38302540266881135,0.5016347058551239,-0.12046943583765685
1776353324021,-1.2749112149894237,1.2265772460617124,-9.598654315295814,-0.17114810545782919,-0.24579548302073656,-0.31210456030880707
1776353324037,-1.2867324395559727,1.218347031724453,-9.611073651885986,0.003827360534440114,-0.1851644540474887,-0.715215094727393
1776353324054,-1.28359019600749,1.2152049343064426,-9.62065045852661,0.2216354230595354,0.07447648943152482,-0.7575314783693541
1776353324071,-1.3039409101188182,1.2177486274398863,-9.64653776397705,0.5671249074947334,0.08886551021777317,-0.5509732710157986
1776353324087,-1.3078314878165722,1.2192451496079564,-9.65880863200724,0.33298660971607813,0.20208240573478717,-0.3787358037462053
1776353324104,-1.3058860528372227,1.2339096347764134,-9.670479780578614,0.08142775437674662,0.14332645045169295,-0.14451338258296778
1776353324121,-1.255308542766422,1.2828409850753844,-9.632322191619872,-0.09753184633575575,-0.4393870298022723,0.02083848027088578
1776353324137,-1.2425893464468418,1.3109727084517477,-9.629179801940918,0.3242128048403736,-0.1522266671878956,0.3072078216020104
1776353324154,-1.2092200146779417,1.3058851760543881,-9.607183074188232,0.14453742164719507,0.19180718654129636,0.20379118032690685
1776353324171,-1.1921616201102734,1.2975054702438413,-9.601048516955972,0.27637335948081093,-0.34403572135904315,0.42489107386683095
1776353324187,-1.1909645192801952,1.2996005428269504,-9.61391735087931,0.40916520363311126,-0.28919784006030325,0.18099846554060406
1776353324204,-1.219246026390791,1.2961587318100034,-9.573515197864173,0.14675936756156482,0.038949153741997714,0.14340835936088023
1776353324221,-1.2096690736196933,1.3376084941819308,-9.597606852069497,0.12789134350537484,0.030923254580409603,0.012415362920379116
1776353324237,-1.221640228050947,1.3482326179184019,-9.606584523773193,0.3149437045281374,0.06383254674455908,0.042872190285670894
1776353324254,-1.2403447823904454,1.3374587104476987,-9.623493572998047,-0.19846048448397635,0.10057048010361806,0.27086134345975776
1776353324270,-1.2295708749197423,1.3060348136581479,-9.597905542755127,-0.8508957887334914,-0.7671663139673033,0.13203689480560235
1776353324287,-1.233162323540449,1.3212979953721165,-9.587730770221352,-0.783694464624235,-1.217907892934487,0.012282120870710976
1776353324304,-1.2768562115773558,1.3117208964705467,-9.600150106811522,0.08291444109913511,0.5323715176155334,-0.18866084389187412
1776353324321,-1.3338681386098266,1.229120939195156,-9.602693946075439,0.4402991802215864,0.7300573625980951,-0.5083897095834137
1776353324337,-1.3242913319692016,1.2261283332504331,-9.590423662567138,0.07915255433119191,-0.3342461392877108,-0.5623256857465946
1776353324354,-1.3078313416860996,1.2777531604170798,-9.603442134094237,-0.08222344473462666,-0.5315052041688525,-0.6082357627481872
1776353324370,-1.3001999700248241,1.3340171916916965,-9.62708546001017,0.12013859854973435,0.09694327612837106,-0.2711081107239509
1776353324387,-1.2951122914969921,1.3394039992965756,-9.61391735087931,0.25570083146241535,0.853480108199842,-0.17202498435338248
1776353324404,-1.3121709783256053,1.3162103168442845,-9.570821720996499,0.07148401280141298,0.8268783890124936,-0.04328664403007315
1776353324421,-1.3078313416860996,1.329228788371384,-9.567080196380614,0.19582504532055636,0.4706236193108562,-0.12101112853577704
1776353324437,-1.2982545350454746,1.3311742233507335,-9.58892787105143,0.3339953432791244,0.7611064420696211,-0.04820373990224765
1776353324454,-1.2538123128592966,1.324589876524359,-9.608081484332681,0.30456613921880216,1.5433826285848735,-0.3038800787331861
1776353324470,-1.2128114632986484,1.299600396696478,-9.62065045852661,0.22096323639567095,0.9933949858828194,-0.2656873417613409
1776353324487,-1.1970996610343456,1.2849362037889658,-9.609128363037108,0.23632758685105595,0.9539462678360587,-0.38372925899886645
1776353324504,-1.1999424832448362,1.2711692519821225,-9.607183074188232,0.33473769946454013,1.0087084834453994,-0.429181393160951
1776353324521,-1.225231384410709,1.252464551512152,-9.612570027923583,0.38574902064163324,0.49165409193044285,-0.5743229663845748
1776353324537,-1.2186473298452793,1.250369625059515,-9.618855391803383,0.11349303793072352,0.04918675353420057,-0.852708083380219
1776353324554,-1.242888767784834,1.262041358152777,-9.6344177025944,0.48763730036824066,0.4609403320584822,-0.6842815948632283
1776353324570,-1.2381003644645214,1.256205491606146,-9.642348495593666,0.3936126494495807,0.8139066858398757,-0.6884777322519963
1776353324587,-1.2280744988821446,1.2554574497178197,-9.648333415222167,0.13686007557668917,0.5120319613191759,-0.6300595511677003
1776353324604,-1.2131107385061681,1.2780525817550719,-9.634866030883789,0.16179170679026375,0.1059907154576992,-0.39167146166269545
1776353324621,-1.2146072606742382,1.2957099651291966,-9.605537060546874,-0.02083255721621491,0.31013295683577413,-0.3539288501654099
1776353324637,-1.2047311788260937,1.287779172129929,-9.605537645068765,0.251848658131381,0.4727528774237548,-0.5414020949153481
1776353324654,-1.2214905904471873,1.2934654010728002,-9.611074236407875,0.08685535352852668,0.2652333209445202,-0.4251759140995616
1776353324670,-1.2313666722953318,1.295410689921677,-9.616460605621338,-0.08602673952441306,0.003560342826574928,-0.4783985623812993
1776353324687,-1.2378009431265293,1.298702717204392,-9.611972062030434,-0.05289535949053238,0.28015200155656184,-0.5310032386257094
1776353324704,-1.2394469567678867,1.2979542369246482,-9.606135610961914,-0.02548402276269937,0.48099515484381483,-0.5163738805580412
1776353324721,-1.2469289830863475,1.278800915904343,-9.617359015765786,0.04754910895898424,0.5156586850467468,-0.7900174055266685
1776353324737,-1.2425893464468418,1.2566542582869529,-9.618555532073975,0.16932748651805057,0.16241656237761415,-0.6583112412872829
1776353324754,-1.2288226869009435,1.2717678023971617,-9.610774376678465,0.12678095751757176,0.23686023488461116,-0.523713399068896
1776353324770,-1.2143079854667187,1.2969069198288024,-9.600150691333413,-0.05408143784816096,0.2640971616647708,-0.4523633220082387
1776353324787,-1.2219395032584666,1.31755690914765,-9.611821839904785,0.16167457971816862,0.3899455849172243,-0.3155301669818329
1776353324804,-1.2360054380118846,1.308279523845017,-9.621997196960448,0.4456670152181288,0.5394386289723809,0.04337564993269488
1776353324821,-1.2383994935415685,1.2460302806809544,-9.64653834849894,0.30118823714826065,0.6531845439849536,-0.06627791454998233
1776353324837,-1.1845301023185253,1.2445339046433568,-9.637260232543944,-0.3760451361000434,-0.5149615788645825,-0.13779578481255447
1776353324854,-1.1740553239248692,1.2580012889817356,-9.621399231067299,-0.22849106535637703,-0.6042835378179828,-0.23074081227510287
1776353324870,-1.1748035119436682,1.2695230922102927,-9.60149684524536,0.19701552594854843,0.1572978692032185,-0.0861485089907097
1776353324887,-1.2165524033926427,1.2241831905320286,-9.62005249263346,0.586562505294679,0.3586093173354405,-0.18194703474201604
1776353324904,-1.2235852246388792,1.2208910171188414,-9.622296472167967,0.1478151653968607,-0.647846110818354,-0.6486678679528711
1776353324921,-1.2297206586539744,1.245581367869675,-9.62843161392212,-0.00039519047650870653,-0.7832658168929638,-0.5013974635031718
1776353324937,-1.2705717244803905,1.3046882213547826,-9.612420974841713,-0.09368124714988173,-0.008995412497759684,-0.34055456603815804
1776353324954,-1.2773054166495799,1.3141153903916478,-9.60823112193644,0.2204130860023676,0.8187363232741622,-0.24596143527322673
1776353324970,-1.254261225670576,1.3052867717698216,-9.60808089981079,0.4148558184287897,0.6932632936217951,-0.20543410762655936
1776353324987,-1.238399639672041,1.2969069198288024,-9.597307576861978,0.22220654426802483,-0.36066653829693657,-0.4536717834819722
1776353325004,-1.2252312382802366,1.3060348136581479,-9.607781624603271,0.09806358723481182,-0.11674516847100162,-0.1445439049908213
1776353325021,-1.2202934896171092,1.29361503867656,-9.629778352355956,0.16283176317395687,0.4052863498756316,0.15138890179751122
1776353325037,-1.1900666936576365,1.2888266353562474,-9.605986557880044,-0.1874626259402129,0.32334963968401326,-0.1161015298634337
1776353325054,-1.1960520516775548,1.2801475082077085,-9.616310968017578,-0.11756863315281128,0.3661128671080813,-0.10025925292913292
1776353325070,-1.2128114632986484,1.2505194087937475,-9.621399231067299,0.2912600769419711,0.7769100057051496,0.000494495023738345
1776353325087,-1.223585516899824,1.2129605163805186,-9.636512629047036,0.1459749096632183,0.04163624621101593,-0.03704571875853267
1776353325103,-1.2035339318655431,1.209219430156052,-9.65222457744181,-0.10645250027861552,-0.7557165690408347,0.05790965215624733
1776353325121,-1.177945901622623,1.2394460799850522,-9.636811319732665,-0.23096047222602753,-0.49996483132476166,0.002916971023271461
1776353325137,-1.1825846673391758,1.2618918666794896,-9.626486909595132,0.06199053010277127,0.09626271181060275,-0.021725924615311417
1776353325154,-1.1774969888113438,1.26787737082988,-9.6206510430485,-0.04795318401749925,-0.043062688530490785,-0.27691006293918585
1776353325170,-1.198595890941471,1.2651838939622044,-9.610026773181557,0.26494357151332354,-0.5074486375818329,-0.004861120337492122
1776353325187,-1.2276255860708654,1.2832898978866636,-9.617208793640136,-0.08615952800683163,-0.49673399176478694,-0.0433933657358546
1776353325204,-1.21984457680583,1.292268300242722,-9.616759880828857,-0.12046129830759102,-0.3864281975772264,-0.05184673868995031
1776353325221,-1.2307679757498204,1.294213589091599,-9.622446694293618,-0.08722677174507257,-0.32737003310378554,-0.02192053164580389
1776353325237,-1.2330126859366892,1.2897244609788059,-9.60149684524536,-0.24659989787806424,0.03199863584871638,0.07189430439928976
1776353325254,-1.2276255860708654,1.293614746415615,-9.594613515472412,-0.10174164410286368,0.01732680254214719,0.01644010524966202
1776353325271,-1.2394471028983591,1.2976552539780735,-9.593716274371742,0.07922757969035626,-0.13330795032145942,0.056570721635513264
1776353325287,-1.2339103654287755,1.3016953231491148,-9.606434886169433,-0.10469548747548264,-0.3499843892393011,0.07441181607782126
1776353325304,-1.2247823254689574,1.2933156173385678,-9.611672202301024,-0.0778768831015598,-0.3516459661570389,0.1013705193710087
1776353325321,-1.2298702962577341,1.2774541774705053,-9.62723509761393,0.00010335997204933359,0.15070049343436798,0.26944226493798185
1776353325337,-1.2395965943716465,1.2752096134141087,-9.599701194000243,0.09118686740107836,0.5766078781053556,0.004004038318361303
1776353325354,-1.2176000127494335,1.2817936679795383,-9.607482933917641,-0.08691132906320904,-0.06701344054622807,0.023169228964299737
1776353325370,-1.228972178374231,1.2862827960923313,-9.605985973358154,-0.03160061724700446,-0.2923649134010735,0.05879837716114235
1776353325387,-1.2508195607841015,1.260994041056931,-9.62723451309204,0.02423127001938383,0.29409135043550005,0.3649811901399748
1776353325404,-1.2524654282949863,1.2461796260237694,-9.639504796600342,0.00791336112284157,0.04618339129009903,0.2588679581640385
1776353325421,-1.2180489255607128,1.2615925914719701,-9.635914078631997,-0.3600650814435788,-1.114192110718078,0.47043098663192073
1776353325437,-1.2071252343557775,1.3028924239791928,-9.601646482849121,-0.03340901655147112,-0.3127368597351357,0.32878743075869543
1776353325454,-1.212212766753137,1.2898739524520932,-9.597606267547606,0.3335734190153174,0.744827486595689,0.41804002060333795
1776353325470,-1.2378010892570017,1.2190955120041966,-9.601946342578529,0.14512994055769368,0.19306410143113736,0.006022145774688508
1776353325487,-1.2241839211843908,1.2451323089279234,-9.637260232543944,-0.20507450883892878,-0.7583824238904024,-0.08565267994564908
1776353325504,-1.2282241364859043,1.2729650493577123,-9.635016253009438,-0.33140080520944515,-0.9570012833857584,-0.29890956864726803
1776353325521,-1.2250817468069493,1.2931661258652805,-9.622745969501137,-0.08240943398737728,0.040508357863464683,-0.06370688193600144
1776353325537,-1.2358556542776524,1.2889761268295348,-9.599103228107094,0.0696884201016401,0.44228959339526325,-0.16060765614504502
1776353325554,-1.240793841332197,1.2957098189987242,-9.589975334277748,-0.19696352579740642,-0.12144183065988452,-0.20648312863353813
1776353325570,-1.255607964104414,1.2975056163743137,-9.616161330413817,0.00038419814081321724,-0.6757780627074154,-0.19167450478058357
1776353325587,-1.241841158428043,1.3141153903916478,-9.617059740558267,-0.19265471696775974,0.025164924862412837,-0.03751497409885371
1776353325604,-1.2220888486012815,1.3168088672593234,-9.616759880828857,-0.2666219570997219,0.19378980903045123,0.07625788814442877
1776353325621,-1.2171509538076817,1.3037903957322239,-9.603741409301758,-0.4276780044916077,0.3419187362423094,-0.009778269570519504
1776353325637,-1.2126618256948887,1.2943632266953586,-9.605687282672523,-0.11131471451359191,0.4239578459106251,0.22581363120173203
1776353325654,-1.2132605222404003,1.275957655302435,-9.60164706737101,-0.12177232110226323,0.16267941793895385,0.05336256043801712
1776353325670,-1.2159539991080761,1.2482748447373508,-9.610774376678465,-0.14990787132552916,-0.21057820056693102,-0.011857368481700808
1776353325688,-1.2258299348257482,1.2473767268538474,-9.626336687469482,-0.01379949008351162,-0.1714546635576864,0.04032767801557669
1776353325703,-1.231217034691572,1.2421397029832004,-9.624840311431884,-0.012312803361123142,0.13986231724288,0.014200923779808543
1776353325721,-1.2345087697133421,1.2394460799850522,-9.64578957595825,0.08091682421031793,-0.3286312969031372,0.06507750880335259
1776353325737,-1.2273264569938183,1.250070495982468,-9.641450085449218,-0.08145736965010097,-0.22884103251006085,0.2872340539522188
1776353325754,-1.2270268895253538,1.2545594779647886,-9.629479077148437,0.0680240417391255,-0.12088666434640943,0.3925691246104497
1776353325770,-1.227476094597578,1.2957099651291966,-9.603891631427407,0.19103409450461553,-0.13354991510889241,0.5948512600176068
1776353325787,-1.2340601491630077,1.308279523845017,-9.612720250049232,0.16022657961412592,-0.4234516381796772,0.5035121007423783
1776353325804,-1.238399639672041,1.2880784473374485,-9.623943070331215,0.09111637771440971,-0.3493305320284046,0.5511727338839042
1776353325821,-1.2372023927114904,1.277304393736273,-9.604789457049966,-0.18661512219417595,0.2144729558585721,0.5568492080535666
1776353325837,-1.22463283399567,1.281943305583298,-9.618107203784584,0.024712744995016838,0.2818587484362717,0.37793960646022284
1776353325854,-1.2162531281851232,1.279549103923142,-9.621698506274818,0.09777522518579035,-0.17821980584802535,0.37548708830051225
1776353325870,-1.2256804433524608,1.2681766460373998,-9.600748657226562,0.15244678070606982,-0.2553597488907378,0.1494088406292951
1776353325887,-1.2303190629385412,1.2779030902817845,-9.597307576861978,-0.01230234463395656,-0.4488564467562603,0.05736782605599491
1776353325904,-1.2303190629385412,1.2981040206588803,-9.616161330413817,0.07949982676180474,-0.21264814809184154,0.022131573818986706
1776353325921,-1.2575531068228185,1.3013961940720677,-9.604639819446206,-0.0966815144645156,-0.20046231688017188,0.12364077804665839
1776353325937,-1.2532137624442576,1.306932785411179,-9.611223874011635,-0.16321641488201966,-0.4902184715442708,-0.051022793760464626
1776353325954,-1.2569547025382517,1.31112249218598,-9.585784896850585,-0.2044287091168188,-0.2811091084944363,-0.17920055164373044
1776353325971,-1.2515676026724278,1.3081298862412571,-9.592668811145424,-0.17194115445349115,0.22297984974811721,-0.1768091049801533
1776353325988,-1.2313665261648594,1.2921185165084899,-9.623643795123696,-0.26575220187802956,0.08458260808220494,-0.21310977283019922
1776353326004,-1.2304685544118283,1.2979543830551206,-9.618405894470214,-0.08066637504727532,-0.4146112122791386,-0.27184798562970725
1776353326021,-1.2550092675589024,1.3048378589585423,-9.578452654266357,-0.06514530376695025,-0.3223183077997678,-0.3626416635862603
1776353326037,-1.2485748505972325,1.277304393736273,-9.60179612045288,0.28235324346001,0.13176075239189286,-0.2570206054369616
1776353326053,-1.2654840459525585,1.2430375286057591,-9.625888359180092,0.08778073743935762,0.3386564137791292,-0.33039972892878866
1776353326070,-1.2656335374258458,1.2509683216050267,-9.627534372821449,-0.06848985530443509,-0.0019372657641977572,-0.2330906641538517
1776353326088,-1.264286798992008,1.2749101920761168,-9.622446109771728,-0.023400121374757905,-0.134093608838996,-0.1779911545933886
1776353326104,-1.2515676026724278,1.2805965671494601,-9.616610827746987,0.18021848995390036,-0.11335467323917786,0.06561159757993584
1776353326121,-1.2352571038626134,1.2602458530381322,-9.609727497974038,0.14303243215226508,0.6454209667761763,0.10638681306870705
1776353326137,-1.2334614526174963,1.2593478812851011,-9.615862055206298,0.2223349304800799,0.4322804847751385,0.0889153492543731
1776353326154,-1.2129612470328808,1.2876295345261692,-9.6329213265568,0.1433182862412007,-0.27370486326902516,0.3373628933442051
1776353326171,-1.2131107385061681,1.3057355384506284,-9.618705169677733,0.12043165635381022,-0.029256101453544694,0.28795122381507016
1776353326187,-1.2152058110892772,1.3159108955062926,-9.597008301654457,0.040033126107619894,0.27283740256400707,0.11752578438794002
1776353326204,-1.2234357331655918,1.3126188682235778,-9.597007717132568,0.11683470798215226,0.39498140868708065,-0.17598081114115702
1776353326221,-1.2355565252006053,1.2987025710739195,-9.597157354736327,0.0569675129376087,0.31003050399822396,-0.27047090209915636
1776353326237,-1.2327134107291697,1.2870309841111303,-9.58219417888224,-0.06904040590413514,0.030375985673162333,-0.460461898651464
1776353326254,-1.2349578286550937,1.2820930893175304,-9.610624739074707,0.02620418083331259,-0.1718603661222146,-0.6610616730886824
1776353326270,-1.2343591321095824,1.2810453338302672,-9.623493572998047,0.1268457375929811,0.28150667352889863,-0.5700695728006552
1776353326288,-1.2404944199942052,1.2726656280197202,-9.630975453186034,0.1715082378539887,0.44024384501713865,-0.4814923179101977
1776353326304,-1.2258300809562206,1.264884618754685,-9.631125675311685,-0.11555084586160141,-0.17118025537169584,-0.24720124800971627
1776353326321,-1.2024864686392247,1.2553076659835873,-9.625438861846924,-0.2984014399256161,-0.14537323936644894,-0.20691041566306062
1776353326337,-1.21191363767609,1.2487236114181577,-9.622596331897377,-0.11505357607351276,-0.028278744071998183,-0.10494393560654185
1776353326354,-1.2199942144095897,1.2668297614730895,-9.605836920276284,-0.05069435771092222,-0.07733172194800171,-0.10508467485604114
1776353326371,-1.2176000127494335,1.2779030902817845,-9.6206510430485,0.012995502113007073,-0.1339858465965832,-0.07210676063507418
1776353326388,-1.2168516786001622,1.2792498287156224,-9.618406478992103,-0.10941050579775996,-0.18589624478403213,-0.15476362889730574
1776353326404,-1.2068258130177856,1.2883775764144956,-9.612121115112304,-0.18920667205609334,-0.1774394033744985,-0.05078629846045293
1776353326421,-1.2274759484671056,1.2972063411667942,-9.599552140918373,-0.05308876590183481,0.05663005890392775,0.04349010896214549
1776353326437,-1.2554581803701816,1.2906222866013646,-9.600001053729653,0.020530801593117858,0.2826305598124831,0.15225852361707135
1776353326454,-1.270421794615686,1.2904725028671324,-9.616161330413817,0.12296752416573613,-0.1467104089790376,-0.2641155711590181
1776353326470,-1.2773052705191075,1.2921185165084899,-9.622146834564209,-0.008197400942778897,-0.2965193759637338,0.10946909601423398
1776353326488,-1.252764703502506,1.2636875179246068,-9.61451531677246,-0.29239234087945937,0.03668681366198966,-0.05090075748990354
1776353326504,-1.240045507182926,1.2817936679795383,-9.622895022583007,-0.2561151784851118,0.26397171029962474,-0.23346456365005702
1776353326521,-1.2358556542776524,1.2779030902817845,-9.605986557880044,0.024813116759304293,0.2130940580590229,-0.1942646672603258
1776353326537,-1.2193956639945507,1.2738628749802707,-9.58174526607096,0.3208513912733753,0.09893737120089743,-0.18602503120248387
1776353326555,-1.2675788262747227,1.2633880965866149,-9.61481517650187,0.6354913658268587,0.213336689857117,-0.18606699951328243
1776353326570,-1.2624911477468908,1.2678772246994077,-9.634716393280028,0.09483610940856924,-0.042187357099671335,-0.10750704413386847
1776353326588,-1.219545155467838,1.2847862739242613,-9.667337390899657,-0.47250090747640483,-0.8134886569183297,0.07338590032014419
1776353326604,-1.2059281335256993,1.3180058219589292,-9.598355040088295,-0.31368913751582356,-0.6989590844202039,0.2451121706190444
1776353326621,-1.20697574288249,1.3163599544480442,-9.574413023486732,0.27952367751377355,0.8840579046186371,0.24119815205950973
1776353326637,-1.2469289830863475,1.246928106303513,-9.581595043945311,0.542358748285973,1.033089804183112,-0.24404281912711426
1776353326654,-1.2419907960318028,1.242887744871527,-9.607631986999511,0.04775406799493751,-0.6020405143667212,-0.38624314213940136
1776353326671,-1.2291221082389354,1.2740125125840305,-9.632322776141763,-0.0030411417279481772,-0.9772950560703357,-0.19456220737604446
1776353326688,-1.2375018140494822,1.30483771282807,-9.64578957595825,-0.15874600270939343,0.023714576880842945,-0.17266205957604483
1776353326704,-1.2306183381460607,1.2789504073776303,-9.628132923236489,-0.016961334060698618,0.9274926250154819,0.03171416914195593
1776353326721,-1.232862902202457,1.2608441111922264,-9.612270752716064,0.055712145512501504,0.7136585586485705,-0.0578816377084797
1776353326737,-1.2237350083731113,1.275957655302435,-9.587730185699462,-0.045056890324722945,-0.1450907736916719,-0.021046907762276947
1776353326754,-1.215654577770084,1.3160606792405247,-9.606435470691324,-0.0671004454168664,-0.5149005340488755,-0.03434117729061919
1776353326770,-1.2208920400321484,1.3118708263352512,-9.600599019622802,0.0751559865322353,-0.04833740883873891,0.09560269142119739
1776353326787,-1.215056027355045,1.287479750791937,-9.603142858886718,-0.20438505993915418,0.27041866182417634,0.07071561651978654
1776353326804,-1.215654577770084,1.2844871448472142,-9.63351987697184,-0.27442782278441513,0.1975996672051432,0.24365867434715394
1776353326821,-1.2355565252006053,1.2810453338302672,-9.633220601764322,0.041309997956442045,0.41435849527984814,0.08566529978735773
1776353326837,-1.233910511559248,1.266680269999802,-9.603442134094237,-0.4010291676711567,-0.24233503171077306,0.032816604362678296
1776353326854,-1.2253810220144687,1.259647302623093,-9.598953590503335,-0.13326096609048912,-0.5028278545257606,-0.11579635914575165
1776353326871,-1.226578122844547,1.2741621501877902,-9.606734161376952,0.0942224596003259,-0.09648405262839348,-0.052079498730259646
1776353326887,-1.242140579766035,1.2802971458114683,-9.625888359180092,0.014782717158876113,0.001925473015708907,0.0002124295553579747
1776353326904,-1.2566554273307322,1.263537880320847,-9.640851535034178,-0.11317751520758067,-0.21250628826443158,0.13790776256234566
1776353326921,-1.2538123128592966,1.275059975810349,-9.624541036224365,-0.06891335371340232,-0.17335529709637468,-0.00570416845231268
1776353326937,-1.2461806489370764,1.2741620040573178,-9.600449966540932,-0.2076894841152652,-0.03630651086343747,0.18051394899635628
1776353326954,-1.2407935490712523,1.2891257644332945,-9.605686698150635,0.05505767465179677,-0.18068649131417844,0.14903899655790948
1776353326971,-1.247228258293867,1.294213589091599,-9.606136195483803,0.0509648438742253,-0.2431298416145804,0.08500896129680183
1776353326987,-1.2494726762197912,1.28718062171489,-9.614216626086831,0.059570775506735583,-0.27576838081116234,0.1923850845781029
1776353327004,-1.2605458588980138,1.2789505535081027,-9.612271337237953,0.016297418329032223,-0.02516150976782783,-0.049138301879775796
1776353327021,-1.2575531068228185,1.2831404064133762,-9.608081484332681,-0.07567460066148025,0.18308695596189414,0.08849203760839099
1776353327037,-1.2461807950675488,1.2984032958664,-9.610625323596595,0.061195826920669716,0.1085870411159503,-0.1401646865157853
1776353327054,-1.245133185710758,1.2916696036972104,-9.605985973358154,0.02560243049526389,0.011009251085855631,0.024855378554793747
1776353327071,-1.2315163098990916,1.291969171165675,-9.611522564697266,-0.21657580034928978,0.08648049353696934,-0.18068462368432728
1776353327087,-1.2159538529776035,1.3024435111679136,-9.598055180358886,-0.30662175935471153,0.01238478715167273,-0.1060384200601835
1776353327104,-1.2149063897512853,1.2994506129622458,-9.600599019622802,0.16385250292890355,-0.05054249272359521,-0.11861165106383983
1776353327121,-1.2292715997122228,1.3039400333359836,-9.597756489673257,0.20667026514462591,0.2522253857527895,-0.13880275746745532
1776353327137,-1.2678782476127146,1.260994041056931,-9.639206105914711,0.024389164783087485,0.48266172100129795,0.0049463909804114995
1776353327154,-1.2035339318655431,1.264136430735886,-9.637111179462075,-0.47785502873375435,-0.56711727689277,0.19101194975066588
1776353327171,-1.1801904656790196,1.2708701229050754,-9.63381915217936,-0.4633269495648728,-1.2416645715282608,0.21988918914868644
1776353327187,-1.2168515324696898,1.288078301206976,-9.599701194000243,0.24358167463643263,0.311610678934877,0.06834666145570283
1776353327204,-1.233611090221256,1.2286721725143492,-9.587730185699462,0.2982539238477997,0.9407763824558047,-0.1545384460981069
1776353327221,-1.2375018140494822,1.2170005855515598,-9.605238369861244,0.21507497300088527,-0.5009104923596911,-0.18881727123212327
1776353327237,-1.2460310113333164,1.2463292636275292,-9.644891750335693,-0.21699126794989695,-1.0303568747414606,-0.0633175611533107
1776353327254,-1.2823929490469395,1.2919688789047301,-9.647136314392089,0.02350086666501559,-0.15693160030897657,0.1132762327854285
1776353327270,-1.277005995311588,1.3124692306198178,-9.63426806499064,0.18170272207705584,0.39863614686241927,0.12490340254775872
1776353327287,-1.2500712266348302,1.2888266353562474,-9.610175826263427,0.0599199155671996,0.26639375941233473,0.12410998002612654
1776353327304,-1.2407936952017247,1.3063343811266124,-9.568875847625732,-0.040559210756269545,-0.08085055003102766,0.24872848898030167
1776353327321,-1.253961804332584,1.3289293670333922,-9.585335984039306,0.12879191461961162,-0.2552570025684967,0.22963586909429465
1776353327337,-1.251417965068668,1.3281811790145932,-9.607781624603271,0.23816976357540245,0.3940274767199532,0.3728511155285633
1776353327354,-1.2228371827505529,1.3144146655991673,-9.610026773181557,-0.30166683063783756,0.034085365361861054,0.25007505010299913
1776353327371,-1.2099684949576854,1.306633364073187,-9.612121699634194,-0.2574757735121195,-0.12011693404346073,0.24495955857977691
1776353327387,-1.2267277604483067,1.2933156173385678,-9.589825696673989,0.030386444400328914,0.6367991869703575,0.04474883812098479
1776353327404,-1.2403447823904454,1.2512675968125462,-9.59551134109497,0.06986088237818291,0.5008892013793876,-0.21353668633375145
1776353327421,-1.2404945661246776,1.2391468047775327,-9.601048516955972,0.051575452113853865,-0.4190043579367791,-0.23587164504353117
1776353327437,-1.2277750775441527,1.2580011428512632,-9.630975453186034,-0.07970291816790684,-0.6354555073337161,-0.1597074051959256
1776353327454,-1.2298701501272618,1.25994643170014,-9.637709729877114,-0.14867931772899956,0.1577046389848045,-0.09113051834042575
1776353327470,-1.2171509538076817,1.2656326606430113,-9.641001172637939,-0.11775515601409081,0.26530743916918537,-0.08029292911831959
1776353327487,-1.2099684949576854,1.271767948527634,-9.621997781482339,-0.13153383536497504,-0.03138445243194414,-0.09553647060275999
1776353327503,-1.2467791993521153,1.2684757751144469,-9.600300328937172,0.02288513578350952,-0.14704610210457314,-0.046052230313693626
1776353327521,-1.2500712266348302,1.2746109168685973,-9.599252865710854,0.21384185705143352,-0.23640680103717224,0.0005862756907103914
1776353327536,-1.2698233903311191,1.2834396816208957,-9.612719665527344,0.09485137061249597,-0.3270689711717761,0.09345123519349625
1776353327554,-1.2834405584037303,1.2861331584885716,-9.609128947558998,0.030806127508314463,0.0024471820744215215,0.18720507978373582
1776353327570,-1.2743125184439121,1.286881200376898,-9.613467853546142,0.11147642457827725,0.19206043714911575,0.2862536550020575
1776353327587,-1.2746119397819042,1.2984032958664,-9.600449966540932,0.25222469206170195,0.39807409699892127,0.14085269467253186
1776353327603,-1.250370647972822,1.2958596027329563,-9.592668811145424,0.036206032377444235,0.1075468246496985,0.09829592038829804
1776353327621,-1.2445346352957187,1.3057356845811008,-9.594164602661133,0.03555695096288146,0.05789994048102121,-0.07003145034444812
1776353327636,-1.2373521764457225,1.3090277118638156,-9.60119815455973,0.13634658408932174,0.200739633232645,0.033785584090320966
1776353327654,-1.2398957234486936,1.3109728545822203,-9.599252281188964,0.1350677378889426,0.3777036981295929,-0.15797541863279846
1776353327670,-1.239297319164127,1.3102246665634214,-9.615562779998779,0.036089065387907765,0.3913947055991777,-0.09723035751692316
1776353327687,-1.2228373288810253,1.290323011393845,-9.603741993823647,-0.15947800688934838,0.0867620787576737,-0.20452619939505015
1776353327703,-1.2213409528434276,1.2753592510178684,-9.609577275848388,-0.1130302659340287,0.06802430854338996,-0.25040938252678596
1776353327721,-1.2532137624442576,1.2523149139083922,-9.62184755935669,0.22917947371952027,0.5388561952630787,-0.3485654441196574
1776353327736,-1.2366039884269238,1.2401944141343235,-9.634118427386879,-0.19300609818404516,0.46002706106125746,-0.323003060944488
1776353327754,-1.1932089372061192,1.2523147677779196,-9.641749360656737,-0.4187989720140027,-0.6633638203649469,-0.0537809095246804
1776353327770,-1.1882710424125194,1.270869976774603,-9.637859367480873,-0.30956151546216737,-1.0246139663099494,-0.31090316738639884
1776353327787,-1.1997928456410765,1.2918190951704978,-9.592368951416015,0.4017356653634299,0.6010334349901146,-0.0927479391523965
1776353327803,-1.2409433328054844,1.2216390590071677,-9.624092123413085,0.5703452883275415,0.5277149827880243,-0.037999437282248597
1776353327820,-1.2418410122975707,1.2292707229293882,-9.625738137054443,-0.021530997419701603,-0.7578849406589022,-0.15068960782037827
1776353327837,-1.2378010892570017,1.2711692519821225,-9.64070189743042,-0.1328613466631905,-0.7073335366728742,0.10464356736561996
1776353327853,-1.2437865934073924,1.302742786375433,-9.628881111255287,-0.014202631327101046,0.08335504166145381,0.14210363314684912
1776353327870,-1.2232862416923045,1.292268300242722,-9.610774376678465,0.15292014483206345,0.5966843653969619,0.48718512050084467
1776353327887,-1.234509061974287,1.2874798969224095,-9.593416999164223,0.05219726613258947,0.147662179831623,0.3379199806483843
1776353327903,-1.2442353600881992,1.3048378589585423,-9.591621347919105,-0.08493348237038789,-0.28489399378997543,0.35897708033356335
1776353327920,-1.2521661530874668,1.3180059680894016,-9.606434886169433,-0.08382371003239304,-0.4375708131328572,0.2482630222605359
1776353327937,-1.2617429597280918,1.3157614040330052,-9.603293081012367,-0.17637979023822095,0.6159103874151958,0.19139353320968747
1776353327953,-1.2554583265006543,1.3054364093735813,-9.592219898334145,-0.2672232005096682,0.35475970532534495,0.1242281743152795
1776353327970,-1.245731736125797,1.2990019924119114,-9.599103228107094,-0.2083135392898222,0.22083773166967197,0.05763121522586353
1776353327986,-1.2388485524833202,1.294213589091599,-9.609128363037108,0.06947769809357462,0.5663360740064498,-0.08695737947925375
1776353328003,-1.242439708843082,1.265483169169724,-9.600299744415283,-0.08539900245100658,0.04515688856304016,-0.24235288091606502
1776353328020,-1.2279247151479125,1.2469279601730405,-9.617358431243895,0.002030914061020979,-0.42004561493966225,-0.22379432312621478
1776353328037,-1.2195453015983104,1.2587494770005345,-9.616011692810059,-0.1187968399037971,0.15505004327519673,-0.2306492984123953
1776353328053,-1.2401951447866857,1.2602458530381322,-9.623643795123696,-0.044041166489948,0.3297557701561034,-0.26939514730487935
1776353328070,-1.2235853707693516,1.2521652763046323,-9.634866615405679,-0.09076769122119527,-0.11646971974837969,-0.01958967623068415
1776353328087,-1.219246026390791,1.255906362529099,-9.624541620746255,0.07534733855070144,-0.08680999680356956,0.20696897919910817
1776353328104,-1.2265782689750193,1.2597969402268527,-9.602395255389808,0.04127445962841682,-0.2653530893788334,0.3445574837786086
1776353328120,-1.236304713219404,1.2865820712998508,-9.610026773181557,0.11187401629316604,-0.022135842687217966,0.3192774595565105
1776353328137,-1.2381002183340488,1.2895748233750461,-9.615712417602538,0.050381076143600774,-0.1296187410351534,0.267397583776915
1776353328153,-1.2581518033683299,1.2910710532821714,-9.598504093170165,0.05951031766041039,-0.10417151058052217,0.231837004276037
1776353328170,-1.2594985418021678,1.2969069198288024,-9.597906127277016,0.01949191914818834,-0.061749872656234106,0.23714320748749068
1776353328187,-1.2569547025382517,1.2994509052231906,-9.60733329631388,0.026614952678865388,0.09388196399803019,-0.08292135132958445
1776353328204,-1.2545605008780956,1.2892754020370543,-9.599102643585205,0.07370355747740268,0.006327049688106109,0.0539805324753446
1776353328220,-1.2505202855765818,1.2972063411667942,-9.607632571521401,-0.05676479505747683,-0.22937594837986391,-0.16152706364035221
1776353328237,-1.2500713727653026,1.2919688789047301,-9.611074236407875,-0.056623362116889966,0.02876961055773996,-0.08043044003621898
1776353328253,-1.2375016679190098,1.2895748233750461,-9.6028435836792,0.011603104017676506,0.04362729971492754,-0.15950898286445145
1776353328270,-1.2367534799002111,1.2919688789047301,-9.610774376678465,-0.03091199544044966,0.39070629723603445,-0.15364577239009797
1776353328287,-1.2452828233145177,1.293165979734808,-9.606883798980713,0.2615599064706698,0.15371383415796008,-0.21457802337791396
1776353328304,-1.2439360848806797,1.2720672237351536,-9.61436626369059,-0.09002581528345553,0.01564049286909451,-0.014180433212298504
1776353328320,-1.2247824715994298,1.2777534526780248,-9.611073651885986,-0.13613786311323967,-0.04188512122889827,-0.08348585579231542
1776353328337,-1.214906243620813,1.2744612792648373,-9.612270752716064,-0.11464555231188384,0.07191143323306769,0.08135091474858398
1776353328353,-1.2354068875968456,1.2934654010728002,-9.617658290973305,-0.0988167756733644,0.37724196666952947,-0.07058477570849848
1776353328370,-1.246031157463789,1.2493223079636693,-9.619304304614662,0.14727355274001985,0.42225456748635315,-0.040116582481540985
1776353328387,-1.2256804433524608,1.2449826713241636,-9.630527124896645,-0.3832328963452769,-0.5972741629039631,0.11819717063901113
1776353328404,-1.221041677635908,1.2847864200547336,-9.61406640396118,0.13126006750921917,-0.955588821609741,0.18746062490822948
1776353328420,-1.2258299348257482,1.284935911528021,-9.598654315295814,0.5056954667601081,0.09445996875654251,-0.03937652081279953
1776353328437,-1.245133185710758,1.258300564189255,-9.610774961200356,0.542166862658978,0.5992132429371592,-0.009320540174422869
1776353328454,-1.2538121667288242,1.2268766673997045,-9.634267480468749,0.07117467993720546,-0.5085071034597733,-0.13994726772068206
1776353328470,-1.235107320128381,1.2776036689437924,-9.635464581298828,-0.39710847900501073,-0.7563951056461932,-0.11756263005686107
1776353328487,-1.2394468106374144,1.2945128642991184,-9.617358431243895,-0.02214806232252994,-0.33254275414173307,-0.12700782118363668
1776353328504,-1.2391476815603673,1.3096262622788548,-9.594763737598061,0.30577321507204325,0.5760700540690701,0.10164900966224538
1776353328520,-1.2481259377859533,1.2957099651291966,-9.597606852069497,0.2573570456144376,0.3657734387228434,0.14649459100952106
1776353328537,-1.2657831750296056,1.2937645301498473,-9.600898294830321,0.032123019996804655,-0.14111699097689961,-0.043473727180308036
1776353328554,-1.2545605008780956,1.3190532851852477,-9.610624739074707,-0.15044604220735855,-0.25580261728930437,0.17106886459128648
1776353328571,-1.245133185710758,1.3266849491074681,-9.615413726916909,-0.01404975248356912,0.4243872940546896,0.13041179003081532
1776353328587,-1.229121962108463,1.31112249218598,-9.600749241748451,-0.1251857081399771,0.6777353387914471,0.10569248165089294
1776353328604,-1.2301695714652539,1.2861331584885716,-9.605088147735595,-0.3216114632619508,0.1677082514370815,-0.037606861487531534
1776353328620,-1.2348083371818064,1.270570847697556,-9.61451590129435,-0.02839859254759075,0.3338764552988838,-0.15766304419997618
1776353328637,-1.233311961144209,1.2656328067734837,-9.617358431243895,-0.02090059230365058,0.09862563709830982,-0.0352414282397386
1776353328654,-1.2276255860708654,1.2523149139083922,-9.616460605621338,-0.029370827287259753,-0.09748334132047808,-0.24117019097259498
1776353328671,-1.2134100137136876,1.2443841209091246,-9.611522564697266,-0.02977770379055153,0.010308623087400416,-0.19090800280923476
1776353328687,-1.2228371827505529,1.2434864414170383,-9.625588499450682,-0.09500619712715842,0.10507360247906632,-0.23427716939830343
1776353328704,-1.2310673970878123,1.2512675968125462,-9.631424950519204,0.16422437471269902,-0.05840035855943043,0.029940347670162456
1776353328720,-1.2440857224844395,1.2596474487535654,-9.629629299274086,0.13805557212485298,-0.2287189695590733,0.0798365871043981
1776353328737,-1.2461806489370764,1.2701219348862767,-9.628132923236489,-0.09381158103306732,-0.29948698643639854,0.17933531447770595
1776353328754,-1.2476771711051464,1.2791001911118627,-9.61526350479126,-0.004510166008029826,-0.0695929041749657,0.16446561912861796
1776353328771,-1.245133185710758,1.2994507590927182,-9.612869887652993,0.03433845588712176,0.040363696591277934,0.31408171331054063
1776353328787,-1.2434871720694005,1.3003487308457493,-9.593865327453612,0.15611213769113372,-0.0015438895566873354,0.2389513933485458
1776353328804,-1.2443848515614866,1.309925391355902,-9.600898294830321,-0.1134206806142037,0.10596643626963392,-0.03127805089128003
1776353328820,-1.2427388379201292,1.3013960479415951,-9.6013472076416,-0.06222745228960609,0.0438173710729243,-0.0013250033381295829
1776353328837,-1.2283736279591917,1.3076808272995053,-9.598204817962646,-0.11104030632760135,-0.02977572943899457,-0.332410232463579
1776353328854,-1.2307681218802928,1.292268300242722,-9.618256256866454,0.07861601095537567,0.021243435783473485,-0.027108487207251702
1776353328871,-1.252465574425459,1.2741621501877902,-9.604190906634926,0.1465621992101336,0.21945024277280734,-0.2757504782450175
1776353328887,-1.2571043401420117,1.272067369865626,-9.608530397143959,-0.07281165750176065,0.2842675106966119,-0.15171960568330148
1776353328904,-1.254111441936344,1.2841877235092223,-9.638757193103432,-0.212548069812245,-0.03208860224669014,0.06462356802781119
1776353328921,-1.241542029350996,1.2906222866013646,-9.635614803424478,-0.12809067297134816,0.11169493727086477,0.2206446721039133
1776353328937,-1.2334614526174963,1.2823922183945775,-9.616610827746987,-0.06477369878741925,0.3075668334202592,0.06710314013993739
1776353328954,-1.2225379075430334,1.2779030902817845,-9.603442718616128,0.16665272040605011,0.2920188149092243,0.1648659856078571
1776353328971,-1.211315087261051,1.276705843321234,-9.619303720092773,0.13397448073491747,-0.0669810505085234,0.1400095931968584
1776353328987,-1.2168516786001622,1.2813446090377867,-9.613467853546142,0.06333330260491347,-0.2522785331622687,0.11699174897220965
1776353329004,-1.2346586995780466,1.2773045398667453,-9.612420974841713,0.11811691591626347,-0.05681794246695599,0.07273361725440797
1776353329021,-1.2301695714652539,1.2710196143783627,-9.62184755935669,0.05813462151203462,0.05078704551239341,0.11085007488704593
1776353329037,-1.2228371827505529,1.276257076640427,-9.625887774658203,0.008868093502762416,0.005313246844035231,-0.046090383323510495
1776353329054,-1.2032346566580234,1.308578652922064,-9.608230537414551,-0.036012866089979806,-0.3765774906489077,0.24969730862538567
1776353329071,-1.2478268087089062,1.3013960479415951,-9.594314824786782,0.1735310410653703,-0.31873536665199365,0.20276131586611587
1776353329087,-1.2671299134634435,1.2834395354904233,-9.595960253906249,0.1857463007874092,0.468979091185617,0.02694200134623264
1776353329104,-1.2443851438224316,1.2609938949264585,-9.624092707934976,-0.10621571149391294,-0.18198956334176994,0.014509829757192947
1776353329121,-1.232264351787418,1.3052867717698216,-9.626785600280762,-0.39834522349245904,-0.9843425306333194,0.2157122083061063
1776353329137,-1.254709992351383,1.329976976390183,-9.574562661090493,-0.03713755278635761,0.06432085190936211,-0.180089249968199
1776353329154,-1.259348904198408,1.3033413367904723,-9.586832944598793,0.7786485022923294,0.8092877170528017,-0.18348059897366903
1776353329171,-1.278352733745426,1.2135589206650852,-9.621848143878578,0.28609063759647635,0.1324714655915444,-0.2914632217089261
1776353329187,-1.2514181111991405,1.2342089099839328,-9.651475804901123,-0.2408077640597612,-0.611539333150652,-0.07315951690175529
1776353329204,-1.2490239095389841,1.2720672237351536,-9.65910732269287,-0.041570879166224796,-0.43823742358759454,-0.11376693918861161
1776353329221,-1.2301695714652539,1.300498368449509,-9.627683425903319,0.06101397313401812,0.15612291658341762,-0.1150486668750468
1776353329237,-1.2048806702993808,1.2548586070418357,-9.61421604156494,0.2679442123539276,0.6123917194147285,0.17283126684056133
1776353329254,-1.21341015984416,1.2416907901719212,-9.612121115112304,0.05095011627882746,0.00619530174231891,0.16886399414984174
1776353329271,-1.1988951661489904,1.2713188895858825,-9.624391983142495,-0.30524974510518527,-0.7022959519948725,0.14150497773826806
1776353329287,-1.1996433541677891,1.313666331449896,-9.612271337237953,-0.07241716071633952,-0.3678433862477539,0.27294417763064144
1776353329304,-1.2167020409964024,1.3142648818649352,-9.60224503326416,0.27253666079711497,0.4604312161610518,0.24832027845568763
1776353329321,-1.2343594243705271,1.3115715511277317,-9.602544308471678,-0.11705073939508036,0.427792623603617,0.08167903063300905
1776353329337,-1.2478266625784338,1.3118706802047788,-9.624092707934976,-0.05127548407932865,-0.4758503148515027,-0.046216261575479714
1776353329354,-1.2518670240104197,1.2945128642991184,-9.618107203784584,-0.17931485059062238,-0.43696351326610783,-0.00892001361262509
1776353329370,-1.2529144872367382,1.2738628749802707,-9.600599604144692,-0.09267502154692134,-0.15328916181022925,-0.20997359542325267
1776353329387,-1.245881519860029,1.284038232035935,-9.6083807595402,0.005087583797160357,-0.23615784597801057,0.04978055310516856
1776353329403,-1.2440857224844395,1.273413816038519,-9.62109937133789,-0.025847356810032317,-0.1558225216620693,0.027109821228573968
1776353329422,-1.2591989743337035,1.2550083907760679,-9.614365679168701,-0.20489398907359946,-0.0009152987096345994,-0.12814832937289658
1776353329436,-1.2608452802360057,1.2801475082077085,-9.613767128753661,-0.17385179315209642,-0.0655969233453909,-0.1727879111475876
1776353329454,-1.252764703502506,1.28718062171489,-9.616610827746987,-0.12880570840008387,-0.0847047510744718,0.04776634099110238
1776353329470,-1.2458813737295567,1.3126190143540502,-9.599701778522133,0.06742762748636588,0.018372141650276487,0.11269203816798085
1776353329487,-1.2636883947074413,1.3021443820908665,-9.604788872528076,0.15813366024204592,0.17813170707990278,-0.0044682243776577165
1776353329503,-1.2609949178397655,1.286432433696091,-9.619753217425941,0.07336082071928554,0.3471268622061499,-0.023022966866526263
1776353329521,-1.2629399144276976,1.2704210639633238,-9.619752632904053,-0.04605447146951504,0.3005417704154895,-0.21810658981659245
1776353329537,-1.2354068875968456,1.2741622963182628,-9.612570612445474,-0.11768418607974615,-0.165496203960923,-0.22782637589234372
1776353329554,-1.2422902173697947,1.2882279388107358,-9.61391735087931,0.08950749463890147,0.04995450948559232,-0.18780642991538785
1776353329570,-1.23735203031525,1.2687751964524387,-9.614365679168701,0.05900776514788555,0.3079138924074605,-0.24476759291150252
1776353329588,-1.2297206586539744,1.2624902709640562,-9.618406478992103,0.18525970316989868,0.015719733735637238,-0.4021694890974315
1776353329603,-1.2295710210502147,1.2629393299058078,-9.621399231067299,0.02167229695815624,-0.17921509247614317,-0.1510823970585069
1776353329620,-1.2276257322013377,1.2879288097336887,-9.619154667010903,0.07451352186343098,0.20439084959169282,-0.11633815856557761
1776353329637,-1.2193955178640783,1.2988522086776793,-9.613617491149903,0.09424636526242094,0.13971493456719583,0.015474967503427483
1776353329654,-1.2116143624685705,1.3013960479415951,-9.62109937133789,-0.04472717361471115,0.20989096614255137,-0.022790526991334267
1776353329670,-1.234808191051334,1.2723663528122007,-9.629030164337157,-0.009563972385310355,0.12527095210247002,0.22619484113478336
1776353329687,-1.232264351787418,1.26802700843364,-9.61526350479126,-0.06448957892620258,0.16038015214874543,0.11740374811737894
1776353329703,-1.221640228050947,1.2729650493577123,-9.610624739074707,-0.2032768617463196,-0.12385358112798661,-0.222611766584877
1776353329721,-1.2123626966178416,1.2958596027329563,-9.612869887652993,-0.1626579668760918,-0.12029828090200985,-0.084687568879841
1776353329737,-1.2147567521475255,1.2934654010728002,-9.605088732257485,0.017473651609302466,-0.06609600740247784,-0.06596879512918635
1776353329753,-1.2291221082389354,1.2847864200547336,-9.592519173541664,0.021086288071710303,0.09668548984805597,-0.1469776668107408
1776353329770,-1.2366038422964512,1.2997500343002377,-9.58952583694458,0.015050001671005753,-0.18277039270211992,0.017603478564385596
1776353329787,-1.2892764249503612,1.2774541774705053,-9.650129650989173,0.20493651767335336,0.05195426080852512,-0.009690544328367154
1776353329804,-1.281495123424381,1.2493221618331969,-9.658060443988441,-0.13572460998802743,0.13785296096642688,0.15963240651718769
1776353329821,-1.214756898277998,1.2672786742843687,-9.619902855029702,-0.7794623620206187,-0.6013133126635265,0.1425731019305817
1776353329837,-1.198595890941471,1.3090277118638156,-9.599851416125894,-0.1642171976779852,-0.8274137050886933,-0.17191828932802747
1776353329854,-1.2231364579580724,1.29361503867656,-9.581445990863442,0.3722622251560613,0.5226272389083053,-0.18132554088839778
1776353329870,-1.259797670879215,1.244084845701605,-9.588029460906982,0.461201693515941,-0.12802186415154557,-0.1916250125895274
1776353329888,-1.2511186898611486,1.2562056377366184,-9.622745969501137,-0.25100763772897033,-1.2908809936966685,-0.3286908209345368
1776353329904,-1.262042381066084,1.2796987415269017,-9.636362991443276,-0.18393950230852923,-0.6993126534314579,-0.15162014105351318
1776353329920,-1.3081307630240917,1.3295279174484311,-9.616610827746987,-0.008692322853340368,0.5160041432083614,-0.10160183866828999
1776353329937,-1.297656130760908,1.2948121395066379,-9.609427638244629,0.2917236760318857,0.9295084913159878,0.0006509490444139496
1776353329953,-1.2786520089529454,1.2747607006028294,-9.605836920276284,0.10651952150984628,0.47890655770081897,0.02827703652470568
1776353329970,-1.264286798992008,1.2683262836411595,-9.592668226623534,-0.23270083644305853,-0.4132404786900817,0.039290129591969446
1776353329988,-1.2369029713734985,1.3010967727340756,-9.617059156036376,-0.12775700755822245,-0.12016357142888721,-0.03310144459540898
1776353330004,-1.2415418832205236,1.310075175090134,-9.613617491149903,0.13185637504027303,0.8155035627234836,-0.1282436852170123
1776353330020,-1.2283739202201365,1.3153124912217258,-9.591171850585937,0.05202816558977877,0.6393871349747048,-0.366456297557286
1776353330037,-1.2231366040885447,1.29989981803447,-9.593566636767983,-0.01681950091371507,-0.005266235932638503,-0.38832216100930333
1776353330054,-1.2306183381460607,1.297954529185593,-9.606285833087563,0.03770264421847039,0.098915119725242,-0.38888669215246074
1776353330071,-1.248275575389713,1.264884618754685,-9.612570612445474,-0.07880357435328657,0.3172509744462794,-0.2615941374577992
1776353330087,-1.2177496503531933,1.255906362529099,-9.624840895953774,0.010516623691968461,0.13349540699766452,-0.30235438522733454
1776353330104,-1.2093699445426462,1.2551581745103,-9.630227849689126,0.05450960533175614,0.07728337701528272,-0.3564388646441103
1776353330121,-1.1972492986381054,1.2669795452073216,-9.631574588122964,-0.02746925993364589,0.5118149960913222,-0.2714665622532444
1776353330137,-1.207574293297529,1.2829907688096165,-9.631724225726723,0.03692282871432533,0.28859416873155047,-0.17522938361074983
1776353330153,-1.2056288583181798,1.275957655302435,-9.625738721576333,0.13046909958682,-0.17693847836798685,-0.034676817055301845
1776353330171,-1.2255306596182287,1.2720672237351536,-9.592369535937905,0.050587742726846546,0.08631832990503442,0.06125889944878655
1776353330188,-1.2538123128592966,1.2777534526780248,-9.612570612445474,0.29791945802188063,-0.038436249224012065,0.11694596536042942
1776353330204,-1.263538610973209,1.2780525817550719,-9.62753378829956,-0.009452715007033194,0.03563656535539442,-0.06801737163251416
1776353330221,-1.255607964104414,1.2780528740160166,-9.634716393280028,-0.09976574508117304,-0.1083600707281796,0.0530796411959905
1776353330237,-1.2562063683889806,1.274461133134365,-9.596708441925049,-0.01115796778286208,0.38092829446977944,-0.0021113822271801915
1776353330254,-1.247228258293867,1.2897244609788059,-9.584438158416747,0.03897834212852894,0.5527482130655028,-0.20803977143406635
1776353330271,-1.2400456533133983,1.2997501804307103,-9.604939094653725,0.08914544125203791,-0.09670032416515958,-0.2954304943996457
1776353330287,-1.2388485524833202,1.2862827960923313,-9.603741993823647,0.016931291900521138,-0.41978950952621324,-0.34818770264204396
1776353330304,-1.2445346352957187,1.283589173094183,-9.607781624603271,-0.05279554801520028,-0.21780851609234486,-0.19807935459220435
1776353330321,-1.2406442037284373,1.3007976436570285,-9.58907750865519,0.007632683036636358,0.7586938378278727,-0.362489238309978
1776353330337,-1.252016515483707,1.3060348136581479,-9.5953622880131,0.3715700815332157,0.767299769460383,-0.26533654751443725
1776353330355,-1.2641370152577758,1.2994507590927182,-9.62124900894165,0.21353135024846237,0.1766617223044691,-0.2321217111066355
1776353330371,-1.2351074662588537,1.2680268623031674,-9.637111179462075,0.051436820618043756,0.1110659728978418,-0.06833009291088026
1776353330388,-1.2181985631644725,1.2665306323960424,-9.63426806499064,-0.12093653006343581,0.3822032453278975,0.13168177832961458
1776353330404,-1.2110158120535313,1.2662313571885226,-9.622895607104898,0.001430017496618529,0.372144671197143,0.12470884887811914
1776353330420,-1.2045813950918614,1.2668297614730895,-9.606734161376952,-0.006861618712365388,0.3559564291731252,-0.04013573902772875
1776353330438,-1.2119137838065623,1.2662315033189953,-9.622745384979247,0.16292290351069424,-0.008560788350964731,-0.05841577984591585
1776353330455,-1.2256802972219885,1.2594976650193332,-9.629629299274086,0.5513081637285409,0.1825768795691117,0.09184518024319123
1776353330471,-1.2250816006764769,1.2410920936264096,-9.655366382598876,-0.1160172463962928,-0.07885762889726487,0.1052577507823922
1776353330488,-1.183931551903486,1.2734139621689915,-9.63950538112223,-0.3296418980960346,-1.1038697738914849,0.017889652818438552
1776353330504,-1.1963513268850743,1.3133672023728489,-9.591770985522865,0.12809571557194632,-0.29705044985212875,-0.0374615065242572
1776353330522,-1.2018879182241857,1.2984032958664,-9.58967547454834,0.3273879356699304,0.8806761072058344,0.16714737551234712
1776353330538,-1.2469289830863475,1.2656328067734837,-9.59521265040934,0.3779403001513104,0.08688336797629431,-0.06895188024918943
1776353330554,-1.2409433328054844,1.2710196143783627,-9.640702481952308,-0.16142898639273906,-0.8192475736057083,-0.009667759244182814
1776353330571,-1.2330125398062168,1.2843375072434544,-9.649979428863524,-0.3223077957117483,-0.6348778227403211,0.10898842145139433
1776353330588,-1.2159538529776035,1.3124693767502904,-9.629928574481607,-0.29768715154882086,-0.07032309408592238,0.34010569454364126
1776353330604,-1.1959025602042674,1.3171081424668432,-9.571420271411538,-0.14675419155883443,0.7482446088931052,0.22509251263576677
1776353330622,-1.2225380536735058,1.3289295131638645,-9.57067149887085,0.3094280066082348,0.6789108783806298,0.3534608488051318
1776353330638,-1.246779053221643,1.3016953231491148,-9.589376199340819,0.19196582835694048,-0.12466274510122155,0.14932879934995902
1776353330655,-1.2533634000480174,1.2581510727159677,-9.654020228686928,-0.2310563883590986,-0.7006288522288605,0.4618172109540355
1776353330671,-1.2381003644645214,1.2491726703599095,-9.655516604724525,-0.22486644938249523,0.04071550469438648,0.6674143893470289
1776353330687,-1.2066764676749706,1.2241831905320286,-9.64608943568766,-0.18661586924611642,0.8250111326872884,0.873613798325747
1776353330703,-1.1969498773001133,1.2201429752305148,-9.624092123413085,-0.28673096783116503,0.42697433492453774,0.667540320959851
1776353330720,-1.2062274087332188,1.2101171096481382,-9.625438861846924,0.2703662081057847,-0.47239877480397197,0.6295916298487015
1776353330737,-1.2419906499013305,1.208321458403021,-9.624989949035644,0.32168147270094344,-1.000581732271848,0.8540178788752747
1776353330753,-1.235556379070133,1.231964199797064,-9.639205521392821,-0.12077385950339843,-1.3642453362322449,0.7311084113174837
1776353330770,-1.2280744988821446,1.2511179592087864,-9.649830375781654,-0.3647812737046197,-0.9066774100764565,0.7019526816282264
1776353330787,-1.2342097867667674,1.271767948527634,-9.630825815582275,-0.11426375540945069,0.020579146525836856,0.49103046364270897
1776353330804,-1.223585516899824,1.2909214156784117,-9.579650339618325,-0.02056783402502402,-0.3352658651864525,-0.06682326246652553
1776353330820,-1.2330125398062168,1.3091773494675756,-9.567679331317544,0.03612439027252142,-0.9501641573048699,-0.18375898254319992
1776353330837,-1.243187896861881,1.3619992774643004,-9.57620809020996,0.06421583775087317,-1.0946649200461291,-0.196683194556745
1776353330853,-1.2719184629142284,1.4040475902512668,-9.586084172058104,-0.10757809410949247,-0.6738065392756617,-0.1267028639093662
1776353330870,-1.2774549081228672,1.4050949073471128,-9.586682722473144,-0.3389262062513447,-0.24344717860672155,0.01104601671349734
1776353330887,-1.2934662778556345,1.3917773067429662,-9.585784896850585,-0.4118365546505267,0.39308933956528136,-0.1649486949298377
1776353330904,-1.307981125420332,1.3494300110094248,-9.58294178237915,-0.14613525902615493,1.0145492556811124,-0.07643245817466078
1776353330920,-1.303791126384586,1.3199511108078061,-9.567978022003173,-0.2667262242062704,0.8310555832984852,0.0024210352565050665
1776353330937,-1.2825427327811718,1.2789505535081027,-9.60882967235148,-0.22990678214442084,0.4981851401591502,-0.0698293461141245
1776353330954,-1.2343592782400548,1.2521652763046323,-9.628730889129638,-0.31891177763165035,0.2654447366436732,0.010924087164642035
1776353330970,-1.2265782689750193,1.2416907901719212,-9.636961541858314,-0.26958708629272726,0.5748724764476435,0.04743075458727261
1776353330987,-1.2144576230704784,1.219993337626755,-9.628581836047768,-0.2628499851305824,0.7065676483513337,-0.1742986636146298
1776353331004,-1.2297206586539744,1.204879939647019,-9.628881111255287,-0.03837387038698281,0.4662543259544579,-0.27951185808485823
1776353331020,-1.2373521764457225,1.1954527706101536,-9.638607555499672,-0.09651831029594933,-0.16468968134990614,-0.5056358626874292
1776353331037,-1.2373521764457225,1.2095187053635716,-9.64025298461914,-0.006888192417104968,-0.591523783953047,-0.5776573259991575
1776353331054,-1.2648854955375193,1.225829204173386,-9.638457917895913,0.06890353531647044,-0.5322233878879088,-0.6443231205888026
1776353331070,-1.2624912938773631,1.2505194087937475,-9.639804656329751,0.22777821772260984,-0.3782943227298139,-0.7262357650357671
1776353331087,-1.2403449285209178,1.2701219348862767,-9.621698506274818,0.05564416378591872,-0.2908174486672425,-0.5617954923122723
1776353331104,-1.2123625504873692,1.297655107847601,-9.611522564697266,0.08152716564568205,-0.35792816604829036,-0.3736279428249465
1776353331120,-1.2041324822805821,1.3232432842209934,-9.58922714625895,0.26103606297784154,-0.3519663980786477,-0.2853939849815615
1776353331137,-1.223884645976871,1.3377579856552182,-9.596708441925049,0.40837498276265255,-0.25887252051696064,-0.2973873969577072
1776353331154,-1.2292717458426952,1.3135168399766086,-9.62005249263346,0.04083871490371116,-0.17452584744581207,-0.11916108108562917
1776353331171,-1.220143705882877,1.3253382106736302,-9.611821839904785,-0.35653325999287394,-0.3693138245904372,0.11274209064799234
1776353331187,-1.2222386323355137,1.365440942350775,-9.578004325976968,0.10334022853376401,0.006415948869022056,0.10642112409711578
1776353331204,-1.2181985631644725,1.3221958209946751,-9.573964110675453,0.4070400543058853,0.871113682285258,-0.0010350404635213854
1776353331220,-1.230618484276533,1.2791001911118627,-9.59551134109497,0.05433308763039362,0.523838903794895,-0.1430943841024712
1776353331237,-1.2213409528434276,1.232862171550095,-9.622446694293618,-0.23526365148569425,-0.42592750171252747,-0.28020629622437815
1776353331254,-1.2382500020682812,1.2662313571885226,-9.631125675311685,-0.5164678490199818,-0.4923032267058585,-0.3049560469708747
1776353331270,-1.2586007161796093,1.277603815074265,-9.634567340198158,-0.1067595653065752,0.3206523552920929,-0.37618013905785697
1776353331287,-1.260695642632246,1.2593480274155735,-9.606734745898843,0.246611984111244,0.7212954571925853,-0.07898073238488378
1776353331304,-1.2494726762197912,1.2415411525681614,-9.625140171161293,0.09129150803359706,0.2545852694718818,-0.07710384442573187
1776353331320,-1.2506696309193968,1.2518660010971128,-9.63411784286499,-0.039877685943149214,-0.43489233844158076,-0.10878527668443934
1776353331337,-1.2247826177299022,1.2783518569625913,-9.654768416705727,-0.1255501894456472,-0.35855206114028876,0.26477287014492606
1776353331354,-1.21341015984416,1.27924968258515,-9.62678618480265,-0.4038552384815288,0.11624042816350826,0.5073265479504189
1776353331371,-1.1990448037527501,1.2720672237351536,-9.614216626086831,-0.15772200794242042,0.4076439924389025,0.4112574293141037
1776353331387,-1.2324138432607055,1.2846366363205015,-9.601197570037842,0.29802335160245885,0.5520100190266125,0.2727877769708187
1776353331404,-1.280447806328535,1.3120203178085386,-9.568577156940101,0.47439270979393966,0.3508329868828223,0.185301538078565
1776353331421,-1.2985539563834667,1.299600396696478,-9.570821720996499,0.4429286429694826,-0.2100936039814039,0.06366221890213189
1776353331437,-1.2892764249503612,1.2913704746201633,-9.60134779216349,0.044665595190475256,-0.392885394385533,-0.2666605903572148
1776353331454,-1.2654840459525585,1.2946625019028781,-9.616461190143227,0.024401918026928367,0.4118478671513396,-0.2948588395826273
1776353331471,-1.2523157906912266,1.3136664775803684,-9.611822424426673,0.05418469109850452,1.0174275400860382,-0.3681653389536701
1776353331487,-1.2554583265006543,1.3383566822007298,-9.592668811145424,0.353279581987862,0.6717889654278635,-0.392697644224637
1776353331504,-1.2669804219901561,1.319502197996527,-9.597756489673257,0.2313821563659965,0.038492064676135765,-0.4101079831819846
1776353331521,-1.2614436845205723,1.3153123450912534,-9.59581061630249,0.2221353608902686,0.20566734791454475,-0.3145574519944879
1776353331537,-1.2222387784659863,1.3036406119979917,-9.626187634387612,-0.206630911515619,0.5487006856520356,-0.22729999775900317
1776353331554,-1.188869446697086,1.2865822174303232,-9.624241761016846,-0.2799646516020625,0.9209693674712967,-0.32956441813763726
1776353331571,-1.1834826390922069,1.2750598296798765,-9.624840895953774,0.08641822142164586,1.0300364961807047,-0.22876870187396747
1776353331587,-1.1788435811147093,1.2433366576828062,-9.632920742034912,0.03649690238655157,0.14414393871797887,-0.42568721779196056
1776353331604,-1.1525076551139355,1.2114639942124485,-9.648782912555337,-0.15735360461406286,-0.5588057904465108,-0.3553251436030015
1776353331621,-1.1517593209646642,1.2008395782150327,-9.65267349025309,-0.25758913864408584,-0.566169001176049,-0.21066413822051153
1776353331637,-1.1543031602285803,1.2318147083237767,-9.642498133197426,-0.15579978993873786,-0.5062182963967314,-0.3128598831814753
1776353331654,-1.1945556756399571,1.2550085369065402,-9.631125090789794,-0.024803084918960834,-0.33669316127957366,-0.41086709467520804
1776353331671,-1.2077237847708164,1.2684759212449193,-9.617508653369546,0.04779158067451969,-0.34533665895251897,-0.288182516431925
1776353331687,-1.2388484063528478,1.2746110629990697,-9.608680034747719,0.14113054463353386,-0.7218254905443487,-0.03271617923753795
1776353331704,-1.240195290917158,1.2704213562242685,-9.630227849689126,-0.14619086103486706,-0.7881065533846516,0.21670023785823095
1776353331720,-1.2386989148795604,1.2747607006028294,-9.617359015765786,-0.15873949268534077,-0.6031688829619485,0.29013661754520975
1776353331737,-1.2436368096731603,1.2970567035630345,-9.599701778522133,-0.06306820588775235,0.06755697419377299,0.3296264768095492
1776353331754,-1.2638378861807287,1.333119366069138,-9.590274609485268,0.018459493366458603,0.22299825924236452,0.47598878626475416
1776353331771,-1.2777543294608593,1.3373092189744114,-9.584438158416747,0.26351744935896604,-0.05541225751925563,0.31536744306094266
1776353331787,-1.2955612043082714,1.3189037937119603,-9.585485621643066,-0.0027486708932541156,-0.21196568946379563,0.30276739822870874
1776353331804,-1.3036414887808263,1.2767059894517063,-9.58892728652954,-0.019263748141227603,0.14407894519915795,0.4045740892112462
1776353331820,-1.3000503324210644,1.2859833747543394,-9.602395255389808,-0.15995326532561963,0.43594466782143876,0.19114529852203982
1776353331837,-1.2840391088187695,1.2895748233750461,-9.619453942218422,0.03323409967569532,0.5160406420317387,-0.04231035386558445
1776353331854,-1.266381871575117,1.2998996719039977,-9.599552140918373,0.34513901035341177,0.29007327821282847,-0.41869889373440616
1776353331871,-1.270571578349918,1.2888266353562474,-9.596559388843179,0.34024501973053894,0.4075648049332127,-0.3651867628257363
1776353331887,-1.2572539777457714,1.2484244823411106,-9.634118427386879,0.1535359290744224,0.38129338942525776,-0.3210157427002787
1776353331904,-1.1951540799245237,1.236902094590664,-9.651775080108642,-0.4485189393617265,-0.3708249505834496,-0.3321202962693972
1776353331921,-1.16717199415192,1.2597967940963803,-9.655516020202636,-0.549655151227692,-1.0343294835174695,-0.41711543710530036
1776353331937,-1.1408356297597289,1.2984032958664,-9.606584523773193,-0.07982338029330766,-0.2394411125759504,-0.3762791234399693
1776353331954,-1.1809386536978184,1.2433368038132786,-9.6013472076416,0.5856429377168132,0.5710294811833064,-0.5591404697158414
1776353331971,-1.2122129128836094,1.2243328281357884,-9.632322191619872,0.14775566804588755,-0.690964347996704,-0.48532618846869047
1776353331987,-1.1966506020925938,1.2556067950606344,-9.649231240844726,-0.2559864187470865,-1.3598616354455662,-0.1752714319628277
1776353332004,-1.2268775441825388,1.310075175090134,-9.644443422046303,-0.08018164505961597,-0.7221869569618306,0.2006821102332288
1776353332021,-1.2273263108633459,1.3226447338059544,-9.624541036224365,-0.029032252675668106,0.8628668691927023,0.29111360140078607
1776353332037,-1.2370527551077306,1.3022940196946262,-9.61481517650187,0.0013174794578719908,0.8382544959619729,0.7304599702331556
1776353332054,-1.2648853494070469,1.2743117877915502,-9.597157939258217,-0.1216378517529786,-0.03802729164745755,0.43906286262096117
1776353332071,-1.25500912142843,1.2996005428269504,-9.584438158416747,-0.4177238842303868,-0.8517435859642192,0.07968007972286961
1776353332087,-1.2512684735953807,1.3189037937119603,-9.587430910491943,0.08887362106741256,-0.21404785662401815,0.1441408971493641
1776353332104,-1.2481259377859533,1.3084291614487766,-9.607482933917641,0.17758662596762403,0.49865658329443974,0.07659395479593455
1776353332120,-1.2406442037284373,1.2614429538682101,-9.619902855029702,-0.23772710862024743,0.4014428210027656,0.16292818623513042
1776353332137,-1.2342097867667674,1.2572531009629369,-9.619902855029702,-0.31796216789360704,0.04280458208505835,-0.026578560577193915
1776353332154,-1.2413923917472363,1.2578516513779758,-9.611223874011635,-0.1793818451414267,0.1330450947601197,-0.14593278126986106
1776353332171,-1.2458813737295567,1.2612930240035056,-9.600150106811522,0.03707239918497804,-0.3634811898847901,-0.1659904588608233
1776353332187,-1.2599473084829746,1.2529134643234312,-9.616759880828857,0.2589064846998256,-0.7624818714137324,-0.2136051749884367
1776353332204,-1.2705714322194457,1.2424388320602475,-9.643545011901855,0.1010914954712431,-0.38968742511093896,-0.19525283021458267
1776353332220,-1.275958678215742,1.238548400492966,-9.662699209704995,-0.11472562027164636,-0.3265404586043199,-0.15975308208600006
1776353332237,-1.2729659261405468,1.23600456122905,-9.653720953479409,-0.24117840854394015,-0.9821099125483715,-0.3003706154798425
1776353332254,-1.2422902173697947,1.2446833961166441,-9.625439446368812,-0.4586924527696076,-1.114037364244695,-0.24029675385205318
1776353332271,-1.2366038422964512,1.3129181434310973,-9.593865911975502,-0.1301707323778815,-0.8223198780717447,-0.4614576655272578
1776353332287,-1.2373521764457225,1.3389552326157688,-9.578602291870117,0.31331198300759194,-0.7017401453511627,-0.16696312048731546
1776353332303,-1.2583012948416172,1.3881858581222593,-9.557952887073158,0.31894982391976145,-0.8093110891063678,-0.038632670523502825
1776353332320,-1.2638378861807287,1.422303231779486,-9.54478419342041,-0.24636444311468392,-0.553702838723718,0.12792079869617054
1776353332337,-1.2280744988821446,1.4408582946456967,-9.543287817382812,-0.6570394920803382,-0.009833818218378748,0.37105434889002686
1776353332354,-1.1973987901113927,1.4815598689988254,-9.542240354156494,-0.7094991868874443,1.2513509537101024,0.4149692102411825
1776353332371,-1.2060779172599314,1.3953686092332005,-9.566631283569336,-0.37882534325735595,1.7545481720595726,0.15254053572459883
1776353332387,-1.1973987901113927,1.3549664562180637,-9.57635772781372,-0.709469038005561,1.378382120266879,0.03379310797057856
1776353332404,-1.182435029735416,1.2358547774948179,-9.631574003601074,-0.6875921021765689,0.9445773827289168,-0.3086712963533914
1776353332420,-1.1911140107534826,1.1242252712205052,-9.67227601634562,-0.5009062234914599,1.16054796428472,-0.912167814952089
1776353332437,-1.1893185056388378,1.0760419628098608,-9.682750648608803,-0.16603586894663333,1.247087208120722,-1.1174711351282132
1776353332454,-1.2295708749197423,1.048359006114304,-9.6779616607666,0.3488872367430149,0.993226685752802,-1.1742033267045737
1776353332471,-1.298703447856754,1.061078202433884,-9.677363694873451,0.7286610691605035,0.04988647439815665,-1.170651735057873
1776353332487,-1.327284084044397,1.0998341956771909,-9.693523971557617,0.741117253133344,-0.8522855187861773,-0.7363866534420226
1776353332504,-1.3049883733451366,1.1577440944626927,-9.683798111835122,0.2720134576345214,-1.55764609128427,-0.5039915480056015
1776353332520,-1.3281822019279002,1.2541107112839818,-9.625738137054443,0.5985947906521556,-0.5741504507471791,0.1536165573231403
1776353332537,-1.3308755326651036,1.2972063411667942,-9.584438742938637,0.9615914906731243,-0.13690770013789413,0.4166589883696731
1776353332554,-1.3428465409658847,1.3266849491074681,-9.597456629943848,0.9221323138991971,-0.20567906062175426,0.5444665553360095
1776353332571,-1.3069336621940135,1.368284202952683,-9.602544892993569,0.7566538524218603,-0.3316342856212685,0.6142222634731448
1776353332587,-1.276407444896549,1.4003066501572727,-9.591321488189697,0.1930075389270732,-0.4175120149639842,0.5622887600363942
1776353332604,-1.1996433541677891,1.481559722868353,-9.560496141815184,0.32991772034462674,0.014092814691851934,0.26330037740940654
1776353332620,-1.1870737954519688,1.505801014677435,-9.504232987323403,0.47022666792620216,1.0905502646797254,0.07182568234247229
1776353332637,-1.2011397302053868,1.4785668246626853,-9.515006310272216,0.6613306651481046,1.6191531186989983,-0.2207959234414321
1776353332654,-1.224333704918623,1.3724739097274838,-9.554510637664794,0.17789878695703476,0.4677170536538985,-0.7114384803640519
1776353332671,-1.1761503965079785,1.3334186412766575,-9.60882967235148,-0.4634891665576606,0.17712868312811583,-1.0203068917080216
1776353332687,-1.1739056863211095,1.3112722759202122,-9.623045244708656,-0.24094383423463253,0.8901898136677218,-0.8108762162825056
1776353332704,-1.1861761159598827,1.2656328067734837,-9.651176529693602,-0.33563987140436363,1.4869458426901159,-0.7884915519382583
1776353332720,-1.1697159795463083,1.1882701656296848,-9.673323479571938,-0.38327235669598964,1.2525117657038873,-0.7600988290844855
1776353332737,-1.1626830121695995,1.1557988056138158,-9.661950437164306,-0.386040931187372,0.4972252851373518,-0.43135958317595036
1776353332754,-1.157595187511295,1.1164441158249974,-9.65222457744181,-0.2635388470609752,-0.2742328955888053,-0.38383608742635367
1776353332771,-1.167471415489912,1.1293128036178648,-9.683348614501952,-0.05905581659591365,-0.057344454002428775,-0.06636169108902076
1776353332787,-1.1782451768301427,1.1355977291062473,-9.692028180041909,0.07145925336567169,-0.054835053173536666,-0.11180616796871548
1776353332804,-1.1843803185842932,1.1828832118943333,-9.68469593745768,-0.10573055461943047,-0.997835889503797,0.5172518800315052
1776353332820,-1.216552549523115,1.2240335529282689,-9.624840895953774,-0.07552868540925058,-1.0634867073106076,0.43105579984044345
1776353332837,-1.2476771711051464,1.2503697711899875,-9.618854807281494,0.17565992565229863,-0.2823618879181783,0.7301470088309515
1776353332854,-1.304389676799625,1.2943632266953586,-9.583989830127358,0.44184408363447863,-0.229461859353018,0.8390224119959233
1776353332871,-1.3058860528372227,1.3394041454270482,-9.592219313812254,0.4178420518391133,-0.812500200479382,0.6258876396061448
1776353332887,-1.2988532315909862,1.3394039992965756,-9.591621347919105,0.17377452663711065,-0.7661958934966325,0.6452278538495648
1776353332904,-1.2735644765555858,1.3636454372361302,-9.594314240264891,-0.03786352718993592,0.010618542920989744,0.401941691616441
1776353332920,-1.2554583265006543,1.3666381893113255,-9.578153963580727,-0.007045980459102841,0.4537757837842562,0.24122109722625273
1776353332937,-1.2581518033683299,1.3625979740098118,-9.560496726337075,-0.0668006641453263,0.3643696214049942,-0.04008984869424273
1776353332954,-1.2581516572378575,1.34464146155864,-9.564237666431069,-0.009294713521623758,0.15383325574672954,-0.2212499442582528
1776353332971,-1.259797670879215,1.3160605331100523,-9.582044541278481,-0.019273940064129733,0.20113551740024127,-0.4679845516094397
1776353332987,-1.2484252129934728,1.3003484385848045,-9.608829087829589,-0.23792955969611485,0.4479847438634374,-0.574998247977907
1776353333004,-1.2277753698050975,1.2978047454513608,-9.608530397143959,-0.1482580337954273,0.9533296298200534,-0.33410033075718687
1776353333020,-1.2430382592581213,1.2752096134141087,-9.626486909595132,-0.12157584644191959,0.8749736463008143,-0.33696503482505186
1776353333037,-1.2445344891652463,1.2623406333602964,-9.632022916412353,-0.3198679774350257,0.6438666718531753,-0.45887889558960776
1776353333054,-1.216402765788883,1.227475071684271,-9.622895607104898,-0.3758826789834176,0.15948987967911657,-0.3438008002041917
1776353333071,-1.2014391515433787,1.2222379016831517,-9.622446694293618,-0.2542854081590624,0.27567033024397564,-0.278020155442298
1776353333087,-1.2119137838065623,1.2171502231553195,-9.636512629047036,0.1332775879961646,0.680857695737495,-0.41850463354945744
1776353333104,-1.2054793668448924,1.1837808913864194,-9.648483637347816,0.18526562622456955,0.2227629912419693,-0.531068872474765
1776353333120,-1.155649898662418,1.187372193876654,-9.6794580368042,-0.17654088665309806,-0.9701727695915991,-0.49881127640697
1776353333137,-1.1560989576041698,1.199044073100388,-9.67856021118164,0.09182938543073557,-0.9159020074373819,-0.22522108561080698
1776353333154,-1.155649898662418,1.1970986381210387,-9.641450669971109,0.05486221384765805,-0.02969296675616106,-0.07259872101830021
1776353333171,-1.14173360151276,1.2470775977768003,-9.6411508102417,-0.05516893203007393,-0.5495293796974285,-0.08323409928837698
1776353333187,-1.1456240330800413,1.269523238340765,-9.633818567657471,0.022946927651156978,-1.4039195572433218,0.11711720033735575
1776353333204,-1.1617851865470408,1.3163599544480442,-9.599103228107094,0.11465395664621413,-1.3273189857016288,0.2495562758911955
1776353333220,-1.2318154389761387,1.3263856738999484,-9.603142858886718,0.2446420615050771,-0.502264150475823,0.4729638662360848
1776353333237,-1.2521662992179392,1.3230936466172336,-9.610175826263427,0.36934226592502795,0.25170527751966365,0.5122665889893364
1776353333254,-1.2627905690848826,1.3326704532578586,-9.613767713275552,-0.390402060333278,-0.9753009609978094,0.8164698744084816
1776353333270,-1.269973027934879,1.3712769550278783,-9.568726794543862,-0.42223188912387455,-1.2682392367631936,0.667010074164676
1776353333287,-1.2913712052725255,1.4006059253647922,-9.548824993243812,0.12813424210773341,0.17461053111934965,0.5503030587034912
1776353333304,-1.3456898015677927,1.343294723124802,-9.567380056110023,0.5522265040067902,1.320493705730082,0.5108935075227523
1776353333320,-1.3337185010060668,1.2588988223433495,-9.600898294830321,-0.06996082725564724,0.21270953975309234,0.09512201685835774
1776353333337,-1.309477355327457,1.2588989684738219,-9.611971477508545,-0.4003638912377416,-0.21556832076628646,-0.0058345290159247205
1776353333354,-1.2883784531973301,1.2704212100937962,-9.62693523788452,0.04158790127829694,0.7663188902625457,-0.39771401796361466
1776353333371,-1.253363253917545,1.2574025924362242,-9.586832360076905,0.30165871978819814,1.657310183940686,-0.5421842049361674
1776353333387,-1.2385492772758007,1.225081016154587,-9.55002209407389,0.9912491325446717,1.9601819026367961,-0.6307614598266249
1776353333404,-1.269973027934879,1.2219386264756322,-9.579051789203286,1.9441563578532424,1.9169715646263568,-0.6605122697473195
1776353333420,-1.3302769822500646,1.2873301131881774,-9.605537645068765,1.3741714153652718,1.8870694233268641,-0.8755009048882275
1776353333437,-1.1727086585562676,1.333568132749945,-9.633220601764322,-1.3187872256546367,0.5567751965506071,-2.0566265215949033
1776353333454,-1.0733492896597832,1.3842952804245054,-9.682750648608803,-1.9264350051648211,0.28377274886860904,-2.4045917895216724
1776353333471,-1.0149906241934745,1.3537693553879857,-9.642797408404945,-0.970929746650707,2.862416594823277,-2.881200041927635
1776353333487,-1.1382920096915214,1.2075734165146945,-9.639804656329751,0.8749252480072425,3.425810084597068,-3.452111435543494
1776353333504,-1.1700151816885918,1.1712114788010717,-9.649980013385415,1.4308830096524165,0.7763342421024587,-3.1942989016887813
1776353333520,-1.2101180594962089,1.159240324369818,-9.637560092273354,0.7959618045386953,-1.4980570663658457,-1.9943439475442613
1776353333537,-1.2659328856986016,1.199642623515427,-9.670181089892983,-0.2556570488826185,-2.2048258317717244,0.0980746329313602
1776353333554,-1.2909223655264823,1.2597967940963803,-9.690980132293701,-0.10862402018700357,0.45772944945748867,1.3085161152468183
1776353333571,-1.316809670976922,1.2547092616990208,-9.689035427966713,0.4457124786647917,2.8180809831470777,1.7653947259049645
1776353333587,-1.1740553969901055,1.0896589847519993,-9.63351929244995,0.32250381680484236,1.045527151774882,1.5908686650157409
1776353333604,-1.08172899547033,1.0594321887925267,-9.62124959346354,0.07764697786688012,-0.14802393973379568,1.2116456766826431
1776353333620,-1.0127460601370781,1.096991227336228,-9.689483756256102,1.408127807545696,0.1529848715466199,1.1104685904033633
1776353333637,-1.021424895024672,1.1179403457321226,-9.686939916992188,2.731734371990011,0.16664018060562077,1.2306848289940537
1776353333654,-1.0571884284537285,1.1059694835618137,-9.660903558459877,2.5464093551361744,-0.8506364549884424,1.2388897004562374
1776353333671,-1.1472701928518712,1.1329042522385715,-9.644293784442544,1.5019604127548023,-2.017430200382316,1.398176328646693
1776353333687,-1.1873730706594883,1.2782020732283592,-9.663446813201904,0.6781471244932048,-2.377653096548319,1.7199388564831777
1776353333704,-1.2008404549978673,1.3600538424849509,-9.630676177978515,0.22747021887972457,-1.6036134778418674,1.8859505529634515
1776353333720,-1.2530639787100255,1.4782676955856382,-9.523984566497802,0.3641056986265967,-0.40217221050092894,1.7283042373908566
1776353333737,-1.249622386888787,1.4408584407761693,-9.513660156360269,0.5741625636607853,0.31198057636711546,1.673472012342523
1776353333754,-1.239447029833123,1.403748168913275,-9.522788050189614,0.5125479074057763,0.052259004639384044,1.3800113338273385
1776353333771,-1.227476094597578,1.3856421649888158,-9.51934638530314,0.1255392504708046,0.5079169857876548,1.2065495017881676
1776353333786,-1.2473778228323906,1.4115294704392551,-9.559299625506997,-0.19123609201323338,1.0773671458079543,1.047632877751656
1776353333804,-1.2686263625662773,1.4300845333054661,-9.572167874908446,-0.824555270921043,0.7925556745769745,0.5997337780571081
1776353333820,-1.2741629539053887,1.4260443180039524,-9.55675578624308,-1.192463730728897,0.6677854073571782,0.08992264207439131
1776353333837,-1.2991524337332694,1.3691820285752414,-9.552416295734048,-1.1585313509322737,1.768639812812661,-0.8566947260605379
1776353333853,-1.2862835267446935,1.3359621882796286,-9.567678746795654,-1.341629512673275,2.2431613357054787,-1.51172000602681
1776353333871,-1.2021871934317052,1.2924177917160093,-9.601047932434081,-1.498077983820179,1.4507571525898613,-1.9637615620921176
1776353333886,-1.1305108542960136,1.2563552753403782,-9.62843161392212,-1.7545394208796985,0.7237621159783119,-2.4033749486323526
1776353333904,-1.0972913062613456,1.260994041056931,-9.643844871631265,-1.7753149353441733,0.9023715094132924,-2.54570136334002
1776353333920,-1.0830756608389318,1.2171500770248471,-9.689483756256102,-1.3275169544658534,1.3993945569181885,-2.482965222039807
1776353333937,-1.0788858809988946,1.1273676608994603,-9.673323479571938,-1.3638479045999148,1.0017793632541274,-2.344250910186018
1776353333953,-1.0923532653372734,1.1143491893723607,-9.687837742614745,-1.6064965647235532,-0.45474935254524745,-1.8940443271299165
1776353333971,-1.1375438216727227,1.1529556911423802,-9.696218032947183,-1.37663828759441,-1.95195686077222,-1.2722943414177714
1776353333986,-1.1637304023306816,1.161335396952927,-9.698911509814858,-1.0065795988584711,-1.3231325066272341,-0.661027201977715
1776353334004,-1.1758510482352227,1.1427804802171886,-9.708937229266763,-1.0079850170019071,-0.4537965945168836,-0.1662266606761441
1776353334020,-1.1721100350759923,1.1068670169234276,-9.680056587219237,-0.8154054321150175,-0.40231644488629253,0.08328882084301642
1776353334038,-1.2098187842886894,1.1222799823716283,-9.686491588702797,-0.21925563574231485,-0.7482815879641584,0.7920556833853885
1776353334053,-1.216402838854119,1.1303602668441832,-9.69741513377726,0.07229659186923293,-1.162792321757304,1.0283684359193408
1776353334071,-1.1968003127615898,1.1405357700303196,-9.685294487872719,-0.00931024152981496,-2.0760678012936986,1.2331789152581663
1776353334087,-1.1559492469351738,1.2285225349105895,-9.642498133197426,-0.20292902902675142,-2.7818476833738064,1.6659335112112388
1776353334104,-1.1694165582083165,1.279848233000189,-9.6028435836792,-0.36945333654032,-2.492439548192261,1.5582948525337155
1776353334120,-1.2180487794302404,1.3521230494856833,-9.543736730194091,-0.019099450075177063,-1.3464329499287921,1.2623310164094268
1776353334136,-1.2343594243705271,1.4535776370957494,-9.520543486133217,0.5383554570195521,0.3194306585651598,0.46860716604096864
1776353334153,-1.220293416551873,1.4808116809800267,-9.521740586963295,0.22262772147989132,-0.48552783913176456,-0.46226634925281673
1776353334171,-0.9054559713065624,1.267278820414841,-9.820566297149657,1.7766107502957718,-1.3965939659150717,1.1421954594283072
1776353334187,-1.2177495042227209,1.0814289165452122,-9.378836090850829,0.6416315458081415,4.586621438051656,0.6077411076418903
1776353334204,-1.4206581679861991,1.2491725242294371,-9.518149284473061,0.14171431236415838,4.113866906441462,-0.6026628086331329
1776353334220,-1.3796573914907873,1.5291444808639585,-9.725396781158446,0.8301633898381523,-0.2421449603527763,-0.3018125057662292
1776353334237,-1.2819441093008965,1.3545175434067844,-9.579350479888916,0.8636689361725027,-0.9259602080421662,1.0530495379285933
1776353334253,-1.306484676317498,1.2068252284958958,-9.468917928314209,0.852335998153012,1.7321468591292233,1.3798089894731769
1776353334271,-1.3459890037100761,1.1676201763108371,-9.542839489093423,1.0889012008819903,2.977243814158827,0.6754099261833222
1776353334287,-1.3220469871085136,1.2669795452073216,-9.7110321557194,0.6230962266697252,1.7911018503936,0.04967751329823657
1776353334304,-1.211315087261051,1.238398616758734,-9.79916811981201,0.8247382452856052,0.19482623687614778,0.3656450525107883
1776353334320,-1.1483177291434257,1.1819853862717746,-9.670031452289223,0.8664917252904221,1.0576671726943452,0.37916044941350974
1776353334337,-1.1133025298636405,1.1650763370469213,-9.590274609485268,1.2538765228774205,2.7175160525721602,0.22886528501769968
1776353334353,-1.0754442161124198,1.188868716044724,-9.6206510430485,1.3252516795389364,2.614272834068952,0.11920425001561777
1776353334371,-1.1347006341360508,1.3007976436570285,-9.62768401042521,0.8677096333968,0.22181332814307309,-0.4857650281228638
1776353334387,-1.0778384177725762,1.331622843901068,-9.646837623706459,1.0980867380985997,-0.795810579881603,-0.40500022898243154
1776353334404,-1.105820576610416,1.3341666831649839,-9.619154082489013,1.1811819657673286,0.5565479860389985,-0.6731391017277045
1776353334420,-1.1082148513358085,1.230916882701218,-8.676587400928138,3.559507409062071,6.552164185413266,-1.2653173031806033
1776353334454,-0.9810228881400078,1.4342743862107394,-10.703279106250404,-2.482082846976406,-9.524280448496118,-1.3854842363432227
1776353334470,-1.2565057166617364,1.00466467968598,-9.53086789627075,-3.8926076240339533,-11.276504008360359,-0.9259541249049366
