ts,ax,ay,az,gx,gy,gz
1776353604946,-0.5361512420102954,-2.3615802241452037,-10.708665475463867,-5.173449947197995,2.6701676871417512,0.18666533475674613
1776353604963,-0.3070560706540942,-2.3312037905819714,-10.505607247161864,-1.2518302408907669,13.627730889566488,3.613404004915818
1776353604980,-0.029777590887248514,-2.2457608649656176,-9.526528405761718,-0.14225421747370673,16.691845105014355,8.979237329144624
1776353604996,-0.08529321494735777,-2.278681137792766,-8.701426658630371,-1.509653980524587,5.254455136980701,16.849933248448885
1776353605013,-0.30316541989110407,-2.335094368279725,-8.653841900634765,-1.2132325217259077,-10.965901155854029,18.49842331029356
1776353605030,-0.7963710349485278,-2.455552785436809,-9.088090226745605,3.774304051854278,-23.67469412561877,13.640773989560273
1776353605046,-1.319204822485149,-2.316988364355266,-9.527276593780517,8.67676923193978,-29.2676645369227,8.546977708462967
1776353605063,-1.4520830146238206,-2.221519427026063,-9.628880526733397,15.768516227349938,-26.123011292102984,2.8940512562944254
1776353605080,-1.3814540656492114,-2.2319940592892467,-9.505728194317221,19.27344146032032,-26.24621936699355,-0.6577536203745749
1776353605097,-1.2196958159849047,-2.159270329992473,-9.140912300872802,17.75297646427837,-27.70659748135961,-0.38186248292133734
1776353605113,-1.1240773871824146,-2.139667657769471,-8.927977990722656,19.19378779421963,-34.352596940024625,-0.47666177334141197
1776353605130,-1.2589008681699634,-2.300378590337932,-9.006238457489014,37.539238772767,-37.42952885922367,-3.107391147802716
1776353605147,-0.8369228255674243,-2.5737664924070236,-7.689576597484946,44.03256984310389,-48.454263557040896,5.624527165929862
1776353605163,-0.869394039452821,-2.0633523337215185,-6.534973431396484,31.93697418154997,-50.80909763190244,14.176299240303354
1776353605180,-1.0405796042844653,-2.1640584410518406,-4.819826632580161,5.828891121651698,-52.39769376491527,17.38343078678212
1776353605197,-0.7445964240476488,-2.7545287177488205,-4.838831192779541,-3.6161198588845447,-62.734133224597386,19.945304970859674
1776353605213,-1.8195932617187498,-2.353499939672649,-5.176713486590981,-1.7450637073450694,-87.22795656945016,12.399856683415894
1776353605230,-2.3587372558042405,-2.0353703940793872,-5.320065726470947,1.4729913393289567,-115.6126176655682,5.300666916244538
1776353605247,-2.845658310699463,-2.3084590209409592,-4.9622822158813475,0.02578668552029556,-145.9517988643879,-3.10128026292967
1776353605263,-2.457348728942871,-2.498049864904582,-5.127931043243408,2.261478408955572,-167.2315127707511,-2.0624268463041253
1776353605280,-2.7009581633418795,-2.157324748882651,-5.588665225219726,6.391367871972826,-169.32302597763572,11.217727669231461
1776353605296,-3.2128689903259278,-1.6029177192136643,-5.501427086749673,2.501909392033072,-163.91052453212916,26.150163001601076
1776353605313,-3.485807687322795,-1.538723187200725,-4.902427174377441,-16.853696682681562,-147.51688207118298,43.4162682139153
1776353605330,-0.7833522711604833,-2.243665646252036,-3.832069394683838,-41.8870230096953,-114.2035633001729,57.78708868045968
1776353605347,-3.755454941558838,-0.88435794595927,-5.56696777267456,-43.699553724836164,-111.45469219699874,59.00967205132445
1776353605363,-4.021808707207441,-1.0733500933773814,-5.862801315307617,-36.292169173727736,-109.72008369500396,65.10124456449202
1776353605380,-5.326948471722006,-1.0226229457028209,-5.177161814880371,-33.184511648547385,-106.32778828144708,59.20793878255158
1776353605397,-5.443516749572754,-0.37304625391215085,-5.0185459548950195,-24.647994374798294,-110.94515325472662,61.11756405183877
1776353605413,-4.782716506847739,0.2600705937258899,-4.620509928894043,-18.18343376879279,-135.15213597519553,77.51725806038958
1776353605430,-4.290708650207519,1.5948377270020544,-3.5474586723327635,-12.123853007923909,-181.16504403606376,123.27503806519032
1776353605447,-5.093514394378662,2.451213806384429,-2.606687057495117,-18.347821054189364,-182.1141944438854,135.1806588451695
1776353605463,-6.075735040935873,2.2456119580142198,-2.4548048896789547,-29.462171249011742,-168.9804646700029,128.96998149325526
1776353605480,-7.424120072937011,2.1793223168855533,-2.4322096115112304,-36.78721445458109,-166.24953647377836,123.0256132170798
1776353605497,-6.516119677844643,3.790021529421443,-1.7007810043334959,-40.56134817859294,-180.67290158560766,143.82669478716517
1776353605513,-5.756259341430663,4.904073480279743,-1.7335516395568846,-42.81927211441575,-219.2070940147704,179.34568654684745
1776353605530,-7.666832266235351,6.795493084064126,-3.0588918960571285,-43.19835444354063,-263.59757260057216,238.77245776021707
1776353605547,-13.507636853790283,5.662436563873291,-6.133645085851848,-27.857641992212564,-248.16079866120972,227.90533992278165
1776353605563,-15.472079315948486,5.869086240795999,-5.998522621917724,-19.713834982529818,-201.49213779850692,186.28506312093202
1776353605580,-15.033341861724853,8.219145246234536,-4.242824617004394,-30.98624258493546,-135.44915358144272,160.4950201357726
1776353605597,-13.533075830951333,9.49241161662638,-3.412784975079447,-36.346394045548465,-124.8092078358019,164.48077702593352
1776353605614,-13.314754567065835,9.737367789459228,-3.797653184210509,-27.41684207374745,-132.53174756049847,171.95135107214833
1776353605630,-14.61450562427938,9.128193689075111,-5.603628985595702,-7.329895201200992,-100.9831447653446,166.15853103327711
1776353605647,-15.905130541229248,7.597700277820229,-4.255244099725037,3.070922206503079,-90.06837952825916,142.99899880316468
1776353605663,-15.26468159713745,6.451925145831704,-2.7594667586728927,1.3320777065624236,-78.45295982573548,109.15662723942376
1776353605680,-14.318523028564453,6.595277385711669,-2.3446716133117675,-1.304994619121148,-67.22537875485263,97.48727636321365
1776353605697,-12.210130360633134,6.9819421228706835,-2.2417207957945764,-0.8382824036880347,-52.48283207291948,94.48350943040379
1776353605713,-11.254245347815752,6.703316904669999,-2.099116232476756,3.7959395298239396,-38.50581640825594,93.71322118637725
1776353605730,-10.926986739349365,6.340744406238198,-1.9818007164552807,6.1738357384180285,-31.36293776294542,91.80791942683469
1776353605747,-10.412233966937661,5.362114477649331,-1.5322892816957085,3.463218817237816,-21.980170296315503,86.58255150420814
1776353605763,-9.87563351985514,4.642656878772378,-1.1155482629638165,-7.642150105712819,-0.38854907803622113,79.12810353462373
1776353605780,-9.65970704215169,4.218285219031572,-0.9487018963802605,-17.161661374620977,16.03330900109299,70.61880797981172
1776353605797,-9.387364849743246,4.160523350414634,-1.1614869342528282,-21.213333005367126,28.934344475236912,63.972788030579196
1776353605813,-9.18131445388794,4.330512837329507,-1.488145932858251,-13.93507147297049,36.30797423146714,55.38953177233971
1776353605830,-9.04095379703939,4.371213681030273,-1.4757257194852456,-5.1658236141028535,33.413691815957996,48.06945752939155
1776353605847,-8.545054778179527,4.632480937194824,-1.1131540613036601,0.32552478813039787,26.81225251143814,44.30549395705385
1776353605863,-8.210614733776449,4.87145219039917,-1.1339535786284134,6.182351703652565,13.088631742340198,42.37532689383785
1776353605880,-8.129661959186196,4.8985371812015766,-1.248725766842626,11.57072294459512,0.9828294302887501,42.40539680165883
1776353605897,-8.295459839630126,5.331887681689858,-1.5602716597292572,16.675792452917534,-7.597089640210952,44.101011753682
1776353605913,-8.801832906231283,6.043414487567544,-1.6406261761654168,19.58697787907517,-12.52405598950976,37.256096695818705
1776353605930,-9.095422469329833,6.672939886584878,-1.6317979959350077,20.619965443864146,-9.467726482168413,30.624348426856923
1776353605947,-8.730006856426597,7.736563389587402,-1.8761562759399413,24.404923310163174,-4.026000364750656,32.6303442502384
1776353605963,-8.772804380145669,7.917476421576738,-1.619378001757711,29.31354974776685,-10.336021964369099,38.49270927523869
1776353605980,-8.984390782818197,7.75033063365519,-1.4024034032408148,32.92274123351206,-30.27231023175071,38.116464889713946
1776353605997,-9.16156229019165,7.182605564990639,-1.0577882940430194,38.85400579176485,-57.12477206683271,29.570935181355026
1776353606013,-8.914361553302406,6.7761898331791155,-1.107168337957561,33.612477641562045,-58.100355306742316,8.02481486905737
1776353606030,-8.354716915240884,7.089830835181474,-0.984017320715636,30.68055746863154,-54.210507932906694,-4.288078565185454
1776353606047,-7.221960254779457,7.892337304145097,-1.0064621575620025,24.18209863377526,-48.50939684402124,-7.647545101383483
1776353606063,-6.502651124462485,8.383446750640868,-1.4622589196687563,18.489243536049063,-34.492947082184635,-0.7295273292463316
1776353606080,-6.533328002277016,8.278252684241533,-1.6750436652803793,18.457954439461233,-24.8506392572834,-0.5178527765959077
1776353606097,-6.556521246337891,7.961468708038329,-1.6439188975678756,16.584768229396065,-16.11586208249635,-4.768798804915175
1776353606113,-6.177638833618164,7.888446141925454,-1.593490805905126,13.353579049113224,-5.3467950256910415,-9.198097080719343
1776353606130,-5.965752571216226,7.837569941169023,-1.6020203685151413,11.96954537419498,-0.47609929659109085,-10.511440005275244
1776353606147,-5.617096954455971,7.624635631018877,-1.8185460907533764,13.711031022910316,2.2146813678572297,-12.578059733956112
1776353606163,-5.288042694744467,7.523180751147866,-1.827075068841502,19.012862913295166,-0.33963414468664593,-16.141429188107
1776353606180,-5.07570693500936,7.631368154144287,-1.7332523643493651,22.73299374663431,-5.383844106183306,-17.024799751579554
1776353606197,-4.752639933013915,7.945607122039794,-1.6739959463257341,26.18990787238138,-10.686686437678492,-13.914370877143474
1776353606213,-4.470722687530517,8.195053592029213,-1.6689080486021934,31.654730274477537,-17.01919728891285,-5.759369187411077
1776353606230,-4.381687728771567,8.1334023147583,-1.6430210354126988,34.41560885021258,-19.827392000123158,-0.8251528057517132
1776353606247,-4.3833349114567035,8.083873436957598,-1.3100771478515119,32.575480755730275,-22.792071467860335,3.9781032363091184
1776353606263,-4.370315855407714,8.132505073657631,-1.132158183111623,28.741313084008596,-23.6002979976317,8.859405075251335
1776353606280,-4.458901316833495,8.109161607471108,-1.1240776794433593,25.25383044663113,-25.69702093130575,13.10802094184657
1776353606297,-4.77553448638916,8.142381155505776,-1.2250832811769097,21.840209474938188,-28.68640177817628,14.914493279193637
1776353606313,-5.007922269549965,8.255657406073809,-1.3593085770756006,19.470693908455704,-30.15775771408584,16.663528848262775
1776353606330,-5.11371605540812,8.266730588752031,-1.4417588967472315,16.410499367817778,-29.413673490810066,17.936570241621016
1776353606347,-5.275173860821128,8.251316746520995,-1.6127935818661003,11.794273328582346,-23.72548853492886,20.812450419958857
1776353606363,-5.274875754657387,7.9596742258369915,-1.8867801804807036,9.948005747809844,-18.768823669345192,22.139583496449017
1776353606380,-5.24764171077311,7.7982152513802045,-2.0349214082028717,10.734391040162802,-14.219206488669373,23.24322936820177
1776353606396,-5.195267380413413,7.441627672576904,-2.1071968092102558,13.503944809917407,-11.050575010994677,23.64105202886187
1776353606413,-5.093215119171142,7.241413143268227,-1.8169002963077276,17.208456708172026,-8.432051237941039,25.296611336497506
1776353606430,-5.067178176116943,7.24590168685913,-1.6494556715700774,21.605925448670288,-10.624885178520925,26.33339648646501
1776353606447,-5.129277781677246,7.391050747027993,-1.3712788547240198,29.941886170273,-19.709904208662476,28.897673189583113
1776353606463,-5.787084687805176,8.043320477294921,-0.8053492911741137,32.93972108378871,-26.53255114228424,27.925136214043338
1776353606480,-6.17943506938517,8.575283912226558,-0.43349984583109613,28.46722100771057,-31.203309411853052,26.63269708344226
1776353606497,-6.866420723724365,9.419687741199136,0.049380482305958866,12.011001207362375,-28.948090230941563,26.886611073384778
1776353606513,-6.991817620196938,9.294591873499751,0.02184687095321715,-5.586072774015867,-19.366494250025283,27.688190121546423
1776353606530,-6.821230167388916,8.814253996387123,-0.273387975134328,-21.891744959773227,-6.5232878531497445,25.768584238334558
1776353606547,-6.506542871204018,7.814974078479409,-1.2201450210571287,-32.600503153754616,10.267245374521655,18.014374634003925
1776353606563,-6.20562106552124,7.221810617175698,-2.21403783909902,-28.715218346284562,18.340715949905256,12.379349040432931
1776353606579,-6.011092180633544,7.139210659900307,-2.5194483345031737,-15.284848334106533,15.995292168172702,9.024451473902817
1776353606597,-5.657798382678628,7.211186931830644,-2.6681876742489634,11.582201077495327,-1.6910346698544472,12.413700623089863
1776353606613,-5.7591024559021,7.420678992572427,-1.9571102926392108,29.550895406330206,-17.55461581795015,15.912974728295707
1776353606630,-6.044311728668212,7.491307941547036,-1.464652573339641,39.75697046041888,-28.59388345077387,15.488978782736119
1776353606647,-6.571185731506347,7.868245065417885,-0.42302528663314876,37.48669071238751,-27.599226907607008,11.517765926639074
1776353606663,-6.739976948547363,8.204629814147948,0.11013298410624266,28.173382854522036,-21.632520497751024,7.945835684137219
1776353606680,-6.672789664459228,8.22228763591349,0.14559716926254332,17.60605568013681,-15.232126103903203,4.418866015620619
1776353606697,-6.6051534675598145,8.008305862537027,-0.00718267804570496,4.882938096135258,-8.66780631620143,-2.762477907217885
1776353606713,-6.431275156512856,7.791182284003495,-0.46432570366226134,-0.06436193976608796,-5.456868646807675,-9.079589029751391
1776353606730,-6.382193437957763,7.833978054156899,-0.6367079309325665,-1.5428098531899443,-2.785443351084995,-14.969023801979727
1776353606747,-5.820304235839844,8.087164295196533,-0.7420531693056225,-1.2553189734527626,-2.085722487128923,-15.476412942210587
1776353606763,-5.380220043182373,8.142530793109536,-0.6028897594176232,-0.21441015013471973,-2.8100572184196055,-12.487155038745119
1776353606780,-5.31153638305664,8.066215615192055,-0.5597943487305194,0.713225642049068,-4.814669074720511,-9.167198158687851
1776353606796,-5.45818123474121,7.819313568988442,-0.4697127304628491,0.9399213281490838,-7.423171679601272,-8.64436681451724
1776353606813,-5.666027281841635,7.618798010906577,-0.5835864354673773,1.5247490187554325,-8.648897791257896,-10.636848254852202
1776353606830,-5.670067497143149,7.653813210186362,-0.6747160284180194,3.4259178735199067,-9.249970659918297,-12.191029625958278
1776353606847,-5.495591220203042,7.887249625617265,-0.7546230933476239,8.113187271633578,-8.954261888670827,-10.281974677466788
1776353606863,-5.3568759924739595,7.997681008148193,-0.47509946500249206,9.430264602118186,-6.411811055045497,-7.143226558071367
1776353606880,-5.2989679933846,7.947703802058101,-0.27578232292495664,7.652843620632121,-1.7612394095686579,-3.604248563220239
1776353606897,-5.244200630408526,7.757215132471918,0.029927739947661756,2.31759567006322,3.006329961295915,-1.6002273048391278
1776353606913,-5.5084594696044915,7.794772417449951,0.09741371472142636,-3.877300316330308,13.39737763716593,-3.235427312662836
1776353606930,-5.347150132751464,7.736863249316811,0.2458545829772949,-14.476985511908472,29.108500638693897,-4.270034486058749
1776353606947,-4.748898992919922,7.587076007953286,0.15113383366689084,-24.825990812116117,42.70269103056739,0.103630298130078
1776353606963,-4.145860034289956,7.687482840076089,-0.575356659521535,-22.211747860124785,40.61051188023869,10.144233667569727
1776353606980,-4.070292459869385,7.657854010009765,-0.8646063667848706,-12.252385215272502,25.526199607711025,21.323466390638995
1776353606997,-4.607041960033774,7.466766205486655,-1.092354142120108,5.803499466525352,-6.823831544555938,31.122928330605756
1776353607013,-5.447556964874267,7.3196736100345845,-0.8355765255250036,14.466876831936853,-28.588286110749046,33.72477278170622
1776353607030,-5.893776299285888,7.250541037097573,-0.6616979952823371,15.607320347843052,-40.85475602986376,31.667567615022573
1776353607047,-6.605751433452963,7.294682961162924,-0.5373486351013184,8.272742198192368,-41.58890915808634,26.17346248440728
1776353607063,-6.88856708908081,7.549965882220864,-0.8111851577207445,0.6910157878588906,-31.34635406364063,22.05029414097673
1776353607080,-6.838437907299399,7.599196069335937,-1.3461398834228515,-6.3759593920921,-15.457559912554059,16.613636023923124
1776353607097,-6.729651953887939,7.592761652374267,-1.5994763465881348,-8.537036368126012,-2.931379307325603,13.105168484094444
1776353607113,-6.380547424316406,7.652467640796304,-1.8760064191404728,-7.996443970792428,6.517001944679217,10.984369987369744
1776353607130,-6.000916239055991,7.7513775123596185,-1.854907882336527,-3.209757754214636,10.453552444512095,11.70231934556011
1776353607147,-5.8916813728332516,7.713669420734047,-1.722329111535847,0.24788405348330597,10.020168403938323,13.208218109423365
1776353607163,-5.805939610400795,7.4142445756107564,-1.315314610113576,1.491902639036841,8.35271859073134,12.370572247349465
1776353607180,-5.76478868484497,7.3657614074707025,-1.005714407934621,-0.02657311777019906,5.853506269646777,8.19150990461976
1776353607197,-5.670965907287598,7.434894564929604,-0.9783304341856389,-2.0959146234744632,2.661397510804043,6.224720220847801
1776353607213,-5.429750090026855,7.552209861755371,-1.2069768388610334,-2.1015992618546178,-0.07399298674348197,4.568694752801312
1776353607230,-5.122394451904297,7.8905410683780906,-1.4496891052246093,-0.33285446156389425,-0.8854820524214376,4.487965331906346
1776353607247,-4.926668466186523,8.211812419128417,-1.495777487182617,-0.81567036874962,2.456096538505446,9.235846682488358
1776353607263,-4.808754034423828,8.405293256267905,-1.6633714572630822,-1.094295769665831,6.528103136514604,12.97284637553014
1776353607280,-4.78196890335083,8.051850405231118,-1.9259858171876518,0.67539493178366,11.54599168338415,14.454191463100846
1776353607297,-4.599859355053305,7.757363601031899,-1.9536687008179723,3.1030862076349037,15.203620309402156,13.859917193985547
1776353607313,-4.029591031646729,7.266551676177978,-1.8396447736877948,6.120787793568655,17.317715829230135,13.390189716838137
1776353607330,-3.543867369842529,7.349900405994057,-1.8582000557497143,14.674839016690816,15.690180787759061,15.296410136824072
1776353607347,-3.1953613906860348,7.611316130718588,-1.701229771014303,21.284599199167037,13.030739912708816,23.678122880582116
1776353607363,-2.8302456375122067,7.981820006671548,-1.2904746217589824,27.627785636074126,3.3883146939312248,34.485618289205206
1776353607380,-3.3485908814579246,8.325538751551509,-1.062426694433391,36.203492827733456,-18.031974323947754,48.47955233244287
1776353607397,-3.8913258857727047,8.35007756500244,-0.9931445569578558,41.24016652925465,-33.773963804108654,52.19229973128923
1776353607413,-5.007921685028076,8.2866312210083,-0.7597103334840387,39.9079313014545,-43.1430811376823,49.4056576820049
1776353607430,-6.051045713098347,8.528146897998452,-0.7987654558043926,31.910992141947244,-45.16044922603185,38.328193923795176
1776353607447,-6.449979272460937,8.783428650012612,-0.9169790897093713,23.30532603304094,-37.93171168775969,28.648876718876227
1776353607463,-6.90098701019287,9.224410083770751,-1.2158052382871507,12.408657382161454,-23.352778772299605,18.696437324521398
1776353607480,-6.770352797588705,9.29548736103475,-1.574037807818502,-3.6293618881379066,4.0071161723560405,4.992740644119206
1776353607497,-6.501305262811481,9.303718598285316,-1.7937055178768933,-14.382361778694408,26.129614377483094,-4.0058931416077845
1776353607513,-5.678148804529011,9.408913833728432,-2.356343200274557,-18.179502994925446,44.62842188591746,-9.349025478356406
1776353607530,-4.7578772491455075,9.520393264007568,-2.662801158905029,-11.391966648732133,52.622984139593555,-7.891230883043906
1776353607547,-4.428225315801799,9.48133784942627,-2.5354592658445236,-3.1619972295564986,48.58703218922219,-2.5421818949267596
1776353607563,-4.065204196819662,9.444975911712646,-2.097769128716737,4.645055413948408,39.66131024599826,5.9191674394590486
1776353607580,-4.22307274556905,9.18056626586914,-1.411083041846007,9.763933857225295,23.849736506120564,13.240158635303283
1776353607597,-4.46578552338928,9.034671355769037,-1.1944077916018665,11.020717692811612,12.535374466738118,13.85848626935443
1776353607613,-4.751292902319133,8.81649797592163,-0.8628105694092809,9.628385338051807,6.728842396221278,12.500950313321253
1776353607630,-4.841823944854736,8.614338157764077,-0.6579562514707445,2.5293793456578055,8.691149341463595,9.170836941968176
1776353607647,-4.824765258026122,8.518570091357827,-0.6112697574891149,-3.580668402327828,13.743528209207591,6.80390916340748
1776353607663,-4.699967788751423,8.371326689258217,-0.7064388350889086,-8.969035587845564,18.04972598560062,4.671707238976621
1776353607682,-4.448875597381591,8.297106437793374,-0.8996214199341833,-12.172775945401419,21.31919410731315,2.104114905903298
1776353607697,-4.263175915637612,8.303841299006342,-0.8858547603882849,-14.239711570331398,24.383442365223484,1.078682810996828
1776353607713,-3.912125512695312,8.50944219752848,-0.7745240909300745,-18.03540820155298,26.364550686816727,3.168914930525252
1776353607729,-4.028992481231689,8.871565198627113,-0.8604166600100696,-19.45182892596813,24.30081927438113,4.5857971195962
1776353607747,-4.302978641454875,9.29578722076416,-0.9650124682553112,-18.31167910819624,17.026949553620813,6.282768291056446
1776353607763,-4.87444465021342,10.154258738055825,-1.0996870422914624,-15.880251291982177,2.33434179980421,8.867619231501923
1776353607780,-5.393537205395102,10.437072640118002,-0.9973347751893102,-18.754640781533663,-3.8644497422937527,8.661564377073685
1776353607797,-5.515043231908977,10.286986708068847,-1.068561982318014,-25.8957384550181,-2.1705547172809507,5.314644044607323
1776353607813,-5.420323213250935,9.717018828913568,-1.7414828709475696,-30.914167013718902,11.772881176101865,-1.1984858231427327
1776353607830,-4.717774663598835,9.050381550598145,-2.2818239658631385,-29.929322037294764,25.72945579212685,-4.7093189563017654
1776353607847,-4.21394455947876,8.83535289851725,-2.337039949389547,-24.24273876077393,34.05384446572827,-3.2751081504196717
1776353607863,-3.5739439436763525,8.6511478392452,-2.1968298799928276,-10.808618120967914,27.958467537193,4.265670848952757
1776353607880,-3.8316201896116135,8.63708307353556,-1.7630301744323222,0.5080781355633848,16.49803336467337,9.733840897515865
1776353607896,-4.1612718306943774,8.62526170283854,-1.3660416847229002,6.538493134902662,6.306501917761771,10.574790863600759
1776353607913,-4.684405185699463,8.396166531482338,-0.6335653220579027,4.328512858185106,1.6050596636769117,6.142547495603846
1776353607930,-4.86845914606303,8.122329132080077,-0.1548749198913574,-4.286871329249654,6.226603645511432,-0.4165684883631704
1776353607946,-4.866214289745688,8.134000280651449,-0.16100976938456296,-13.130685217059966,11.677311461687754,-7.760647057623371
1776353607963,-4.714781619262695,8.65743378764689,-0.5705684023316949,-18.836505721378142,14.869980936372665,-12.714014649385215
1776353607980,-4.335450293731689,9.193734959521889,-1.2156556737486273,-17.196947839420556,14.217729460261358,-12.2709146647171
1776353607997,-4.2169376038149,9.32152605765462,-1.4782698875427245,-13.260388801851215,12.183658144296542,-10.299804032521461
1776353608013,-4.024802336065471,9.227553057971596,-1.7678187969483434,-7.286170037681863,16.172877086593033,-8.249026927620438
1776353608030,-3.790320503234863,8.872463024249672,-1.7140985318724065,-2.7337042412353254,20.407802692770623,-8.218516472597992
1776353608046,-3.692009182086587,8.75858997683227,-1.5390230469301343,0.8237911435076477,23.313180750586458,-8.296828860300419
1776353608063,-3.4726398704528805,8.685116159820556,-0.8161231986448169,0.38535030834883377,25.38943189977069,-7.125533806800095
1776353608080,-3.442562419836223,8.681824717059731,-0.28790274963378903,-2.1315257357030286,23.149976795463587,-5.641067322778694
1776353608097,-3.512892385864258,8.653991538238525,-0.09621654082611203,-6.877734543712033,19.136537148596585,-5.2222546370254985
1776353608113,-3.6788401961728927,8.546402101135254,-0.06598989099711179,-14.162992324252876,15.684098504303165,-6.93532114926488
1776353608130,-3.807678465270996,8.621969675555825,-0.3633195174068212,-18.362050045777792,13.378324824476179,-9.412376336681922
1776353608147,-3.838952724456787,8.774450393787026,-0.5547065971374512,-22.18269052784826,12.381261493400533,-10.43799924999833
1776353608163,-3.896713131769001,9.215282774463295,-0.9461584224425256,-27.008767299143162,10.086929234206966,-8.636898856433476
1776353608180,-3.879803205761313,9.498994502148031,-1.5631146280702202,-27.877145597387536,5.836028669334361,-2.856441673403397
1776353608196,-3.986196711078286,9.417743036872148,-1.939901675945893,-24.84793108727749,1.5936897465863678,3.3347973870198246
1776353608213,-4.643404190008342,9.03436974247396,-2.3214777116637677,-18.471435525335547,4.665695818733363,7.685520953168754
1776353608230,-4.788852525384724,8.29231803447306,-1.8514659251891075,-12.885079298469122,-1.375470218524632,6.413116474950616
1776353608247,-4.766556522424519,7.862259561267495,-1.5204678379334509,-8.993155547125818,-13.948115426737921,-0.334220152552353
1776353608263,-4.515464331054687,7.764396568408608,-0.6480806080140173,-12.572810733578956,-22.228249597159536,-7.381365799238917
1776353608279,-4.436754366955161,7.981669200024008,-0.49769452397450803,-16.973537474311314,-20.10598175598964,-11.225421023557834
1776353608296,-4.492569485418498,8.086265885052084,-0.5922654164854437,-20.32574992272397,-14.47660985150412,-15.830527514824484
1776353608313,-4.386476716613769,8.390779577746986,-0.9597759558413177,-22.977692103839185,-0.8065820550069774,-20.03180760915059
1776353608330,-4.180725303705036,8.782381186786294,-1.2651859032562003,-22.99736134110153,12.496159789392134,-21.276869132573875
1776353608346,-4.029291756439209,8.977658259692788,-1.2701242729738353,-24.235157250795215,30.06699133020554,-19.09840249491311
1776353608363,-3.892073781530559,8.97646057434082,-1.1077667422421276,-29.899740487999438,52.00266294407841,-16.00437119712694
1776353608380,-4.115183156475425,8.866925263866781,-1.2153563620084895,-30.33136404731464,60.32875916497233,-14.816840357082674
1776353608396,-4.275145754894614,8.835950279888511,-1.3003504113461821,-26.619658252316704,62.21183548895568,-14.59132629370907
1776353608413,-4.697424241748452,8.7971958940804,-1.1710639235565439,-20.96652241216142,60.11743311205214,-16.439643785006222
1776353608430,-4.961683373205363,8.872911937060952,-0.7736263018401339,-19.752130145658786,59.288965316675444,-17.79510165598442
1776353608446,-5.001486975805461,8.8619878074646,-0.6260838071960956,-20.349466047069544,58.26348071468973,-18.784072066667246
1776353608463,-5.2043967355474825,8.890121430537103,-0.3678093031067401,-22.803742553604593,56.0738450101887,-21.690531001919236
1776353608480,-5.376628448431194,8.87395881576538,-0.22655082063563167,-25.84193534737862,53.50229586315183,-24.991388965509856
1776353608496,-5.358372660772502,8.870966063690185,-0.10579378585815429,-30.318352536945763,52.461306731750184,-28.860458903890297
1776353608513,-5.112668007659912,8.872911937060952,-0.039653745800629255,-35.544775723799084,51.56377206348632,-31.943852182044175
1776353608530,-4.761018762041628,8.856301578521729,-0.09846154327392577,-38.21417757598015,48.85696809541027,-31.3498681959686
1776353608547,-4.66076244430542,8.831163045611977,-0.231339516216889,-37.64645908235786,45.77194240204476,-30.52827840108611
1776353608563,-4.504989698791504,8.827721380725503,-0.441431077221781,-33.70095591207039,41.2834323625521,-27.706033990753085
1776353608580,-4.345774703869223,8.817395801544189,-0.5051767329560592,-29.11500297878375,38.35780279384718,-24.594768418143676
1776353608597,-4.229058541980385,8.743177303645014,-0.33010062695927916,-23.533158945637766,35.30448283860887,-17.450190763277117
1776353608613,-4.157680820465088,8.645462779346108,-0.15158267341293394,-21.00396550919143,31.83006806066093,-12.682784463178978
1776353608630,-4.138976704517007,8.38793763231933,0.021548180267587303,-18.783974736471574,25.46809348089443,-8.15121093474304
1776353608647,-4.305820879143476,8.274509990581869,-0.0405519002167508,-13.253258084357721,10.600638860741027,-3.4023133800785774
1776353608663,-4.423137929534912,8.266281091418861,-0.08125278045013547,-8.718658782119467,-0.8218881887718588,-1.5686296757998852
1776353608680,-4.628141446685791,8.27945095411539,-0.11926087793558836,-5.796158293828058,-6.647968260693273,0.047993177976740846
1776353608697,-4.4843391249507665,7.992294638934731,0.06150134740620851,-6.237242945804196,-1.710906251470953,-0.5663867668166961
1776353608713,-4.32856637943685,7.959374366107583,0.2150293096680194,-10.888178725741161,5.451580372842792,0.35421435740880175
1776353608730,-4.127154164776206,8.100182766723632,0.11477218821421264,-14.144408233294918,11.339708871392364,2.9308546634199817
1776353608747,-4.20077586582601,8.280046581920981,-0.2109889482360333,-11.441657982491268,8.369804308940127,8.350021519782832
1776353608763,-4.368969701495766,8.421456455561518,-0.34072496989145873,-6.496389714424589,1.138208016335195,12.851646376255557
1776353608780,-4.874445526996254,8.628853005328773,-0.43679212884213775,-1.9587311277684032,-6.862829363395773,16.52407175333675
1776353608797,-5.468954557690024,8.555828685650228,-0.37873251938764,-0.3755748135426646,-13.948535483371877,17.92000874043103
1776353608813,-5.70074437495768,8.511239017817378,-0.40940866654980923,-2.170710530971392,-12.622819671134497,16.32296878605677
1776353608830,-5.910834401592612,8.326136132922768,-0.5895720857482403,-4.813207841124952,-6.578037795762921,13.227337516457524
1776353608846,-5.616348181915283,7.87168673030436,-0.6401497419495135,-9.143360798484506,14.195053232216916,10.34797308786933
1776353608863,-5.239560111126304,7.447014626312256,-0.49260699157714843,-15.081590442143415,35.26850481715583,8.419043996440395
1776353608880,-4.467130800518393,6.69718059387207,-0.38277247896082695,-18.821716654277772,51.881666142931635,7.086906098835912
1776353608896,-3.9875425727292892,6.577920592719316,-0.46956243527196345,-11.895779331158844,53.62311849447477,6.724090718993065
1776353608913,-3.909581673431396,6.790405405536293,-0.30032226888705044,-3.115304348842999,42.50683877121186,9.902422772836472
1776353608930,-3.955819400732219,7.217171851459145,0.27802685044873504,2.577795568476264,26.285875445314645,13.818817384428641
1776353608947,-4.246715194702148,7.691522470855713,0.6274305090973153,3.2591701174348584,5.051646756842335,17.992284094680812
1776353608963,-4.499752090398967,8.016236655536293,0.5419875469483435,1.7162843851121035,-4.311735779149439,19.852335850972043
1776353608980,-5.23836388707906,9.12310717959106,0.1348233348570764,-0.5041135309153097,-10.357176767775922,20.990733725221823
1776353608996,-5.733962169426679,10.018685900005698,-0.46582160477582363,0.6771915917004906,-13.528045986177444,26.725365675006408
1776353609013,-5.796212581634522,9.945813556018472,-0.6060321125639602,1.6958819697310406,-9.409045765687894,30.561886346897154
1776353609030,-5.822548507635295,8.751406202808022,-0.5597940930021926,-0.5315335387817375,-0.9793078274413739,27.895305362843306
1776353609047,-5.5081601943969725,7.708133413916825,-0.24630364191904663,-9.550288101308235,16.22720099615673,16.168411850423137
1776353609063,-5.175815076446533,7.579743765369058,-0.28101949292607603,-14.206021662250311,24.268912045673417,9.982196821021283
1776353609080,-4.509477950121462,7.943212335857749,-0.6394012251371517,-11.123196997344838,24.918095913073742,8.828296978676512
1776353609097,-4.183718640302121,8.402751170569658,-0.5892727374754846,-3.3643445719258884,14.974013255168423,13.843935405101364
1776353609113,-4.226214550726115,8.562264271655678,-0.5654806872712448,2.6429604823566515,4.091568473235486,18.601917751692177
1776353609130,-4.750545298822224,8.677935308405756,-0.45594610744956876,5.836211376894659,-4.088749312655563,20.32686324355868
1776353609147,-5.415983138220012,8.700529417529701,-0.43754053605664517,5.89873962431201,-3.9962139097802303,15.270359795329643
1776353609163,-5.516090695135295,8.789564376288652,-0.4040217128144577,3.424314273168835,1.9590519332159824,10.699452061237247
1776353609180,-5.399673223932087,9.03975844977498,-0.2997241933960467,-1.017338747626828,13.171064441659436,6.961830394094169
1776353609197,-5.037550222833454,9.047689827296137,-0.2519897612640634,-2.5556535892909635,17.838287234559118,5.221276212426894
1776353609213,-4.738424068395793,8.996512597766518,-0.24301150503847746,-2.313850378520526,17.474984349964263,6.037509004565982
1776353609230,-4.241626931652426,8.922441983905435,-0.18944084103368222,0.23288863996480744,10.248514434496542,8.897595224221815
1776353609247,-4.196137392370402,8.833856522479653,-0.13706757011990994,2.920577363153228,0.33495845331294904,10.70151477836659
1776353609262,-4.326172470037639,8.821436601367592,-0.08843560462631285,4.037131011776838,-8.31509107859374,11.000213464923235
1776353609280,-4.717026475580036,8.858696364703773,-0.09816215846855193,1.1580915507827485,-10.321549647291489,8.909523295833596
1776353609297,-4.9700636635378,8.842835947749018,-0.21981727459691464,-2.868474118843432,-5.500123381047719,5.971505044634741
1776353609313,-5.034108265686035,8.804528721186518,-0.3078042221402749,-7.512046101081478,1.9183393100076518,1.4876946021778785
1776353609330,-5.049520646612346,8.934412992206216,-0.5144537529325113,-12.212805122805925,11.977503398351693,-3.489474918180991
1776353609347,-4.783315057262778,9.013420477947593,-0.6757630897855386,-13.715789957214524,16.645929158318946,-5.86913971888329
1776353609363,-4.564095967754722,9.007585195922852,-0.7378630241394043,-13.019915770421637,18.204530515591664,-6.782542197249565
1776353609380,-4.158429008483886,8.979455079981685,-0.8411126784726977,-9.462319533666701,15.033101221678201,-5.640450471319277
1776353609397,-3.85301836694926,8.927529662433265,-0.8858545777251944,-5.401757557942134,11.01183076292778,-3.4165432254406527
1776353609413,-3.752163206537068,8.864234125086664,-0.8704417949400841,-0.8967456746930234,6.199622263855765,-0.9673265016984078
1776353609430,-3.6981434470579027,8.788515159496665,-0.6889310893185436,2.4087614065665535,1.778575070012385,1.5303766677446997
1776353609447,-3.7648824028566477,8.80976603731811,-0.4329017703400925,2.6689852106416927,0.2734449692350209,2.7951400852722976
1776353609463,-3.841197873035073,8.831612542945146,-0.36317053739018734,1.4319965439305402,-1.2500340078607595,3.3563658437582555
1776353609480,-3.9630028824955223,8.973619213435054,-0.33563688950482756,-0.4986010346465805,-2.161559998474279,4.645275260662317
1776353609497,-4.038270012664794,8.999954262652993,-0.3968388521056622,-2.4472704399939085,-2.1386564531965218,5.133007116461881
1776353609513,-4.128351265606284,8.945037262073159,-0.49634804126899684,-3.7354577778366536,-2.182128045942714,4.790134608335002
1776353609530,-4.283077716937661,8.856452969691157,-0.8131304465696215,-2.6634414449131696,-1.6208831842714215,2.837742749890017
1776353609547,-4.32886623916626,8.872463608771563,-0.9096467375272884,-1.8337395197308162,-0.6644432036972205,1.019871146983316
1776353609563,-4.281580464117229,8.910320753479004,-0.906354856375046,-1.2270554372238383,0.4051652741004226,0.004097579893478744
1776353609580,-4.069843254797161,9.017461862292885,-0.8684963964933529,0.01887186603759812,0.9898394455330046,1.1129044066161191
1776353609597,-3.9944259025022384,8.956708995166421,-0.7546226184235886,0.8824277839236783,0.6114214590266165,2.1918226456959014
1776353609613,-4.034828055517376,8.888773523059486,-0.7294831356657668,1.8197459562253409,-0.24862019312935996,2.330662462275689
1776353609630,-4.087949989373982,8.791360612055659,-0.6838434473233297,2.8463613814055155,-0.6255912200683368,1.7977606445041276
1776353609646,-4.198531594030559,8.75978590861857,-0.6235398583343252,2.8569300319290525,-0.8790386760740297,0.891826551108439
1776353609663,-4.21050260233134,8.74542069865763,-0.5612904325071721,2.1205035179299205,0.13625747146499423,-0.30537730422402054
1776353609680,-4.064605646404623,8.77759278346598,-0.3758893683835864,-0.8121829702089466,1.971591520201891,-0.9129711092315059
1776353609697,-3.9728777952998873,8.788664797100424,-0.5111619813781232,-1.444080002345939,1.7187532850536515,-0.610084129331469
1776353609713,-3.9426512916013596,8.801534800067543,-0.6057326181607321,-0.500626292457195,0.5001959371786314,-0.22444906079118399
1776353609730,-3.832518015234172,8.84911955806315,-0.7032962992794811,0.8523636924356622,0.4503234433239321,1.0501827794678922
1776353609747,-3.7090678689152,8.871566367670892,-0.630722463314794,1.1151075695102715,0.25147870733828964,2.9958272647865507
1776353609763,-3.73824632486552,8.893711563983558,-0.6380547058990225,2.2774501659994124,-1.32361403496372,5.012268581843096
1776353609780,-3.9410049856990574,8.85480520248413,-0.615459135470353,3.2114723451397205,-2.8547219598364344,5.764908470827957
1776353609797,-4.138227347454428,8.78507407913208,-0.47180714545883234,2.077744399291525,-3.500931706740041,5.272980317557067
1776353609813,-4.215141368047893,8.767417426410317,-0.505176294564642,1.0729224002055686,-2.6457053646293502,3.972035040118385
1776353609830,-4.268711630193889,8.74601924907267,-0.6197987721098587,0.7331204889974342,-1.533277683872957,1.6506392235556993
1776353609847,-4.146158140453696,8.877550702777505,-0.529866718380712,-0.31391279953071505,-0.9729267232092894,1.0538821806771002
1776353609863,-4.112789539337158,8.946834082362056,-0.5846338986936956,-0.659154022597839,-1.4693602400114487,1.8506585386351724
1776353609880,-4.24536845626831,8.906879088592529,-0.8265978309080004,1.6919257960977223,-2.337248899069697,0.536884671831325
1776353609897,-4.291755821172893,8.878149253192543,-0.7887395536893979,2.06668162727022,0.19801406758869255,-1.422877921223456
1776353609913,-4.187757686559856,8.87336143439412,-0.7009021706845611,0.5681174193585009,2.4470405614396555,-2.3634789599166615
1776353609930,-4.029591031646729,8.934113716998695,-0.6349121335569768,0.5074347637600813,1.947318308552135,-1.9841644043600035
1776353609947,-4.004451329693198,8.960598988342285,-0.7074863348478451,2.6844598579800025,-0.26847349865375075,-1.6748391173935835
1776353609963,-3.9854476462766524,8.913613365283608,-0.6736687478547916,3.1992986001612307,-1.6942663098272153,-1.8715358656069627
1776353609980,-3.936665787450969,8.871565198627113,-0.5168483564514667,1.2633452995011738,0.46038207081553945,-2.327277463211713
1776353609997,-3.858405905206501,8.934414161249995,-0.5146034636015072,-0.04483640328057847,2.1048978163369108,-1.9346839526914923
1776353610013,-3.8386531569883227,8.994867168647051,-0.5392937412871047,-0.6883482254620304,1.010821253054755,-0.8115843148003655
1776353610030,-3.84987626953125,8.97631152125895,-0.5919660682126879,-0.04036433692151262,-0.052976921554175854,-0.3292851807944601
1776353610047,-3.9422020865291354,8.90029561854899,-0.7362165355740115,0.5393671254295074,-0.8721963739904107,0.09373906363398883
1776353610063,-4.044554207500815,8.845527671051025,-0.7694364854674786,1.2870298342218394,-0.26302925091586876,-1.1802627717154328
1776353610080,-3.973177362768352,8.857648901477456,-0.7381620070859789,1.3098693464761273,0.5221984310944754,-1.3905794507423466
1776353610096,-3.8516719207763668,8.897452504077553,-0.6326673503048718,1.5943236735187094,-0.03816533617388586,-0.49246240213003156
1776353610113,-3.8943189301088452,8.901044975611567,-0.6175542445860803,2.017886755839649,-1.2092489206142034,0.35361100624516634
1776353610130,-3.982006273651123,8.901942801234126,-0.6090249742370099,0.9507968035767423,-0.3934771128832382,0.09696632801681986
1776353610147,-4.052036379949748,8.824129493713379,-0.6229411252561956,-0.4148232416280999,0.7164498115024314,-0.747634320818594
1776353610163,-4.034529072570801,8.902989095416665,-0.7302311775540933,-1.0266744422834717,1.8809892743050833,-1.3198316042674139
1776353610180,-3.995622711071372,8.906131485095619,-0.7966704562865197,0.2525697233364934,1.4315060509707687,-1.4719084341803923
1776353610197,-3.9125744255065915,8.942492838287354,-0.8071448693539947,0.8634248102705276,0.2677334903458622,-0.6795958182883352
1776353610213,-3.9380128181457517,8.894759027209878,-0.8105869726318865,1.979367477128539,-0.12359792928178714,-0.47415456030748837
1776353610230,-3.9444478196293113,8.893563095423579,-0.7700346705563366,2.180331706191001,0.44063823508085403,-0.3910331591404166
1776353610247,-4.014776616613567,8.889073382788895,-0.6643906318997964,1.5649115982921653,0.4429176506337871,-0.27955206548751144
1776353610263,-4.077025859777629,8.878747219085692,-0.6988072807645425,1.2540651001315364,-0.13190802834587126,-0.7345394607975044
1776353610280,-4.075978396551311,8.870517735400796,-0.712724052838236,0.9461926157459191,-0.14410389139788438,-1.4416235888439675
1776353610297,-4.0300402367189525,8.858249205458163,-0.7594107294829562,1.1275585774803816,0.4012299111997316,-1.9034614504480716
1776353610313,-3.8964129797786473,8.846576303321122,-0.7621041698180139,1.827092678451336,0.6058755588639776,-1.4725867573423392
1776353610330,-3.9133226135253905,8.974816314265132,-0.6464345213074236,1.4295744948178302,0.9676925571492383,-0.9107700807714694
1776353610347,-3.9371155770450827,8.91870221285522,-0.6141128719605505,0.9218258091601927,0.8214297123238216,-0.7667003669998614
1776353610363,-3.993229093933105,8.886229683795571,-0.6699274789672345,1.1179525567429933,0.04425738466586122,-1.0210956718354522
1776353610380,-3.9906849624082446,8.881890193286537,-0.673518854522705,1.0723458895509372,-0.4968514390019994,-1.173499070168122
1776353610397,-3.947439987182617,8.917653580585121,-0.6875845700804144,0.6182901213715634,-1.4209694169589662,-0.8045721651219955
1776353610413,-4.023754580578208,8.978405863189696,-0.8578722362242639,2.2800661284515273,-1.579146139409295,0.08755165929789774
1776353610430,-4.101866578784585,8.949078646418451,-0.9027632981564849,3.232129825397601,-0.0661998476222032,-0.6837689571495071
1776353610447,-4.05083986364156,8.811860963770746,-0.6293758344788104,1.620968348192635,2.099595881993688,-2.197825528202696
1776353610463,-3.819799111175537,8.948927839770912,-0.49619807487167417,-1.3971508397758392,3.655500168317899,-0.7954251010803204
1776353610480,-3.790919345910847,8.948031183192134,-0.537947039385885,-1.4590099420979405,0.4564174128066115,0.6805845948924002
1776353610497,-3.8804029252201317,8.939052926966548,-0.7420528039794415,-0.2535044987574331,-3.6791569553950616,1.4526945784366176
1776353610513,-4.070890425762534,8.861838169860839,-0.9754870274532585,1.8062975271929973,-4.866359092585522,1.8229149505568154
1776353610530,-4.15977545465678,8.802881538501381,-1.0178346154477447,2.167629688768893,-2.62589866980996,0.948841768648532
1776353610547,-4.080168249456584,8.795250020709632,-0.9738411599423735,2.4154835933703156,-0.02822330214584472,0.5443460131693293
1776353610563,-3.9558196929931637,8.874857225909828,-0.8421606531556696,3.556122409998095,0.9611685525531125,1.3524092587308476
1776353610580,-3.95821389465332,8.857799708124995,-0.7463925136841834,3.4088974689950584,-0.59604803722624,2.298336457594488
1776353610597,-4.149151184789837,8.754249317279458,-0.6603509645875543,3.017112909004661,-3.0555512926627886,1.74959991344931
1776353610613,-4.237287733404338,8.707263109698891,-0.7272384620115161,3.1335721166650212,-3.46545228909641,-0.3699295021110904
1776353610630,-4.163367341668904,8.753502298304438,-0.6898294994629919,1.7629249721897702,-1.5677010902378807,-0.9543534111436149
1776353610646,-4.019714657537639,8.868422224426268,-0.6720221131589263,0.19683628684368848,-0.7021556129517699,-0.12482426840292178
1776353610663,-4.031685081316531,8.93830298538208,-0.891989829077199,1.119378572175645,-1.2568709204982365,0.8907434858773159
1776353610679,-4.0675986907407635,8.927977990722656,-0.9427168306212872,3.0393744165004364,-1.927627940392046,1.1489951261904665
1776353610697,-4.106654105322063,8.864831506457925,-0.8340797841612249,3.5736047060655656,-1.7453715994662489,0.36967075533542326
1776353610713,-4.093934909002483,8.887576422229408,-0.6751646489683538,2.807582982392768,-2.4879559558889706,0.43351349400288447
1776353610730,-4.153341329956055,8.881890777808428,-0.6771099378172308,2.4778948737981303,-3.7151068023177776,0.2292448941251643
1776353610747,-4.267065616552531,8.801235524860024,-0.7444469325743616,2.5367480525551915,-3.239093416699841,-1.8731110779842968
1776353610763,-4.323329355566203,8.79076089259684,-0.7558192443296313,1.8348078040056885,-2.1116846764943764,-3.1403342173867452
1776353610780,-4.327519208471477,8.77849060908854,-0.7202058599609881,1.1870166548658119,-1.148029081309733,-5.4443241506233
1776353610797,-4.386925629425049,8.903288370624184,-0.565480066216737,0.2622203537468983,-5.0585106700713744,-7.441112025229956
1776353610813,-5.814019456481933,8.666262406268716,-0.2540847973145544,-0.23216439978894807,-14.238687041955897,-16.833552747271902
1776353610830,-6.254851252636313,8.108712110137938,-0.06808467131927609,-1.2501698645922192,-23.022513512720103,-35.709997999821695
1776353610847,-5.850380809673666,8.628103063744305,0.5322613949649035,-14.497144815243765,-18.402155209036813,-46.03736696828604
1776353610863,-5.042786954443156,9.176078306800127,0.5306148333342745,-28.483140471118578,-10.823288513531455,-44.81988233363668
1776353610880,-4.817882220514118,9.321226782447098,-0.0695814492156729,-32.57101722710767,-1.659205347991953,-39.19671736355941
1776353610897,-4.891055301013589,9.138968765589594,-1.083376251220703,-25.225809595561156,4.436414479145674,-35.35531652150669
1776353610913,-5.019742763464152,8.872612661853433,-1.329680002737604,-16.555719434856,7.313337968879235,-34.68768260561087
1776353610929,-5.059845349010825,8.780286260333657,-1.1680707330899311,-9.555146927129051,8.88666350645521,-34.26766353769552
1776353610946,-4.918587743322551,8.666710734558105,-0.7613558722013607,-2.28928218807599,4.116418408983285,-32.24770339255595
1776353610963,-4.687547575378417,8.613440332141518,-0.4522049846924841,1.1428882967422405,-0.35306138946039184,-29.316227181921494
1776353610980,-4.601056455883383,8.584559105572104,-0.3420715256622061,2.14871582774007,-3.79575383405588,-24.599720305291935
1776353610997,-4.55811163264811,8.505702426478265,-0.48377848255317657,2.8886607429354045,-4.893702047380375,-18.395103038718776
1776353611013,-5.329043982696533,8.257901970130204,-0.6702267176421359,3.6108132287862675,-3.434916007421164,-18.499198536764354
1776353611030,-5.776011505126953,8.09569363861084,-0.7903857499938458,5.720687691707179,-1.6215419773612103,-22.612302596452892
1776353611047,-6.197540050396323,7.908347358703613,-1.0589854314057157,10.408464658253548,-0.653603373319293,-28.94828147623832
1776353611063,-6.620266281017661,7.791032061877846,-1.3787607714446262,14.654795826571414,-2.0529358715655692,-34.75028470444862
1776353611080,-6.8569935546875,7.7591592522770165,-1.4413093994140624,17.027285940437437,-1.0695730461913235,-41.8811217262524
1776353611097,-7.4872665572017425,7.799709873852133,-1.8122607634061947,20.484230802035775,9.153081011447082,-54.12686543633072
1776353611113,-9.10440072555542,8.968680003467203,-0.05536547499969601,3.470192013493576,55.54440631176975,-71.03874850055162
1776353611130,-7.43130267791748,7.446866157752275,-0.7145197040833532,-12.384371790793828,52.733930317376654,-69.01654122317511
1776353611147,-7.810484950366615,7.568522698652743,-3.052008420153707,7.938512867573319,42.104267421531304,-77.8162700818744
1776353611163,-8.192509752765297,8.230219597956538,-3.661931146948039,30.456752660097735,36.00523634179008,-82.99170249147899
1776353611180,-8.222287051391602,8.128615080481767,-3.64472274945043,51.901917653820725,26.092396676695692,-88.61207391418573
1776353611197,-7.9738880446285005,8.025364549365639,-2.9426233318053185,67.77162996391357,16.30437871868329,-92.81756482013515
1776353611213,-7.431901228332519,7.921068308588862,-2.062604730224609,67.31420536500865,19.484507966052053,-91.24345210325733
1776353611230,-7.2245029249995945,7.811980741882324,-1.7637781432554125,59.88749479364366,28.160538683787827,-87.05482493436867
1776353611247,-7.174973462677001,7.366360542407631,-1.6968905727662145,47.51320350829113,46.43929286509002,-82.37891840971297
1776353611263,-7.622539535522461,7.020398987036943,-2.226158338873088,39.386825433822956,68.22126814716468,-80.80819346666347
1776353611280,-7.85941527775228,6.86956311340332,-2.5585033106930553,33.31301824268659,91.0049828785755,-81.69324937931371
1776353611297,-8.135795931896567,6.310217750549316,-2.976291646520793,28.34873942372565,112.9547246821386,-86.06118267429355
1776353611313,-8.450484981647133,6.129905022540688,-3.041384588678181,22.731702840881177,127.07733607424471,-91.79022923688436
1776353611330,-8.580967803081869,6.102820031738281,-3.330184579412639,21.539406236343535,139.8025385734904,-96.4579531949144
1776353611346,-8.228122917938231,5.9304380967289205,-4.001010249328613,26.647038773151994,141.4492971823805,-98.8653421603446
1776353611363,-7.373093065533041,5.86699175273478,-3.9212531142637133,27.04554786782368,142.50741642822052,-93.43355226062192
1776353611380,-7.1136220451354975,5.918916001239419,-3.9890395332887767,26.593819646686548,151.97478261791022,-85.33057099915563
1776353611397,-6.642113955688476,5.720795521600544,-4.583848423711955,33.02294010863615,151.4719850723489,-74.45932089727235
1776353611413,-6.48664048538208,5.4192757500246165,-4.918139122772216,41.2292689624339,140.3349108381579,-67.80778215519045
1776353611430,-6.630890550884604,5.312434208679199,-4.353257168579101,44.50730214136563,133.0670977876441,-62.75611960353566
1776353611447,-6.877044409069419,5.246294972339272,-4.203469342693686,43.05554543327942,129.6826844123894,-63.83769371898551
1776353611463,-6.99091921005249,5.0059766884401435,-4.176085661205649,42.20271776822787,128.49820666690414,-66.97986077494735
1776353611479,-6.903680487060546,5.0201925530582665,-4.847659811401367,53.33027413381047,121.91084438226368,-69.54896129916678
1776353611497,-6.115239952850342,4.850802785602212,-5.914276651000976,77.05932119729691,92.53416661109297,-66.13001448746851
1776353611513,-5.250334603118896,4.618864499774575,-4.870853639984131,82.17974326332622,74.84038398125652,-58.728555125465064
1776353611530,-5.115511122131347,4.3347026902347805,-3.3508348609924314,64.72456646195499,68.42510148256537,-47.851687192989445
1776353611547,-5.280561399078369,4.128352142389119,-3.091064565387368,44.99383700651315,70.1701533438011,-43.28660390271178
1776353611563,-5.429001902008056,3.6016277771547434,-3.5045126800537107,30.501312814242898,66.32613653929626,-41.6577028234067
1776353611580,-5.189431513866782,3.3966239677429195,-4.2598827193111175,19.61057959775215,54.25426553982438,-36.965315052283756
1776353611597,-5.004480020141601,3.2840967819765208,-4.525339828380942,14.115869995395313,48.10006019196779,-32.01607801742247
1776353611613,-4.682010984039306,3.2243915242068466,-5.321711740112304,12.658883923725812,40.43259569764361,-24.287500405499607
1776353611630,-4.88372247390747,3.0681698658816514,-6.224026490783691,18.230466451417495,24.50237303414633,-16.495506194680463
1776353611647,-5.379920767974853,2.8803749654240907,-6.433519136047363,20.8334191007108,16.749995628060553,-17.7089183290372
1776353611663,-5.708524361309409,2.6563671803347764,-6.132149002075195,17.29415679923547,15.444147128571448,-20.007282107388367
1776353611680,-5.730222398376465,2.740613297381997,-5.8086325027465815,2.405564237704753,20.419174957738694,-18.89246716879535
1776353611697,-5.713910730522871,2.7524343758180736,-5.915773027038574,-6.983559360278095,20.82694749647221,-17.831217988768156
1776353611714,-5.5535003883361815,2.423680998749286,-6.600514701843261,-12.772118214880868,21.627531044562332,-15.748225442873123
1776353611732,-5.51594134979248,2.47545531738922,-7.286902974811196,-15.80760539996992,22.802448232756877,-13.367542517097668
1776353611746,-5.508010556793213,2.474856766974181,-7.482927651214599,-16.52092132858208,23.848114336192687,-12.325637286573597
1776353611764,-5.673958074840903,2.460042644201964,-7.68059892578125,-17.139104674887008,28.281426201907884,-13.473704147367176
1776353611780,-5.61170941619873,2.485032124029845,-7.9563810295104975,-18.63524224465267,45.03082589596335,-15.885855462196172
1776353611797,-5.444115299987793,2.3873189149051903,-8.350376840209961,-11.846095681362526,40.067545992168526,-15.134135087428323
1776353611813,-5.153070160675049,2.2204729867130517,-8.859892881011962,2.1332738372437285,24.965615246676812,-13.95019095047196
1776353611830,-5.412092852783203,2.2614736901432275,-8.409633331298828,13.668985232153364,13.724251707822523,-13.528617160746785
1776353611846,-5.583576962170005,2.19593241969645,-8.385242401885986,18.40159513352487,17.2326287476447,-17.311998960894833
1776353611863,-5.3381718765258785,2.047341986902058,-8.636334300994873,25.351012085689366,19.476723257945533,-20.11606653029916
1776353611880,-4.467579713329672,1.8525139729373157,-7.671620669555663,23.474711309362675,14.046110712081033,-14.390510194374233
1776353611897,-4.265419895172119,1.8718172238223254,-7.26520493774414,14.853822416343707,8.46669481118499,-6.434261033073683
1776353611913,-4.418349526214599,1.943493636023253,-7.553855875396728,8.214174179833156,12.66710405639192,-0.9714315521112913
1776353611930,-5.3579240402221675,1.791012917792052,-8.482057931518554,5.458883125726005,20.89699791659986,-4.736090736527276
1776353611947,-5.392040829357504,1.6201267742983996,-8.47831699142456,8.756928332039049,22.71774193421767,-10.474975332843838
1776353611963,-5.031714064025879,1.5026611092165112,-8.083273717498779,24.366078316806018,36.69935090109804,-27.55208494195558
1776353611980,-4.910955933269858,1.487098944555968,-9.098864134216308,62.28684462642076,7.926214258199065,-52.97072273061725
1776353611997,-4.531923882946372,1.2675804337099195,-8.971223842731117,84.61264298530642,4.700422208021001,-54.03259175031162
1776353612013,-4.524741277965903,1.3365635151736437,-8.603862940979003,98.38209944637703,7.795423819556136,-47.12794327306197
1776353612030,-4.743811314392089,1.090559294592589,-8.601768014526368,90.52195873066137,7.565358288874366,-29.62212744918427
1776353612047,-4.795585340771079,0.865205063330382,-8.37641378326416,72.3144912337266,15.419973381551479,-14.206729440603054
1776353612063,-4.7685015190124505,0.5422871509494259,-7.537695014190674,41.924862257697164,15.800399550395557,-1.811362539349385
1776353612080,-4.859031977026164,0.2684502630038187,-7.062895481982827,-1.7637638047972124,23.347651007780218,6.949051537043898
1776353612097,-5.089623524419963,0.1601125830828212,-7.279270872497558,-19.988167822996086,32.03518547162558,5.449471125049728
1776353612113,-5.130175315038859,0.10235252283047884,-8.105569135937094,-24.04484085976198,28.819679259450737,-0.7719230604765411
1776353612130,-4.725854217419028,0.40791250970792026,-8.194005544281005,-23.42325949434497,26.50877013114155,-0.8451042152041436
1776353612147,-4.436455384008586,0.6187519664706662,-8.094945450592041,-24.217079447609482,23.46214888393173,3.1623197425513703
1776353612163,-4.49137238458842,0.8132808148257434,-9.259425283050536,-7.539663117216778,16.349235986057348,3.9125718400910774
1776353612179,-4.712536762945354,0.9708492481173947,-9.948656085968016,13.09261032753173,17.54406317568248,0.9225126700586022
1776353612197,-4.642955277197062,0.9759367805147543,-9.643545011901855,23.640435604289276,17.208673566678172,2.5710531045484037
1776353612213,-4.110245407812297,0.8122333881320432,-8.244134141540528,17.786779070480762,12.026263265062768,10.293243635823664
1776353612230,-4.154239155578613,0.4837787748141214,-7.444470787048339,7.0934357596824436,4.52543916478762,13.064971967055273
1776353612247,-4.205564561407268,0.36122561386749147,-7.5155480643123385,-0.5594919042929797,-2.9756720168760777,11.020680126771177
1776353612263,-4.6022538489744065,0.31349114520289,-8.00022426289022,-6.0131337669655,-4.784464270663422,3.913201071268365
1776353612280,-4.589834220123291,0.591218537781015,-8.019827373504638,-11.0707957860325,-1.3854099580359989,2.5446439646791377
1776353612297,-4.425831406402588,0.796371802133508,-7.93558140258789,-16.932711726094855,1.4588961767595776,4.016029996109729
1776353612314,-4.211400720214844,1.0139447684023528,-8.124573696136475,-16.871658372651403,-1.1028634949276714,7.867955305899795
1776353612330,-4.1672576271057125,1.029207803985849,-8.189815691375731,-13.493790026168892,-4.595920740606629,9.607823053555483
1776353612347,-4.175038490240276,1.0434235224734991,-8.080430603027343,-10.717722817267031,-6.8264163442699655,10.754137970826953
1776353612363,-4.2826279273435475,1.5011649523746222,-8.144924410247802,-9.921789774228044,11.722178974345569,15.584483610353114
1776353612380,-3.9745243934631347,2.404227744934335,-9.18685104522705,-11.161645839730133,56.145582487041345,27.669205610748374
1776353612396,-3.934271293529868,2.608183798858896,-8.519018419647216,-25.605644953042027,87.49661523026343,42.33997724978845
1776353612413,-3.709964817754924,2.118270284149423,-5.018695592498779,-61.84992425540421,105.71492223741102,30.731770227028296
1776353612430,-2.787448990575969,1.8828903334353118,-5.649118817138672,-55.329846164277555,79.78880822360658,19.77827952489618
1776353612446,-2.3792376075193284,0.4329020260684192,-6.252906548309326,-31.28296990814291,-6.2682101697273875,17.831940281272885
1776353612463,-3.5275568710327145,1.772457854925841,-6.828263134765624,-8.595001622290972,-109.30558000484339,12.783798692135235
1776353612481,-3.8048350585386155,2.384924567114562,-6.76107585067749,-14.936399403409162,-135.7068566188273,14.116962825662513
1776353612497,-3.7467756682798266,2.5100216038577257,-7.954435740661621,-13.535344897079248,-108.03203659258116,24.442390312855277
1776353612514,-5.6256254210874435,3.1763577072694895,-9.477297634124755,-22.390131910678008,-59.56994563875143,24.4990313640949
1776353612530,-5.802796636199951,2.2912514271609483,-8.022221575164794,-42.964154087090066,-30.36486271009897,18.28548533272924
1776353612547,-5.453392539159953,1.8595469403140246,-7.836970221710205,-57.68656195625543,-21.362027931145594,14.55015220584494
1776353612564,-4.975001119939982,1.7934072655826805,-8.903138148498535,-58.5853943604616,-34.52559197132271,16.773860309020577
1776353612580,-4.719121109771728,1.9828483258120715,-9.37868645324707,-55.409093434122624,-47.94504563365977,21.898315601754778
1776353612597,-4.873247841644287,2.0373164135806263,-9.962722020721435,-45.176032302623234,-50.08166882491774,25.66065529661731
1776353612613,-5.365255698284506,2.1323359997071325,-10.403704039001465,-33.37766256808617,-35.07443523717367,26.86361211890205
1776353612630,-5.563525523266196,2.1110876061037183,-10.096348400878906,-26.937280831742516,-24.9686017468914,29.00169014045324
1776353612646,-5.487060707744956,2.0298346795231104,-9.887454306030273,-21.667130773822773,-24.721365974409863,31.01435222846465
1776353612663,-5.476437022399902,1.874211571612954,-9.372850586700439,-18.04557323058525,-29.594803277409635,31.913331481737973
1776353612680,-5.787683238220215,1.7741040146976708,-9.170390908813475,-18.040923579307766,-27.52586896837378,27.886704447130967
1776353612697,-6.029198330688476,1.7610855431705712,-8.974664923095702,-21.687804048893106,-19.192655690364703,20.237903444713847
1776353612714,-6.021566812896729,1.897405107934773,-8.475025548663735,-29.12724267777641,-7.984252936897602,11.852005502541878
1776353612730,-5.578789143371582,2.2481559434086082,-8.250867833709716,-30.74015769932907,-6.623734322631245,9.699371494095749
1776353612747,-5.445012541088461,2.4250275910526513,-8.379256897735596,-24.923834979523843,-11.749750740477618,9.505226782032722
1776353612763,-5.455038845062256,2.551171798761189,-8.364892272296547,-14.832392697822792,-21.143115245604807,7.80956999510088
1776353612780,-5.72034631652832,2.5689789658695457,-8.040027865490316,-12.943217014910626,-20.739517660001464,4.365573891508418
1776353612797,-5.747131447601318,2.6669915963321924,-7.945457484436035,-14.319855302505035,-15.310521307649317,0.4664925288017621
1776353612813,-5.5558945899963375,2.8691519990116356,-7.823502837371826,-17.507224550394017,-9.636557659393727,-2.469519994658637
1776353612830,-5.191377387237549,3.1736642304018137,-7.636455832672119,-18.925772878735625,-9.77536674012225,-1.5942147106571067
1776353612847,-5.1967643409729005,3.2706296898990868,-7.621043159484863,-19.794279243026935,-11.6081045699226,-0.7888635838046124
1776353612863,-5.27352843170166,3.3005572106510397,-7.548468921661376,-22.58582707568263,-11.63930231273028,-0.7965354870681234
1776353612880,-5.180453842163086,3.3225539384037255,-7.876025636291503,-23.409220040506007,-10.580459920611869,-0.13161870580149773
1776353612897,-5.131821620941162,3.4268516404852267,-8.003067961883545,-22.660211250838653,-8.775982852276092,2.137954651259303
1776353612913,-5.185840211376547,3.6059675599247214,-8.206873793682455,-14.025777238921906,-11.347535414407552,5.04384668081018
1776353612930,-5.349543749889731,3.6614831109195944,-8.653243350219727,-2.111561733089316,-13.287369756620057,6.223564638217599
1776353612947,-5.3670519340515135,3.5803798219427465,-7.915081050872803,1.156977909782919,-12.340457089525232,8.546940996196177
1776353612963,-5.453392246899009,3.519626662555337,-7.7204025283813476,-2.201982552086295,-8.403252599079327,9.15474416250998
1776353612980,-5.553949301147461,3.4247564217716455,-7.811831104278564,-3.7349527707248957,-4.186715996581525,8.302585855997094
1776353612997,-5.692513722229004,3.4419647462040186,-7.870338822826743,-2.177389602206018,-1.1462141719812136,6.564586591966227
1776353613013,-5.730820948791504,3.4267017106205224,-7.797166619110107,-0.2935711888415213,-0.5485338262650463,4.442375526743803
1776353613030,-5.749525649261474,3.3473937806278466,-7.607575775146484,0.34331540320587123,0.13863048195389763,2.019417571987378
1776353613047,-5.535693513488769,3.3393130577638743,-7.31638099822998,-1.4014233365450937,0.06848102408328167,1.1209448199296936
1776353613063,-5.453093556213378,3.3382658867985007,-7.276876670837402,-2.5976912691982763,-1.7254821953248776,1.0508774310508235
1776353613080,-5.369894464001059,3.3901901353031394,-7.523927770122885,0.05160586780000157,-4.071179931676174,0.8698500439279527
1776353613097,-5.403562924847006,3.454384375055134,-7.735814617046714,6.874805246331744,-3.7491540146698217,0.020443716681200198
1776353613113,-5.383810761150717,3.4053035332828756,-7.637053798565268,8.451816951625409,-1.03107511182137,-1.9120971574364949
1776353613130,-5.592855078125,3.364302537591755,-7.1954738143920896,6.0104862148884735,3.7330390370968227,-5.425494172855221
1776353613147,-5.557390381512046,3.435979242053628,-7.12469522781372,1.4369362648043404,4.823212360711728,-8.298487742495086
1776353613163,-5.480476653179526,3.5643683060795066,-7.220463294219971,0.981369904240483,2.4127340153425623,-8.322432678177858
1776353613180,-5.517287503704428,3.746028357043862,-7.41828420639038,1.5159128884035515,0.9831912168713492,-7.698984963570141
1776353613197,-5.698349004253744,3.7491707467228172,-7.433547241973876,1.7840844713516466,0.9363909741218334,-8.703769823502487
1776353613213,-5.747281085205078,3.72178706523478,-7.386261174663901,1.0326697475491562,2.476807379616217,-11.03129167942044
1776353613230,-5.755211293682455,3.783886378534138,-7.538292980083823,2.0145576789495023,5.088394882124296,-13.87256926564935
1776353613247,-5.610661368450522,3.8382051209598775,-7.530662046813965,4.731815464993672,8.205494716945362,-15.448112053384639
1776353613263,-5.371091564831137,3.817854114587605,-7.274930797466635,2.796881143180416,8.969774955823217,-12.855544706724341
1776353613280,-5.055655496105551,3.776853703418374,-6.955604735565185,-0.2663760969700279,7.862293079077854,-8.765693172291469
1776353613297,-5.086780702209472,3.7265754685550925,-7.053168453216553,0.5657731170084527,4.115637206096965,-4.28311515209297
1776353613313,-5.171624639019369,3.6833302010685203,-7.102998359790444,2.4179057492047313,3.1011295718811067,-2.4270825352414667
1776353613330,-5.162198054504394,3.659388184466958,-6.767061354827881,1.8938885134394756,2.507440564600313,0.33320202747919797
1776353613347,-5.252279891967773,3.5702041726261373,-6.616525925445556,0.8372657727187607,-0.43728562605458265,3.197819223875688
1776353613363,-5.324255579376221,3.6074636437013745,-6.716932757568359,3.0560035792518905,-3.574043972606562,4.7812929284544206
1776353613380,-5.412392127990723,3.587861117608845,-6.795043586730957,6.038633424458096,-7.238824020128981,6.105457433976562
1776353613397,-5.741145358929038,3.4962826118469237,-6.48020548389852,4.781610105364003,-10.676643498277636,5.1296125124443845
1776353613413,-5.962011631122231,3.4232600457340476,-6.464793395233154,4.714357501475119,-18.93171002067166,3.2631873358838837
1776353613430,-5.783643022918701,3.4663556756168603,-6.65902300491333,12.233949680928992,-43.20107627392488,6.4986304433591755
1776353613447,-5.0391959442138665,3.7969051423221822,-6.734440357208252,31.758293017767855,-89.76208652511912,20.325312790617087
1776353613463,-5.092466346630454,3.8500259071350094,-6.60156216506958,36.39013116189864,-103.84597757482042,28.312008373916616
1776353613480,-5.895123037719726,3.456479593768716,-6.5397618347167965,28.093659178982353,-87.87348457809723,26.180470258495713
1776353613497,-6.9533601715087885,3.2058363152101634,-6.7543421585083,9.738908044106367,-41.53929124886078,11.011677083671454
1776353613513,-6.899340996551513,3.142090988269448,-6.758083098602294,-1.5185802907178532,-12.449220168094868,1.8510745398443085
1776353613530,-6.44818362121582,3.4540853921085595,-6.566547550311684,-5.488728491078022,-1.7042096778765787,-0.44907319854070243
1776353613547,-5.898264842876792,3.6055186471134424,-6.150106099048257,-6.412357897065921,-11.318239025510076,4.127053013520994
1776353613563,-5.729923123168945,3.5926498131901026,-6.1367877677917475,-5.730497124015787,-26.39093912267507,10.207554643817621
1776353613580,-6.003759938049316,3.676596508899331,-6.375609383392334,-4.486428539343093,-35.176529489792436,14.5278396853738
1776353613597,-6.557568709564209,3.6219784912660717,-6.60769730682373,-6.692519450215151,-28.238006689354112,12.221542642301664
1776353613613,-6.783671713367104,3.5157360848575827,-6.601711802673339,-11.368109651734924,-14.244434646142462,6.967220267122955
1776353613630,-6.949319956207275,3.3979712906986475,-6.532729451861977,-18.50325566913134,1.3219984817816004,0.5408828938167213
1776353613647,-6.717232032775878,3.4923926186710594,-6.8016276412963865,-16.956822293865002,1.9649276034494858,-0.164088384579107
1776353613663,-6.734739632415771,3.554641569574177,-7.043442008972168,-9.1593630779362,-3.327566137679485,1.078980244390841
1776353613680,-6.536320169830322,3.4157781655460595,-6.952013433074951,-2.857925958887405,-11.04452943980557,4.006626533169915
1776353613697,-6.596474486541748,3.3596637718752023,-6.621763241577148,-4.430532832496647,-10.306831443403757,5.421772573531211
1776353613713,-6.633883887481689,3.301305106408894,-6.639270841217041,-6.050786038538841,-8.313401460547809,5.793389079006441
1776353613730,-6.674734953308105,3.30025793544352,-6.7377323844909665,-5.721867606886299,-5.827314628613895,4.886932049252423
1776353613747,-6.61383244857788,3.2610528832584618,-6.5485904533386226,-6.591450579745533,-4.793577450563512,4.655227273169849
1776353613763,-6.5859998542785645,3.2504286133915183,-6.4740709266662595,-8.156617883244751,-5.417870401081018,4.031178501915172
1776353613780,-6.645555036053061,3.38031376119405,-6.485143524822592,-8.436988610937313,-5.986062739076977,2.4447140282536197
1776353613797,-6.655730977630615,3.508703409741819,-6.693439653778076,-6.321403682983447,-5.250402700368768,1.6636537221323355
1776353613813,-6.49337300850749,3.500921669824421,-6.675781832012534,-5.430610411430384,-4.036065929153139,2.195156418341102
1776353613829,-6.46733723449707,3.5657150445133445,-6.486939760589599,-5.749107255069956,-2.3082519712786427,2.986599465774452
1776353613846,-6.539013646697998,3.4258038849979635,-6.369623879241943,-4.761113134551619,-4.563234016559886,2.096062112871853
1776353613862,-6.545747338867187,3.375675287738442,-6.276250014495849,-4.192124225743706,-6.517124461197454,0.7070966144860394
1776353613880,-6.682216833496093,3.3438024781376123,-6.0812728013187645,-6.833594019314003,-6.431978042343606,-2.308331372227744
1776353613896,-6.8308069740295405,3.4512422776371237,-5.913827153667807,-10.733527021232794,-5.372044100618464,-5.607944320398717
1776353613913,-6.8023752447932955,3.559579610498249,-5.972934007152914,-14.486291644652614,-3.8195805220886463,-8.850292749124892
1776353613929,-6.782174752807617,3.910629721179604,-6.228066706085205,-15.819624825361851,0.42515638402740363,-10.312357920215945
1776353613947,-6.585401303863525,4.136731848199665,-6.396857338604331,-14.243452806449273,1.6260840531592688,-9.626536918107671
1776353613962,-6.589291297039389,4.164115821948648,-6.564301817211509,-9.940250068007296,2.6035037601819573,-9.090110936167795
1776353613980,-6.446836882781982,4.0363253083378074,-6.410923857879638,-9.17244630529136,5.721180319101066,-7.784156568746554
1776353613996,-6.339845996093749,3.9333746369510885,-6.322637087139487,-10.501789801751663,9.72470125063274,-6.891620745181492
1776353614012,-6.348225701904297,3.901801102557778,-6.408081327930092,-10.255891892573802,12.47209959426712,-5.927970699525549
1776353614029,-6.364834891399741,3.9149689194276927,-6.439354418072104,-7.887000434626729,10.57690907601711,-3.015250401795363
1776353614046,-6.475866577911376,3.9251445687443014,-6.406434145244956,-4.512794350199812,5.537799985169979,-0.021872720321613803
1776353614063,-6.5589154479980465,3.891027195087075,-6.37800358505249,-2.4542686091288215,2.530077305613616,0.9519270931626737
1776353614080,-6.801478588214517,3.8003473917305466,-6.3061775352478024,-2.4343989485030195,4.563410320817837,-0.5395316902998224
1776353614096,-6.9168485961914055,3.729119307819009,-6.259640240478515,-2.8043926437201376,6.955029233228128,-2.2019838327467647
1776353614113,-6.864326381793618,3.7080201134279367,-6.190657305145264,-4.108012153662291,9.654463000302915,-3.7026668934050684
1776353614129,-6.772298670959472,3.7937624603822826,-6.291363412475586,-3.72133465418036,13.701133225029322,-4.947733966357053
1776353614147,-6.58854369354248,3.8621471375614402,-5.799654246520996,-2.619543178787263,10.908332052660931,-5.262721373423709
1776353614190,-6.635230625915527,3.8052842636108397,-6.458658253479004,-13.490141851378457,-4.556961768467699,3.5749519608793503
1776353614196,-6.996455216869712,3.636343993487954,-7.319522803387046,-10.955016395637967,0.8034506800767911,2.2453008924629856
1776353614212,-7.456441795349121,3.4765307404115795,-8.346486262512206,2.64886005825225,24.67959595254065,-6.513785352466964
1776353614229,-7.64184278640747,2.9400802231937644,-8.77220524520874,15.64963336975128,50.13777541385481,-23.413176427582737
1776353614252,-6.7948939491271965,3.6324534157902,-6.150853702545166,-3.4881667235115223,51.78682555121142,-22.939487440716718
1776353614263,-6.450278547668456,3.6004306763246654,-5.6863785804748535,-13.053001206761179,43.81425992175736,-18.70856091029817
1776353614280,-6.694487117004394,3.2555165841802953,-6.760775990948081,-11.577200525249232,19.614862126361746,-15.508429453945022
1776353614296,-7.042843458557129,3.097498982349038,-8.694393106731772,3.7552764254870916,12.257998776996606,-17.337424340080208
1776353614324,-7.038354330444336,3.109769265857339,-8.929773641967772,15.066828695799725,19.830839538106723,-20.55507693920173
1776353614329,-6.7651160659790035,3.0805899331241844,-8.28109462966919,17.630273823386382,37.11456493093229,-24.84135873774865
1776353614346,-6.360494816368818,3.0243259018495676,-7.402721311077475,14.164087715841017,46.11500572858157,-26.862293892392238
1776353614363,-6.120327631378173,3.019538083051145,-7.181856207928061,10.715220406709868,48.71563440600978,-25.98001786673418
1776353614380,-5.838560023498535,2.9682120927006004,-7.253383567047119,12.372372002195762,40.529987365018826,-22.27318541170905
1776353614396,-5.597493843841552,2.965967528644204,-7.575254052734374,19.319543529670614,27.96827568884114,-18.647743198381086
1776353614413,-5.588215727886557,2.9807819436773655,-7.7588588080257175,28.084346216049042,15.121354095943937,-14.680424403884594
1776353614430,-5.604077898406982,2.9459160897403955,-8.015188607788085,36.33395627106987,8.233764869920044,-9.573131668987342
1776353614447,-5.750573112487793,2.8562834573492406,-8.288875200542806,38.338428962266434,14.677702573500344,-7.62478264220077
1776353614463,-5.789328667339682,2.765751830291748,-8.494477852630615,38.2714726178328,24.303105680205793,-7.003048024414257
1776353614480,-5.932382216534018,2.5481790466859935,-8.909123068127036,41.19445890332893,32.12345883645883,-9.1135248246426
1776353614496,-5.921757946667075,2.447023734283447,-8.921991902050376,41.95731931663307,38.221724935013015,-12.380049988596504
1776353614513,-5.753266004833579,2.4896704513549803,-8.990226649364828,44.62332997989122,42.23248714772537,-12.066039725467983
1776353614530,-5.059845349010825,2.4603414810180664,-9.137470635986327,50.537006801031225,40.45030979325604,-7.690554802587053
1776353614547,-4.3628339752197265,2.360683129175007,-8.953266745758055,52.17248876760161,40.975424981930374,-1.2636748561286268
1776353614563,-4.114285915374755,2.22152044993937,-8.775048359680175,52.353277044742676,45.44979994493569,7.547756891383243
1776353614580,-4.013130895233154,2.142661286627501,-8.728361427307128,53.07910758746159,47.134442198057236,11.349728758904773
1776353614596,-3.790919053649902,1.8055277653567492,-8.805873706054687,53.86981126691729,46.67675463686927,12.306712539930784
1776353614613,-3.3954268669128416,1.3539214772097765,-8.398260873413085,52.00150181191951,32.575815434999605,12.593411437889362
1776353614630,-3.227383837890625,1.178995264545083,-8.230217844390868,46.68043952392649,19.242637307163562,13.28874262464323
1776353614647,-2.947112021526694,1.1080667481020092,-7.941866181945801,36.677494295754,12.679803085606268,16.50933903529703
1776353614663,-2.770539649090171,1.4125794178836046,-8.371475742340087,25.944917524589485,15.35170393324991,21.263734678799942
1776353614680,-3.0992937568113206,1.7483662007205187,-9.668684129333496,39.48843132791607,23.235693961999957,20.277943721175756
1776353614696,-3.203741096496582,1.8749597596317529,-11.017367852020262,67.78594604041392,44.75744415933901,18.645909292588936
1776353614713,-2.949057602636516,1.5918451210573314,-9.629777767834067,110.54133881061712,73.02216713363163,5.100208121180656
1776353614730,-2.797624639892578,1.2675805067751555,-8.838195428466797,127.17287676035485,59.32681822505565,-4.326354518407381
1776353614747,-2.6518773215696214,0.9686045744631439,-6.994809787750244,133.42468551145092,55.17438764367348,-7.3342127345300865
1776353614763,-2.02085554651469,1.0404306608004494,-6.0622682411193844,136.78799360217027,90.27025942955723,1.57787401667638
1776353614780,-2.300378590337932,0.9293995040117763,-5.9959787826538085,130.72452048724813,109.3543475555173,7.894454732332152
1776353614797,-3.295618292944133,0.019752474223542957,-7.549067472076415,112.35245226150522,71.21429802259928,12.42807817129274
1776353614814,-3.1298201202392577,-1.0482111586088314,-7.8269445022583,53.39232640242003,-6.752185421483444,27.888285635923825
1776353614830,-3.5178301345273852,-0.7001540557309984,-6.957998937225342,28.32578998811441,52.549330794678724,27.44902421756926
1776353614847,-3.8048350585386155,-0.507121583413519,-7.43743781967163,3.396485094282441,67.56444300563041,21.301304134329598
1776353614863,-3.11261150354594,-0.35598760361615567,-7.534103711700439,-12.193141008185458,81.01243661341435,11.292263816096517
1776353614880,-2.944119561712444,-0.28296441644877196,-7.7317755707889795,-11.95248356164829,78.05961606162361,5.002976109477293
1776353614897,-2.797025797216594,0.03606291823443025,-7.9007158409118645,-5.915303259936114,68.86945992958806,-1.1515539925299885
1776353614913,-2.5833432990476486,0.17043752294331788,-7.924657857513427,3.051854239331108,54.43902215687322,-8.03047453455837
1776353614930,-2.549974113409221,0.09606759734209626,-8.02581287765503,6.277392932179646,45.62908216536477,-14.027358427714763
1776353614947,-2.8854616210386155,0.35942977995928377,-8.36997936630249,7.500461246475489,44.0317024090793,-22.431898517452638
1776353614966,-2.732531989996135,0.6468836533144116,-9.004742081451415,6.973800727501439,41.99563667787684,-32.493733636648976
1776353614980,-2.456300973455608,0.6618473771577701,-9.030779024505614,6.396156261467828,50.46400915427672,-32.495089429199226
1776353614997,-2.2903528708860277,0.593612629843317,-9.03407105178833,4.339126118381659,56.11780752278149,-24.607375239804227
1776353615014,-2.463782707513124,0.5835869469240308,-9.158120625305175,3.5905395197823773,62.03166875902908,-18.53425106758486
1776353615030,-2.7064949008114634,0.5222354928499088,-9.17413184890747,1.096349095285066,55.36691018580863,-13.59138745299285
1776353615047,-3.0187885798580942,0.23478165602739898,-9.567828384399414,0.8548439048780231,40.502564155501226,-8.577037371000191
1776353615063,-3.1691745177671313,0.3907040756776929,-10.407893891906738,3.737061164744314,34.45483462661596,-8.45394455555187
1776353615080,-3.1718679946348067,0.5562032654359936,-10.853813951110839,11.297628929689562,36.340335667754665,-11.960982878296724
1776353615097,-2.979882729815319,0.5883753502443433,-10.987739606475829,20.30582455336775,36.369869405725794,-20.46704433853673
1776353615113,-2.701706497491151,0.6012442572329193,-10.18224038543701,21.789462876952285,31.61266655447401,-27.158888026910873
1776353615130,-2.4839837840206918,0.7454948341920972,-9.737068514251709,17.96314821522883,34.315512427926045,-28.28660177775146
1776353615147,-1.7464200350888073,0.9512465393617748,-9.335441185760498,-0.4764868031047833,50.1112196383618,-16.750010995986184
1776353615163,-1.0000276675350963,0.601393894836679,-9.058162705993652,-14.740402002533768,55.35325322256319,-6.690410202422086
1776353615181,-0.9258074526028707,0.18225889364033937,-9.164106129455567,-23.19730659131719,49.77867480314681,-1.360290443259396
1776353615196,-1.380107181084901,-0.06254822611063718,-10.254066435241699,-15.473602319367126,38.30570552595291,-1.7521659301431192
1776353615213,-1.414673504086025,-0.2965813653256744,-10.896610305786131,-2.8413352159500325,21.191626664184824,-0.8606292351875826
1776353615230,-1.2493239153988658,-0.49904097014740106,-10.8086228102535,7.295590576094604,3.0861287689164665,2.7211076648585295
1776353615247,-1.2068268176647834,-0.9299974151059984,-10.483909794616698,12.338568542219724,-15.06852429026118,4.518859985069606
1776353615263,-1.3183068141994998,-1.2521671029355377,-10.248529843902586,11.614569343972018,-22.83114356500739,1.6628572580420886
1776353615280,-1.3498804216580464,-1.42050948023051,-10.241347238922119,8.982767683171874,-23.667419974152708,-2.1842569305296426
1776353615297,-1.6898570574002338,-1.3851950057432054,-9.849296717071532,-5.934507190561251,-25.2501028708916,-5.335021487109232
1776353615314,-2.076969465261511,-1.1185406497128307,-9.741407420238852,-17.56749413963021,-20.24278190732853,-8.166980133989307
1776353615330,-2.1824641220426186,-0.9521437804624437,-9.998635045623779,-25.234120228233767,-18.09358263026127,-14.708045688888125
1776353615347,-2.19802632323578,-0.749534391906485,-10.416422650799154,-24.952016340039318,-14.21635573846454,-21.40378600018376
1776353615363,-1.8140563050534575,-0.5425856589719653,-10.493935514068603,-23.378895708138444,-14.398438336453324,-26.509681961395746
1776353615380,-1.516127762902528,-0.5187932434415444,-10.447547856903075,-21.29990906819162,-16.81570546297066,-29.553207425364256
1776353615397,-1.064521401690319,-0.46731787121556695,-10.67379991378784,-14.440290320592577,-20.701989185606827,-29.851942824187688
1776353615414,-1.0037686806943267,-0.24884700625892728,-10.96289976425171,-5.407068456908642,-19.82779498128419,-29.304906143372197
1776353615430,-1.1107594212520866,-0.17402816784642636,-11.145606693920492,7.369892788980588,-8.527862570297039,-27.753901664003823
1776353615446,-1.2597986207272858,-0.08035502789281308,-10.62980645828247,19.76907584498959,4.645357222932358,-23.757908027824328
1776353615463,-1.1544537476804106,0.05671298061851412,-9.587580548095703,17.02447873268856,2.4590781295215685,-19.11346818467487
1776353615480,-0.9706986971981822,-0.02648549053929746,-9.067889150238036,8.027222510739799,-3.28259190331589,-10.962214561249516
1776353615496,-1.0721530656125395,-0.19153584055155515,-8.897302281951903,-2.76464051586384,-18.949046748332442,-4.223044492116354
1776353615514,-1.3287815560605376,-0.4783910538937896,-9.419687156677245,-3.4394994912410657,-26.61529717653165,-2.4810713386490093
1776353615530,-1.2059290833737701,-0.7389101585721597,-9.664643914031982,-2.8722665813800816,-30.158290468841102,-0.3189080957328009
1776353615547,-0.6560109626218676,-0.7181105316495523,-9.62693523788452,-10.692285485250611,-29.102162223144123,3.803627761508435
1776353615563,-0.137217317321524,-0.0014960472440347075,-9.995492655944824,-28.86109411148311,-17.709463036623507,15.147317352526448
1776353615580,-0.10624233334325253,0.47958892190884794,-10.18313821105957,-58.05342507695516,33.50095772788866,43.34971826573728
1776353615597,-0.8872009143002331,1.1207859809542073,-11.055973769268393,-78.9466663895115,97.78997668685028,75.34094122477008
1776353615614,-0.6744163148190826,1.3949220230930368,-11.909956158447265,-40.25319053380947,144.99595487117963,53.348876154015
1776353615630,1.3699327373446897,0.4722566245256923,-12.563423574066162,13.668470406644674,129.62521520071292,41.308823590791626
1776353615647,4.01642348877145,-0.9608227192396704,-10.97412258453369,24.50392007199334,67.07836576315728,64.87394952929235
1776353615663,0.011073639335948973,1.1074682707522063,-9.664643914031982,16.538526141167786,48.78346842975176,60.34735777008228
1776353615681,-1.0073598553203977,0.48273122025625775,-9.599401334270834,9.959200427859496,26.468407128241356,41.94231339102655
1776353615696,-1.2922699076779185,-1.4318818924504797,-9.793182615661621,13.759358026382742,-39.918763981478136,8.175250639300545
1776353615714,0.5596451129855587,-2.7750289963986723,-9.66015478591919,4.255637301062008,-91.22919066827035,-1.9487562768158342
1776353615730,0.015712386786192654,-2.1458028908551667,-9.338433937835692,-11.088487683530126,-102.97223245543572,-20.758736104778585
1776353615747,-2.332700184885878,1.1939587600595782,-12.275071911621094,-1.2528594650213232,24.636118383378935,-41.73075169657999
1776353615763,-0.7290339305935427,1.820042466790974,-11.236886216735838,12.215966646617995,93.55283468428702,-27.075156737875684
1776353615781,1.5255558635211548,0.5535098251009359,-9.507075517272948,9.409529001571672,65.59354410929903,5.47436929900854
1776353615797,1.373524003302306,0.34910485836509614,-9.19283596485555,23.813749946931058,9.959160300498123,21.592261655235678
1776353615814,0.22655180701632052,0.41030663830284025,-8.591742295074463,39.834291616918,-34.46485792922296,33.49682887853539
1776353615829,0.00912835048707202,-0.35000206293314695,-7.677755811309814,29.9487880764293,-53.3632946833529,23.863026346698117
1776353615848,-1.0980403253972064,-0.75028265299052,-7.015759052276611,12.49091505788321,-132.4650302726858,1.63726101740576
1776353615863,-2.233191196651943,-1.0842737480496987,-9.432406352996825,12.596292070171815,-158.96005806321728,-21.09310118540739
1776353615881,-2.811690282385051,-0.5972033843442798,-9.961225644683838,4.7325347692906385,-112.95264147444175,-43.05160099903374
1776353615896,-2.4172454127438363,-0.1563709671353921,-10.58566278065145,7.683508608684539,-58.71894504930286,-38.975449970302265
1776353615914,-0.7214024493344128,0.33788207461573183,-9.901071327972412,4.470580792921371,-56.043184291004515,-22.91042669334561
1776353615929,-0.5822394778378307,0.038457156427204604,-9.315988297271728,-3.039918697199922,-66.2503487602658,-3.6422568584040675
1776353615948,-1.6220713324949145,-0.804451429018937,-8.964190875354408,-16.39757664990811,-20.9815829792813,-1.3296167040271034
1776353615963,-1.611895829308778,-1.1215335113858804,-8.95610986022949,-19.208674191515676,7.410812452298134,-1.6156579828346558
1776353615981,-0.9403224097654223,-0.5383958060666918,-8.918550821685791,-22.251858146025686,22.558830752988154,7.325500828243736
1776353615997,-0.8864528724119066,-0.31064733661171046,-8.613888660430908,-22.264502533726674,11.324655134461656,24.86493655076353
1776353616015,-1.2180498023435473,-0.15248038943763823,-8.739733885192871,-21.499903837278765,-2.5377689523926965,36.54690107882336
1776353616029,-1.7943042144224046,-0.18136046522958202,-8.864830921936035,-24.94442629232414,0.7521980077620732,35.7572355881215
1776353616048,-2.3044186595089733,-0.24136514433724804,-9.31464155883789,-26.442788796211932,24.55555288702405,21.809383123666628
1776353616063,-1.8179466635555028,0.13901367181953972,-10.08063586796224,-16.531656678410048,34.73516266562621,13.1260193440832
1776353616081,-1.5559313655026257,0.08260027693579904,-9.759813430023193,-3.280601543503066,25.15221430725427,14.380661061591073
1776353616096,-1.582566858971864,-0.06658840944611001,-9.502287113952637,2.928128991054323,10.055518901761369,11.651588115499841
1776353616115,-1.6356882083065807,-0.4367918457143474,-9.644442837524414,6.0356870516048815,-4.945617461487996,2.7934427832635493
1776353616129,-1.505503639166057,-0.4906614013341721,-9.574562076568602,-2.4679488377061225,6.796911634602803,-4.186511517793248
1776353616146,-1.456721634209901,-0.255730345165031,-9.719860189819336,-7.264138408740341,15.34096004568548,-5.860809449416814
1776353616163,-0.7975678435176611,0.08693977657798677,-9.914388490185141,-5.970605167211592,21.145282123118996,-2.694488283228874
1776353616179,-0.7588119233395904,0.047884352863533416,-9.834632231903075,-0.3887529164942637,32.35906621187842,-0.30315341063852025
1776353616196,-1.307383305657655,-0.18435320360504556,-9.774477330669761,5.837059174125387,23.84721616631683,-8.149272014792402
1776353616213,-0.9597752251889556,-0.0960670219533611,-9.152733671569823,2.160566205950042,26.68688097412797,-10.71381680283543
1776353616231,-0.7511803324826062,0.39594143290848005,-8.595183959960938,-11.048585718398911,32.74399518293283,-7.832988152443915
1776353616275,-0.6551129908688366,0.272640061110165,-10.426748229980468,-23.99243964844964,14.453132783779495,0.03565977732640188
1776353616280,-1.008557010949403,0.11237818748345597,-10.596886185455322,-18.004967755969524,8.35135682176557,-3.9831998380904174
1776353616298,-1.082029074395448,0.013617387268319726,-10.090961447143554,-9.560089422767202,-12.11964817271612,-14.17385403258049
1776353623895,-5.470300711601972,6.37231618706584,-4.227711803546548,-9.166823352057147,14.399966591280116,-6.919288560848744
1776353623911,-5.173419705742598,6.301987097820639,-4.199281243354082,-13.180979315013355,2.9884318774627197,-0.36485259048450813
1776353623928,-5.011212543267011,5.908739475139975,-4.891504213824868,-1.933857926688744,-28.123700058499363,5.140670161823812
1776353623944,-5.22938416954875,6.010342823570967,-5.4129906784057615,9.888483210514122,-44.68281409737286,6.868316139733408
1776353623961,-5.296272178429365,6.057777943962812,-5.507711866107583,12.410995868178539,-37.48164320259087,9.398132830941506
1776353623978,-5.288939351323247,6.534074436730146,-5.2030497048527,10.223825861967885,-16.130463319394547,17.20687039673729
1776353623994,-5.878662316784262,6.362739964947104,-6.171655083033442,22.054482754485242,-17.384709739704206,21.853584692880364
1776353624011,-5.776010336083173,6.1183817580074065,-6.168661746436357,38.250749823890985,-43.585687641182886,23.942586097697717
1776353624028,-5.6914645054370165,5.56756515404582,-4.683956857410073,43.61480473761465,-97.44520922811554,26.998954024853145
1776353624044,-5.338320345085859,4.650287227520346,-3.767726101849973,31.14413265288406,-154.49142045911478,50.50602164786146
1776353624061,-5.685629223412275,5.843496895378828,-3.892972776196897,11.256012587076675,-188.17844620037292,89.06709428650281
1776353624077,-6.503099452751875,7.268795655712485,-3.979613241034746,14.235041428486403,-125.31771541950936,45.480464079214464
1776353624094,-8.177244963616133,9.30850524803996,-3.394679847937822,25.44185018655595,-26.62397322432486,-19.346251276872657
1776353624118,-3.86274393441081,4.871899934166669,-2.2556381158575416,-24.335438088189342,-7.512986105866001,13.503212272128923
1776353624127,-5.070768894085288,5.821649805229902,-2.3801366021856665,-31.560511229971794,-11.154917249624024,12.509021889372915
1776353624144,-5.614700414708256,6.728304046410321,-4.218134704644978,-23.972227411148282,-27.36835626837682,17.912907051241508
1776353624161,-5.042037305119633,7.048079605644941,-4.723611114667356,-5.431685739337838,-50.199615946600105,32.093371853164925
1776353624178,-5.011661456078291,7.087883208245039,-4.390667738562822,-0.3375986149118499,-54.86587141395859,42.69186518073292
1776353624194,-6.23090923603475,6.59497811050415,-3.8504759889900684,-3.3030553635126596,-36.212252545344,44.93878909689743
1776353624211,-7.102696746495366,6.3081216550529,-3.9332252916082737,-0.36143135940141935,-24.24257654378114,35.09655821989534
1776353624227,-7.002590358623862,6.219087280815839,-3.2923277269661426,-5.736392431043154,-29.04865793628083,30.932926128274342
1776353624244,-5.879409920281171,7.105839720696211,-3.109320645307004,-9.768528013215773,-30.338590387456513,38.75238282219882
1776353624261,-5.582080001610517,7.01022129189372,-3.869479380145669,-1.40634342062503,-39.0243438794758,44.16327234306126
1776353624278,-5.861752683037519,6.732942812126875,-3.8628962023630735,7.123954752441353,-53.10175307965477,39.48769708258029
1776353624294,-6.336553968811034,6.449529775127768,-2.9825778871834276,8.030649558155853,-66.0134231583364,32.41474932908695
1776353624311,-6.285078048595786,6.654533292278647,-2.6660946474924683,2.9135277541561284,-71.96730588802568,20.493579623462228
1776353624327,-5.796062359508872,7.250839143261313,-2.879627508057654,1.8803606834580306,-85.91197036168546,35.71007996209173
1776353624344,-4.3899172124564645,7.9282485754817715,-4.487333338330686,10.838337981593932,-66.9362773378535,47.30369087059557
1776353624361,-4.685750170567632,8.186671548131107,-5.102643164990842,40.2322286832467,-55.263460140639616,65.16293483307558
1776353624377,-5.821649805229902,7.418132815220952,-4.014478802710771,46.99217618783504,-61.48939272006509,58.463400351696
1776353624393,-5.907092876976728,7.805246465191245,-1.6609788630381226,25.752096161678146,-31.056976023980113,62.2333779055979
1776353624411,-7.838166738018393,6.34613019092977,-1.6445184343636035,18.344989940778394,-45.548359574658974,32.255595676141894
1776353624427,-6.827663999828696,6.871806508415937,-1.1767512850105761,10.829656811158847,-65.50415742363107,23.756164622038682
1776353624444,-5.856964864239096,7.625532287597656,-2.0005065859690307,8.123526470489685,-77.03618734657807,31.990813147682598
1776353624461,-5.069871068462729,8.231264723095297,-2.6626526903450487,3.7228044255123818,-57.384052877915565,44.06186452445408
1776353624477,-5.4412710164725775,8.008901490342616,-3.215413706372678,5.945127280946975,-28.488746348879864,46.15282448601593
1776353624494,-6.448631949505209,7.526171749657392,-4.5227977426826955,5.005578411551069,20.264933918354174,40.3371403888981
1776353624511,-6.2484162511527535,7.57196085640788,-2.447473523877561,3.1730785711546097,11.88942554768344,29.613576052343415
1776353624527,-6.216544610595703,7.426065361785888,-2.0905887156933547,-2.641965622615357,13.266775882498823,23.055153279216302
1776353624544,-6.040870063781738,7.6729662389457225,-1.7233771592840552,-10.859754039736508,14.936027158099396,20.29857601511107
1776353624561,-5.730670142143964,7.7958187116324895,-1.6867162386238574,-17.276130222468513,-7.610542551554939,22.948578422502006
1776353624577,-5.80339518661499,7.770082212829589,-1.9131185176342724,-20.185449299435444,-14.794008742234613,24.030854339889085
1776353624595,-6.017226737865805,7.500434081810712,-1.9795570291817186,-12.47977075047869,-46.713893790481215,18.642734962172174
1776353624611,-6.1825762900203465,7.509561975640058,-1.9425965410530566,-5.744151099053465,-70.05465484493618,12.061069055299507
1776353624627,-6.343735404747724,7.399129424065351,-1.9595055902779102,0.5799220673175457,-88.86276917748188,3.6525687365034942
1776353624645,-6.391321331787109,7.5534069625854485,-1.8216896494761108,3.544546733458804,-109.26415490752727,-8.045840752643606
1776353624661,-6.075585403332114,7.746438886913657,-2.0491383687995373,5.331716956211415,-122.79591395529226,-15.621127575250233
1776353624678,-5.413588644298911,8.081776756939291,-2.360683713696897,7.574595265953162,-128.66080615028545,-12.127829885568149
1776353624694,-4.212746289604902,8.857047428452969,-3.320309812738746,13.277126180412331,-126.9017319106837,0.9892538635333817
1776353624711,-4.0904929518550635,9.029880614361167,-3.851075123926997,32.87015219199755,-104.77073737711596,22.40500977023759
1776353624727,-4.396053523254395,8.757241484832763,-3.4886525553599,47.78111426339029,-80.66296998453066,33.87251318854818
1776353624744,-5.237614822277426,8.097339067730307,-2.954894930487871,66.20421766261154,-47.28121613313164,38.44772564936498
1776353624761,-5.906045998272299,8.148215268486737,-1.3355170748606324,64.99299289633649,-31.160333861595333,36.34810159284097
1776353624778,-6.099527419933676,7.897123953899741,-0.8180698026679456,53.384427288644915,-22.41069248762704,31.536369926350385
1776353624795,-6.45491555981934,7.590066421940922,-0.5196928591623902,37.576159360325505,-4.757472643724001,20.85989462148106
1776353624811,-6.443843546184897,7.5251242864310735,-0.1903399087652564,23.748499442242636,5.826017746445238,11.605064281968298
1776353624828,-6.439653693279624,7.4570391767203805,-0.13527400123402475,9.025353058873257,7.609776716594252,1.5298240627521635
1776353624844,-6.3685752469718455,7.558942384880781,-0.2983784048102796,-7.834005850630247,3.4826139931597133,-12.989890258830261
1776353624861,-5.985204875183105,7.626728803905844,-0.7981681474983692,-15.990271979132741,-1.5291199129374176,-19.882849721089077
1776353624878,-5.711966026195883,7.766938654106855,-1.2726692812815308,-10.394976742190064,-1.783718522622522,-17.65669982528516
1776353624894,-5.719297684258223,8.027157862523199,-1.4529825938120484,-9.48476182773207,-0.5889143315249848,-19.19637302082048
1776353624911,-5.33083846489787,7.997829476708174,-1.7821850298225879,-9.752185931852873,-3.8625897964053935,-20.50375831287284
1776353624928,-5.258564086803793,8.088659502190351,-1.849222384046018,-9.342736581678118,-3.779614523933963,-19.470946625454996
1776353624944,-5.007322550091147,8.221388056725264,-2.0079886122874915,-8.089245751045391,-1.9727133787730655,-14.227966206279916
1776353624961,-4.850801032036543,8.254607604759931,-2.2182292994394897,-5.253553125123435,-0.771449963154812,-8.984710018217097
1776353624978,-4.844367199596762,8.253111228722334,-2.3490125651255247,0.17300356903454547,0.3109243516449965,-3.8714707498737027
1776353624995,-5.136759077343345,8.183978655785321,-2.346618363465369,8.879992972957046,-0.7831013587443546,0.2046089353974572
1776353625010,-5.355230563354492,7.990946731457114,-2.050036632813513,12.99985294350837,-3.360273992623972,1.7137875240836407
1776353625028,-5.504418669781089,7.924058138054609,-1.8679273767769335,15.03948403345758,-4.687014546680266,1.6451567160862948
1776353625044,-5.730670142143964,7.762149666264653,-1.4823108334966002,12.800482282956638,-5.6577871989800625,-0.7050137269543029
1776353625061,-5.743987888878584,7.829786447685956,-1.2322669821359216,7.614401608435997,-2.97207229374007,-1.5545162638188175
1776353625078,-5.707775588768721,7.854176792576909,-1.1731601286508142,1.8775280759431794,0.855302488047766,-3.053253574337314
1776353625095,-5.761496073040366,7.852679832017421,-1.2668332686044275,-3.219291631078916,3.2754744193139134,-6.292785617247916
1776353625111,-5.720345732006431,7.807640082329511,-1.4903919947519897,-4.295585796856944,2.074455236319341,-8.811874642590864
1776353625128,-5.675155760192871,7.81482210278809,-1.6069592496894298,-3.2201460450554023,0.7534850181729447,-11.047778048529556
1776353625144,-5.543474084362387,7.849389558300375,-1.7357972265265882,-0.9220448021004564,-2.067101683904176,-12.1707414028024
1776353625161,-5.414935382732748,7.978226950615644,-1.695245582038164,-0.23976327872527814,-2.575799232247916,-11.315089454529053
1776353625178,-5.341762594494223,8.003365483525394,-1.6702559560798107,-0.46391920167110695,-2.5773650531151415,-9.58416754713879
1776353625195,-5.325302458080649,8.045863732036947,-1.6579858187019825,-0.9117216115002167,-1.2828036546728938,-7.959762439854875
1776353625211,-5.370942511749267,7.991694919475912,-1.6419748873606324,-1.2219411196393797,-1.5286922790623512,-7.018329718908514
1776353625228,-5.406704730004072,7.940069361656904,-1.663971322852373,-1.2239274240273839,-2.572099190708473,-6.041632731277377
1776353625244,-5.489005996593833,7.85283063866496,-1.7661736600898206,1.5440339511552577,-4.691253532833905,-5.142851980376808
1776353625261,-5.560532186669111,7.896824678692221,-1.7818860468760132,3.5683256101673804,-5.756927394782798,-4.804305116428663
1776353625278,-5.5636751608699555,7.9649103729248045,-1.6868660223580896,3.33419312872169,-5.363404765092043,-3.933310855732175
1776353625294,-5.440522828453779,8.014588303807377,-1.6186308366522193,1.3675697173673371,-1.603392884076017,-0.5206409345203009
1776353625311,-5.453990797314048,7.890838590019941,-1.6274596014045177,0.759939867103724,-0.5218035074222311,0.738857847900245
1776353625328,-5.491400782775878,7.77621735458374,-1.6720520457163452,1.6860400940238753,-2.2327593844863727,1.5758059634617472
1776353625344,-5.6501662803649895,7.639897497558593,-1.6964428289987146,4.523515612762616,-5.606210733010004,0.48863621553435505
1776353625361,-5.7516199911922214,7.594408250537514,-1.6053136744394898,6.016282911059698,-7.564493416170713,-0.6739004010158965
1776353625378,-5.768378818291425,7.658750082066654,-1.5358816801644861,5.644711228700896,-7.2079430273440614,-1.4985881135738142
1776353625394,-5.672161839073896,7.796267039921879,-1.3609554674997926,2.0170780187532373,-4.593494315903982,-0.49553742799956535
1776353625411,-5.645975842937827,7.765891190880536,-1.4336793429270387,0.1474895041116686,-3.7744338254485084,0.17762659324643917
1776353625428,-5.68847233788371,7.720400774815678,-1.5661087683849035,-0.3743223542840399,-3.919002036307821,0.33880955942692553
1776353625444,-5.681439370507001,7.691072389000654,-1.6379346720591186,0.3905605687467899,-3.874798332659968,0.22274057968375519
1776353625461,-5.72109275098145,7.6633888477832075,-1.7039245630562305,0.9769253720815088,-4.252819848029378,0.4846729982684551
1776353625478,-5.7894788894653315,7.630918072289228,-1.7010813024543225,2.5762585624695995,-5.221084540243311,0.7281914402942122
1776353625495,-5.830926752141118,7.603533806279301,-1.6719018235906957,3.0936385619088953,-6.622390482912045,0.3410149634768992
1776353625511,-5.926994678276777,7.551759195378422,-1.5503966738596557,2.7627984992220522,-6.711741310086859,-0.8886452837807998
1776353625528,-5.961860239952802,7.501929288804531,-1.461361861231178,0.25265990317787873,-8.088806057617571,-2.958263572229008
1776353625544,-5.947345976909995,7.534252180260419,-1.5017640142463147,0.13326552844341127,-11.42662217480713,-4.5943976084217155
1776353625561,-5.856814642113447,7.73192287030518,-1.639879814777523,2.1294356978170046,-9.753022630026198,-6.383627986982733
1776353625578,-5.619340933990478,7.80195502243042,-1.4200624671153723,-0.7113640953351222,-2.686871981974075,-6.329261815623546
1776353625595,-5.534646050262451,7.810183921593427,-1.268629065980017,-6.575208816786066,5.326026127972326,-5.436287152404311
1776353625611,-5.396829232677817,7.8332281125724315,-1.3401554021857678,-11.081428683022917,9.016427709175344,-3.1932188780262734
1776353625628,-5.424063861083984,7.851634706878662,-1.740137301557511,-8.643441323884701,6.811114159208198,0.3230134663108017
1776353625644,-5.450250441741943,7.827393415069579,-1.889924396790564,-2.542443576549336,1.948931727300139,2.734741149328698
1776353625661,-5.588963915905356,7.797315672191977,-1.9186546705819665,3.2504639741206196,-2.7435427018479057,3.9659117755274687
1776353625678,-5.7023880505114795,7.7857929921805855,-1.6534968367196619,5.786082057254997,-5.18870389404875,4.9396969681380645
1776353625695,-5.732466962432861,7.757961566925048,-1.580174849268794,4.806233791095545,-4.25269989283208,5.673255016129202
1776353625711,-5.925649108886718,7.688380081176757,-1.5536884088814258,4.360566935959976,-3.198433727457578,4.903342859393848
1776353625728,-6.073789167565107,7.71935331158936,-1.5164284994147716,3.5366328920882864,-0.10041471977403003,1.6362078876131085
1776353625744,-6.002412615093588,7.688978047069907,-1.49353409217,1.6707451660381012,2.100018926835406,1.0118943398063873
1776353625761,-5.906943823894858,7.689425790837407,-1.5361808092415332,0.4231713069390158,4.455075409731796,0.8469925490662406
1776353625778,-5.820453288921714,7.6488745847404,-1.5584772505931554,-0.14765721727230416,5.440175664476164,0.002124935883814436
1776353625795,-5.7794531700134275,7.626130838012695,-1.5475534132577478,-0.7826238858326884,4.17164219597013,-0.23331782130460751
1776353625811,-5.72049536961019,7.601289826744795,-1.601123675403744,-0.7270070428034497,2.545448859784141,-0.16432928214948217
1776353625828,-5.785887002453207,7.637651764458417,-1.6883622522652149,1.2066061710139373,-0.055065091810348576,-0.05454957261057129
1776353625844,-5.821799442833662,7.6735647893607615,-1.6813292848885057,2.2971591037363073,-0.8464738815761428,0.17621311761421676
1776353625861,-5.850230587548017,7.679399486863613,-1.5553344225227832,1.7282962332629228,0.3556440547403029,-0.05449973357397135
1776353625878,-5.940462647137045,7.659948351940512,-1.5283999461069702,-0.04533175207796306,0.18808670779519637,-0.42134898045194463
1776353625895,-6.021865503582358,7.688678187340497,-1.5785283972360193,-0.21164146892163158,0.17765087243450445,-1.7357862827397823
1776353625911,-6.0131865225642915,7.705736874169111,-1.616087581910193,-0.20472230052942356,0.3003230442794904,-2.9317590231547737
1776353625928,-5.954527997368574,7.682543045586347,-1.6329961927436292,-0.9649219549454461,1.497946502678656,-3.517939944990431
1776353625944,-5.927145484924316,7.659500023651122,-1.6705556696787476,-0.8811000591820513,1.4715691658777132,-4.019188531714038
1776353625961,-5.871629933929443,7.627477576446533,-1.7450753424815832,0.4335362257262159,0.6815606182526245,-4.725334896131799
1776353625978,-5.8349681364864106,7.671619500511884,-1.6626245844185352,2.297630386789038,1.5058516995910054,-5.764694173642748
1776353625995,-5.802347138866782,7.707682163017988,-1.5218155992805957,1.0256328384350448,4.488551447514498,-5.654282458162199
1776353626011,-5.6660266973197455,7.797764000481367,-1.2681800070382654,-3.2819317228439258,9.848722971808186,-3.858916862179219
1776353626028,-5.577141960686445,7.760802927830815,-1.3151662146188319,-8.047071040467856,13.792044750429485,-1.3754353205268415
1776353626044,-5.564572401970625,7.743894463127851,-1.4296389814950525,-8.532304754578487,13.211892751196832,-0.5585978965636486
1776353626061,-5.5731023299068205,7.761551700371504,-1.5849629603281616,-6.487713239744557,8.717388366933845,-0.04972137591931274
1776353626078,-5.558587482342124,7.791928133934736,-1.700033839228004,-4.200756731080956,3.3580896127500375,1.3399424559482818
1776353626094,-5.610062818035483,7.823201808598637,-1.7227793395213782,-1.519555513665284,-0.8450275356585396,2.626254479977035
1776353626111,-5.745335211834311,7.810183921593427,-1.7310091154672205,0.6793358442130515,-3.662493428254346,3.5948561993378254
1776353626128,-5.86714080581665,7.896077075195312,-1.6476606779120861,0.053684006215830846,-0.8454962040294789,3.59570356968173
1776353626144,-5.875669564709067,7.851633537834882,-1.6268610509894788,-1.551009388566839,1.12823711408574,4.0104292409903195
1776353626161,-5.9760763968318695,7.729381369128823,-1.788619885175675,-0.04862206230848448,0.8864196026067276,2.5111203290156574
1776353626178,-6.119580027881264,7.710975359344482,-1.8517666617013513,2.3162155449640545,-0.6646210554199052,0.02090117927303238
1776353626194,-6.0806730818599455,7.6915213018119335,-1.7823349596872924,3.8037378983088015,-2.733607124483064,-1.2348213623101427
1776353626211,-5.921607724541425,7.7003499204337595,-1.5824189749337731,2.7166046492047866,-1.807339771371659,-1.9021146225211096
1776353626227,-5.846789507183432,7.671618915989995,-1.464803672248125,1.2524795357487413,-0.7750626529780728,-1.9476164889980885
1776353626244,-5.850828553441167,7.661293921330571,-1.4549275903999805,-0.21161788342465387,0.0187252837747073,-1.8860167204210359
1776353626261,-5.812970239689946,7.639297193577885,-1.5692508658029138,-0.6547359040610456,0.43429186876400144,-2.210427013777958
1776353626278,-5.799204749187827,7.630469159477949,-1.6205767100229858,-0.5110896620179786,0.21921929700149628,-2.0705496487745627
1776353626295,-5.7430906477779144,7.662491606682538,-1.6271607645884156,-0.7863554102753367,1.9877041498973627,-1.8956600937554478
1776353626311,-5.634752438133955,7.681644050920009,-1.5637139822028576,-2.5229026187773407,1.460724746466437,-0.030467606257575705
1776353626328,-5.724684637993573,7.665333552110194,-1.752856059485674,-1.3156675367512334,-0.6869312280135172,0.7274966286287221
1776353626344,-5.783193525585532,7.640494878929853,-1.8402445662118494,1.3792939505210755,-4.219983286707719,0.46080031318049697
1776353626361,-5.863548334282636,7.7061852024585,-1.8568541940987109,3.974901158248852,-6.717264371804461,0.4383431847980239
1776353626378,-5.858012911987305,7.71890615234375,-1.8014881345771252,4.7240465516996055,-7.388651049762381,1.1614877556258314
1776353626394,-5.889585861858725,7.787738281029462,-1.9134172083199024,7.833051331693737,-1.7048549173097334,0.4228168841541156
1776353626411,-5.866392033275962,7.83382666298747,-1.9701301524057984,8.860158957380976,5.168917262910046,1.449234127126654
1776353626428,-5.8250914701163765,7.590515334752202,-1.631499962836504,6.221419531931392,10.099574475681598,0.9732403783025811
1776353626444,-5.887640573009849,7.581088750237226,-1.558327320728451,2.7652067812347165,12.331844220981845,0.4912107166037738
1776353626461,-5.7998038841247554,7.604882298278808,-1.5872076705150304,0.026674450029838547,14.162281984579195,1.6048166583528474
1776353626478,-5.79725887581706,7.542182388737797,-1.7118552099250257,0.332231713730233,10.77132187300506,1.948917640034976
1776353626495,-5.864595797508954,7.560289123314619,-1.7531554808236658,1.233171764903879,5.472751397948893,1.0424046881071285
1776353626511,-5.923554182434081,7.609221788787841,-1.7351992606334388,1.3920032250191767,1.4071359360121631,-1.0002220801233646
1776353626528,-5.934177867779136,7.677904864391684,-1.5969338224984704,-0.8685378471945169,1.7699062792951694,-2.0223357703102662
1776353626544,-5.940461478093266,7.684637387517094,-1.5664076052010059,-4.054843399841974,4.230302421883138,-3.5204421421041827
1776353626561,-5.9498904006958,7.674761890190839,-1.5928934610664844,-7.076527199505254,4.234403950479731,-5.0279609414612
1776353626578,-5.948393440136313,7.734018965801596,-1.8368027551949022,-6.0406389387531405,2.9578232384709535,-6.106802981243054
1776353626595,-5.8729760878413915,7.747485181096196,-1.9101248887762425,-4.128229940492353,0.29382129115902006,-5.887283262639783
1776353626611,-5.667523657879233,7.798213497814536,-2.02669316662699,-0.45095710345200946,-0.8394648268272403,-4.334185757177624
1776353626628,-5.603627816551923,7.823650136888027,-1.964892690143734,1.5173651573758256,-1.9084449272212423,-2.8570175437277934
1776353626644,-5.581780141881108,7.8330778904467815,-1.911771194678545,3.1459067979758295,-2.433327462576974,-1.2315296380170198
1776353626661,-5.660640328106283,7.797764000481367,-1.8008897302925586,4.064753577440839,-2.0395506217830484,-0.3678015513390876
1776353626678,-5.7787032284289594,7.693017093327641,-1.5885539705574512,2.731669271749485,-1.569213763695627,-0.20866764190960507
1776353626695,-5.793218660515547,7.603683443883061,-1.538275443433225,0.9645461878193896,-0.22421894211309273,-0.6520201568140251
1776353626711,-5.8818047064632175,7.530511240166425,-1.5506959490671752,-0.4834283030139261,-0.5961128706625022,-1.4100113389310327
1776353626728,-5.844693996208906,7.605030182316899,-1.67534407299906,0.35588284455698893,-1.4944694027825907,-1.887505061329864
1776353626744,-5.786037224578857,7.691672108459472,-1.7730577205151319,2.4137207642342178,-1.6318572705552221,-1.0299447155137327
1776353626761,-5.687126768493652,7.783399959564209,-1.8207919699840247,4.300568419856468,-0.14001103393988645,0.6533919576201399
1776353626778,-5.716754429516196,7.682543045586347,-1.6804316053964197,3.489579078565834,-0.04769537105675771,1.8213301332259608
1776353626795,-5.772718893322348,7.638250899395346,-1.6424238001719116,2.0460711045628837,-0.6123661595661938,1.6036413322070762
1776353626811,-5.8616030454337595,7.596052510613203,-1.6211751143075526,0.30538037247306177,-0.6841708177326272,0.6838837897049279
1776353626828,-5.851278635296225,7.65486008889079,-1.6392814104929565,-0.9351508679006529,-1.1738459157119117,0.7130356774127771
1776353626844,-5.873574053734541,7.670871312493086,-1.683723486548662,-0.803667058335263,-1.3179104001199362,1.080616608305588
1776353626861,-5.919663020214438,7.62987002454102,-1.7190379610359667,-0.7012613384181743,-1.9368841273778827,0.5098458738979487
1776353626878,-5.938965686577558,7.592311570519208,-1.6660661031745374,-0.9820688246916457,-0.7112524644308749,-0.75280360008153
1776353626895,-5.840953056114912,7.586175844243169,-1.5586261575445532,-4.111242833139707,1.4309647584790453,-1.1283299619697698
1776353626911,-5.807434817394614,7.6279253202140325,-1.6355404703989624,-4.897824920318124,2.739232639038216,-0.9319722686156583
1776353626928,-5.775113094982505,7.640196772766113,-1.819744068366289,-3.868831735533139,1.287364940377993,-0.817284214384447
1776353626944,-5.709720877617597,7.6544111760795115,-1.8980046812631188,-0.5777123410384879,-2.786191470242523,0.38553616419945214
1776353626961,-5.699097776794433,7.634808649986982,-1.8798985312081873,1.2585872189706138,-5.110880718645625,1.1842306847363873
1776353626978,-5.717053704723716,7.605030766838788,-1.7901158228218554,1.5045436116432422,-5.883158255267919,2.173427452157176
1776353626995,-5.714958193749189,7.6937652813464394,-1.8104662446722388,0.311026164152312,-3.638484459548105,2.998034909992346
1776353627011,-5.673509746551513,7.784148147583007,-1.816751754682511,-0.6799849789884672,3.0032713172082186,3.600582886070058
1776353627027,-5.622932236480713,7.888594610485434,-1.8610441931344568,-2.7273150261536014,5.5158387925542725,4.597942476600952
1776353627044,-5.647022721642255,7.714265633061528,-1.982848910333961,-2.296442787647102,3.1455211057311354,4.954360957399259
1776353627061,-5.673658215111494,7.6470789334952824,-2.1104902247324584,1.1578182364942422,-1.5006817799978347,4.862987540456474
1776353627078,-5.791423593792319,7.605180988964438,-2.0928328413583337,5.215526900693036,-6.270334785446084,3.9255940226305297
1776353627095,-5.7400978957027196,7.648276618847251,-1.8415910123847423,7.208837782125332,-9.287671596589474,3.552963234063552
1776353627111,-5.676950242394208,7.724740265324711,-1.691653987286985,5.678667087272792,-6.549340329078289,4.003638752294857
1776353627128,-5.636698311504722,7.759905686730146,-1.5568310908213256,3.279215655431788,-4.279449474942789,5.048808813242195
1776353627144,-5.7691270063102245,7.7308754070788614,-1.6065103368781506,1.176171701846007,-2.0674470353440846,4.399291974119833
1776353627161,-5.823446625518798,7.669076830291748,-1.6493066915534436,0.7006413386684369,-2.234622958912728,3.463157132091874
1776353627178,-5.869684060558677,7.649173859947919,-1.713052456885576,0.8476750343747129,-2.6904029763315602,2.4018014438023108
1776353627195,-5.84813624561727,7.705736874169111,-1.800889876423031,1.6881623618650452,-5.051617728538362,2.700622646877192
1776353627211,-5.813270683941245,7.748233953636884,-1.870471362171322,3.2541702055189976,-5.618347552278293,3.1532323893040797
1776353627228,-5.807883730205893,7.804497692650556,-1.833211452704668,4.148847293388859,-3.8071209763820737,3.3373796254129124
1776353627244,-5.82853371952474,7.756763881573081,-1.7170926721870898,2.957410438912991,-1.7789210617825284,2.9235493492158295
1776353627261,-5.828383497399091,7.73132548893392,-1.7066181860543785,2.3044759438846834,-1.6476691584838017,2.7557260517799156
1776353627278,-5.82928132302165,7.736113307732343,-1.687764140241593,2.5962240591871932,-2.513986874032947,2.4100535929801556
1776353627295,-5.8177603965759275,7.759905686730146,-1.6404783651925623,2.719481652949243,-2.391098964259724,2.4096331094593766
1776353627311,-5.831676693725585,7.7215996292114255,-1.621175260438025,1.643806473064748,-2.288887104321187,2.2190245143957115
1776353627328,-5.847388057598471,7.708579988640547,-1.653945311139524,1.3956652736313615,-2.892851704321442,1.9295568285023401
1776353627345,-5.825092054638266,7.756464021843671,-1.6907566000558434,1.8862229067566056,-2.5671603236083196,1.6516603368366163
1776353627361,-5.766583751568198,7.772924158257245,-1.6933005854502319,1.7239152005188887,-1.8852952816899533,1.8957907211233243
1776353627378,-5.798007063835859,7.788935381859541,-1.6693581304572522,1.6156695087788804,-2.333491654695955,2.2018973881650816
1776353627395,-5.899911441040039,7.790881839752196,-1.6735482756234705,2.606008945503471,-2.5426760164245277,1.1953889726843667
1776353627411,-5.8993117215812205,7.816617754033207,-1.5767325998604296,1.1464102197547341,-1.7479331338484154,0.6091228335666427
1776353627428,-5.825839658135175,7.771576835301518,-1.5408192826971412,-0.4016105608438276,-0.7468988481832012,0.34148710030327634
1776353627445,-5.820751979607343,7.7847449444323775,-1.5713457922555505,-0.7635642963146207,-0.37948248216070524,-0.533451861443159
1776353627462,-5.79112373406291,7.813923692643642,-1.5652106505014,-1.3968347300833146,-1.0886817810549037,-0.17339331670405933
1776353627478,-5.709570655491948,7.8621081700980655,-1.649007416345924,-1.0635673889201784,-1.05018384668495,0.5433577168129402
1776353627495,-5.702538857159018,7.745690114372969,-1.7375931700326501,0.4328579559251219,-3.0526516639167065,1.443999427458074
1776353627511,-5.7415942717403174,7.717857520073652,-1.766173806220293,2.5872254983991128,-5.190396500302444,1.5605926775808958
1776353627528,-5.814019456481933,7.764843727654219,-1.6244668493293224,2.728809130034542,-5.646166485880932,0.657389219110184
1776353627544,-5.709122911724448,7.789983429607749,-1.4288907934762536,0.7902173486424501,-4.073957684234254,1.280990026004844
1776353627561,-5.737853916168213,7.793126403808594,-1.414974350196123,-1.1796423984397253,-2.373400236572928,1.5706558941058517
1776353627578,-5.757904186028242,7.702445431408286,-1.5617686933539807,-1.0331536237631693,-2.0050378893503855,1.3974099600774765
1776353627595,-5.791722868999838,7.648425671929121,-1.5668563718818127,-1.3370018460671798,-2.3743769536242403,1.3342539755867189
1776353627611,-5.79067540577352,7.5981474370658395,-1.6123460572943091,-1.095584434263142,-2.409371641280212,0.8177025634711103
1776353627628,-5.826587846153974,7.677755226787924,-1.6177334494210778,-0.6203897108502547,-1.6558769114320413,-0.0655750453957057
1776353627644,-5.752817676544189,7.726536501091719,-1.5527907293893395,-1.304948622065956,-1.6607086299395906,0.01846509625601213
1776353627661,-5.741593687218427,7.716660419243573,-1.5589260172739625,-1.4436580247212791,-2.5021213413407537,0.5691917334097498
1776353627678,-5.793368882641196,7.701995934075117,-1.6084557718574999,-1.0270711268638615,-3.780141729160523,0.10181779003993875
1776353627695,-5.797708957672119,7.698256163024902,-1.5879552740119396,-1.514070658318352,-3.7492731160934736,-0.5818370282452351
1776353627711,-5.787982513427734,7.696310874176025,-1.61010193162933,-2.154947948470883,-2.462340185180484,-0.8531426008053081
1776353627728,-5.814766475456953,7.718306432884931,-1.6753437807381153,-2.7540347261866915,-2.4467665000992085,-1.0742985766016204
1776353627745,-5.810876482281088,7.72548962238729,-1.8034332772955297,-1.8651364052414838,-1.899884352313689,-1.7888029581293619
1776353627761,-5.775712229919433,7.756465190887451,-1.803882482367754,-1.57272127927784,-1.2773535906020468,-1.8044698112597843
1776353627778,-5.691764365166425,7.75706257225871,-1.8037328447639942,-1.4395481718316356,-0.4305523401934195,-1.2240029829950771
1776353627795,-5.679344444054365,7.7385069248706095,-1.876457012452185,0.17676956458816126,-0.8865306999024462,-1.3041725418215135
1776353627811,-5.708523776787519,7.736261776292324,-1.842788259345293,1.665508545378817,-2.531336621741837,-1.1442300020273248
1776353627828,-5.682787277984619,7.693767034912109,-1.7615351866342126,2.691535933960136,-4.459707558649534,-1.2586789996375858
1776353627845,-5.738600935143232,7.703043397301435,-1.5685025316536425,1.4945382382828198,-2.985302156718973,-1.7376144255598185
1776353627861,-5.733663478741049,7.694962966698408,-1.5083482149422167,-1.0516378232045165,-1.1235729486562676,-1.9080884767239321
1776353627877,-5.77795679397583,7.687781530761718,-1.6023212146252392,-1.8903829188479666,1.01626149872867,-2.7007150678743983
1776353627895,-5.7778065718501805,7.696608980339765,-1.7781446683906017,-1.1262531575752628,-0.12515697332069545,-3.1977090870753218
1776353627911,-5.7788546195983885,7.745392008209228,-1.8185475520581007,1.1947861017684072,-2.124090861348058,-3.0870480696900677
1776353627928,-5.800999815911054,7.7835478436023,-1.8131603060618042,4.1152171494630085,-3.529763429330546,-3.6156878494195412
1776353627945,-5.810876482281088,7.733120555657148,-1.6035174386724829,4.000690245007528,-3.3766670869622373,-4.088997333899799
1776353627962,-5.839307626995444,7.7567627125293015,-1.491738148663938,2.339718012454657,-1.8478039464489302,-4.821018162440861
1776353627978,-5.819555463299155,7.770829231804609,-1.3302797587290405,-0.9257943625113818,0.7186500929105275,-5.852211095025414
1776353627995,-5.716304932183027,7.753769960454106,-1.4287407174810767,-1.9301888344439777,1.2737801210056607,-5.240608209098969
1776353628011,-5.7245355849117034,7.705138323754071,-1.534684579334408,-0.6958374211652436,0.9795210574095252,-4.647656435361713
1776353628028,-5.8358659621089695,7.610866633385419,-1.5526412379160524,0.33972101615515204,1.5994085359123724,-5.0358963406162855
1776353628045,-6.025006724217533,7.456440041783452,-1.3353672911264,-2.0009092534405246,4.790958499903636,-7.36901510967224
1776353628062,-6.101173433575034,7.429505857628583,-1.2544132013618945,-5.709816164982635,8.280160637404649,-10.404019058877516
1776353628078,-5.996725217106938,7.501330738389491,-1.3105271566413341,-9.622220238552224,10.974219472489459,-13.286659416946376
1776353628095,-5.725582463616132,7.721747513249516,-1.5170273420907556,-10.290799281874445,10.55727313592697,-13.63225588989162
1776353628111,-5.551254070714116,7.798361966374516,-1.6130945375740526,-9.63132488071585,8.351875062368844,-11.750076028236839
1776353628128,-5.3276966597408055,7.919718647545576,-1.8285728331185875,-7.370950614528293,4.291840718757661,-7.506594756350161
1776353628144,-5.220555550926924,7.8984695232897995,-1.9862905752204358,-4.754303435949115,1.8754248045656385,-3.9394452193804925
1776353628161,-5.188383466118574,7.849986939671635,-2.016367879706621,-2.584415088999064,0.5787860147595022,-0.5605507970577432
1776353628177,-5.2034974486202,7.727882655003667,-1.9897322401069104,-0.013350778671553518,0.29655678192161017,4.153297161633122
1776353628195,-5.340115996330976,7.5324565290153025,-1.9794075377084315,2.8047949845509335,-0.4913918233384849,6.740440484318784
1776353628211,-5.458180065697431,7.468859962895512,-1.8956100412115453,5.222082601635779,-2.337825196280917,8.517977579020737
1776353628228,-5.659741917961836,7.514199572312831,-1.5940905618965624,6.370373151124676,-6.669169167876992,10.647701425443353
1776353628245,-5.907842234039307,7.577348979187011,-1.5744880358040332,8.650467027219706,-11.994046116521464,12.059684234445287
1776353628262,-6.289716229790449,7.507167189458012,-1.5508451482795178,12.234903346091855,-13.92191311353446,11.673649626518982
1776353628278,-6.445937303593754,7.415589560478925,-1.3967188547983764,11.569952840766202,-11.377347482587366,8.589142173756747
1776353628295,-6.60769672230184,7.370847916954755,-1.1568494837105274,8.544394189409408,-6.6657993232952375,5.066650548014738
1776353628311,-6.572681523022055,7.488163798302412,-1.0185847762279212,3.447281638026649,-2.428023393799636,-0.7284351393093642
1776353628328,-6.45491672886312,7.677454782536626,-0.9874597162544727,-0.10032304582876378,-0.8257331050268999,-3.2662739410584947
1776353628345,-6.128557115063071,7.9819678907096385,-1.0000297133617102,-3.150746413889607,-0.4672835500850142,-2.835052936017502
1776353628361,-5.954378944286704,8.01833041294515,-1.2208946703806518,-6.351138484648274,-1.5643846065090163,-0.15235670758639028
1776353628378,-5.999569500622153,7.915828654369712,-1.3745721971809863,-6.910592449374849,-1.4739810764283738,0.42468280645799844
1776353628395,-6.118082482799887,7.566723540276288,-1.6924027598276734,-6.7143794706537765,-1.39234644202497,-0.9107817134373996
1776353628411,-6.166713534978031,7.470805251744389,-1.8879789618112146,-5.800265798840175,0.005697818510818684,-4.211548856856399
1776353628428,-6.099078507122397,7.50821523720622,-1.9200011167548596,-5.002116359415518,2.4967340296329064,-4.961620594713335
1776353628445,-5.9207104834407565,7.6170017751395696,-1.9455895853891967,-3.6158995852838114,4.330278888972377,-4.567214736185535
1776353628461,-5.914874616894125,7.607724243706464,-1.8784021551705896,-0.45363048218183477,4.084315666110578,-3.629685468349836
1776353628478,-5.958269521984458,7.581237803319096,-1.7238268027476966,0.412295938233063,4.277096047886896,-4.4876182729191445
1776353628495,-5.965152851757407,7.508814956665039,-1.368586839161068,-1.3601801997373237,4.813045624132164,-5.104882105007061
1776353628511,-5.902604333385825,7.506269948357343,-1.3016988302804529,-4.9639385901629085,5.371564706716093,-5.784057333052911
1776353628528,-5.871928624615073,7.530062911877035,-1.388638424195349,-5.765240161889526,4.843683718314725,-5.901302225911234
1776353628544,-5.7843912109375,7.639747859954833,-1.5860105696849525,-5.3139584643693825,3.9873986968826824,-5.209106522873224
1776353628561,-5.766434113964438,7.659199579399823,-1.7205346293345092,-3.3730810242045695,3.819386715470947,-3.7796362951619424
1776353628578,-5.770922657555341,7.6808964474231,-1.7232279600717126,-3.0569117809680906,4.919518454895731,-2.6433101026647914
1776353628595,-5.849483568572998,7.660397849273681,-1.7595901900462805,-2.779980053522631,5.2167140729481485,-2.2097316151430864
1776353628611,-5.953780393871664,7.637202851647138,-1.7872730006113646,-0.8760396360590124,4.267114580188569,-2.3612254243773805
1776353628628,-5.979966974529623,7.649622772759199,-1.7498630151495336,0.2043685981160374,2.7832882129584444,-2.590191508046191
1776353628644,-5.936572069439292,7.640496047973633,-1.6983882639780639,0.8447786072798045,1.0199474530029498,-2.302776720885231
1776353628661,-5.951835105022788,7.644086765941977,-1.6841728377513587,2.130718919607321,-0.49450505557868846,-2.4053603992467103
1776353628678,-5.923853457641601,7.653964016833901,-1.6490077086068688,2.8930933222633315,-0.3920696670273925,-2.625614149742346
1776353628695,-5.856814642113447,7.644984007042646,-1.528100817029923,2.437465916883767,0.4031878276139981,-2.3093605963583004
1776353628711,-5.805340475463867,7.624334602245688,-1.460613965473324,1.2793738324924897,1.8730933621811372,-1.7037006153400012
1776353628728,-5.783641853874921,7.630169884270429,-1.4423581778146326,0.5587512556548565,2.4472819659381333,-0.6600273796771015
1776353628745,-5.696553353008627,7.608921344536542,-1.488446413642168,0.08051165525431866,0.1549114117793866,0.48446996022320593
1776353628761,-5.3856058278739445,7.584231139916181,-1.741932514411211,0.7141619115738888,-12.406983985814803,2.7790379143039923
1776353628778,-5.22280011498332,7.703791000798344,-2.1585236032783985,8.112269464963859,-25.739806943814003,7.252907016423902
1776353628795,-5.183295787590742,7.863603961613774,-2.9973917176946996,21.626810459604894,-36.88932919776736,12.394615367001554
1776353628811,-5.7321671027034515,7.905802350395917,-2.7480959082223473,36.18827175116808,-37.503554449448266,15.861826856696066
1776353628828,-5.94420300270915,7.792076602494716,-2.161516355353594,35.60789350191917,-29.17826760597099,14.908928382567371
1776353628844,-6.304381299480795,7.586326066368818,-1.113903637561947,27.587257001086563,-16.63593829911051,11.578674138562661
1776353628862,-6.395510600170493,7.5133029157340525,-0.6229420751042664,14.07315911496793,-4.472598260047463,5.4599302791031326
1776353628878,-6.367079455456137,7.53410254265666,-0.6010960078686476,6.248689915966314,-0.21349277035182238,2.161677178907227
1776353628895,-6.048351359447836,7.6167024999320505,-0.8644577520944178,2.3969443255287852,-0.6813272712429334,1.5522259092910418
1776353628911,-5.947645836639404,7.580192093658447,-1.1251268962353467,-0.5640084202425035,-1.391532368853269,0.7918652385014214
1776353628928,-5.937170619854331,7.583333314293623,-1.2713226889781652,-1.9718384742290693,0.9812423718020742,0.1657374216964155
1776353628944,-5.934476558464765,7.554602309849858,-1.479018952344358,-3.743166073201836,6.8819073624080875,-0.7899943002773668
1776353628961,-5.846340594372153,7.584231139916181,-1.5502471823863684,-4.522433881552815,10.02318478623053,-0.8856665742507337
1776353628978,-5.800999815911054,7.584229970872402,-1.5765831083871422,-4.635271167962364,8.850383249131395,-0.19697670592807043
1776353628994,-5.7878322913020845,7.649772410362958,-1.7425309186957776,-1.0327141437787615,3.289749728122652,0.7249187124647183
1776353629011,-5.807883730205893,7.735065844506025,-1.7417828768074513,1.4588479385485644,-0.7167656010298388,1.9455151386112517
1776353629028,-5.84783755493164,7.758560117340087,-1.6950959444344043,2.347194935161705,-2.624493144944818,2.887535469269645
1776353629044,-5.953930031475425,7.724890487450361,-1.6310510500252247,1.7926006500295946,-0.8602962634655444,3.1777301434228
1776353629061,-6.04565905162394,7.625831562805176,-1.599926720704138,0.5473572194588058,0.693414251474623,2.766289366218164
1776353629078,-6.079774671715498,7.5803399776965374,-1.6344928610421716,0.8202576945509298,1.742802060956149,1.8276553152842157
1776353629095,-6.101323071178793,7.5418836980521675,-1.6277593150034546,1.2478283903673741,0.8893128814113156,0.5397759762843561
1776353629111,-6.056880702862143,7.566724124798178,-1.536929289521277,1.1155346697768087,0.019256704508646028,0.09911741071855074
1776353629128,-6.054935414013266,7.62283822620809,-1.502961845728755,-0.052925081485592516,0.23468914186304626,-0.3384977986439115
1776353629144,-6.06481149586141,7.626279891094565,-1.5601231181040405,-0.7922244637630818,0.756933783456125,-0.9638220810456625
1776353629161,-6.113592770165205,7.603235115593671,-1.6455661898508667,-1.0640181814053993,0.4626692236921417,-1.9078978717574064
1776353629178,-6.07139555042684,7.620742715233564,-1.6772889234565198,-0.7662485072975829,1.4633400685883171,-2.7642445783353913
1776353629194,-5.956324233135581,7.631217347496747,-1.6992856512092054,-0.47296077130661707,1.3499474024218812,-3.037147561387601
1776353629211,-5.8904831029593945,7.7307263539969915,-1.7069170228704809,0.2975775750374097,1.0960105740343273,-2.4551469287674026
1776353629227,-5.902154836052656,7.752573444145917,-1.6958436940617858,1.3261713004776552,-0.611042223445122,-2.0117449216719265
1776353629244,-6.009295944866538,7.727285273632407,-1.684621750562638,2.6531878368650994,-1.658188290135856,-2.6486015782808474
1776353629261,-6.083367143249512,7.6665329910278315,-1.578977456177771,2.587434886385856,-1.8959587010882242,-3.8400501721443514
1776353629278,-6.057179393547773,7.694065141075849,-1.4887456888496875,1.018350042510813,-0.6058852705392037,-4.781375744498107
1776353629294,-5.892727667015791,7.747187074932455,-1.4887459811106323,0.14823564891763963,-0.25078856474742744,-5.087863834916328
1776353629311,-5.762094623455405,7.907300479999184,-1.485154678620398,-0.509753879787565,-0.06287658706502175,-4.533939335209702
1776353629328,-5.684882204437256,7.910891197967529,-1.477972073639929,-1.459710570096396,0.6253537109121202,-2.6932067689858505
1776353629344,-5.629216431316733,7.768883942955732,-1.5276510274358093,-1.6325522423032708,0.4229743520309961,-1.2011218492755344
1776353629361,-5.676501329582929,7.620742715233564,-1.563564782990515,-1.2879228814558183,0.9418030452654222,-1.2375372162788691
1776353629378,-5.6474716344535345,7.554452672246098,-1.5019139441110192,-2.3648257878436234,1.3374086692096185,-0.9133612837878429
1776353629395,-5.584026459503174,7.546822323498129,-1.4859027205087243,-4.109725250483495,1.0463141176333146,0.7504378466686198
1776353629411,-5.603329710388183,7.606229036712646,-1.7018303672559558,-2.634917294278727,-1.4672663601440166,2.2130843842519163
1776353629428,-5.645825620812177,7.63600575081706,-1.7805393084421752,0.21757994487898744,-3.1665043006350606,3.5429877427807486
1776353629444,-5.733663478741049,7.591862657707929,-1.7381914281867443,1.2257197083542777,-4.389887657406371,4.386577576979853
1776353629461,-5.915323529705405,7.558643109673262,-1.5590750703558325,-0.12120125325462669,-2.5792871110362654,3.780723575900444
1776353629478,-5.932382216534018,7.552208108189702,-1.5204691531077026,-2.473085566848795,-0.5443006564443722,3.1248619179259625
1776353629494,-5.971287993511557,7.647827121514082,-1.5641630411446095,-4.736622637508892,1.3784348407895348,2.8508601281910266
1776353629511,-5.942257713860273,7.657104068425297,-1.7693164881601928,-4.319447489609206,0.9546677065671413,3.423476721221862
1776353629528,-5.9783215454101555,7.631219101062417,-1.873913173188269,-2.0920194946568516,-0.8910022326529831,3.128665266076602
1776353629544,-6.006901743206382,7.583333314293623,-1.8947125078499316,-0.0790606135816612,-1.68163910432086,2.371154171553052
1776353629561,-6.019321664318442,7.566724709320068,-1.7456740390270948,-1.0668950784281497,-1.2965128048324615,1.8193707227078133
1776353629578,-6.026204994091391,7.571662165722251,-1.749115265522152,-1.3754626412835216,-0.5600417345211658,1.354918926364004
1776353629595,-6.104465460857749,7.597249611443281,-1.8923183061897753,0.6946500888275722,-1.1366012143329496,0.3910333992642546
1776353629611,-6.0974324934810396,7.663989151763915,-1.8448833319284021,1.9338165186669007,-0.12622523091514132,-0.30075425333170036
1776353629628,-6.062717153930664,7.675810522460937,-1.724724628370255,1.1272451358305013,0.8041145424476046,-0.47318307261975984
1776353629644,-6.005255729565024,7.683141596001386,-1.5673054308235643,-1.7565577417794374,3.7559001071356786,0.7928504399283429
1776353629661,-5.943455399212241,7.640045966118573,-1.500267638208717,-3.9916206075633966,5.679862370377544,0.5655132496548748
1776353629678,-5.932829960301518,7.611314961674809,-1.5806227391667662,-4.707450899563767,8.738015538227284,0.26877146565629256
1776353629695,-5.85457066257894,7.737310408562421,-1.6416756121531129,-5.887845899472663,9.810965686076356,0.20104176238171226
1776353629711,-5.763440777367353,7.858218176922201,-1.7917619825936852,-4.26928487279734,11.005652003049857,-0.23043099916321932
1776353629727,-5.630562585228681,7.861957363450527,-1.785477203235775,-3.1100527871449053,8.204066353635183,1.5896417922860773
1776353629744,-5.429899727630615,7.84669666595459,-1.9003988829232752,1.6589739753338189,1.558314062440756,4.842794939948978
1776353629760,-5.411792408531904,7.836369333207607,-1.8781024415716527,5.424088007659845,-4.984082952459392,7.521979757455615
1776353629777,-5.513995476421713,7.830833910912275,-1.8067255968391893,8.07136602334559,-9.033323035861017,9.38710805184746
1776353629795,-5.807135542187094,7.657852256444096,-1.6793838499091565,9.557230988599551,-11.066220413062238,9.930193468228099
1776353629810,-6.159831958770751,7.508963425225019,-1.4769244642831385,9.045801791474629,-9.220272997407081,7.565493185110474
1776353629828,-6.127807758000492,7.424118319371342,-1.3403053320504723,5.28075691481395,-7.050231824974351,5.364909968030385
1776353629844,-6.147859781426191,7.4663161236315965,-1.369335027179867,3.9741327619672253,-5.275644945107019,3.6218068451422263
1776353629861,-6.126910516899824,7.549065718510747,-1.4323324583627284,3.3642890766388818,-5.263607163581694,2.3401288910219153
1776353629877,-6.121075234875082,7.5707625865340225,-1.4787199693977833,3.372946341411873,-6.051039609311777,1.2979856710939512
1776353629894,-6.12272066399455,7.590664972355961,-1.4776726523019372,3.5006932904493255,-6.871971998486658,-0.07758153078080963
1776353629910,-6.055085051617026,7.589468456047773,-1.4769247565440833,3.0567081559534595,-6.544808498563985,-0.7915860545190971
1776353629927,-6.045058747643232,7.615504814580082,-1.4264968840770422,1.7679962809267988,-5.771480393469979,-1.844570492207164
1776353629944,-5.981463935089111,7.650970680236816,-1.4284418806649744,0.03611547901008867,-4.457847185874352,-2.233817850364313
1776353629961,-5.945699963268638,7.643786906212568,-1.5785281049750743,0.02995395468764959,-4.337947056976186,-1.951997415020417
1776353629977,-5.981612403649091,7.6538126256644725,-1.6323982268504797,1.2893574346249326,-3.631728121798493,-2.486717984101906
1776353629994,-5.947794305199384,7.611614236882328,-1.6066604128733277,1.6114606181462714,-4.03094328727563,-3.096969986676569
1776353630010,-5.921309033855795,7.632115757641196,-1.5294471170723438,1.062800380020727,-4.238752646546914,-3.4902958215418622
1776353630027,-5.856814057591557,7.675359271562099,-1.570148545295,0.8349754715518378,-4.460116089339265,-3.2466198582783714
1776353630044,-5.846639869579673,7.656057189720869,-1.572393693873286,0.8588415932548904,-5.147672386383545,-3.0040817618419227
1776353630060,-5.84903290219605,7.644384872105717,-1.6189304041206836,1.2644216946256854,-4.386986107669585,-3.4136585377333803
1776353630077,-5.824343282097578,7.607873296788334,-1.6259633714973925,1.2276300268877656,-3.685398467635984,-3.3025926181963916
1776353630094,-5.821500167626142,7.614906264165043,-1.5901999841988086,1.0449170237829297,-2.52938681617721,-3.3549810229040355
1776353630111,-5.765985201153159,7.586176428765058,-1.5569808745555578,0.9783582177033305,-2.032850633094089,-2.7692114065224596
1776353630127,-5.830628645977377,7.567471728295088,-1.5331882032968103,1.3867707665064182,-3.7721516884920776,-2.4182094791793856
1776353630144,-5.888837673839927,7.589917368859052,-1.506103504755348,1.620690978479309,-5.959367371592805,-2.757153347873037
1776353630160,-5.914125844353437,7.6741621707320204,-1.4574715757943688,0.8280966172839888,-6.2172018901189094,-2.8828053498259996
1776353630177,-5.941210835155844,7.634359737175703,-1.5574293489754198,-0.323074831291626,-4.75279225659525,-2.357362098628092
1776353630194,-6.063764032635093,7.64827603432536,-1.6105505521796644,-0.6944864310917562,-2.24378288291995,-3.202751687673495
1776353630211,-6.09039952610433,7.657552981236576,-1.6041161352179945,-1.667066362118109,1.3330604000292592,-4.124626161931524
1776353630227,-5.9100850445300335,7.609519310429691,-1.6171350451365112,-3.0251415829305994,4.16444360347176,-3.362377264001513
1776353630244,-5.936422431835532,7.557446008843183,-1.6961438460521399,-1.2938363311731684,1.8980781941650438,-3.3242114475799514
1776353630261,-5.963955750927329,7.511956177300214,-1.7381915743172167,1.0121592230801368,-2.421758829670265,-3.169025921099265
1776353630277,-6.012737609753012,7.497142054527997,-1.6801323301889002,2.9401723221083484,-5.989205052982006,-3.681938549934549
1776353630295,-6.018873336029053,7.5145000165641305,-1.6644199434027074,3.425435277966363,-5.851744507727737,-4.041527519168211
1776353630311,-6.034584115380048,7.622836472642422,-1.5830172330878673,2.8145036715692835,-4.29363919294349,-4.366494259499078
1776353630327,-5.99507978798747,7.660097405022382,-1.50939597042948,1.2078352848994223,-1.0248994468729147,-4.904034842934135
1776353630344,-5.933129820030928,7.622837641686201,-1.5131367643930016,0.36310998511165576,-1.0613798073950702,-4.560303438519128
1776353630361,-5.895272675323486,7.635109094238281,-1.570298621290177,0.45040700641955894,-1.4134412678331427,-4.76896742521031
1776353630377,-5.846040150120854,7.6611436992049216,-1.6452667685128748,1.5322091861546732,-3.703390039683444,-4.168033721654248
1776353630394,-5.849781674736738,7.632862776616215,-1.65619045971781,1.7792988566209949,-3.807885103795469,-4.026924574722723
1776353630411,-5.848884433636069,7.5902166440665715,-1.6428721284613013,1.3465596285935548,-3.0035026898663526,-3.7030263321101407
1776353630427,-5.846340594372153,7.5704644803702825,-1.6882124685309827,1.2489519564858413,-1.1083531527513635,-3.7187618072973807
1776353630444,-5.851129582214355,7.56537797088623,-1.7117055723212657,2.023919733867474,-0.2053850156418999,-4.22266840482518
1776353630461,-5.79082504337728,7.593359033745527,-1.6048643232367932,1.7360444425460677,0.13852349344385173,-4.382320661579643
1776353630478,-5.729623847961426,7.616105118560791,-1.506103943146765,0.46718600644593,-0.04877342036770902,-3.7835815831812707
1776353630494,-5.715556744164228,7.628972783440351,-1.5209179197885094,-0.27781468947824234,-0.588143160479008,-3.147453835822837
1776353630511,-5.754163830456137,7.705587236565351,-1.6015722959540784,-0.9450646740375149,1.4389472219063801,-2.622090625904266
1776353630528,-5.756258756908774,7.6819439106494185,-1.640628002796322,-2.024013648968562,2.4659399083164923,-1.7945760688036092
1776353630544,-5.728426162609457,7.655908136638999,-1.7447760672740638,-1.2483526073861726,3.0774234793758737,-1.207841261314946
1776353630561,-5.773017584007978,7.632114588597417,-1.9152124211736021,2.186439602856285,1.285758885427688,-0.7160187091719272
1776353630578,-5.764488825115561,7.690024925774336,-1.7443267160713671,3.2791977261852168,1.2020505415592446,-0.3694731600971689
1776353630594,-5.748627239117026,7.681495582360029,-1.602171430891007,2.09288650179462,1.8879116710288912,0.5269776958836332
1776353630611,-5.858012327465414,7.630618797081708,-1.5328892203502356,1.0386236447929975,2.3580143816938284,0.4142862446850341
1776353630628,-5.934328089904785,7.562534271892905,-1.573290934973955,1.47182070893824,2.212918538721132,-0.8013204614685405
1776353630644,-5.9207104834407565,7.607575190624594,-1.5376773314096033,0.7740610697693138,3.0365087252567933,-1.4062083109455108
1776353630661,-5.808482280620932,7.706784337395429,-1.4528325178168713,-1.2800452187435607,4.305220632454893,-0.6081586563157602
1776353630678,-5.686976546368003,7.713069116753339,-1.5619184770882129,-1.5124655638633993,5.161438632655705,0.32072866131172667
1776353630694,-5.666027281841635,7.702295209282636,-1.6247662706673145,-0.35675398716085643,4.214070477320603,1.7461355134362326
1776353630711,-5.708973274120688,7.6461822769165035,-1.6279089526072144,0.9861581870137793,2.50345642988008,3.025322156056782
1776353630728,-5.800102574810385,7.579442736595869,-1.5445606611825524,1.3405283581130218,2.1226277067617945,3.233497997665719
1776353630744,-5.8330222631156445,7.5613365865409365,-1.4850048948861658,0.800422718479507,1.661980966115917,3.393420473779221
1776353630761,-5.874322826275229,7.6078738813102245,-1.377714440729469,-1.0195472466062694,2.9981207142437944,3.390876868643626
1776353630778,-5.860407113647461,7.623885689434409,-1.4010583453074097,-2.4290334080231517,3.693384239436198,3.6389881859993936
1776353630794,-5.870282610973716,7.599942503789067,-1.4775234530895947,-2.7697731895816933,3.6413181342800143,3.9766919484718644
1776353630811,-5.9198126578181975,7.598896209606528,-1.5852620894052087,-2.135390555556198,4.007601115787111,4.146613821530265
1776353630828,-5.9172682340323925,7.566722371232509,-1.5734404264472424,-2.6359399016635248,4.291475303637065,4.24280551004567
1776353630845,-5.924001341679692,7.544277899712323,-1.5634151453867553,-3.1636900492536038,5.188769207732688,4.267944448172726
1776353630861,-5.964254441612958,7.482776260045171,-1.5771818049326538,-3.6105105660286716,5.767176947406048,3.7406120093390745
1776353630878,-6.031441725701093,7.460330619481206,-1.5263045812629161,-4.720324952375595,7.029315651301657,3.15180253189002
1776353630894,-6.037725920537114,7.439081495225429,-1.5212169027350841,-6.023035833714725,8.253218102449887,2.3732608580251777
1776353630911,-6.07139613494873,7.477839972686767,-1.5809225988961755,-7.158099721875893,8.852055791704402,1.6717643583283142
1776353630928,-6.082319095501303,7.585279187664389,-1.6931508017159997,-7.175494506144623,9.204595151940964,1.287135915597386
1776353630945,-6.088155546569824,7.618947063988447,-1.7223298421882092,-7.1799110772166825,9.569473248913154,1.0505102016612295
1776353630961,-6.1263125510066745,7.633910824364423,-1.7892179971992968,-7.089352160332422,10.263378633677783,0.3505319249508128
1776353630978,-6.143371237835288,7.6090721511840815,-1.8532631838694213,-6.975941138032592,10.199374638512886,-0.30769089740323013
1776353630994,-6.106710024914145,7.596800698632001,-1.8989022146247325,-5.89460693297733,9.28232014337477,-0.8507920018746189
1776353631011,-6.010791736382246,7.632264226201176,-1.9159611937142909,-4.366249226462603,7.938561532671155,-0.42481676887918063
1776353631028,-5.934625611546635,7.683738977372646,-1.921497346661985,-3.2910843897751545,6.672036993554752,0.9347717924017173
1776353631044,-5.974878711479902,7.666531237462163,-1.964892690143734,-0.7942204798263123,5.496185350104383,1.6342913792206855
1776353631061,-6.063464172905683,7.563580566075443,-1.907880616980791,1.0649530635480446,5.190983896571065,1.1613272461803361
1776353631078,-6.127509067314863,7.480083952221274,-1.6793838499091565,0.8761187168429964,4.91400094270683,0.2857854668787943
1776353631095,-6.152348909538984,7.504623934715986,-1.5846638312511145,0.1516675521713066,4.880143694991077,-0.8152471104644907
1776353631111,-6.079027068218588,7.629121836522221,-1.4896436606027186,-1.8166232791141756,4.8822986196742155,-0.7446175650004169
1776353631128,-6.016628187450766,7.602338459014892,-1.588404917475581,-2.3299595931214125,4.875630647496991,0.01729953514632003
1776353631145,-6.044310559624433,7.556547598698735,-1.6668142911933361,-1.3386764163525964,6.00251154214566,-0.47379746947994367
1776353631161,-6.064362583050132,7.464819163072109,-1.6434711172677576,-1.642169575541472,5.988316701503082,-1.403812515372423
1776353631178,-6.00794862191081,7.539039999058843,-1.6159377981759606,-1.662344353524103,6.4304335658175376,-1.642514286651146
1776353631195,-5.945100828331708,7.555051222661137,-1.6449673471748827,-0.9859581905371448,4.496747247631689,-0.9873403433487205
1776353631211,-5.9754778464168306,7.595902873009443,-1.6741466799080371,1.0068172680972465,1.798939705909601,-0.5067940599994224
1776353631228,-5.972784954071044,7.553855875396728,-1.5815215877026318,1.3595850127841806,-0.07445797321557174,-0.49895108184154363
1776353631244,-5.988646540069579,7.578095998162031,-1.4568730253793298,-0.11642940562402075,0.46899573977171893,-0.8863682694662468
1776353631261,-5.949590540966391,7.575103246086836,-1.467796278192848,-1.1662340967687557,0.7674118272514535,-0.5039678024260651
1776353631278,-5.928790914043784,7.640195603722334,-1.6048644693672656,-1.4622530012932273,1.0250318885097895,-0.1974311536317143
1776353631294,-5.946746841973066,7.647976759117841,-1.66112835451141,-1.0674236710368852,1.0127571847976304,0.4277564449453571
1776353631311,-5.992237258037925,7.641542342156171,-1.6828258070565758,-0.8184765626422903,0.21533158534243677,0.3219335493699992
1776353631328,-6.133046827697753,7.623886273956298,-1.7078155791454017,-0.5650891375960994,0.5509180958939096,-0.7684290451901093
1776353631344,-6.101922206115722,7.583035208129882,-1.656489881055802,-1.55123350414898,1.5723757143945198,-2.0243404308316646
1776353631361,-6.036380351147055,7.568219916313886,-1.668759872303158,-2.0008731815039704,1.8843890009644573,-2.2963142947133415
1776353631378,-5.90589636066854,7.573307594841718,-1.7564475081063806,-1.0986584462764708,1.430297320931088,-2.224819289576233
1776353631395,-5.781098599132895,7.613560110253095,-1.746122221186012,0.112108430519915,-0.19857099481031304,-1.1801227528374476
1776353631411,-5.757306220135092,7.635107925194501,-1.7286147676765917,0.6920672101042495,-0.25936933673779977,-0.21030827469258329
1776353631428,-5.804591118401289,7.637651764458417,-1.6400297446422278,0.0812426455780687,-0.5685429187994515,0.42621207514099374
1776353631444,-5.898863393291831,7.594556719097494,-1.7003334066964686,0.025322179295881805,-0.772237142456656,0.8317322522739925
1776353631461,-5.945251050457358,7.587671635758876,-1.7191875986397265,0.21139590227662847,-1.0424629581584852,0.5102004567654076
1776353631478,-5.950039453777671,7.600541638725995,-1.7072165903389454,0.5903091308586954,-0.28824484190810135,0.08357558206645117
1776353631495,-5.9477948897212745,7.620443440026045,-1.658285093909502,-0.3821569547880148,-0.07378023702300664,0.09138921175523998
1776353631511,-5.933130404552817,7.631067709892988,-1.6582853861704467,-0.8839617483617279,0.2962494767698125,0.3891106476520431
1776353631528,-5.957970246776938,7.624483655327558,-1.7940064005196092,-0.38115411759921297,0.06459053765987183,0.05695737437555946
1776353631544,-5.925798161968588,7.65545863930583,-1.7495638860724865,0.2526127321839233,-0.4196827878204318,-0.2127952639632613
1776353631561,-5.865194932445883,7.676257681706547,-1.7414836015999315,-0.19726069238715485,-0.34133817016285833,0.49446786306422363
1776353631578,-5.859208843773603,7.639147555974126,-1.7660241686165332,0.022991483963320736,-0.39869201567539586,1.3939931579451776
1776353631594,-5.942258882904053,7.569567239269614,-1.7896673484019934,1.18475276732107,-1.2275553216937185,1.3154252784791094
1776353631611,-5.998671674999595,7.542033920177817,-1.759290914838761,1.4981006088218045,-1.297078429873103,0.6534179977163506
1776353631628,-6.044460197228193,7.518539647343754,-1.6753439268685877,1.2128221767671779,-1.2843220911027524,-0.2303710482449966
1776353631644,-6.120924428227544,7.487565247887373,-1.5539876840889453,-0.27204547414625585,-2.1771125526578095,-2.412651626185699
1776353631661,-6.182276430290937,7.474097863548994,-1.4034525469675658,-3.1162044397095596,-4.039148478902931,-5.090066144036833
1776353631678,-6.066456924980878,7.548317530491948,-1.1834851233102381,-7.148627957044378,-4.282127335984256,-6.016311512476848
1776353631695,-6.037127370122075,7.50866298097372,-1.3795102381050586,-10.11238620301725,-5.146862582080074,-7.522153073505804
1776353631711,-5.952583293041586,7.565077526634931,-1.5994781001538037,-9.217372728330766,-5.813416474313388,-7.726183630618778
1776353631728,-5.724685222515464,7.703342672508954,-1.8377007269479333,-7.968486298972273,-5.113511195249726,-5.100725508010285
1776353631744,-5.7700248319327825,7.647676899388432,-1.935713065149635,-5.026839509776849,-3.6348994640074945,-2.7632798141151267
1776353631761,-5.770922073033452,7.624183211076259,-1.941250241010636,-2.2489089398920448,-3.0699679010099814,-1.2089202177603966
1776353631777,-5.857562830132245,7.619245754674076,-1.916110685187578,0.28858755198579206,-1.9699445908382716,-0.26855567436720246
1776353631794,-5.916969543346762,7.644235819023847,-1.754202944049984,2.0839726780409307,-0.19148496703111573,1.2062935831377035
1776353631810,-5.946598373413085,7.6276272140502925,-1.7091623175792394,2.8214200918775676,0.5292008157367666,1.8109247669122694
1776353631828,-6.027850423210859,7.584529830601811,-1.6217735185921192,3.392949617613313,0.4660818636779151,1.8394111380628655
1776353631844,-6.011390871319175,7.550861954277753,-1.5414182715035973,3.362676084777701,0.4400504119254098,1.7521917567959182
1776353631861,-6.004207681816816,7.535299643486738,-1.5186732096016407,2.864519652757406,0.770028963642332,1.661481935419683
1776353631877,-5.992985446056723,7.556248908013105,-1.5200196557745336,2.6619144707468485,1.1676140084245097,1.4031900076625998
1776353631895,-6.035332303398847,7.565225995194911,-1.4619605577766894,1.6825684369348048,1.3636560189729199,0.6529134708522687
1776353631911,-6.0036091314017765,7.559690572899579,-1.4688437414191662,0.8728839285799077,1.5699625231833896,0.4922400474560359
1776353631928,-5.9886453710258,7.572109324967861,-1.5520428336314855,0.7329262021320592,1.470935452388783,0.3532210984930938
1776353631944,-6.010792320904136,7.607274746373295,-1.5524913080513476,0.346070103875502,2.319339502735689,-0.03561863610882313
1776353631961,-5.922505550163984,7.5878212733626365,-1.5696994863532483,-0.27576584617065003,2.552814791917177,0.3083224764580447
1776353631977,-5.937020982250571,7.5894690405696625,-1.7106585474863647,0.5327627593889281,2.3403694417467467,0.3609386252858264
1776353631995,-5.947346561431885,7.649773579406737,-1.6537964041881261,1.8573282183596898,1.778831949158201,0.10474420593417187
1776353632011,-5.917417871636152,7.663090157097578,-1.6077074377082288,1.0811303665972198,1.4611970967362256,0.6216264553377031
1776353632028,-5.951984742626547,7.664736755260825,-1.5710466631785034,0.3843723639979055,2.321056441538301,0.6343758571971782
1776353632044,-5.9852042906612155,7.6177505476802585,-1.6144412760078906,0.09849895843354724,2.382946066268256,0.7504342181306232
1776353632061,-6.034584699901938,7.630319521874189,-1.6045654864206909,-0.27498747140953306,2.674398349002339,0.1715915341453511
1776353632077,-6.000916239055991,7.554453841289877,-1.6340436559699474,-0.32112742696537905,2.53045339290479,-0.506103730645575
1776353632094,-5.913228018730878,7.510459216740727,-1.6448171250492334,-0.20849659369566384,2.0460055774355337,-0.9529279293194921
1776353632111,-5.8541217497676605,7.539339858788251,-1.624317357856035,0.08095428352904722,1.7247064352455523,-0.9501277652031984
1776353632127,-5.699096607750654,7.567771003502607,-1.5888535380259154,-0.023171683563532712,1.3389947672009426,-0.23571129568059454
1776353632144,-5.667523657879233,7.6078738813102245,-1.6292556910410523,0.44486238691738955,-1.25617082610831,2.0657379939477005
1776353632160,-5.710170374950766,7.633463080596924,-1.6844716745674608,1.2583266045650954,-3.4394807082208483,3.0329158323099548
1776353632177,-5.798007648357749,7.696608980339765,-1.6982383341133593,1.914386338025507,-4.779071409426875,4.443747540993329
1776353632195,-5.922505550163984,7.6994509257674215,-1.6780376959972083,1.779514114301556,-3.6057153463444993,5.159616679694604
1776353632211,-6.019920214733481,7.631067709892988,-1.6841723993599413,1.1490459257224186,-3.2481884539099473,5.367171187532482
1776353632227,-6.164769415172934,7.551910002025961,-1.7841304648019372,1.429742581504436,-1.5649113848487537,3.6434231132048476
1776353632244,-6.187514330944419,7.511656902092695,-1.8013390814952552,2.043008618493779,-2.159469960588255,2.6604060661573334
1776353632261,-6.179135209655762,7.548169646453857,-1.8097183489143847,2.883259770849217,-2.703888331074104,1.736728421958421
1776353632278,-6.077081779369712,7.6261296689689155,-1.7296620847724378,3.927258027467074,-4.465064988279763,1.5546592709045646
1776353632295,-6.007499709099531,7.66802819802165,-1.6035177309334276,3.6982191595949208,-5.5670088622687155,1.9781493555787495
1776353632311,-5.977721825951337,7.666231962254643,-1.5816707869149744,3.268445941214559,-5.393836246052212,2.51140612974374
1776353632328,-6.015431086620688,7.619096117070317,-1.559823842896521,2.0604256008773114,-4.236342870430368,2.381397534317367
1776353632344,-6.028299920544028,7.568219916313886,-1.5934925960034132,1.7868660658911342,-3.7470848942381307,2.4020428483007885
1776353632362,-6.018124563488364,7.54068659722209,-1.6217736647225915,1.9547986463537683,-3.915373071424429,1.9832147946219603
1776353632378,-6.048052084240317,7.5510115918815135,-1.5682036948375402,2.068222902145116,-4.538585998279426,1.8823348215715758
1776353632394,-6.079924893841147,7.547569926995038,-1.558027607129514,2.0351976568476347,-5.666102954294553,1.514150272710865
1776353632411,-6.09084843891561,7.546822323498129,-1.5475532671272754,2.0045676735147127,-6.547879949256376,1.4738256896247561
1776353632427,-6.171502522820234,7.5137512440234415,-1.6317993841744958,2.5652068895056956,-6.426662020735221,0.06032140262434941
1776353632444,-6.264277837151289,7.633610964635014,-1.5502467439949512,1.6969667958703092,-5.237193541400786,-1.7411464871343614
1776353632462,-6.265476107025146,7.73776049041748,-1.4803662753000855,-1.26225631121538,-3.0286053426134423,-2.8861581189348295
1776353632478,-6.160130064934492,7.85971338391602,-1.5469547167122364,-4.308228050123814,-2.6798245074110913,-4.529435679225725
1776353632495,-5.906793601769208,7.933784582298993,-1.8329123236276208,-2.894608130155193,-3.7759257948953326,-3.3258404476969994
1776353632511,-5.818508000072836,7.832630146679282,-1.826627690400183,-0.9612960849915213,-3.6189804274863104,-2.5939026486430348
1776353632529,-5.8735746382564304,7.4482105580985545,-1.7121549235239624,-0.05535812293399799,-2.234160640483283,-3.486171241056821
1776353632544,-5.921907584270834,7.277773327416181,-1.5653602881051598,-0.8601066723552238,-0.8429710617489841,-5.3974263642347
1776353632561,-5.914274897435307,7.276725279667973,-1.5204688608467578,-1.5640042503496114,0.9310816759809121,-7.51590857305712
1776353632578,-5.792919969829916,7.405414203423261,-1.3554187300302087,-3.4444099703674818,2.5184102752941766,-8.710942375904645
1776353632595,-5.63146041085124,7.570463311326503,-1.2508220450021326,-6.049087882756447,4.313856979773551,-8.618626392856399
1776353632611,-5.5903100698173045,7.6173004658252,-1.307085930146277,-8.52827238164724,6.140433125168904,-7.808464358228983
1776353632628,-5.566667912945151,7.689127100151777,-1.5526412379160524,-9.933854449623224,8.827845332417645,-6.4353645355114635
1776353632644,-5.52940814960897,7.704539773339032,-1.8320144980050623,-9.095079045015334,10.059306241656142,-5.198777142414049
1776353632662,-5.521027859276533,7.696758033421635,-1.9192529287360607,-7.233814930146424,9.15640645979923,-3.6725256954846253
1776353632678,-5.523272423332929,7.651417839482426,-2.0316306230291725,-3.3221818141793995,7.184716969071433,-2.071118048579555
1776353632694,-5.514145114025474,7.644385456627607,-1.9484326998606323,-1.606397100093765,5.367319317260107,-0.11529738181037048
1776353632711,-5.642234902843833,7.609818585637211,-1.851317456629127,1.4392262991669986,2.75382149621854,1.9130320395791405
1776353632728,-5.766134838756918,7.579892233929038,-1.7705132967293262,3.0140192601974682,2.4324403917585187,2.310164637689658
1776353632745,-6.056132514843345,7.481880187988281,-1.3418018542185426,1.764889078462972,4.015265014922688,1.1413719947464978
1776353632761,-6.261285669597983,7.398081960839033,-0.9551381399728357,-4.1773603449659005,7.089731662718181,-1.6140838376743796
1776353632778,-6.2865744246333835,7.384615161022544,-0.9291010507881641,-8.331352905233894,7.158374636989986,-3.537258494727577
1776353632795,-6.280588335961103,7.50821523720622,-1.1565502085030077,-9.92731881236117,5.369931437730814,-4.961171509775407
1776353632811,-6.299592896160483,7.467215702819824,-1.2330154624156653,-10.318536680093867,-1.7924747184167726,-7.087654858323674
1776353632829,-6.289418123626708,7.3938926924556485,-1.1382945669747888,-10.745332149439514,-9.159960719488577,-9.480039605694653
1776353632845,-6.364535616192221,7.420228326195478,-1.0574902609445154,-10.500626962045468,-17.354021699763337,-12.447400776454707
1776353632862,-6.374113007354736,7.516596696582436,-0.930298443879187,-12.309163724069172,-20.39074600286581,-16.04415363394768
1776353632878,-6.311863179668784,7.652016974419355,-0.906805047827959,-13.97211841902864,-15.340198479593022,-16.553752340375038
1776353632894,-5.967995966228842,7.934381963670253,-0.9593278467476367,-17.776100069713447,-6.779408847967821,-14.013741591830696
1776353632912,-5.6196396246761084,7.956379860466718,-1.0890642337292433,-23.669474153545586,4.942170350391255,-7.721458847260422
1776353632929,-5.590310654339194,7.860612378582358,-1.270873776166886,-23.289051399796094,7.46635725817597,-2.4802830921301076
1776353632945,-5.711966026195883,7.717408607262373,-1.6663655975777656,-17.862339745721318,6.815112381193594,2.1201045921937096
1776353632962,-5.911283314403891,7.519737332695722,-1.743279325910285,-8.475405863697695,3.4441907639838067,6.3584920370634395
1776353632978,-6.041168169945478,7.4479112828910345,-1.6853697924509643,-2.9618355477215133,1.3509145145196726,8.22829730348945
1776353632995,-6.21848931492269,7.411848620384931,-1.4818623590767384,1.1101234524068662,1.6285130391828546,9.542032963922628
1776353633012,-6.3784519133418796,7.465718157738447,-1.2430413279980421,3.1962828581992584,3.4334086700487068,10.097644093467423
1776353633028,-6.413467112621665,7.4936998051196335,-1.1481710141491144,2.588726432469223,4.39183639575394,10.48715185258668
1776353633045,-6.482150188225507,7.458085470902919,-1.1752549820382148,2.1381190026862065,5.59467155529409,9.948089417627179
1776353633062,-6.482898376244306,7.452399241960048,-1.226879590009153,1.861833795334371,6.05240692780625,8.399897268649557
1776353633078,-6.4442918744742865,7.469458513310551,-1.272968775684759,1.5993355382656178,7.033817172851518,7.59290614934432
1776353633095,-6.366480320519209,7.491156550377607,-1.3392581610850989,1.1754340414156454,6.897260347001807,7.209055494405127
1776353633112,-6.322337811931967,7.455243525475264,-1.4383178163826464,1.9232689990411085,6.455462794031049,6.777173241675112
1776353633127,-6.284479498180747,7.397035082134604,-1.493833221247047,2.8016003770100717,4.506137050193165,6.482500951634191
1776353633144,-6.324133463177085,7.36142074791789,-1.5399218954659997,4.054896760694865,2.867937948993586,5.032564488961789
1776353633161,-6.242581553649902,7.391797181481123,-1.518972777070105,5.125484943751581,0.5602327663745146,3.938811292448151
1776353633179,-6.2021782315909855,7.403617967656254,-1.5129869806587695,6.145369644391531,-1.3802793120305556,3.398802235958368
1776353633194,-6.159382461437582,7.482177709630132,-1.4297884729683399,6.251492001073312,-1.7932994637590516,2.7439230580073106
1776353633211,-6.1432210157096385,7.5276675411731,-1.3780137159369885,5.289023151256958,-1.620752450181839,2.9453493920558063
1776353633227,-6.190656720623374,7.536047831505536,-1.3652949580088256,4.6145705721353485,-0.08432781000965173,2.78355395000584
1776353633244,-6.209660111778974,7.454046424645185,-1.3216009238414466,3.3911667247965283,1.3901442396261696,2.503402642140366
1776353633261,-6.254103064617515,7.356183431786298,-1.29077528520599,1.7063206332169358,1.657857666291345,0.4323032164984699
1776353633278,-6.2584419706046575,7.343613288548588,-1.3156149812996387,0.8758276867513304,0.7842077426681908,-1.6473440841679914
1776353633294,-6.233602712902426,7.475444017460942,-1.3425497499763965,-0.12642736182589137,0.21195250933313162,-3.1064942585873285
1776353633311,-6.057030924987792,7.547270651787519,-1.4465475923284887,-1.146928780523126,-0.7756696860405576,-3.425019276757227
1776353633328,-6.027551732525229,7.594107221764325,-1.5346841409429908,-1.3087856942756224,-0.850107328771178,-3.228982175407283
1776353633344,-6.002262977489829,7.646480967602133,-1.7407352674506604,0.0034243793734093616,-0.878870109139748,-3.1902095393666476
1776353633361,-5.948991406029463,7.599792866185307,-1.7911632860481739,2.3819061699671216,0.42217970220974743,-3.4249819241602038
1776353633378,-5.933130404552817,7.59111446968913,-1.7747031496345995,3.545945214691364,1.5206334028936765,-3.8018843557227893
1776353633394,-5.886892384991049,7.666232546776532,-1.5650605745062232,3.570573809621372,3.151785883303918,-3.0689320601336667
1776353633411,-5.8807566587150095,7.663090157097578,-1.4589680979624389,3.6628964094153766,2.4076824501211034,-2.457089263812625
1776353633428,-5.909786353844404,7.656655155614018,-1.42649615342468,4.2538379731025335,0.663721711605285,-2.2887970312015073
1776353633444,-5.875519927105307,7.641841617363691,-1.3057393378429114,4.347279656703362,0.2944941715139721,-2.4154167855824964
1776353633461,-5.767033248901367,7.6478288750797505,-1.1390429011240601,2.266545342102664,-0.21460003472973138,-1.7546960883437857
1776353633478,-5.685180895122885,7.618947063988447,-1.1397913814038036,0.8395892643361814,-0.7291874739742705,-0.545437082528386
1776353633494,-5.58671876732707,7.594705772179365,-1.2873336203195154,1.5659063513117542,-3.5803399129174327,1.8220773986098424
1776353633511,-5.559036395153403,7.650221323174238,-1.356016988184303,3.13303936190976,-5.171055539007083,3.8549796850095297
1776353633528,-5.586719351848959,7.659199579399823,-1.331925480109453,3.2221035345828457,-6.762796974132705,6.255992668849527
1776353633544,-5.730222398376465,7.594107221764325,-1.2880823928602039,1.909861551143785,-6.459440525448935,7.874007707278072
1776353633561,-5.964554301342368,7.417534849327803,-1.4683946824774146,2.587367011380979,-5.440565412145677,8.006286273386417
1776353633578,-6.12287030159831,7.384464938896894,-1.5007165510199962,3.618202212807752,-3.370291318815442,6.806841875882355
1776353633594,-6.385185605511069,7.403468330052495,-1.3793607466317712,3.1515692382411817,1.4756597021386104,4.002329063521508
1776353633611,-6.534075021252035,7.440728677910566,-1.1384442045785486,0.4181597623572247,3.824198583741221,2.0875916110839796
1776353633628,-6.610689474377036,7.458385915154218,-1.1418855772040784,-1.5381545456620518,5.427057005514684,-0.7543150462396598
1776353633645,-6.655431117901205,7.469459682354331,-1.23181792319417,-3.6245649609064423,5.4677521263632665,-4.892514021351616
1776353633661,-6.5758244972229,7.523629079437256,-1.2909252150706947,-5.278633152868899,7.205438055465959,-8.239880450548146
1776353633678,-6.4347156523555515,7.5546040634155265,-1.3370133047677575,-7.121879655594139,10.589364779742274,-10.187298864060303
1776353633695,-6.141575002068281,7.681196891674399,-1.5093953859075904,-7.944288646290211,13.311177234745784,-10.486909380871143
1776353633711,-6.029796881103516,7.907000035747886,-1.6805813891306518,-5.2772636999403115,11.892667326218257,-9.039128696655528
1776353633728,-6.024259705242514,8.01324214989543,-1.6792347968272865,-1.8574392089337026,6.934474205807798,-7.780274459977049
1776353633744,-5.980864215630293,8.12232737851441,-1.4347263677619397,0.05826439510626486,-1.4037615023970595,-5.547305474060521
1776353633761,-5.747130278557538,8.040475609257816,-1.3295311323188244,-0.4572843132226742,-7.184874063422343,-3.933718959535083
1776353633778,-5.564123489159345,7.991244837620854,-1.467347511512041,-0.012245141799657704,-10.37107108009502,-1.6186523804554718
1776353633794,-5.28624704349935,7.876921708348393,-1.8537120966807006,4.8502953414312975,-7.8323819731550754,3.1036518326755456
1776353633811,-5.255870025414228,7.796715952733159,-1.7503122202217578,8.256576847974241,0.9030935884746097,7.999168362497617
1776353633828,-5.273227987450361,7.671019781053066,-1.3296806237921117,6.9321587716791635,7.031143153791458,12.2325580298856
1776353633845,-5.65046497105062,7.574355058068036,-0.6510746752634644,4.50095507104724,4.656096841628557,16.61687182604242
1776353633861,-6.3127610052913425,7.491755100792646,-0.5597958831004798,5.529428307681659,-4.1026461862956,16.9147534512196
1776353633878,-6.588094196209311,7.48247815388143,-0.5285213316537439,5.710018509336796,-12.809275297739383,15.603404941901342
1776353633894,-7.103145659306645,7.332240830662846,-0.4453228239633143,0.9666172292417844,-16.965903030366533,8.983341419062155
1776353633911,-7.381172911614179,7.113920151299237,-0.4906627256415784,-6.351446696934571,-13.531938340230704,1.719637794551168
1776353633928,-7.325209616851806,7.088482927703857,-0.6992582759350537,-12.122218885164985,-5.977116898811553,-5.7478295828083406
1776353633945,-7.007678037151694,7.106737546318769,-1.2316681394599378,-16.581950776363435,5.779587828014784,-12.84760290426691
1776353633961,-6.483945839470625,7.390599496129155,-1.5882545492194593,-15.936656701695433,10.440826948314713,-15.428550391601723
1776353633978,-6.230161048015952,7.542182973259687,-1.6428730052441358,-13.831283333437561,8.206789891566725,-14.961204942927356
1776353633995,-5.796660909923911,7.768734305351972,-1.735049330768734,-9.610476582048033,0.735144199343315,-11.434601543304998
1776353634011,-5.582229639214277,7.762599163597821,-1.8405436952888965,-5.686917955790166,-4.771491606995452,-8.049672488767984
1776353634028,-5.642085265240073,7.709627451866865,-1.8736134595893323,-2.2664774670977867,-8.343193891933758,-6.627601917248764
1776353634045,-5.779902082824707,7.6464803830802435,-1.8574530367746949,-0.23306296987120143,-7.82005177415591,-5.567884834029769
1776353634061,-5.884647236412763,7.700799417766929,-1.7531557730846106,0.028121703081940782,-6.082350050240763,-5.314451518650093
1776353634078,-5.842599654278159,7.719802808922529,-1.698538339973241,-0.13611849312364033,-4.779645572203979,-4.7057856140667536
1776353634094,-5.690866539543867,7.631516038182378,-1.6584347315132617,0.7333260350027693,-5.228073958198349,-3.1528799942315895
1776353634111,-5.681289732903242,7.310992875450849,-1.695245508972928,2.1839773196604955,-5.019676775771621,-2.8178028663818115
1776353634128,-5.802047863659262,7.168987374004721,-1.6475117709606886,2.0483660481240076,-2.022227981387427,-5.375574454645713
1776353634145,-5.946746841973066,7.13202630135417,-1.4119815981209278,-1.968549311256885,5.334373899798551,-9.252216938381585
1776353634161,-5.820902201732993,7.332541274914145,-1.3896857412911952,-4.882108228151102,11.232262311785247,-10.626057409737228
1776353634178,-5.7315685522884126,7.526919937676191,-1.4853042431589216,-5.7336552327332715,13.71047436249296,-11.59007457806106
1776353634194,-5.723337899559736,7.691221442082524,-1.465402587989345,-6.723015391085611,12.480170316545134,-12.05875191362358
1776353634211,-5.399073212212324,7.997230341771244,-1.4290399926885962,-8.503740903469494,11.711803916996319,-10.238523575288106
1776353634228,-5.099050401195884,8.053195390099287,-1.6766906653024256,-8.954366049055668,12.404143480893723,-5.410668820374886
1776353634245,-4.997146608513593,7.999474905827641,-1.815853490668535,-6.97961321848512,13.050800178301143,-1.1274307248768554
1776353634261,-4.7554818784415716,7.675958406499028,-1.9494800169564783,-3.356108857890734,13.813480445365922,4.5041302552376505
1776353634278,-5.026775438579917,7.403918996429443,-1.7606375071421265,2.27246370101848,13.106821389873588,10.445465500534798
1776353634294,-5.345803394317627,7.377731246727705,-1.5411194346874952,5.606977421744338,12.716760385431561,13.043467970227134
1776353634311,-6.106559802788496,7.2415604427844285,-0.9029144701302051,5.717328946182826,11.807659645581925,12.226594420966533
1776353634328,-6.611137802666425,7.238567106187343,-0.330850203217566,-1.0103029057297743,14.007346827220273,7.870074372089791
1776353634344,-6.781874308556318,7.293036947521567,-0.18749694042429327,-9.504104923461547,18.177095353243015,2.702241615153896
1776353634361,-6.864624487957358,7.4856199590384955,-0.23642872911468146,-18.85668893037553,22.56871232916987,-2.095564149392677
1776353634378,-6.728304630932212,7.6554592238277195,-0.8017597422495484,-26.62897975298648,28.330880186593358,-6.085456932539472
1776353634394,-6.608893823131918,7.709028901451826,-1.169120059479773,-27.736033889135072,30.746721511121454,-8.67482604312091
1776353634411,-6.320092663353681,7.940217830216884,-1.7881705339729785,-25.513234201119047,29.94999701991239,-8.375925012210105
1776353634428,-5.945249881413579,8.273910271123052,-2.1908456179514526,-16.763517695069886,21.99145889146624,-4.581318649934787
1776353634444,-5.792321419414877,8.44045750862956,-2.295442010718584,-6.289999753840197,10.955731857953527,1.0002927298925919
1776353634461,-5.549309950909018,8.51138573281169,-2.1173731161139906,3.6498806301782714,0.758558407983236,7.11682403494786
1776353634478,-5.476885350689292,8.137740636223555,-1.545907253485918,8.823709652875202,-10.371595297113819,14.978850736648083
1776353634494,-5.597642896923422,7.922412124413252,-1.3266884562388062,9.820667116018713,-14.215273153481093,17.673578930271553
1776353634511,-5.733813116344809,7.641393289074301,-1.0317524469673633,10.241836217035562,-15.664319984014101,20.770753822623224
1776353634528,-5.958119299858808,7.521383346337079,-0.836176244983822,9.4263773707068,-15.668969635291587,26.364180149054256
1776353634545,-6.295403627777099,7.435342893218993,-0.7683905566111207,9.168569319163732,-17.5695910077054,27.273496893636395
1776353634561,-6.858039848870039,7.129183186882734,-0.7948762663461267,10.099279069999994,-19.33289654949799,26.005506425169376
1776353634578,-7.456739901512861,6.78711104016602,-0.7356196291267871,10.731075837094405,-20.531137126160836,17.261045749686538
1776353634594,-7.61655286232829,6.773494602745771,-0.4947029409430921,4.600541363580143,-15.423058919509032,7.957762048201707
1776353634611,-7.226299160766601,6.880935571289062,-0.208895556153357,-5.544103822887077,-7.703842081843667,0.6602231072855046
1776353634628,-6.652437781304121,7.232881461766362,-0.7085352228462696,-14.101316569821307,-2.7129282998840276,-3.6048632802455405
1776353634644,-6.419152172520756,7.4565896793872115,-1.0872681440927088,-14.117596325708034,-3.7774391086833137,-3.4596182403281612
1776353634661,-6.047901862114667,7.694363247239589,-1.6828259531870484,-10.841152873305624,-7.91760565852391,-1.0962302073048256
1776353634678,-6.063762863591313,7.796416677525639,-2.0892413196723907,-2.448345127571128,-13.582292202339332,2.646665219651149
1776353634694,-6.121822838371992,7.748083731511235,-2.133982817066088,3.431999303202157,-17.731862642006565,3.8415101250794415
1776353634711,-6.194397660717367,7.536796019524336,-1.9746189882576464,7.029689177271892,-20.303937713609532,3.771120756814229
1776353634728,-6.241084008568525,7.405861947190761,-1.806426686957851,9.746305992751138,-19.39784311076835,2.9293778484553776
1776353634745,-6.308421514782309,7.263258479851483,-1.7998427054576576,11.653776337355183,-17.146488109379792,1.064665768716081
1776353634761,-6.789505826348066,7.054663075688481,-1.6518503846868873,12.211228202881298,-8.320247017643453,-7.740159905207917
1776353634778,-7.022341937798261,7.232433133476972,-1.0622787373300642,7.0883498300717225,0.8960009706300803,-16.511949875107266
1776353634794,-6.871357595604658,7.439680630162358,-0.7481894801035524,-1.8777415193547424,9.78474629739997,-23.47285862055031
1776353634811,-6.111497843712568,7.970743901383877,-0.5693724705453962,-12.768411129708843,14.441195320657604,-25.111330502429865
1776353634828,-5.144838923424482,8.090155878227948,-1.0562933793101459,-15.596935045210047,13.12417690055459,-20.827324864423854
1776353634845,-4.779723754772544,7.991246006664634,-1.3768170534983277,-13.054238324774598,7.384269483409818,-14.198000458843778
1776353634861,-4.451120161437988,7.631967289081215,-1.9222459730722008,-4.063197574970546,1.5166320859788127,-5.460555668299012
1776353634878,-4.812942133763432,7.219712768113613,-1.928680463099107,0.8933606756290473,0.7555541386046354,-2.4096217969585636
1776353634894,-5.124638431438803,7.274781159862876,-1.7199358597237615,0.8855683369205619,3.6395410044353413,-2.1341342276357387
1776353634911,-5.431395519146323,7.741200986260175,-1.4116825421091168,0.9273136527148865,4.53265952851397,0.7245701060127833
1776353634928,-5.472396222576498,7.964460291069746,-1.4585188198249786,5.586666573586835,-0.2804642959481048,5.932985765923631
1776353634944,-5.660341637420654,7.746440055957436,-1.4375699936900288,10.173508712126047,-7.44118630353718,6.662171639072315
1776353634961,-6.215646784973144,7.384166832733154,-0.8976770809333771,4.760771198206294,-3.2495137240523415,1.1693621099652098
1776353634978,-6.457759843334555,7.534851315197348,-0.758514767023921,-2.9254011842545493,7.022275860701489,-3.752436774339659
1776353634994,-6.521355240410566,7.78324856839478,-0.8254021183174103,-9.134504604451939,17.1441863356295,-6.557237308419293
1776353635011,-6.505194379204511,8.199989294865727,-1.0814322775460778,-11.084390423801764,23.460760647982923,-7.368050345451977
1776353635028,-6.386083431133628,7.990946146935224,-1.0869689419504254,-10.56715812720327,22.02354712018696,-8.873437698901126
1776353635045,-6.2403364050716155,7.7688845274776215,-1.0067630402047187,-12.330214367091152,15.896291991247951,-11.321503855933342
1776353635061,-5.610661368450522,7.641393873596191,-1.280300872138515,-11.071295243615557,8.65612413139977,-9.65535007112137
1776353635078,-4.891952542114257,7.748833673095703,-1.7790430054698139,-5.637213388539514,0.8777587626565928,-4.6715548403807645
1776353635094,-4.6350236074149604,7.866447660607099,-1.94678639395833,4.192985256465951,-9.204473916083195,3.287066744439306
1776353635111,-4.4663826124995945,8.329576044243574,-2.068890751691535,19.903101231978162,-21.420639491960767,19.804292300350173
1776353635128,-5.067027369469404,8.494925011876225,-1.4401133945625275,27.660167562929153,-28.823285599332504,31.964677428823542
1776353635145,-5.524919606018066,8.315960191345214,-1.0954983584299682,31.15346952147947,-34.52242276354782,37.81152767912415
1776353635161,-6.594079115837812,7.718754761174321,-0.315885931384936,28.252321058307164,-38.03864854449999,36.48022135705111
1776353635178,-7.592012295311689,7.3549857464343305,0.15262874839976429,20.543045560978754,-32.855586813592495,29.384255866054822
1776353635194,-7.920317782482504,7.296029115074872,0.35763285007253287,7.494073312054235,-20.449968865611698,19.572921349763284
1776353635211,-8.005909907311201,7.055710538914799,0.26994514120407404,-11.075796338278595,-3.726243852646306,4.554797025387628
1776353635228,-7.468561272209882,6.956351754540204,-0.5210395245309919,-17.546931855133884,2.7870305162933766,-5.119008643757939
1776353635245,-6.966078783306479,6.972512615746259,-1.058837218574062,-15.462684261978861,1.4231350138126833,-9.016140841230204
1776353635261,-6.194696935924887,7.097310377281904,-1.7319066488288342,-6.470771382395163,-7.413913358181319,-9.190969778320435
1776353635278,-6.010642683300375,7.210884734013677,-2.025196352197975,2.2833791970858064,-13.65817645779182,-8.684316590972644
1776353635294,-5.998372399792075,7.1951733701407905,-2.0462956196542827,9.750586813813443,-14.940191865945812,-9.339739836179774
1776353635311,-6.247967338341474,7.350945531132817,-1.6231206223521382,10.465248289692095,-8.395864895718312,-13.29676468182341
1776353635328,-6.323086584472656,7.6835905088126655,-1.0685631513617933,5.077634772860588,0.5936693171260773,-17.129334089279304
1776353635344,-6.202776782006025,7.852680416539311,-0.8735852805975824,-1.6889820912871527,7.299723694316108,-18.974610438848508
1776353635361,-5.812222636193036,7.9815183933764695,-0.9066558486156165,-7.385706384456459,11.367710085668477,-18.841478099093912
1776353635378,-5.624128752788901,7.826195145195722,-1.1785470093209296,-9.116830636200884,12.895649016209719,-19.173693377681456
1776353635394,-5.473443685802817,7.677754642266034,-1.3106769403755665,-10.183754849654713,15.366919887173406,-19.02445032922209
1776353635411,-5.133616687664389,7.379377260369062,-1.5065527828928083,-11.227987467138465,19.586883963974085,-18.264306623660325
1776353635428,-4.821622868347168,7.212233810535073,-1.7182899922128765,-10.458448836373346,20.77866488922939,-17.25023356023041
1776353635445,-4.747999413731694,7.31712743268311,-1.7408848319891839,-8.352729689788742,19.95263034874451,-15.243954283998374
1776353635461,-4.611980000957846,7.977478762596845,-1.8191455910164862,-2.261347141257461,16.699039001757672,-5.841601249923445
1776353635478,-4.8683086316764355,8.384342822697759,-1.6931506555855274,3.645284339753676,14.216159370525903,4.383374218259117
1776353635494,-5.319466007012129,8.123225204136967,-1.460913386811316,6.867439314198708,10.88666669261365,8.1978329522439
1776353635511,-6.412268842747807,7.4477610607653855,-0.9376299558110535,3.176303701103325,11.48589711774544,0.40845422362919526
1776353635528,-6.884675342339277,7.492802564018964,-0.552762623462826,-5.38952853112005,18.40565055834457,-9.28483706808392
1776353635545,-6.680719288414716,7.805095074021816,-0.4251216013252735,-16.3304324752723,26.505973168676427,-14.374097249798691
1776353635561,-5.656300837597251,8.49851748341024,-0.7851493837103247,-21.01351411365111,25.92635819306727,-8.781621173435937
1776353635578,-4.90377332828939,8.671797244042157,-1.6717530627697705,-13.720821245311884,14.593030425906989,0.8977152413900478
1776353635594,-4.8769881972163915,8.407537235802412,-1.996017165595293,1.0594468638599566,-1.2259999595536597,13.772144994282652
1776353635611,-5.001187408336997,8.14716780526042,-1.9328706813305616,7.955820566930131,-8.000075070109936,20.86267963111513
1776353635628,-5.507859750145673,7.4097531094104045,-1.6077077299691735,12.848324342997993,-11.360955028579335,24.03251749095198
1776353635645,-5.8915311507076025,6.9976517331779,-1.2114675013437866,16.671018150687694,-16.795551282277245,24.41027647092517
1776353635661,-6.146963124847412,7.083394080132246,-1.058537431909889,19.514340524799376,-21.601846118188497,23.270246181463758
1776353635678,-6.60171121815145,7.589169180840253,-0.6967138521492481,21.407880698591182,-25.405923391521686,22.242674956686603
1776353635694,-6.853252030071616,8.020275701794027,-0.05327244824320078,17.199457933940533,-25.06660471619733,21.41052739689456
1776353635711,-6.948122270855307,8.091801891869306,0.16699439675211905,9.636798423561968,-22.48366110607758,21.55256118068498
1776353635728,-7.185447510418295,7.837866878288984,0.08903276680186391,1.868768358332638,-18.386444066398493,19.25171462857051
1776353635745,-7.494898074993491,7.37413994423747,-0.3347403425239026,-6.745657041297381,-10.612062352127872,9.963778362150697
1776353635761,-7.488613295635581,7.229739656609296,-0.6091762192759662,-10.751451998935847,-2.762042269214885,2.3446978606898305
1776353635778,-7.1003031293570995,7.200709961479902,-0.9883576880075037,-13.269486613825672,4.306057757515043,-3.5395487425336474
1776353635794,-6.476913456615805,7.408256733372807,-1.2439386421639471,-12.649314828698623,6.15870131987775,-5.637063551264597
1776353635811,-6.230908651512861,7.4565896793872115,-1.4027040666878223,-8.370279007087444,-0.180828564585,-3.737841513856988
1776353635828,-6.119278999108076,7.236323126652836,-1.7037751446481793,-0.8903522974647741,-8.497090006765193,-3.183197923296807
1776353635844,-6.366180460789799,7.086535885289311,-1.561768839484453,4.342361066727307,-13.148863765535955,-8.03047026569014
1776353635861,-6.417207468193769,7.197267712071538,-1.3615539448495952,1.8705535990269502,-8.025850496490271,-12.440518507092271
1776353635878,-6.363787428173422,7.526919937676191,-1.1504148475531488,-3.151373297189367,2.910078081738449,-16.215039844339522
1776353635894,-5.955276769909262,7.876174689373373,-1.0718555439706892,-10.00487646416031,16.259407045640632,-17.000783098910496
1776353635911,-5.7219911611258985,7.9650582569628945,-1.1010350228343158,-12.273350480929857,19.9522000468268,-14.659735760888625
1776353635928,-5.5614300122916696,7.894729167717695,-1.1984493220776318,-12.601894532838518,19.462963841862543,-12.27920992946408
1776353635945,-5.629215846794843,7.631964950993656,-1.274016165845841,-12.908295111457997,15.146318437360334,-11.447554143292281
1776353635961,-5.6757531415641305,7.514200156834721,-1.3614045995067805,-12.100041260929952,14.203508152635745,-11.766040741648098
1776353635978,-5.72064500721395,7.28435913554728,-1.552790875519812,-10.782444836068425,16.63810859171928,-12.49463238833899
1776353635994,-5.681439955028892,7.129034133800864,-1.4444528850715606,-11.08077639995718,20.55445539198726,-14.054295840027647
1776353636011,-5.693410963329672,7.226746904534101,-1.3932771899119019,-11.28679881098686,22.00551029813625,-15.647726039425555
1776353636028,-5.754163245934247,7.820059418919682,-1.3368639594249427,-11.312622048691386,20.548327004754466,-15.867079272167807
1776353636045,-5.476735713085532,8.14612151107788,-1.433679489057511,-9.69435130505579,15.772691180480107,-11.523710752537923
1776353636061,-5.4511476828426115,8.04451640908122,-1.5429147206064313,-7.1941810499401315,11.254648256789965,-8.97900595648649
1776353636078,-5.550656104820966,7.900265174534916,-1.6585842960517851,-3.851102271995078,10.449243448919463,-8.471879778538677
1776353636094,-5.3939861182063815,7.861360566601157,-1.3382102594673633,-3.3362434661331632,15.186018911911033,-5.754597446502177
1776353636111,-5.292381600731611,7.811679713109135,-1.1288670326117425,-5.174917584095902,20.086578896104925,-1.8248995473975271
1776353636128,-5.425858343285322,7.637501542332768,-0.8942355621773749,-7.038080918440898,21.479814543382464,0.9879247514095796
1776353636145,-5.970839080700278,7.9065505384147166,-0.8761297774486243,-7.6711126691146125,15.937148475315675,1.6625779673380585
1776353636161,-6.256347628673911,8.21719820381999,-0.876279415052384,-8.356342859859678,9.842930971392015,1.6426323208577402
1776353636178,-6.048500412529706,8.585007433861493,-0.8898961447335779,-10.148060281052226,2.7775167031097836,3.873665375031392
1776353636194,-5.634303525322675,8.283188971599936,-1.617434393409267,-5.6495790191449995,-8.480305670653532,9.544113610298542
1776353636211,-5.510553811535239,8.04496473737061,-1.9054863422553985,1.712332693790428,-13.075814038589021,12.851403904540021
1776353636228,-5.180453257641196,7.609070982140302,-1.969830950263515,10.382397241286194,-10.82888158468805,18.263898519857417
1776353636245,-4.972457572937011,7.493402283477783,-1.4154237744640559,13.264352872890761,-9.386429301798689,23.795200860692596
1776353636260,-4.843170098766684,7.561935136955976,-1.169568899225816,16.477675985852144,-12.979749989233731,32.94372357464234
1776353636278,-5.500379039001465,7.71890615234375,-0.796971704255417,25.136952249553875,-25.63963026680472,42.28689301955911
1776353636293,-6.7078042792171235,8.023866419762372,-0.046388680078834295,28.380148048623955,-34.26664583950919,44.52827082211757
1776353636311,-7.235127779388427,8.070852627342939,0.4388859958488494,23.663019624779924,-37.82479532158689,45.02111336696359
1776353636327,-7.981070649608969,7.468560103166103,1.0383341634452343,12.485732651850464,-34.17761090858348,40.49841140048586
1776353636344,-8.48489929242432,6.357950392583012,0.9744387605093419,-9.29657645571988,-20.441822157479166,22.642833542042847
1776353636360,-8.405143034142256,5.986700666698813,0.694018183324486,-26.10069023389538,-5.466634536660323,5.793714366765663
1776353636378,-7.792976181682944,6.037576867455244,-0.6021432518992572,-33.98283440402223,7.581362275873352,-11.228801113423344
1776353636394,-6.9334577856868504,6.828411603325605,-1.8453322447396814,-27.835235556640338,8.036867591621503,-16.936229273517412
1776353636411,-6.587794336479902,7.194874094933271,-2.162264835633337,-18.144479492408912,2.259450696545725,-17.467797283410118
1776353636427,-6.252606104058027,7.695112019780278,-2.325968154950812,-8.297890954716356,-4.666482998035208,-15.758064330372525
1776353636445,-6.30198651329875,7.753470685246587,-2.032528813977912,-2.6669997600273345,-6.444158830954678,-15.842845760992601
1776353636460,-6.382043215832113,7.702294040238857,-1.8552081804573535,-4.794874759618991,0.8943987576611835,-19.05798485049956
1776353636478,-6.5191106763541695,7.9270503056079145,-1.7464215694587677,-10.744888187143465,16.34810046710783,-24.022458329851847
1776353636494,-6.252007553642988,8.334513500645755,-1.8252807327706366,-11.948318853801874,23.9535229381062,-24.738600249233098
1776353636511,-5.962309152764082,8.38374427228272,-1.8950120022531598,-9.14148078891546,24.653118724223095,-21.960402021310195
1776353636527,-5.831526471599936,7.975534058269858,-1.8766062847297638,-3.7825109510288715,18.664507897698883,-20.793107324229382
1776353636545,-5.6955064743041985,7.316380413708091,-1.7699152577709405,-0.8545606121100263,14.676508997942884,-21.86766854294893
1776353636561,-5.528360101860761,7.084291905754804,-1.666365743708238,-0.24613138958968367,13.765605941926012,-23.490408791622656
1776353636577,-5.177011592754721,6.974009576305747,-1.6651689351391046,0.8432234052223042,15.674218635668742,-24.16050840580885
1776353636594,-4.809201778191328,7.435790636986494,-1.7459727297127245,3.9023816247362415,16.45360639921702,-20.400634409236694
1776353636611,-4.734982111248374,7.746737577599286,-1.6895598645519465,8.44941187126392,15.174089986525605,-13.98290755659632
1776353636627,-5.001336461418867,8.126368178337811,-1.283742317829281,12.66411840995098,10.183870962870603,-5.2492189432082395
1776353636644,-5.747579775890707,7.965058841484785,-0.6536185145273804,9.946094148615888,6.940229067070357,-4.6602227027740675
1776353636661,-6.001065876659751,7.842804919213056,-0.3854677093941718,0.8440990034573882,8.663370962109154,-7.660141677760279
1776353636678,-5.964852992027998,7.603085477989912,-0.46058585954681036,-11.559886849476896,14.42207079098157,-11.322163822961894
1776353636694,-5.651212574547529,7.809435149052739,-1.3807076311960815,-12.43607717658447,17.434535969699446,-10.082463144263423
1776353636711,-5.530154584062099,7.940368052342533,-1.8194447931587694,-5.8606626003496585,16.679885443777664,-6.247827177696777
1776353636727,-5.652260622295737,8.07055335213542,-1.981652174830064,3.7768854364737194,12.217194373121304,-1.3116467964859173
1776353636745,-6.087855102318525,7.883955844768881,-1.5919960738353431,7.515430459815219,7.9961374660534235,-1.7380726885644442
1776353636761,-6.196492002648115,7.8037495046317575,-1.3784629210092127,8.991974778173052,2.5504807882117366,-4.529710594339818
1776353636778,-5.93776858574748,8.200738067406416,-1.0395336023628712,8.892812384255514,-5.969982339336651,-2.7397182227995214
1776353636794,-5.173270652660727,8.378507540673017,-1.1788463575936854,11.942952886435183,-13.234188196195046,4.381833156827633
1776353636811,-4.850502925872802,8.151208020561933,-1.284640581843257,17.7899363254246,-19.96063020780989,13.472955387879413
1776353636827,-4.788702010998129,7.488014745220542,-1.1987480127632617,24.82847529342671,-23.10604672626936,22.373001796239617
1776353636845,-5.508458885082602,7.197119243511557,-0.5383977057628333,24.55186970751412,-19.44621621801767,25.001994541743592
1776353636861,-5.864146300175785,7.16988344606161,-0.1247989305794239,19.386124213699897,-17.405500835537723,25.436131610673357
1776353636878,-6.53811406750977,7.385811677330732,0.32471257724538444,11.521353483500622,-19.185598397404785,23.50469583981903
1776353636894,-6.957848715099692,7.803151538738608,0.31289106041789055,6.3611062919682615,-22.995199586229223,22.390879816392125
1776353636911,-7.08040191257894,7.753920182579756,0.19467749957814812,1.1195508210087763,-24.891787731938145,19.53640886600769
1776353636927,-7.275379125756025,7.360373284691572,-0.1574199281990528,-7.633731043787132,-19.82167683933515,11.290791910330379
1776353636945,-7.035211356243491,7.160607083672285,-0.827347334101051,-12.34161224526861,-11.58161282745306,5.4007915130614
1776353636961,-6.776786630028486,7.145193825963139,-1.187525411676988,-13.506318300653987,-1.8513976931694147,1.6625233258246983
1776353636978,-6.428430872997641,7.154322304314374,-1.6386830792736262,-11.181379963789592,7.88956260933913,-1.371947014851669
1776353636994,-6.172699623650312,7.227344870427251,-1.686417036481574,-8.134290848621626,9.2730319398772,-2.2590470750544593
1776353637011,-6.132147833031415,7.301565706413984,-1.49024235714823,-5.092472078171971,5.926763036702926,-3.2840339270044088
1776353637027,-6.187962074711918,7.381921099632978,-1.3245935297861695,-6.866523641963103,2.8853860941152067,-4.799234127856752
1776353637044,-6.176890061077475,7.626877856987714,-1.3307284523446112,-9.651548217074613,0.4998568823193637,-6.576235052708861
1776353637061,-6.120477268981933,7.7787611938476555,-1.5873570889230817,-10.355645951628192,-0.4468808145388341,-6.685274753939883
1776353637078,-6.06570873696208,7.986904762589931,-2.180819825434312,-5.200431328853662,0.1941489809312587,-5.353033549724202
1776353637094,-6.149805070275068,7.933934219902754,-2.359636688861996,0.3747945177908435,3.8914447843277586,-5.3545746111556864
1776353637111,-6.156988259777426,7.783847703331708,-1.9524729882273821,2.7000894652351075,9.207676421030285,-7.242280095849008
1776353637128,-6.02111731556356,7.726386863487958,-1.7805393084421752,3.398351443473147,12.916965182835682,-7.347292546790661
1776353637145,-5.771970705303549,7.5614868086665865,-1.402554575214535,3.7216087155208064,14.155628526553956,-6.437197587529965
1776353637161,-5.676651551708579,7.393892107933759,-1.0833777125254274,4.57898101769135,13.074194429982082,-3.945402424997213
1776353637177,-5.849332177403569,7.318773446324467,-0.9599266163583844,3.8789574909776827,10.906177127977791,-4.727404443450313
1776353637194,-6.189908532604575,7.414691734856366,-0.761806502045691,1.4406794219129189,12.753482043730488,-6.40361312049419
1776353637211,-6.163721367424726,7.295429395616054,-0.6379061277411878,-5.1591214909797785,20.941093617881464,-8.966547691440386
1776353637228,-6.16746230751872,7.1754212064445015,-0.616957009345293,-10.701582226484645,29.049016521212256,-12.430402996931484
1776353637245,-6.025605859154463,7.152377015465498,-0.6534688769236207,-16.703741587001225,35.33297497273158,-15.752127188436491
1776353637261,-5.852924648937583,7.819311815422773,-0.8749323843576013,-21.33833400491482,37.223100051938374,-17.813855647897984
1776353637278,-5.694308788952231,8.42130389534831,-1.082030827961117,-21.506541073604726,33.25901535201388,-12.679081646875185
1776353637294,-5.442767392510175,9.138666567772626,-1.5541374678231774,-16.977290663260238,23.253278284018155,-3.7611593527965885
1776353637311,-5.30555029438436,8.65803058449626,-2.0280399050608278,-3.775834868002007,4.508648425373614,8.769288413115833
1776353637328,-5.376926846855879,8.042271260502934,-2.1158768862068653,6.767673302313271,-5.497346055376463,12.876462161057505
1776353637345,-5.437081163567305,7.019199548119306,-1.526604294861853,9.357425757261877,-8.754488246958061,13.605448251172968
1776353637361,-5.43947594974935,7.071123796623945,-1.259949792701006,9.144958208976643,-11.629713580909229,15.485153876800911
1776353637378,-5.5520028432548045,7.570314258244633,-1.3709811869516968,14.838772094507584,-17.534536769337606,19.69716419831311
1776353637394,-5.8617520985156295,8.884431694462895,-1.1701673765756189,22.066830028957334,-24.448385511399255,28.895391906400327
1776353637411,-6.592133826988935,9.128340988591313,-0.421231169757992,25.936733250416516,-29.472358476158817,41.93076012604547
1776353637428,-7.295281511577963,8.717886210522055,-0.0577612840950489,21.335110155626573,-24.763926590675506,42.36125670414762
1776353637445,-8.480112058147787,7.381921099632978,0.6242869138419628,6.297599193065483,-12.212089660490365,32.16916987747914
1776353637461,-8.834154628643393,6.184671216472983,0.29643048561289903,-19.08418374860844,2.9199818560349673,5.463054236874767
1776353637478,-8.535477971538901,5.857562830132245,-0.474202881488949,-26.832517682705568,11.78790844604954,-17.063504726058724
1776353637494,-6.883778101238608,6.185418819969892,-1.789367780933529,-24.823484132690723,16.06976855088252,-30.606641161433664
1776353637511,-5.0951592389762395,7.09356885266602,-2.2420216784372924,-13.672666704116,14.889317201912972,-30.499127153708493
1776353637528,-4.537310252159834,7.531109206059575,-2.1980279306709765,-3.6439503184314077,7.076450786763915,-20.743134245166985
1776353637545,-3.848378724449873,8.190112628495692,-2.0094848421946168,5.675235344101683,-5.84881819855521,-4.930242278779474
1776353637561,-4.334102386254072,8.270169915550946,-1.7714111223518847,13.98420358499133,-27.5681836978293,12.336046494868695
1776353637578,-4.902126730126143,8.133699836400151,-1.769316195899248,19.89079835373568,-40.46867275683962,16.597135994435668
1776353637595,-5.853223339623212,7.820658553856611,-1.6885118898689746,22.012302921265828,-44.58901852459566,15.1846597042662
1776353637611,-6.312611367687583,7.715313680809736,-1.2179019183054565,17.080595566909388,-33.019456712159446,9.316258499586917
1776353637628,-6.3609448982238765,7.627327938842773,-1.0030223923716695,7.978740120463756,-14.41570676222241,4.872228359516678
1776353637645,-6.26353023365438,7.493100670182704,-0.6126175188362598,-7.822436363949891,12.157051996158403,-0.16056309983288128
1776353637661,-5.9281917791068555,7.426513690075278,-0.7788651888743042,-14.706751368040408,21.414096170735895,-1.6636684497277334
1776353637678,-5.761046575707197,7.370847332432866,-1.0259167265512048,-14.674502629874192,18.3271085055313,-1.9423286419200292
1776353637694,-5.585372613415122,7.268046883171796,-1.4665993234932422,-8.711469154244384,5.971033334695187,-2.0711383257036533
1776353637711,-5.504119394573569,7.415439922875166,-1.6493070568796246,-4.295834671874826,-0.5749722078816962,-1.071199484987433
1776353637728,-5.608567026519775,7.593809115600585,-1.6841723993599413,-1.4165803800869983,0.057252459892045166,0.3751542233001799
1776353637745,-6.039972822681069,7.875576723480224,-1.5729918789621442,0.5862827877038258,5.6560062271539815,1.193627424208738
1776353637761,-6.521505462536215,7.8996677931636565,-1.2696762369453907,0.8095532940176389,8.659817556193454,-0.5065898480154095
1776353637777,-6.728454268535971,7.776814735954999,-1.061380765577033,-1.8118878235852414,10.512397085532692,-5.2878987313648445
1776353637794,-6.753145057678222,7.409305950164795,-0.7234995677441358,-10.97532852445594,13.075422156485393,-15.869333234593912
1776353637811,-6.381145390209555,7.630768434685468,-1.0317526661630718,-16.415558830445462,15.527524955317086,-22.259714571118494
1776353637828,-5.998671674999595,7.951592041668295,-1.4018062410652636,-17.142832250626544,17.167514846739678,-23.61932519711206
1776353637845,-5.068225054821371,8.487144441002608,-1.9138664133921264,-12.90518737538564,18.759430451689134,-16.794581395415104
1776353637861,-4.426578425377607,8.781031525743007,-2.160319327588752,-6.263183577385081,17.105105700745977,-6.874156378360593
1776353637878,-4.4090708257377145,8.86168677869141,-2.1601699091807007,1.8150173308855766,12.14267103286094,3.7836319558263996
1776353637894,-4.82072328915894,8.839091500523686,-1.6617266126655041,8.665389283008892,0.10846094942056951,14.687486819486386
1776353637911,-5.2531771330684425,8.353369007763266,-1.1957554068185388,11.35914588222293,-10.014113441239106,19.613084569630253
1776353637928,-5.317820577892661,7.990946146935224,-1.095947125110775,13.510510329257082,-18.178854126954295,22.92995078908809
1776353637945,-5.3458022252738475,7.293485275810957,-1.0070623884774743,15.542674314896173,-26.771723876450576,24.3308003897429
1776353637961,-5.12658372028768,6.996155357140302,-1.072902788001299,18.105067593350647,-31.81080351210691,25.931600363255253
1776353637978,-4.993855165752768,7.13816144310832,-1.1052247296091169,21.763207629782755,-34.081223279016264,30.76408726708621
1776353637994,-5.060892812237143,7.598148021587729,-1.0328002024546266,27.72462064303198,-32.82019960350266,40.71395168012395
1776353638011,-5.239110029271244,8.100480872887372,-0.5490218294993042,27.932567459860312,-17.560481242899897,50.763724685246046
1776353638028,-5.064185424041748,8.425494917297362,-0.18555238222777842,19.133262072889565,13.856957160753993,61.248853948064756
1776353638044,-4.4756601439327,8.419208968895672,1.052100238469243,-3.695552397610854,57.98864756286676,56.98140981124873
1776353638061,-3.469946393585205,8.844329985699057,2.2004196481131015,-35.025800875188594,75.41719345666411,56.209574529375196
1776353638078,-3.1057278815120455,9.036165978240966,2.1091407098196444,-64.42789036516632,69.67704783667203,63.91629553595402
1776353638094,-3.541621929003298,9.042748863762617,-0.356737362537533,-63.36932032684106,21.7570707048135,74.6865066494453
1776353638111,-4.9736540892451995,8.633340379875898,-2.9306537848092615,-37.76426618516224,-32.58185673732048,75.15977728722466
1776353638128,-5.740397463171184,8.449286127251385,-3.63619501347132,-5.785457521832764,-76.30845801126989,67.86155623452596
1776353638144,-6.616974253734946,8.19131089836955,-3.618238720215857,22.60249102971017,-99.06173741973915,51.57571464925008
1776353638161,-6.8394853705257175,8.05783357129395,-2.5731698416881263,26.409283303238436,-83.52109679366833,37.36844306238166
1776353638178,-6.796838653454184,7.93573045566976,-2.065748800403997,18.09264006415581,-46.413556712297414,22.720270811757867
1776353638195,-6.465840273937583,7.873331574901938,-1.4369714432749896,0.2763765077711315,6.9782249825363145,3.818472323895812
1776353638211,-6.024708618053793,8.053345027703047,-1.486052285047248,-6.433477695753247,31.72254722274659,-7.714883082636993
1776353638228,-5.7188490637078875,8.130708253368734,-1.5854117270089685,-6.241488335260182,41.205329149393,-16.33338482454104
1776353638245,-5.202300055529177,8.353217616593838,-1.4625591081917284,-3.7468659012978676,38.43793115809518,-21.26567103742964
1776353638261,-4.887014208929241,8.43342395673096,-1.2431907464060932,-2.2336750567219776,29.57599976662459,-22.717622405907196
1776353638277,-4.801870120128989,8.52425456673503,-1.1197395041085778,-2.9404715697713595,19.44386151030131,-23.394075803568796
1776353638294,-4.578462054498494,8.577227447509765,-1.1165973336253314,-4.4549435017034495,8.038063728499901,-22.97292633934581
1776353638311,-4.301632195281982,8.613588800701498,-1.3142685351267456,-5.018420020964339,1.0522242589777855,-19.34464447487041
1776353638328,-4.256441638946533,8.597279470935463,-1.4820124350719153,-4.105990844554791,-3.1460508722786344,-14.610993823424122
1776353638345,-4.546887935583293,8.443900342559814,-1.7860761920422314,-0.8978551535463273,-6.461904516192017,-11.945405778120865
1776353638361,-4.834042497198284,8.355014436882733,-2.0151709980722514,3.608944745161446,-3.790915498802572,-11.840479558317481
1776353638378,-4.805461130358278,8.375065291264653,-1.9116217762704937,7.168909350011084,3.354477509896159,-10.545202484116263
1776353638394,-4.64789302586019,8.26792535149455,-1.398065447101742,6.504707604173195,14.351801804800477,-6.353143145169673
1776353638411,-4.913050859722495,8.060976545494794,-0.9175793206248432,1.9736254224706737,18.44831362744776,-5.923608343080026
1776353638428,-5.118952202495932,8.00037331597209,-0.9141377288036048,-1.7435152821158864,17.698792573592655,-8.065245320075613
1776353638445,-5.415234950201213,8.250567973980306,-1.2222414088144897,-1.0745451037419755,13.401183760080919,-11.305764538764693
1776353638461,-5.546916041509807,8.577076640862225,-1.5423158779304473,2.6036130432086773,10.471684035437539,-12.440643158044624
1776353638478,-5.679494666180014,8.546400347569584,-1.361853293122351,5.7729949879184295,11.187884011426735,-15.041072052439606
1776353638494,-5.690118936046957,8.469486619237065,-1.161488614753261,3.596086914048897,13.564172564244934,-17.99406506650689
1776353638511,-5.437081455828249,8.084469064763187,-1.0125988336861134,0.30119570766766535,15.278480890252787,-21.00599749046951
1776353638528,-5.164143635614216,7.974636817169189,-1.1936607726268469,-1.074385661513538,12.818821340878122,-24.635729062596244
1776353638544,-5.018096749822795,8.15958772637248,-1.364696553724259,1.9454472636063747,5.998972223495124,-24.04125159535314
1776353638561,-4.798728314971924,8.688258549499512,-1.7075158655464648,8.7511995108727,-1.1454167473956145,-19.557382669401505
1776353638578,-4.891502460259199,8.851661643761396,-1.466599615754187,14.700904726110878,-5.001972498556125,-12.20770894791145
1776353638594,-5.049520354351401,8.699629838341474,-1.2282272052258252,12.053932361390489,-2.8358040433827916,-10.389120708750426
1776353638611,-5.303455367931723,8.35725900093913,-1.0869690150156617,7.2060374045656275,0.8375365256863282,-11.729612781483482
1776353638628,-5.321860208672285,8.494775374272464,-1.3859446550667285,5.541113053804258,2.1445965833403173,-14.226623220334362
1776353638644,-5.211278019493818,8.70202345547974,-1.5125382139779626,8.011198033173303,-0.05798537120649926,-12.863642749759038
1776353638661,-4.932353526085615,8.943390079388022,-1.5269035700693725,10.947294013007623,-7.623232189259176,-8.408945561752532
1776353638678,-4.861127195739746,8.817545439147949,-1.5593749300852418,16.514642677187545,-19.993287049779013,-3.0357522818062144
1776353638694,-4.703109301647544,8.585007433861493,-1.5824191210642455,21.069262117656752,-26.496313573642738,0.6020305892480836
1776353638711,-4.499602160534263,8.265830425041914,-1.4016568957224487,24.041948274648476,-29.83846344586067,4.954630749871474
1776353638728,-4.566190894207358,8.002767517632245,-1.0574902609445154,24.911919714516756,-30.291462082183426,9.71972033518051
1776353638745,-4.657170557293296,7.919419372338056,-0.8881003473579883,23.55555684347353,-29.606947353753917,12.419496038600618
1776353638761,-5.006723999676108,7.742248449486493,-0.7740766394235193,22.169870262776147,-28.71009911950164,13.776963692742095
1776353638778,-5.531503076061606,7.7199530310481785,-0.696564068415016,20.713597092101264,-28.222162358026974,11.74147084365627
1776353638794,-5.747131447601318,7.747636572265624,-0.5922668047249317,17.980350046653506,-28.012497748622387,7.484143070774683
1776353638811,-6.1168853819698095,7.7865405956774945,-0.38801162172332404,11.45311391727667,-24.297136094871203,1.3536965359459834
1776353638828,-6.222528361180425,7.870785982072353,-0.41973479372039435,-0.45641543845505456,-15.919704172175463,-9.084444440477624
1776353638845,-6.143969788250327,8.007855196160078,-0.5580000857248902,-8.956275086928688,-9.27050989252617,-16.44205142668865
1776353638861,-5.428103491863608,8.365936812913418,-1.1171955187141895,-13.935218322037645,-4.549778117008138,-18.901710122289668
1776353638878,-4.7551826032340525,8.550440562871097,-1.7317573034860192,-13.310012687492296,-4.968168611693263,-16.2191447880307
1776353638895,-4.477755070385337,8.577676360321044,-2.0409088851146397,-7.096922144366912,-9.563881885303852,-10.290233229946981
1776353638911,-4.308664578136802,8.626905962914227,-2.4265245516121388,2.817765940671611,-13.739037359828307,-3.6394919124506817
1776353638928,-4.692933944591879,8.45946148430705,-2.1794728678047655,13.25291657489922,-15.58643192181386,3.7864203805550574
1776353638945,-5.105335180553793,8.2870789647758,-1.8083720488719641,14.323533359373087,-13.368783050205671,3.2161292534932
1776353638960,-5.66288430764079,7.966555217522382,-1.1577477477245033,10.20127343110215,-9.346907265940057,-0.45264325304250347
1776353638978,-5.82883299473226,7.733121140179038,-0.9151851920299231,2.580089017933507,-3.327861543361088,-7.510965223645323
1776353638994,-5.887042607116699,7.675810522460937,-0.9320943873852491,-2.8103944590098746,-0.08555457601760948,-14.112378914955789
1776353639011,-5.7806502708435055,7.79552060546875,-1.2174528593637048,-6.101662410118974,5.213370268462604,-22.03361994166544
1776353639028,-5.4029649589538575,8.098984496849775,-1.420212104719132,-7.827874048302867,9.325369971939715,-24.857961220073655
1776353639044,-5.200055199211835,8.234854272019863,-1.516278861811012,-8.019878349834743,11.643155393195814,-25.240122256966917
1776353639061,-4.745007246178388,8.428485331285,-1.6533473452463745,-5.568506808131064,10.832431575509164,-23.405077530774395
1776353639077,-4.298339583477378,8.505698919346928,-1.6195289545357225,-3.8942677868890896,8.74922046356069,-20.00764581496167
1776353639094,-4.153639436119795,8.500162328007816,-1.5661084761239588,-2.7601415556349176,5.5782957498721615,-15.298495052068217
1776353639111,-4.036024279564619,8.527695647099614,-1.5480018876776098,-1.5959849035909035,2.0576437928944125,-7.828451199287733
1776353639128,-4.220528029522299,8.342444878166914,-1.7235270891487597,0.6337514284966509,0.9550132714504617,-2.2683625993087104
1776353639145,-4.410718008422851,8.186672132652998,-1.7720098188973963,3.6685620513319024,3.5502900687771386,0.35661511554120834
1776353639161,-4.6809623517692085,8.025511848881841,-1.4447522333443164,3.1320346837715336,9.01472699207201,3.1746714993351035
1776353639178,-5.110721549767256,7.906549953892827,-1.070807861548662,-0.05373896789430829,12.017572703117573,3.643415002355208
1776353639194,-5.387102788433432,7.829337534874677,-1.0486614961922167,-3.0363981615696036,12.865508245176098,1.48505217274273
1776353639211,-5.779153310284018,7.797765169525146,-1.1816897643260658,-5.499449753640826,14.34878798382921,-4.073143611062553
1776353639228,-5.850380809673666,7.760204961937665,-1.229124738587439,-8.300856964363433,18.494907470418294,-9.05677107528167
1776353639245,-5.7130134894222016,7.676257681706547,-1.27491340694651,-11.903464147748755,23.090299725137893,-13.873841388382264
1776353639260,-5.217114470562339,7.958624424523115,-1.473333161792904,-13.88720550726704,26.83458552247679,-14.919749109759962
1776353639278,-4.665100765770673,8.353368423241376,-1.6974904383555054,-10.839528142056807,25.163132364642532,-10.325231973027773
1776353639294,-4.570829659923911,8.541313253563642,-1.7260712206736206,-6.829574879874273,19.501726872949657,-4.418531763238112
1776353639311,-4.731839721569418,8.72132787540853,-1.7323558539010584,-1.0630021907663598,9.311224650168617,3.1631329619494246
1776353639328,-5.407303864941,8.547897308129071,-1.564312971009314,1.570878408862406,5.038427779477422,4.643647541205739
1776353639344,-5.6744069876521825,8.28677968956828,-1.3756199526682495,0.28990962047701263,5.685129726888093,2.105352664246951
1776353639361,-5.86743949650228,8.030899387139081,-0.938977278766781,-7.877075315989054,11.744705792001916,-1.3117049598155681
1776353639378,-5.645675983208418,7.8987687984973185,-1.062876922418922,-11.984629846976954,15.923797163035593,-2.5793451676442105
1776353639394,-5.466559771507979,7.826193976151942,-1.227927345496416,-12.417585293180307,16.176748096305136,-1.835905756914768
1776353639411,-5.202300347790121,7.6644368955314155,-1.5394732749156652,-6.635052372972779,9.92565566129827,1.0984988973263277
1776353639428,-5.527612498363852,7.274779990819096,-1.3557181513682006,-0.548046641678154,1.0159417604981489,0.8264957383364141
1776353639444,-5.867887824791669,7.152974981358647,-0.9997302920237183,0.5747914213121025,-7.114261860235459,-1.9901794531412575
1776353639461,-6.413017615288496,7.169884030583501,-0.4563960066415369,-5.053739782936121,-9.695611474957657,-8.81445133145525
1776353639478,-6.273107040295004,7.450155262425541,0.021995558708906172,-16.8927056005788,-5.791350694426016,-9.59845544910881
1776353639494,-6.284629135784506,7.678951743096113,-0.14200740114226937,-26.390944245316952,-0.37967738267588863,-8.959804587182292
1776353639511,-6.186766142925619,7.8246987691581245,-1.0160407908335327,-29.85226384307868,3.8188654866599103,-6.463191579963741
1776353639528,-6.106411334228516,7.940669081115722,-1.8049303839854896,-27.181641094583476,6.82324457517414,-3.861232296307853
1776353639545,-6.037127954643965,7.920615888646244,-2.04913851493001,-22.520810504973277,9.25865012280609,-0.3925804104308361
1776353639561,-6.0034589092761275,7.9065505384147166,-2.3222273609872905,-14.0937333522953,10.13464835084326,4.854505726167788
1776353639578,-6.0962342236071825,7.71890439877808,-2.2650653579596427,-6.940022026961141,7.427861458240132,8.10953568174856
1776353639594,-6.174196584209799,7.609819170159101,-2.1359286173716185,-0.8672014779947216,1.9513150364336502,10.067505883754743
1776353639611,-6.332662806591391,7.547420289391279,-1.8689754245251415,5.057060108646393,-6.627630945552737,12.207107037490841
1776353639628,-6.358100614708662,7.415140063145756,-1.7494141754034906,8.545677411199724,-11.682348726200638,13.974807806014331
1776353639645,-6.430525214928388,7.369950091332197,-1.7205341178778557,11.775386147979967,-14.500148390931278,14.368610900347878
1776353639661,-6.542005814251303,7.210586043328046,-1.7013811621837316,15.830117703474283,-18.67553694566116,13.438391215584565
1776353639678,-6.668299367302656,7.162702010124922,-1.5680540572337804,17.18965319738698,-19.671349498345045,11.636676958768057
1776353639694,-6.69134355828166,7.1395081815421575,-1.4978740941356867,17.077591991221873,-19.01598430974586,9.272479548328073
1776353639711,-6.693589291381835,7.148785712975263,-1.4088393545724451,15.769638085921112,-17.08132810469787,5.17431780810941
1776353639728,-6.6129340384334325,7.164197801640629,-1.4535808519661426,15.604796592944732,-17.136746552076062,2.855836561331616
1776353639744,-6.572232025688886,7.151479189842939,-1.4815633761301636,16.138884942641173,-15.685881183676539,0.526567137481492
1776353639761,-6.5671455162048336,7.24620037754476,-1.3087319437876344,15.381114727815984,-13.98873370795834,-2.4815590568444303
1776353639778,-6.697179424828291,7.363964002659916,-1.1119583487130702,13.153530492286366,-13.480171482737532,-4.7305885922640085
1776353639794,-6.758231567162275,7.441476281407475,-1.0269641897775232,9.489776894130152,-13.233304540471176,-7.598582890318247
1776353639811,-6.873602159661054,7.628073788774013,-1.0393838186286388,5.215107270945904,-13.071930222272224,-10.434218740292726
1776353639828,-7.024287226647139,7.714116579979658,-1.2093721364997327,2.1198623339215854,-13.248260093432565,-12.872237689055853
1776353639845,-7.0815990134090185,7.719802808922529,-1.3623023520641029,-0.3580999879945985,-12.706774648865002,-16.543811000038083
1776353639861,-7.146092820629477,7.7109741903007025,-1.922545467475429,1.9216957076544785,-14.353791097396243,-22.105577692118814
1776353639878,-7.09312110889852,7.781453501671552,-2.412309052320197,7.089681290073052,-15.470791696523667,-27.87648136149075
1776353639894,-6.953957552880048,7.811978988316655,-2.5103216097176073,13.010775269764867,-17.02148881737939,-32.3402114746746
1776353639911,-6.660220105743408,7.928247990959882,-2.4706676447212694,20.372251558140707,-16.455083427625034,-36.71857105342246
1776353639928,-6.447883761486411,7.99334034859538,-2.1300923124335704,22.70368882000037,-11.651630804182153,-39.32152199516847
1776353639944,-6.333859907421469,7.978526225823163,-1.845032969532162,20.76498914296373,-2.8023988688127286,-41.77084149191338
1776353639961,-5.993284721264243,7.920916332897543,-1.35945879920125,14.106995872116173,6.6673036724599335,-42.764736468987785
1776353639978,-5.577590873497725,7.797164865544438,-1.3386590261481701,11.328333191329708,8.423602293937734,-41.943983372278616
1776353639995,-5.205591790550947,7.680297897008061,-1.5478526884652672,11.533431819274144,5.821077812128027,-38.87601607636522
1776353640011,-5.039045137566328,7.677754057744145,-1.6002259959116578,13.415802072452038,1.9872768361874138,-35.771770230675294
1776353640028,-4.685452064403892,7.6080241034358735,-1.5671557932198046,14.30140696155683,-1.3476688940034471,-30.74009281253196
1776353640044,-4.644451360973716,7.608023518913984,-1.5882545492194593,15.744765952058511,-5.257093724434441,-23.377073755177342
1776353640061,-4.687396768730879,7.62358524518311,-1.5783783212408422,16.741647429347505,-7.083680542000373,-18.50485051830254
1776353640078,-4.7291462447017425,7.663390016826987,-1.4791691744700073,16.50571732748963,-7.578671181340367,-13.693402304662513
1776353640094,-4.838381110924482,7.748683450970053,-1.473033740454912,16.76603974242091,-7.0002630147801845,-7.08715454696697
1776353640111,-4.945521635216474,7.763047491887211,-1.429639127625525,16.76201334590519,-5.712859014257875,-2.4732482107284057
1776353640128,-5.189581151470541,7.727285273632407,-1.2696766753368078,15.528814153522925,-4.0063315543751346,1.1478301520501564
1776353640144,-5.423913054436445,7.606078230065107,-1.174507159345597,12.86466044794537,-3.5379910325160613,4.281750821806259
1776353640161,-5.5716059538692235,7.614009607586264,-1.2105695295907557,11.76886929373813,-4.171097061496999,5.340795558278832
1776353640178,-5.839755955284834,7.56567549252808,-1.4056968187630177,12.156204198927675,-4.163130072717002,5.3542800592477295
1776353640194,-6.0712459128230805,7.540088046807051,-1.4942821340583263,14.055421967467053,-3.912282837711821,4.315687043584291
1776353640211,-6.1909554113090035,7.601139604619145,-1.4455005674935877,14.648544495933558,1.0715968098980573,3.557041710771696
1776353640228,-6.158932964104413,7.638998502892255,-0.8765782518684864,9.018356383842226,9.013857850500127,4.575031887690614
1776353640245,-6.035182665795087,7.529313554814458,-0.731280138617754,-0.6705809290792704,17.589714452547554,6.023564319601755
1776353640261,-5.962159515160322,7.459283740776777,-0.8801695543587207,-4.056253833905581,18.855761732195703,7.238904274851729
1776353640278,-5.84828588322103,7.392993697789311,-1.2795523187935351,-2.4890833639888457,13.72695134009197,9.19284978788948
1776353640294,-5.783941713604331,7.385811677330732,-1.3720285040475428,2.8780991360444492,2.362265747565338,12.048068643988033
1776353640311,-5.736507177734374,7.4007754377067085,-1.3266884562388062,6.2191463595982475,-5.9886001543536365,15.338426045503404
1776353640328,-5.871030214470625,7.452998961418866,-1.128867544068396,7.034102760136189,-11.52030846455761,18.432573456505466
1776353640345,-6.022912382286787,7.474397138756514,-0.9653134970284998,4.003196070659276,-12.467110141078424,20.757470812234843
1776353640361,-6.071096275219321,7.478138078850507,-0.9871600026555358,0.5936470656504218,-12.119096634940641,22.402921439898858
1776353640378,-6.123170161327719,7.471105111473799,-1.2277775617621838,-0.7570573138305671,-12.246282441249095,23.5382986629882
1776353640395,-6.14890666013062,7.479334595158695,-1.464504543171078,0.31255431225739655,-14.776567854188986,24.4341855481148
1776353640411,-6.208014098137617,7.5128534184008835,-1.489044964057207,1.1275346718182866,-15.436027741195595,24.618503325509472
1776353640428,-6.277745221489668,7.509861250847577,-1.3947732736885547,0.5494248991474685,-15.034523608572858,25.074024009183255
1776353640444,-6.3883274106681345,7.491006328251958,-1.3822038611032068,-1.8894693810464773,-12.609537514519761,24.66933530086
1776353640461,-6.4263353620231145,7.48322517285645,-1.4532814306281505,-3.508108314567021,-10.628433461794748,23.89543730185712
1776353640478,-6.385186190032958,7.439682383728027,-1.5505463114634155,-4.663640785566836,-8.444624762429386,23.567955344364396
1776353640494,-6.457461152648926,7.422323837170004,-1.6786358080208301,-4.8987896845383885,-6.728806537728136,21.120399743972637
1776353640511,-6.478409832653403,7.420978267779946,-1.732355707770586,-4.626424792326729,-6.216643522154261,18.91335388727725
1776353640527,-6.413316890496016,7.458534968236088,-1.7346002718269824,-4.4140071897998014,-4.752013615029869,17.0451742058737
1776353640544,-6.324881651195883,7.451652222985029,-1.741483747730404,-4.716743371929569,-2.7510578309256237,15.692023231287672
1776353640561,-6.345681278118491,7.45075556640625,-1.7298121607676147,-5.0948203825859855,1.0131637944966576,14.682459800257257
1776353640578,-6.3527142454952,7.370399004143476,-1.666216471430659,-6.824433881863369,3.5921305269721673,13.665135566782416
1776353640594,-6.3618415548026555,7.394639711430669,-1.7326549829781055,-8.194383706713044,7.588053299939026,11.89307457624752
1776353640611,-6.336404331207275,7.40586428527832,-1.7832330775707959,-7.867338881327201,7.816854391850698,10.362412961548383
1776353640628,-6.292410875701904,7.465269244927168,-1.8682267981149254,-5.360205248352716,5.320890252603299,9.048644003943002
1776353640644,-6.2651756627738475,7.496691972672939,-1.8348571740850805,-3.572470254333109,3.422666703474981,8.228865916737853
1776353640661,-6.274153918999433,7.504025384300947,-1.7898166937448083,-2.930639512461126,2.22643996540023,7.900762412030658
1776353640678,-6.318746509441733,7.529462607896328,-1.7260710745431482,-3.4722551575097427,4.211181734188511,7.291260236160816
1776353640694,-6.299293036431074,7.4565896793872115,-1.7214324549570679,-3.593418871404361,5.32677104547868,6.852971692876151
1776353640710,-6.329969329723715,7.445966578564048,-1.7684183702766894,-2.694366620484283,6.0274673458255945,5.659745755724564
1776353640728,-6.309618031090498,7.398679926732182,-1.8131604521922766,-0.5471716304124519,4.456540058421941,4.270580474305527
1776353640745,-6.316202085655927,7.385811677330732,-1.7313080984137952,0.5057000557934567,2.3271762910346325,3.135830347959357
1776353640761,-6.32712563073039,7.379226453721523,-1.6868658762276172,1.609193528950356,0.5653146939212684,1.508304697998392
1776353640778,-6.3245823759883635,7.420227741673588,-1.5679039812386035,1.1591546056940374,0.11040066978400025,0.011334645566783269
1776353640794,-6.283581672558188,7.436988322338461,-1.5283996538460254,0.6934416255921558,0.2298017679859319,-1.1138000151710372
1776353640811,-6.290165727123617,7.4676634465873235,-1.5427648638069629,0.3702925693541589,1.3151790715038716,-2.2369236654459645
1776353640828,-6.255749078258872,7.467963306316733,-1.5530900045968592,-0.4084860533779446,2.0728687114411937,-3.557711709640592
1776353640844,-6.21833967731893,7.557446008843183,-1.5159800249949096,-1.288323087852499,3.151283437513099,-4.941012633326938
1776353640861,-6.129903268975019,7.5414342007189985,-1.5719443426705897,-1.425320887790499,1.7272126877841238,-5.142061385980379
1776353640878,-6.159232823833823,7.620742715233564,-1.7612360575571655,1.290807569163091,-2.1897091290346054,-6.03688318848328
1776353640894,-6.073340839275717,7.653962263268232,-1.826627982661128,3.5517901490736024,-5.5570453238169595,-6.547130335994967
1776353640911,-6.029796296581625,7.684937831768393,-1.7995432841196655,5.276704478202017,-7.526207644551853,-6.4735218141965625
1776353640928,-5.991639292144775,7.660099158588051,-1.767670328388363,6.10681322652681,-5.9130023399594664,-6.6657216298934285
1776353640944,-6.120325877812505,7.673264345109462,-1.6045650480292737,4.75656294790392,-3.3341299494718672,-8.260875598283118
1776353640961,-6.056880702862143,7.70005064522624,-1.497724091205746,1.9335381884582228,-0.13756990832226804,-9.302660446723069
1776353640977,-5.787233740887046,7.720850272148847,-1.5004175680734215,-0.03325298941761864,0.025655204378772816,-7.990882489260746
1776353640994,-5.68263647133708,7.7120222380489105,-1.7654260565929114,2.7505299853688285,-2.8178658321882226,-6.343299135028392
1776353641011,-5.681439955028892,7.680148259404302,-1.7756008291266858,5.6816130332391825,-6.20131358944899,-4.711668968263073
1776353641028,-5.745035352104902,7.589169180840253,-1.6391319190196691,6.591970954782924,-6.156748739548773,-3.5626219753235966
1776353641044,-5.858461240276694,7.502828283470869,-1.5105927789986133,5.947408991016582,-4.490275643393103,-3.9355622568373403
1776353641061,-5.9283420012325045,7.473499313133955,-1.4836584487132727,5.634210239738825,-3.8574692889619993,-5.184296287599976
1776353641078,-5.928042726024985,7.49579531609416,-1.3896857412911952,4.609317302889963,-3.6351201644950506,-6.346599823944801
1776353641094,-5.803243795445561,7.583482951897382,-1.302596802033484,3.173497774014919,-3.3511623068277636,-6.18535143735867
1776353641111,-5.773167221611738,7.613260250523686,-1.3174104864142835,2.0228604142158875,-3.903370721505424,-5.309035178638273
1776353641128,-5.819555463299155,7.663089572575688,-1.4936837297737597,2.344018470310826,-3.5295886191764763,-5.0718696663142735
1776353641144,-5.775112510460615,7.649471966111659,-1.556980582294613,2.656136984482664,-3.057680177249717,-4.640854420722027
1776353641161,-5.775562007793784,7.663091326141357,-1.5472542841807007,2.6954041689078903,-2.0875828599041055,-4.026744428483364
1776353641178,-5.805938441357016,7.631067709892988,-1.5213666864693165,2.6670723307872657,-2.2237712824254587,-3.557268387674776
1776353641194,-5.880906880840659,7.647079518017172,-1.4887459811106323,2.6909052086789678,-2.7907162571242448,-3.6926593856105305
1776353641211,-5.8744724638789885,7.668926608166098,-1.46644953975901,2.389229626861256,-2.340990988961218,-3.814105698582058
1776353641228,-5.847237835472822,7.721897150853276,-1.4383175241217017,0.7306103944774546,-2.1789857320376855,-3.325881428832019
1776353641244,-5.832125606536865,7.749732083240151,-1.5399217493355273,0.5369154076825902,-2.9016876212299114,-2.789458861986728
1776353641261,-5.814168509563803,7.750628155297041,-1.603218747986853,1.0992100907736553,-3.7416130589393046,-2.433051693689235
1776353641278,-5.8074354019165035,7.787140899658203,-1.6259636637583375,1.583955553080336,-2.950264353493865,-1.5810048046371847
1776353641294,-5.846938560265302,7.780705313652754,-1.5261552359201014,0.15029500431325135,-1.0684152224053007,-1.4359657376119639
1776353641311,-5.810577791595459,7.73775990589559,-1.568502677784115,-0.6378413777881662,-0.11579358438140133,-0.701901668652863
1776353641328,-5.828384081920981,7.708729626244306,-1.6606797339610755,0.49175168893037996,0.12244330714693764,-0.43480504008625154
1776353641344,-5.799504024395346,7.690624060711264,-1.6258140261545777,0.8568181497132742,-0.011315222216331047,0.2598513453219617
1776353641361,-5.792171781811118,7.669523989537358,-1.491588511060178,-0.5424134965210389,1.1961103046937434,0.6786957807826273
1776353641378,-5.774214684838056,7.587372360551357,-1.4924869212046266,-1.4587448453807794,1.8454310960425855,1.1702713788984678
1776353641394,-5.838558854454756,7.57240860017538,-1.5949880952581763,-0.8345381260015454,1.2423594365546038,1.3720757212288415
1776353641411,-5.800101990288495,7.6440861814200876,-1.580922452765703,-0.22826633612442773,0.168810153049275,1.9852241508984134
1776353641428,-5.773317443737388,7.6556082769095894,-1.5423162432566284,-0.8108139975280351,0.43737159038858964,3.1073909343593047
1776353641444,-5.8253907453238964,7.612661115586757,-1.5852620894052087,-0.7969743267222967,0.66234713603482,4.101394554130195
1776353641461,-6.0143836233943695,7.556398545616864,-1.565359995844215,-0.7058772122757806,1.6956487828039082,3.82666897778665
1776353641478,-6.045209554290771,7.517793212890624,-1.5584768122017383,-1.1001979068823682,2.3615622380808268,3.3729271315048326
1776353641494,-6.104914958190918,7.518391763305663,-1.5599733343698083,-0.9834443607574628,2.9145828049394837,2.7447830215124975
1776353641511,-6.082319680023193,7.5457754447937,-1.5108919080756604,-1.028759464249324,2.5049249205516326,2.08679546715885
1776353641528,-6.068253160747886,7.57211049401164,-1.4703404097177086,-1.251054800976559,2.157954512366158,1.8741558834838972
1776353641544,-6.066906422314047,7.5700161520808935,-1.4754283805064856,-1.8550586745645417,1.559184271229698,1.8330029265175125
1776353641561,-6.050147595214844,7.621940985107422,-1.5358818262949585,-2.530555205412105,2.861659937929286,1.9294524546740857
1776353641578,-6.032041445159912,7.612962728881835,-1.558027899390459,-2.8840021270346328,3.3525428588137522,2.381903822089594
1776353641594,-6.037127954643965,7.580041287010908,-1.6304529380016028,-2.408927252097338,4.042857698509071,2.370538387310693
1776353641611,-6.047901862114667,7.556997096031904,-1.6325474260628223,-1.2876848920519257,3.2107848439110764,2.131287105968901
1776353641627,-6.061518884056806,7.541883113530278,-1.6081564966499804,-0.7600306339144911,1.8234871923432154,2.087166858694969
1776353641645,-6.0775301076591015,7.510908714073896,-1.545607832147926,-0.769948869002143,0.9054267384064038,1.991753598301534
1776353641661,-6.0898009756892915,7.480534034076332,-1.5303449426949023,-0.5588533883272894,0.8576521798439561,1.075608905705205
1776353641678,-6.112396253857016,7.500284444206953,-1.511340967017412,-1.3672888258377203,0.9947695614532844,0.9555179583971021
1776353641694,-6.074537355583906,7.519288419884443,-1.5198700181707738,-1.9927597705436415,2.0382624907942666,0.6418452560239688
1776353641711,-6.0155807242244475,7.569716292351484,-1.5526410917855797,-2.745903599423203,3.095863709474439,1.260739048724285
1776353641728,-6.010941958507895,7.558194196861982,-1.616536786982417,-2.377761525801393,3.232988935129142,1.3688246579056211
1776353641745,-6.048351359447836,7.531859732165932,-1.663971615113318,-1.608627156857774,2.2058132209936145,1.701481337468276
1776353641761,-6.0996776420593255,7.510609438866377,-1.6732488542854784,-0.5687963828506825,1.20033595063416,1.5304386730557589
1776353641777,-6.093392862701416,7.497142639049887,-1.6578367656201123,-0.10757892120271229,0.8289683201768117,1.0038049412298593
1776353641794,-6.1245168997615576,7.499386034062504,-1.6156385229684411,-0.04740468781063549,0.7996519743203533,0.3599095078769759
1776353641811,-6.107609019580483,7.532308060455322,-1.607558530756831,-0.3448069190854463,-0.0896096806721872,-0.19794400478884702
1776353641828,-6.064361998528241,7.538592255291342,-1.6133941050425171,-0.15477966383359942,-0.5874905572481545,-0.05768089417990479
1776353641845,-5.983408054894208,7.58423172443807,-1.6941982649423182,0.5276543648591404,-0.6901516622071783,0.6482364988181025
1776353641861,-6.028897886437178,7.664137035802006,-1.6578364733591675,1.0832079180436673,-0.39786585627051524,1.0879861689766201
1776353641878,-5.977870879033207,7.657403343632817,-1.6403282891973852,0.943622650348996,-0.6077435088802704,1.8465858248991407
1776353641894,-6.046704761284589,7.6155053991019726,-1.679832908850908,1.5413626001378422,-1.3325295662647023,2.2202078446694165
1776353641911,-6.146363989910483,7.497291692131757,-1.676989940509945,3.4399039665059776,-3.2497739115710367,1.054394017978028
1776353641928,-6.187813021630048,7.482028656548261,-1.5982805609323083,3.48816096053941,-3.554604187011648,-0.022075438201745665
1776353641945,-6.1626750732421876,7.487865692138671,-1.4914396041087805,2.859498823387212,-3.0889056677008995,-1.0783193168669365
1776353641961,-6.0971332182735205,7.534550870946049,-1.4450510701604187,1.6049058776988807,-1.8569875626748356,-2.1608692955944613
1776353641978,-6.048350774925947,7.555351082390547,-1.4663000482857227,1.1264730042891726,-1.925907159608026,-2.6642518895468736
1776353641995,-5.9672477782100435,7.628074957817793,-1.506103943146765,0.7650463940036606,-1.9491974643475347,-2.653959861684722
1776353642011,-5.894673540386557,7.690324200981855,-1.5216658155463636,0.5381513517572452,-1.5218048870580396,-2.0062099071232775
1776353642028,-5.863548918804526,7.6930188468933105,-1.5541380523450672,0.9246996112534757,-2.2640463466400855,-1.2761495563174206
1776353642045,-5.902005782970786,7.722796145519614,-1.6346424986459314,1.9288449947247777,-2.769768066939816,-0.4721656412376924
1776353642061,-5.87402355106771,7.71890439877808,-1.59244484051615,2.0741696490346695,-3.111762895758347,0.1460594332541972
1776353642078,-5.897965567669272,7.68119630715251,-1.5931928824044763,2.499565996817523,-3.491671464329385,-0.1904636669872137
1776353642094,-5.9564732862174505,7.623285969975591,-1.580473247693479,2.9900171216803972,-4.625924480970025,-0.5569196443793824
1776353642111,-5.934926055797934,7.645133644646406,-1.4745302626229821,2.305950837858583,-3.8337634099001776,-1.2369208984279811
1776353642128,-5.868337322124838,7.615954311913251,-1.4676466405890882,1.3397687130112697,-2.8622834061344617,-1.3185411254011046
1776353642144,-5.839457264599203,7.639896328514814,-1.4610630244150757,0.3816877261281202,-1.0599366097677876,-1.0421137647371683
1776353642161,-5.789179029735923,7.6181988759696475,-1.5049064039252698,-0.3170885440100801,-0.5375519492967236,-0.7266078502629743
1776353642178,-5.7700260009765625,7.611915265655517,-1.5315420435249805,-0.14749764164173446,-0.9852465702029941,0.15206818545481013
1776353642194,-5.792620694622397,7.5987459874808785,-1.5933429583996532,1.1553588347845085,-2.178117657682859,0.6537465938484516
1776353642211,-5.837810666435956,7.626428359654545,-1.5002674920782446,1.1831123479815033,-2.368003533354972,0.940060386531717
1776353642228,-5.846340009850263,7.6454323353320355,-1.4628582372687755,0.060226206862792356,-2.289610250599562,1.52978671015514
1776353642244,-5.925947215050458,7.6357070601314305,-1.4906906854376196,-0.28312353405191404,-2.3361547881420255,1.588840098832247
1776353642261,-6.003160218590498,7.609818585637211,-1.5994776617623865,0.4779848556888375,-2.2890661833434884,1.3967623727667948
1776353642278,-6.04012070671916,7.631965535515547,-1.5964847635567188,0.8139840590765672,-1.8708812346636992,1.0001503631370794
1776353642294,-5.979367839592695,7.592310401475429,-1.4998190176583825,-0.14452640263107314,-1.262190890809736,1.035037261870212
1776353642311,-6.030543900078535,7.599942503789067,-1.5073006055854261,0.13346926017974808,-1.5427821055464412,1.093223003079316
1776353642328,-6.064810911339521,7.632115173119306,-1.49203757000193,0.6982533337798712,-3.333109476521185,0.572899458912009
1776353642344,-6.041169338989257,7.6614453125,-1.4251501456432043,-0.2690743952181532,-3.6995706832769373,0.7866589801674321
1776353642361,-6.0224634694755075,7.602786202782392,-1.4942818417973815,-0.45451445807082247,-3.5764321909385393,1.2545241101881024
1776353642378,-6.072891341942548,7.55325557141602,-1.5433635603524745,0.21183367471374398,-3.3202768317312006,0.9911733601335669
1776353642394,-6.123917764824628,7.503426249364018,-1.5138846601508558,0.42767821793501926,-2.7651664404299314,0.1443359310666797
1776353642411,-6.026054771965741,7.534401233342289,-1.5963349798224866,0.5663400760704167,-1.0168896626888997,0.6897085536847737
1776353642428,-6.043862231335043,7.569716876873374,-1.5872072321236133,0.9582900547047752,1.037881181885876,0.650939546182135
1776353642444,-6.037128539165854,7.4947478528678415,-1.56057203091532,1.1424178674631558,-0.8847109880971666,-0.30876200980330565
1776353642461,-6.063165482220053,7.510759076470136,-1.5393231989204883,1.3469922783887929,-3.580908526165836,-0.9696964706186966
1776353642478,-6.045358022850752,7.533203547990322,-1.5239106718637048,1.3222530130498893,-5.216664127189843,-1.7499991593506383
1776353642494,-6.042365270775556,7.606078230065107,-1.4646540346443653,-0.9428446491138492,-3.9132027788156574,-0.9711220591645251
1776353642511,-5.993135083660483,7.614908017730713,-1.6355404703989624,-1.8802279216560385,-2.197261183822524,-0.3901061477235725
1776353642527,-5.966200314983725,7.614009607586264,-1.7527065680123866,-0.4313105445521438,-1.3984520975344323,0.3065577796920956
1776353642544,-5.996725801628828,7.55894296940267,-1.8121128428354858,2.8977555667020996,-2.497710319797395,0.12843626453509494
1776353642561,-5.974729658398032,7.550563848114013,-1.5571303660288451,3.0334825245676544,-3.333662935287368,0.7969695776063894
1776353642578,-5.987299801635742,7.502230902099609,-1.505954159412533,2.7451405392268655,-4.937732861864863,0.9880919843225392
1776353642594,-6.0892024252742525,7.5040247997790575,-1.538126390351355,3.6426291037138334,-7.129849205695074,0.6200230150691897
1776353642611,-6.069600483703613,7.530662046813965,-1.537527839936316,4.360072601018796,-7.887247175210495,0.48235388224097137
1776353642628,-6.038175417870283,7.572559991344809,-1.5005669134162365,3.7857271163543014,-6.405176380040476,0.799944658598459
1776353642645,-6.013187107086181,7.57869571762085,-1.440113613758236,2.446447188755511,-4.240963493403882,1.0758640773037285
1776353642661,-6.0613704154968255,7.554006097522378,-1.5025129329174756,2.844930456774398,-3.998394447672757,0.7841617456129991
1776353642678,-6.093392278179526,7.564629782867431,-1.5019140902414918,3.3159885401494904,-5.35874871051221,0.4376460252550066
1776353642694,-6.0796250341117375,7.56567549252808,-1.4897934443369507,3.846217832964873,-6.778482930448462,-0.12610562256338675
1776353642711,-6.058526131981611,7.602037430241704,-1.4977242373362183,3.8369326176750636,-7.135974604720106,-0.11108051373025452
1776353642728,-6.054935414013266,7.640195603722334,-1.4844063444711266,3.456117554935118,-6.475883778988917,-0.09458523335870349
1776353642745,-6.006751521080732,7.652016389897465,-1.5270524770207703,3.7077361744296873,-6.60296969378076,-0.028011673003280106
1776353642761,-5.9196624356925485,7.71860629261434,-1.557878554047644,4.3288454030203205,-6.490359938047937,0.30980265315638056
1776353642778,-5.88045738350749,7.772325023320317,-1.5921454191781579,5.140168996693462,-6.446175017420301,1.4774209304491215
1776353642794,-5.878512679180503,7.8803639577567575,-1.5705971658453344,5.463996376093406,-4.664009188895193,2.8053251779852557
1776353642811,-5.804591118401289,7.774419949772954,-1.5248084974862635,4.995010401357766,-3.587735300241264,4.154240154625407
1776353642828,-5.907990702599287,7.586475119450688,-1.5336371161080895,6.267776025828269,-4.154037383384423,4.290735935659411
1776353642844,-5.966648643273115,7.516295083287358,-1.4881471384346485,6.919281730659574,-5.425960760152898,3.6701577542767465
1776353642861,-6.0407192571341985,7.435191502049565,-1.288680212622881,5.5237737648225345,-6.037029183776789,2.5424416555586316
1776353642878,-6.0610699712455265,7.427260124528408,-1.222241116553545,3.5715340915299936,-6.227886440414925,0.47734767374446935
1776353642894,-6.02081804035604,7.463174318474531,-1.2711726129829883,2.5090661496227757,-7.048407737579135,-0.48552815929688187
1776353642911,-5.90559650093913,7.595902873009443,-1.3795100919745862,2.3423344017935945,-7.366259982115786,-0.5548213355611604
1776353642928,-5.805040031212568,7.684786440598964,-1.4754279421150684,2.140388333037943,-5.828573944742115,0.43713338754128545
1776353642944,-5.782745197296142,7.689875872692466,-1.5167282130137085,2.039007835187444,-4.1614630796726955,1.7852197768577496
1776353642961,-5.814617422375083,7.7115727407157415,-1.558027899390459,1.9331881412632597,-2.728052686583963,2.7394891980189144
1776353642978,-5.865794067382812,7.669076830291748,-1.5707470957100391,3.139788015696556,-2.347938145120767,3.8373629195927745
1776353642994,-5.928341416710615,7.619395392277836,-1.5848128843329845,4.4092217885125615,-3.602686157447599,3.9413687714054975
1776353643011,-6.127060154503583,7.570612948930263,-1.5126875593207776,5.33996227520009,-3.6809631135437066,2.91793365305761
1776353643027,-6.20577011860311,7.528564782273769,-1.4074927622690796,4.164104228447375,-2.2604775727987536,0.9910512705021529
1776353643045,-6.234051625713706,7.507616686791181,-1.2499240732491015,-0.28787006195782333,0.9969105055929661,-2.6779873999677695
1776353643061,-5.935225331005454,7.609369672825932,-1.3789116876900196,-2.460309698006286,2.2983172476874474,-3.889016225190996
1776353643078,-5.698948139190674,7.792228578186035,-1.8218388486884534,-0.03549969476772971,0.2748349127311185,-1.251800999143383
1776353643094,-5.712116248321533,7.769333440288901,-1.931374013032019,4.012272111405753,-2.251406654694154,-0.5694672354932246
1776353643111,-5.683534881481528,7.701696658867597,-1.8348574663460253,6.486052223115774,-2.5262765187839156,0.3195111800921719
1776353643128,-5.725881738823652,7.606676195958256,-1.5568306524299085,6.294257949900877,-0.770651524713008,0.790343813863801
1776353643145,-5.75910187138021,7.5849781588912,-1.4743806250192224,5.0260348281152565,-0.3792456133347233,0.11468853447888731
1776353643161,-5.84828588322103,7.673415151757001,-1.387441323365271,3.842532519020828,0.07619871095857296,-0.7109492680647498
1776353643177,-5.778106431579589,7.734618100738525,-1.3757700286634265,2.168950049712821,1.4577950221993246,-0.8008087308893185
1776353643194,-5.730970586395263,7.744643820190429,-1.4037516760446132,1.1055576843901243,2.0931646185598867,0.2630694316380955
1776353643211,-5.637147224316001,7.713218754357099,-1.5179251677133143,1.3846805151769828,2.525975990460435,1.414522785599532
1776353643228,-5.6007852866023775,7.715014405602216,-1.5622177522957323,2.8491312365573673,2.062181386380828,3.4156913727851053
1776353643245,-5.708374723705649,7.756314384239912,-1.512239231031388,3.0828720493428396,0.9991373607058018,4.1116372765642755
1776353643260,-5.827186396569013,7.824848406761884,-1.3883390028573572,2.733659418118897,0.31587928036187046,4.130283692998411
1776353643278,-5.799204164665937,7.782499795854092,-1.4040506589911876,2.12819089584077,0.8898081234869945,5.53311575605982
1776353643294,-5.8605549976855515,7.691072389000654,-1.4169197851754725,2.428600117897679,1.0154623665957785,5.481850063696997
1776353643311,-5.881655068859458,7.62283822620809,-1.299005353412777,1.6643723860990678,1.1697701070464124,5.856249871259007
1776353643328,-5.946448151287436,7.548318699535727,-1.2906257937327026,0.8466355649604016,0.7943338182778521,5.208591697364534
1776353643345,-5.9591679321289055,7.561637030792236,-1.2777565214179456,0.11705455469606203,-0.1925354821419754,4.95594812260764
1776353643361,-5.9582701065063475,7.59126410729289,-1.3072352754890917,-0.3023180198060895,-0.5949860495320088,4.493805143646707
1776353643378,-5.907691427391767,7.621191628044843,-1.3609553213693202,-1.2022802066700864,-1.084043655721642,4.94284568534544
1776353643394,-5.925349249157309,7.640644516533612,-1.4302370935186743,-1.4046809098923667,-0.954442737211354,5.037315739303179
1776353643411,-5.971737490844726,7.641393873596191,-1.4836580103218555,-1.8582473056898796,-0.2913380638284709,4.856953495211591
1776353643428,-5.996577333068847,7.624633877453207,-1.4760267847910522,-3.034662439746774,2.206576708076775,4.7474032373401105
1776353643445,-5.997773849377036,7.5912646918147795,-1.5161292242072522,-3.4942231803146195,1.9612713178094132,4.729323726607086
1776353643461,-6.083067283520102,7.554752531975507,-1.6497557504951952,-2.2085107188289466,1.3271824886399344,3.5944587677054955
1776353643478,-6.089352062878012,7.523927770122885,-1.6877639941111207,-1.1921685384907057,0.004459099671813403,2.9727851947346897
1776353643494,-6.09773118416667,7.544277315190434,-1.6606791494391857,-0.8892004500942748,-0.08715646882138904,2.4364983778991522
1776353643511,-6.097582131084799,7.523777547997236,-1.6406284411877392,-0.9319724820590699,0.3215457226911894,1.4722502638040103
1776353643528,-6.124217040032148,7.541583838322758,-1.6291059073068201,-1.0408770736105728,1.4516036691601195,0.6383608456910574
1776353643544,-6.12945435616374,7.519736748173832,-1.6307514825567602,-1.384731207987229,1.6875430558063955,-0.07030647218024691
1776353643561,-6.14860796944499,7.49564509396851,-1.637186191779375,-1.2430318900227328,2.2158371639308427,-1.4184151396527929
1776353643578,-6.093242640575766,7.454495337456464,-1.6303028620064257,-1.4993643005399626,2.392778337021901,-2.4800301616874054
1776353643594,-6.03982260055542,7.450905204010009,-1.6454162599861621,-1.195797503374098,2.9168969584076487,-2.867763992613162
1776353643611,-5.98819704273641,7.415140647667646,-1.6582849477790296,-0.4253201751653517,2.4608573938003566,-3.522167618643257
1776353643628,-5.935524021691084,7.378629072350263,-1.6343432234384119,-0.13789458243168165,2.0386037868093556,-3.707740870184742
1776353643644,-5.914575341686606,7.353789814648032,-1.6156385229684411,0.5168741919147447,2.014018307448483,-3.9237259658925314
1776353643661,-5.866392033275962,7.262660513958335,-1.5387247946359217,1.0492782062896886,1.4313748899943632,-4.016067989036988
1776353643678,-5.921906999748945,7.212830607384443,-1.4214087671577929,0.3941573036750363,0.8720181487417558,-4.80023218924922
1776353643694,-5.973083060234785,7.226147769597173,-1.3795102381050586,-0.22821297527153703,0.8219396819948983,-6.3603280772897035
1776353643711,-5.999419278496504,7.456140766575932,-1.3283341776192188,-2.736378473738797,0.4734675926873732,-7.181840605657211
1776353643728,-5.903052077153324,7.671319056260585,-1.481413446265459,-3.9644548108001403,0.04343541408793249,-5.9360354453880415
1776353643744,-5.935224161961674,7.722944029557705,-1.660679295569658,-2.4888169866112153,-0.8762848825388981,-5.103070824216538
1776353643761,-6.064661858257651,7.785046557727456,-1.895460549738258,0.5562040219812648,-0.5466569649863209,-4.936401401863533
1776353643778,-6.1171846571773285,7.75706257225871,-1.8179485632516443,1.5534573710540538,0.6783338341174695,-4.715499850613804
1776353643794,-6.179283093693852,7.7198016398787495,-1.7567467833139,2.3849658812718757,1.2545235765795735,-5.743999127344432
1776353643811,-6.213849964684248,7.741350039342045,-1.5357317502997814,1.813464743509868,1.3373222246279357,-7.258831351755241
1776353643828,-6.076932141765952,7.713817304772138,-1.3801089346505702,1.2494855650147485,1.7559967057721442,-7.197967536061258
1776353643844,-5.991039572685956,7.671170003178715,-1.3552689462959766,0.9189333307683981,1.8315698674522793,-6.271267106267791
1776353643861,-6.017375790947676,7.616402640202641,-1.2502232023261486,0.8442320854244976,-0.8589037586485081,-5.531159333749434
1776353643878,-6.094739016613364,7.53380326744914,-1.1653791193857788,0.11153554840328017,-4.363664426748576,-6.385269793704474
1776353643894,-6.099677057537436,7.558643109673262,-1.1743573756113648,-0.8358251897732697,-5.827619852692429,-6.7737982744514795
1776353643911,-6.047903031158447,7.643787490734457,-1.2719206548713147,-2.737510791037138,-2.8053499374209974,-6.599334752481844
1776353643928,-6.0522413526237,7.646779073765874,-1.403601600049436,-3.885735173068451,0.18592100421977342,-6.437396089902719
1776353643944,-6.107158353203535,7.648425087407231,-1.4549275903999805,-4.7665636255092885,2.6904080989734376,-7.069504484378012
1776353643961,-6.133045658653974,7.61071582673788,-1.5061036508858203,-6.094569258665915,4.594282348979472,-8.620200751460088
1776353643978,-5.998970365685224,7.677904279869795,-1.585560926221311,-6.778987083786573,4.728864823272226,-9.116447291833717
1776353643994,-5.8930275267451995,7.726386863487958,-1.6461640096135437,-7.034736687068531,4.319634466037735,-8.301163469102438
1776353644011,-5.725732101219892,7.808238048222661,-1.872565996363014,-4.465974257213021,1.817350267373959,-6.297984244979943
1776353644028,-5.77167084557414,7.805543986833095,-2.0669458281688393,-0.9129174282134979,-0.5259058897924701,-4.1475149796138835
1776353644045,-5.8532239241451025,7.726386863487958,-2.0843036440744993,2.2419562342037946,-1.2852684991896222,-4.315681067168767
1776353644061,-6.0016638425529,7.634807480943203,-1.818247546198219,2.030223571584573,2.016530322959167,-5.972846323033003
1776353644077,-6.092942780846357,7.734018381279706,-1.6035183154553174,0.24512839231832317,4.280827892494662,-6.692816990330869
1776353644094,-6.228066121563315,7.82110863571167,-1.6204275108106434,0.8282866886419855,5.445447716741767,-8.243713894219814
1776353644111,-6.483496342137456,7.885750911492109,-1.5680540572337804,2.681341022850246,5.643527471540368,-11.462526771726596
1776353644128,-6.498012358745933,7.705587236565351,-1.2440880605719984,0.802480473049532,6.968494524289985,-14.99426476605751
1776353644145,-6.421397905620932,7.6364546636283395,-1.1179437067329883,-2.660347582662565,8.917152617136502,-18.474811346332825
1776353644161,-6.0595735952079295,7.694514053887128,-1.1221337057687342,-6.162335407403019,9.14878311491185,-21.13105654662515
1776353644178,-5.581332398113608,7.844451517376303,-1.375320385199785,-6.480816883116959,6.336222632161435,-20.325285469860408
1776353644194,-5.358072508782148,7.881261198857426,-1.560272317316383,-4.8087084540092055,4.5365220004896125,-17.706425309990145
1776353644211,-4.97365350472331,7.87198425194621,-1.7624330122567713,-2.342485519728981,5.538508617296368,-11.722768078161483
1776353644228,-4.7662563704341645,7.780555676048993,-1.598878965216875,-2.1833694328243642,8.236528535212962,-6.755051966500734
1776353644245,-4.6909880712211125,7.6533631283313035,-1.4360731061957777,-3.191864366136495,10.202224534944074,0.3633370355407058
1776353644261,-4.7269010961234565,7.604881713756918,-1.3756195142768322,-3.7847141139230236,8.720183621851673,5.019419363017276
1776353644278,-4.808603812298179,7.630619381603598,-1.2512705194219946,-4.018112776919761,6.32458484358938,9.6441144099367
1776353644294,-4.96781763817668,7.567920056584477,-1.17286056118235,-6.095640317705138,3.0015176661388177,15.70709745878589
1776353644311,-5.112967282867431,7.54592449787557,-1.2036864920787513,-7.752566090061599,1.3879770419468658,19.160596489947956
1776353644328,-5.437380438774824,7.524225876286625,-1.3352176535226403,-9.3308170478028,2.929699934563426,20.20943863134782
1776353644345,-5.587766230553388,7.62343619210124,-1.4431060735724865,-12.900763974124411,6.756572537364708,22.122963938651083
1776353644361,-5.6754538663566105,7.659049357274174,-1.5631152856573463,-14.051103580364313,10.338681469277173,23.526250209292296
1776353644378,-5.825391329845786,7.5979983839839695,-1.7661735139593482,-13.826127394387848,11.058697813465114,23.80235719139548
1776353644394,-5.916072302246094,7.591564551544189,-1.8501202096685767,-12.417857646973463,10.187072614044046,23.930421530785924
1776353644411,-5.926695987591147,7.594705772179365,-1.8462302164927125,-11.416394820298683,8.641701333193641,23.945837267742643
1776353644428,-5.974430383190512,7.655908136638999,-1.8146562437079845,-10.262608529848864,7.304884756007699,24.173936557717095
1776353644444,-6.091596042412519,7.7016960743457075,-1.8194447931587694,-9.18970704709763,5.829211286769042,24.510374600759
1776353644461,-6.1816772953540085,7.714265633061528,-1.81749935817942,-8.176467266746455,5.734943150278642,24.009559517604277
1776353644478,-6.325928529900312,7.735514172795415,-1.7543524355232714,-8.434890035314826,6.813693836280347,22.970207924056144
1776353644494,-6.400448641094565,7.661444143456221,-1.7754510453924535,-8.435462063657814,7.394571969999136,21.215272779091407
1776353644512,-6.460602957805991,7.627625460484624,-1.8299191331610083,-7.492314538342957,6.641770717795133,19.1368069410688
1776353644528,-6.483497511181235,7.6170017751395696,-1.8558070231333375,-6.396321893555201,5.679536655731498,16.43027788810684
1776353644544,-6.402244876861572,7.639747859954833,-1.8902236719980834,-5.054416825437598,4.731128177208439,14.123903151632893
1776353644561,-6.369323434990644,7.6538126256644725,-1.890522654944658,-3.4272081389428046,4.954659778175446,13.091673737841791
1776353644578,-6.262482185906172,7.607873296788334,-1.8559562223456798,-2.263160769925511,4.38829921153752,12.511031672536191
1776353644594,-6.218040402111411,7.552358330315351,-1.792958937293291,-0.7226084009779615,3.3915001234053896,11.80518711710238
1776353644611,-6.242731191253662,7.587672804802656,-1.722030713111162,-0.10995521338406847,3.2518310791716796,11.14307626292416
1776353644627,-6.226869020733237,7.5707637555778025,-1.653347491376847,0.013039044568965905,1.5088598643118671,10.987337704564114
1776353644645,-6.352264748162031,7.5137512440234415,-1.6361387285530566,1.1429381357788404,0.9103070152900836,9.388991476511091
1776353644661,-6.363637790569663,7.458984465569257,-1.5825683202765881,1.0492807676106273,1.3206957299191264,7.485790000138302
1776353644678,-6.402693205150961,7.428757085087895,-1.4779717813789843,-0.48540244112747133,1.5766771327460412,6.120998248772456
1776353644694,-6.524498214611411,7.451203310173749,-1.643171842060238,-0.1161487008573891,1.2426163157004197,3.4932853099642123
1776353644711,-6.555771889275312,7.448658301866054,-1.68656674715057,1.2472920070741167,0.9856970425230976,0.5815145686112164
1776353644728,-6.527790241894126,7.497590967339277,-1.5243592924140392,1.092959827352859,2.757915554295728,-2.2252619712118142
1776353644745,-6.375908658599853,7.538741892895102,-1.5059545978039501,-1.0767020561375245,3.031323331016284,-4.227594251877228
1776353644761,-6.358250836834311,7.594705187657475,-1.5964850558176635,-0.1291481516735101,1.5236286542881388,-5.61698279510476
1776353644778,-6.246919875115156,7.675509493687748,-1.770812279675901,2.9853395093159962,-1.4777257276408333,-6.975185548355659
1776353644794,-6.169856509178876,7.72578772855103,-1.7163446302987635,4.451800760911598,-1.9305762342359645,-7.247844992475276
1776353644811,-6.175243462914228,7.718754761174321,-1.6596318323433399,4.508510540929744,-2.1623482449931806,-8.019660637554948
1776353644828,-6.2000833051383495,7.64917269090414,-1.631499962836504,4.7849278697533375,-2.902218241551057,-9.34987669068172
1776353644844,-6.19275164707601,7.64872494713664,-1.5801742647469044,5.838805141231972,-3.1076822846160876,-11.490425533165158
1776353644861,-6.16776216724813,7.678652467888593,-1.4665994696237146,4.452249418962703,-2.037416401110831,-12.835861809083658
1776353644877,-6.09039952610433,7.64214089257121,-1.4559753458872438,3.23124062014503,-1.6798266495915737,-13.522019198008554
1776353644894,-6.067055475395917,7.6636881229907265,-1.6530474855169652,3.9522385905827493,-3.554628519560566,-15.183833251376628
1776353644912,-5.990441606792807,7.699902176666259,-1.7146989089183509,5.311219131625384,-4.715450331742321,-15.626212651087307
1776353644928,-5.826587846153974,7.787439005821943,-1.6998843477547168,5.416336169838703,-3.789914449202342,-15.388896020827922
1776353644945,-5.780799323925375,7.794023060387373,-1.6511030734509229,5.023509365669645,-2.2697092137922605,-14.936546252476317
1776353644961,-5.794715621075034,7.7763658231437205,-1.689559060834348,5.02946315619178,-1.7870960511670932,-15.084909914080042
1776353644978,-5.793368882641196,7.798661826103925,-1.7896669100105762,3.8263210650258026,3.0833497356979174,-15.58774161058721
1776353644994,-5.941061782073974,7.771877864074707,-1.941549662348628,1.542858411566075,16.84688527653177,-16.577564087368994
1776353645012,-5.940910975426435,7.782799071061611,-1.8773548380747436,-0.901137699772753,26.920138764473077,-17.513404164045586
1776353645028,-5.8740229665458195,7.788785159733891,-1.8272260946847498,1.2833385438622704,26.910989726079844,-18.377324056309234
1776353645045,-5.706279797253012,7.7389564222037786,-1.6032186018563805,3.065247173076445,20.75377226479928,-18.25110557554198
1776353645061,-5.63086244495809,7.798063275688886,-1.4769247565440833,4.339064219792306,10.396340218703129,-16.821835557750745
1776353645078,-5.459527388653159,7.830683688786626,-1.4942822801887987,8.267546985554928,-7.247986718900553,-14.795280864967529
1776353645094,-5.412990093883872,7.811381022423506,-1.5483014551460743,10.557753810489809,-18.205309157157046,-12.896858813466457
1776353645111,-5.4608741270869965,7.787439005821943,-1.6057627333812414,11.050613430808758,-19.867001974667353,-11.708704718660426
1776353645128,-5.495440413555502,7.7780124213069675,-1.6367369867071508,8.303861393824594,-12.566077874604616,-10.562362480632274
1776353645145,-5.520130033653974,7.698405216106772,-1.6674132799997925,5.903420438327585,-5.937319947838827,-9.40173746327598
1776353645161,-5.535992204174399,7.678053917473554,-1.6949461607001721,4.327298792060136,-0.24777671812771626,-8.89314791729849
1776353645178,-5.5424254520922895,7.622986110246181,-1.674745230323076,4.100700009268969,2.216912491838297,-8.759888365270603
1776353645194,-5.445460869377851,7.663240379223227,-1.5397721117317675,3.6823193329807773,-0.13312404214197154,-7.946594688908736
1776353645212,-5.402066548809409,7.695711154717206,-1.488895618714392,3.8414460920559725,-3.9327366929550704,-6.9560200375446035
1776353645228,-5.379620323723555,7.808986820763349,-1.4712377969488502,3.0414044767878115,-7.025717422269529,-4.543427321740496
1776353645245,-5.38276212888062,7.852679832017421,-1.5183740805245936,1.897184933487653,-6.36299483927377,-3.045076770683751
1776353645261,-5.386803513225913,7.8432538320243355,-1.5641631872750819,0.8214786975867753,-5.402384227798483,-0.9775517217727401
1776353645278,-5.389198299407958,7.803302345386147,-1.7170926721870898,1.25312189369584,-5.468614437745981,1.5696553781141507
1776353645294,-5.420022476738691,7.750328295567631,-1.8166015325568616,2.8477263520224603,-7.247972204748567,3.590422979679664
1776353645312,-5.480026571324467,7.7022946247607464,-1.8201925427861512,4.333479686372175,-7.968353964057105,4.944969020403668
1776353645328,-5.59270427147746,7.646779658287763,-1.6683112517528236,4.110571767053754,-7.6600136117133415,5.779024764295081
1776353645345,-5.64373069435954,7.675510078209638,-1.505654738074541,2.219045431850045,-5.983823717689682,6.286260225269616
1776353645361,-5.671563873180746,7.719802808922529,-1.4555259946845471,-0.1708851431747837,-3.601505815381656,7.005060795785295
1776353645378,-5.641935627636313,7.692568765038251,-1.5557830430731177,-1.7874509008388166,-2.296234466877417,8.475851533541038
1776353645394,-5.702238997429609,7.630767265641689,-1.6943477564156055,-1.3438627710884576,-2.5982976619305265,9.195745788097566
1776353645412,-5.719148046654462,7.58497932793498,-1.7057205065622925,-1.196503574179548,-2.919556676759134,9.516013358279464
1776353645428,-5.6565995282828805,7.501480375993252,-1.6909059453986583,-1.9850668431040914,-1.651624798508591,10.04247665554123
1776353645444,-5.4795782430350775,7.560439345440268,-1.614141562408954,-3.647798703141887,0.02326511841694437,11.507623949495251
1776353645461,-5.386803513225913,7.627924151170253,-1.611298301807046,-5.036986609562549,0.917987563011763,14.526039930527503
1776353645478,-5.527761551445722,7.769781768578291,-1.7429801237680016,-3.890825371547403,-0.09567712981097995,18.772411226206742
1776353645494,-5.887790210613608,7.709029485973716,-1.7004831904307007,-3.5858326656705923,-0.4073531491102216,19.080790852138232
1776353645511,-6.000467326244712,7.611915265655517,-1.6104012068368494,-5.25023920271551,0.1664715069496332,18.44510685363244
1776353645528,-6.233302268651127,7.50222914853394,-1.6710044363595544,-6.7097204278661815,0.2948032909347681,15.665054229349877
1776353645545,-6.356005688256025,7.581836353734135,-1.9123693067021668,-5.526917359388033,0.003935789787514066,13.435721465392735
1776353645561,-6.350318874791264,7.658899719670415,-1.95800906810984,-4.11931440919137,1.5775281316279424,11.521682186354429
1776353645578,-6.317400355529784,7.761403231811523,-1.9207500354260205,-3.6298472584558006,3.6535808851611256,10.552477489355974
1776353645594,-6.5013043860286475,7.657852840965986,-1.9698307310678063,-3.2436322908467257,7.622009585397744,8.827013756886195
1776353645611,-6.579414630669355,7.577497447746992,-1.9750680471993982,-2.646345267977216,12.442740026119818,5.273029836428551
1776353645628,-6.586597820171713,7.477689166039228,-1.7877214750312267,-3.1437943485315913,15.509903067258453,0.3385319229093351
1776353645644,-6.268617912182211,7.530811099895835,-1.5949886797800659,-3.482363837481362,13.502692323978357,-1.4432238808221602
1776353645661,-6.126012691277265,7.594705187657475,-1.600823961804807,-2.2152196721411914,7.456925620705828,-1.065546222788778
1776353645678,-5.922505550163984,7.7111232433825725,-1.6879133394539356,2.098339127186406,-2.503414381528002,0.7912150898698008
1776353645694,-5.926695403069258,7.591862073186039,-1.678336386682838,4.383724265454081,-8.141994448231754,1.0096446462485145
1776353645711,-5.952732930645347,7.537245516857505,-1.614590767481178,3.638854570423755,-7.867141659614917,0.45118191272523805
1776353645728,-5.9650026296317575,7.547719564598799,-1.6021709924995897,1.1071942617482828,-1.253274612456813,-0.2335497275712706
1776353645745,-5.849782259258627,7.612662284630536,-1.612496133289486,-1.0483018094034942,4.891900158099961,0.10592609546484853
1776353645761,-5.793966848534345,7.602486927574873,-1.6470621274970472,-1.2809735908621536,5.214332044475107,1.3011360958486196
1776353645778,-5.842599654278159,7.60428257881999,-1.6695080603219568,0.7132585123344487,-0.37384853659079675,1.895420183360851
1776353645794,-5.953630756267905,7.554752531975507,-1.6765413199596106,2.4727035031420974,-5.131996675351542,1.8684731660944467
1776353645811,-6.002262977489829,7.544876450127362,-1.6440696676827966,2.1931906045206078,-7.832520284485768,1.4912793842750773
1776353645828,-6.04640548607707,7.563879256761074,-1.6750446516610682,1.536069843861317,-6.303044134494453,0.7484082666289211
1776353645845,-6.091895317620039,7.625381480950117,-1.76467772244364,1.250551394690388,-3.367868949537615,-0.14827313491679536
1776353645861,-6.075584818810224,7.630918072289228,-1.7998424131967126,1.1017488934324902,-1.6429326357378093,-0.8091243261212503
1776353645878,-6.114491180309653,7.614009023064375,-1.8254304434396325,1.4103232864770319,0.09399316801545446,-2.521339572674466
1776353645894,-6.191853236931562,7.575252299168706,-1.785027998163551,0.4576406569982785,2.9954823402334654,-3.959312532128767
1776353645911,-6.1547442802429195,7.5978493309021,-1.787871258765459,-0.7564301103656895,8.09589920907063,-6.1295018342891225
1776353645928,-6.1830257873535155,7.576152462878823,-1.8149556650459766,-2.4204899085885234,14.970541811522763,-7.647541686288898
1776353645944,-6.107607266014814,7.593807362034917,-1.750013237275183,-3.3812046804486533,19.808168432704157,-9.005640279154955
1776353645961,-5.949440903362632,7.626429528698325,-1.6500551718331873,-4.301849507212668,20.237532906951376,-10.097081456634543
1776353645978,-5.984455518120527,7.555351666912436,-1.736994911878556,-4.2211358811301585,22.877395898519428,-11.714681987957833
1776353645994,-6.357801924023032,7.554752531975507,-1.938855747089535,-4.4361019979911465,30.15829729903027,-15.882454027989505
1776353646011,-6.234350316399335,7.606077645543217,-1.8297694955572485,-8.711283885363146,45.590986785269024,-19.935087007861334
1776353646028,-6.1532467351615425,7.674162755253911,-1.7049718801520763,-14.80043253514901,57.45670560011699,-20.79056137121626
1776353646045,-5.959616260418295,7.630020831188559,-1.9396037889778612,-16.297464859695943,61.7408256437916,-21.073254363226624
1776353646061,-5.776908161705732,7.603384753197431,-2.178574749921262,-12.205542924170908,52.359154422523474,-19.80233886624755
1776353646078,-5.834818498882651,7.548618559265137,-2.2441167510204014,-7.408484211564805,43.36085488917899,-20.482499349081177
1776353646094,-5.884048685997724,7.543978039982915,-1.9602536321662365,-7.717535757355896,38.77615188051046,-21.18843184320055
1776353646111,-5.793966848534345,7.60413294121623,-1.979856158258766,-9.197012788188603,33.71937351716733,-21.542054642194206
1776353646128,-5.796959600609541,7.620293217900395,-2.153884691431373,-8.434461440944407,34.19500057021034,-22.54404680852966
1776353646145,-5.688922419738769,7.677905448913574,-2.1999736579112708,-8.904159889787843,36.93097286113693,-22.537226864643404
1776353646161,-5.412990093883872,7.717258385136723,-2.1733378721810874,-9.805984770624123,37.71983580461131,-19.962346292838856
1776353646178,-5.358971503448486,7.6951137733459465,-2.166454688538611,-10.38636558119397,36.28243273906588,-17.719202886379946
1776353646194,-5.176413042339682,7.653065022167563,-2.2126927081003784,-9.000257236315338,30.92003756131053,-14.719158406667736
1776353646211,-5.2718824180603026,7.568519191521406,-2.256835801209509,-8.23490038886956,28.070631196195656,-11.772415869464659
1776353646227,-5.292082910045981,7.5499635441333055,-2.204761038318276,-9.627108092677014,30.08778925622823,-9.916688476691691
1776353646245,-5.256768435558676,7.535449865612387,-2.156129401618242,-11.26859806439607,30.36788165371211,-7.216347575117762
1776353646260,-5.3100394224971526,7.545624053624272,-2.2297511026680468,-11.131418837558241,24.39575378120243,-4.3426415313701
1776353646278,-5.281908137512207,7.522581616210937,-2.354099951392412,-7.660714559876914,15.622365547037298,-2.137662233785462
1776353646294,-5.321560933464765,7.516296252331137,-2.359038284577429,-5.268807498861013,6.4963585516865,0.40123247252067035
1776353646311,-5.524619746288657,7.510460385784507,-2.331055468152463,-5.32396597216392,2.985440254606254,2.1226467032254237
1776353646327,-5.6501656958431,7.466167070549726,-2.380286239789426,-7.4389050203543965,8.861400344262625,2.228040150656717
1776353646345,-5.731717020848393,7.477988441246747,-2.445677872632444,-9.144768671227176,13.712850414550479,2.1346614328622993
1776353646360,-5.635800485882163,7.524675373619794,-2.5465336175665256,-7.728033758110206,11.413996570126361,3.307331915706734
1776353646377,-5.550507636260986,7.567173622131347,-2.5040374148815867,-5.510896296916122,4.33648496960698,5.18654341983691
1776353646394,-5.574598121422529,7.528865226525068,-2.4934125604927537,-3.229356341707753,-2.6616382749722862,7.18744392209756
1776353646411,-5.802645829552412,7.469160407146811,-2.5095734216988084,-2.8586087643609948,-4.775714371449813,7.920245526638119
1776353646427,-5.865943120464682,7.472153159222007,-2.446874973462522,-4.529178693358203,-0.9821725581896653,7.396202677663476
1776353646445,-5.921010343170166,7.436390356445312,-2.5254350076973435,-5.163532512523137,2.313832662717366,6.666054601615467
1776353646460,-5.960962998852134,7.504325828552246,-2.5014929910957813,-5.426971201263236,4.40872446536362,5.900455709340976
1776353646478,-5.869384200829267,7.543230436486005,-2.459594462043047,-6.492638659909782,4.998402870941147,6.603045252748453
1776353646494,-5.742790203526615,7.5230281909346575,-2.490718791364133,-5.789803656579007,2.6723230387117134,7.704302265838996
1776353646511,-5.79097468098104,7.405414203423261,-2.5549133233770727,-2.828108981509126,-3.988369437518471,8.797675533080053
1776353646527,-5.902005198448896,7.351842772233486,-2.5740669366583226,-1.8444123306391957,-5.854417673014151,8.54159466562335
1776353646544,-6.026503684777021,7.351095753258466,-2.483087273572385,-2.9372046049139775,-3.029842887513684,8.573895483981985
1776353646561,-6.124217624554038,7.349450324138998,-2.4278712900459767,-4.992870417713436,3.1384986040473044,6.109263983778375
1776353646577,-6.044310559624433,7.391498490795493,-2.3499098062261936,-5.919057302658683,4.225221188027472,4.729182853955455
1776353646594,-5.840355090221762,7.460480841606855,-2.3569427736029027,-5.165559798046162,-0.18100425519314273,5.328272406435613
1776353646610,-5.734111807030439,7.587374114117026,-2.376845013294369,-4.126756754065745,-3.5855146349873634,6.450495538957157
1776353646627,-5.7142105902522795,7.645732195061445,-2.416797815106809,-3.176423442857212,-5.852937656398374,6.77023803834661
1776353646644,-5.871927455571294,7.472451265385747,-2.6631014570258555,-2.095019441806368,-5.418053108641315,5.807554464458224
1776353646661,-6.11000205219686,7.459732653588056,-2.878280477362871,0.6946771427799877,0.28466969144484927,3.321248853027458
1776353646678,-6.038475277599692,7.434443898552655,-2.7738334299385548,1.2797331644758558,2.261167421904925,2.678313328057226
1776353646694,-5.897666292461753,7.436688462609053,-2.571972448597103,0.9301923640066353,2.077107057264598,2.9819735067156494
1776353646710,-5.8273366186946625,7.48292648217082,-2.5406978971503675,1.0503552417444348,0.10756363331835908,4.855478174350869
1776353646727,-5.802496191948652,7.509113062828779,-2.5523697763741016,2.513107060290485,-0.7563629290519001,5.5213874674812615
1776353646744,-5.936722291564941,7.4951979347229,-2.429667379682511,0.9663083766252528,-1.4782700083403189,2.6134506500476116
1776353646761,-5.80982901905477,7.422474059295654,-2.311603018055111,-1.5221145934482174,-0.6974766132051938,2.3223405171022633
1776353646777,-5.8249424170345065,7.48247756935954,-2.3805858072578907,-2.8351043758796886,1.1323987270026876,1.5847462541984707
1776353646794,-5.889436224254966,7.481730550384521,-2.494759737318009,-2.752417038570456,2.9544965094583344,-0.11976715365276203
1776353646810,-5.7969601851314305,7.493102423748374,-2.4661788088694214,-2.3544372835594456,1.1868878417669337,-0.7517099160406818
1776353646827,-5.760448025292158,7.4856199590384955,-2.533216016962379,-0.40587145162757843,-3.9773638683314645,-0.6860522680447012
1776353646844,-5.754312883538008,7.517192908909917,-2.7868516092047093,4.893302908200752,-10.464849577399296,1.0893855039828266
1776353646861,-5.562477475517988,7.707232665684819,-2.855685491456091,7.792065927805429,-10.33493511051742,6.809107791139507
1776353646877,-5.588963915905356,7.764394814842939,-2.8838172148324546,8.150538161109793,-4.079816278994833,9.624433219843308
1776353646894,-5.701341171807051,7.614457351353764,-2.508675303815305,3.4251872567221273,28.019688230271115,7.488725273934115
1776353646911,-6.147710143822431,7.85926505562663,-0.38382147655710575,-27.94852961195063,30.751318228432872,2.3663341924331385
1776353646928,-5.43319117039144,7.395388483971357,-1.4574714296638964,-32.511673128504015,23.41114615385195,4.68024412166549
1776353646944,-5.6114095564693205,7.509113062828779,-3.17710721046254,-15.896163925201014,0.1779963839569719,0.9171644184950707
1776353646961,-5.983557107976079,7.717408022740483,-3.47279009257853,0.3373062241184352,-6.822796770896682,-2.981339793226719
1776353646977,-5.961710017827153,7.661293336808681,-3.355325012018531,8.905465309692962,-8.00300778258481,-6.584320716025687
1776353646994,-5.549010091179609,7.584978743413091,-2.57571295029968,7.670984603067675,-2.1033763916992902,-7.383808445640842
1776353647011,-5.29253182285726,7.630169884270429,-2.102708923206478,3.2934516906527986,1.1529557821354277,-4.805881609466467
1776353647028,-5.309890369415283,7.671620669555663,-2.1211146407298744,0.8993773252358881,0.38113223964952775,-2.861435822347145
1776353647044,-5.43319000134766,7.694064556553959,-2.29170107062459,1.612880443719988,-4.240854637263985,-0.9043953798417318
1776353647061,-5.5735512427181,7.696908840069175,-2.3997397128000855,3.360000144726937,-6.974105524693151,-0.9872336216429389
1776353647077,-5.67575372608602,7.665783633965253,-2.3895643557444215,3.2689714388938267,-4.56689329040772,-2.0416991431638407
1776353647094,-5.669018864873052,7.703042812779545,-2.2245139326669277,-0.3135743049604027,1.8673229195495342,-3.7223519254798685
1776353647111,-5.4608741270869965,7.675360440605878,-2.2126928542308506,-1.8876709068606483,2.8018323899984408,-3.284470632224467
1776353647128,-5.38889785515666,7.703042228257655,-2.290803245002031,-2.068296540122105,1.2240976451481054,-1.713161281114115
1776353647144,-5.371390840038657,7.736113307732343,-2.419192601288855,0.7503816043296729,-3.9675569973437956,0.10254344427839972
1776353647161,-5.445161009648442,7.675508909165859,-2.4527111322700974,2.9961832883970376,-7.297856491351755,0.8231915809645676
1776353647177,-5.506214321026206,7.684937247246503,-2.4070718092538415,3.7523018781035513,-7.1401717559650795,0.9327344750383494
1776353647194,-5.608566441997885,7.659349217003584,-2.237682187928259,1.7022022425908296,-3.785329257835148,0.4831105391349618
1776353647211,-5.563375301140547,7.704539188817143,-2.150443026544899,-0.5597453683442106,-1.5541283304183018,0.5529958607837687
1776353647228,-5.542576258739829,7.664735001695155,-2.287959984400123,-1.0460639619549628,-2.4554820349235564,0.8393619471028669
1776353647244,-5.555594730266928,7.696160067528486,-2.3467674165472387,0.1727727299849402,-4.212148632842891,0.8924791543392925
1776353647261,-5.543773359569907,7.689875288170576,-2.4132068048775195,1.1556150736000899,-5.264430628263504,0.7413025753754335
1776353647278,-5.556493140411376,7.684490088000893,-2.347516481348872,0.9373307654629449,-3.1886328328854328,0.7825140691974393
1776353647294,-5.559783998650312,7.653663572582602,-2.3353953970529138,0.22498995307651082,-1.5949868421984355,0.5736310362051408
1776353647311,-5.556641608971357,7.6835905088126655,-2.2556385542489585,-0.46286100259743096,-0.776139261545996,0.771446014451698
1776353647328,-5.494692225536704,7.688828409466147,-2.243218779267371,-1.1717791431577482,-1.8076018798810582,1.2259678363202196
1776353647345,-5.5069619245231145,7.7061852024585,-2.282124263983965,-0.9175129715861529,-2.762058917800987,1.3262585988329845
1776353647361,-5.5346448812186715,7.68703158917725,-2.3582896581672133,-0.41579227471659547,-2.70346165769439,1.0887007775185327
1776353647378,-5.579386524742842,7.669972902348637,-2.4221850611031055,0.31869945479799816,-0.5596161817193622,0.7792056963182143
1776353647395,-5.591656223729252,7.714415270665287,-2.389863046430051,0.06839794123533081,1.0822088961558471,0.5213949233716468
1776353647411,-5.51010431420207,7.749431054466962,-2.302624761829525,-0.605598029068093,1.9397681747549207,1.2263357060400482
1776353647428,-5.5536494414180515,7.740303160637617,-2.4673759096994994,0.5451744937713108,1.7737399364102506,2.2104609512803965
1776353647444,-5.548412125286459,7.710974774822592,-2.6075859060309825,3.9410332383625204,-0.8076962829761887,2.9019283853981546
1776353647461,-5.589262606590986,7.633460742509365,-2.5882825090155004,6.340691283425916,-2.1639889844978644,2.5195124970714873
1776353647478,-5.709570655491948,7.622837057164311,-2.3572417565494774,5.495323892495316,0.9074499685046085,1.8013936648123399
1776353647495,-5.723188846477866,7.567920641106367,-2.2159844431221485,2.475053941990228,3.4136126473998942,1.287009023489212
1776353647511,-5.705681246837973,7.618797426384687,-2.1820169993296266,0.13348612220926154,4.63219502151492,1.086828985520832
1776353647528,-5.724235725182295,7.692717818120122,-2.3539500215277074,0.055475810295048486,3.637330584465196,0.8735159878823984
1776353647545,-5.744436217167973,7.704838464024663,-2.4510652647592126,1.7246009942002403,3.0515520034603347,0.40272214745082074
1776353647561,-5.693859876140952,7.761701337975263,-2.5010442244149744,3.1314643629758376,4.177766314334693,0.03139864641881307
1776353647578,-5.5452691510856145,7.74479228875041,-2.406173691370338,2.2720148295239633,7.582358629718527,0.5304979113488343
1776353647594,-5.4700020209163425,7.710376224407553,-2.3861226908579467,0.9532282441995611,10.372366254716384,2.130702271021219
1776353647611,-5.6193403494685885,7.708282466998696,-2.405725216950476,-1.3485600202467223,16.046301728441648,2.1075244509596036
1776353647628,-5.88644288765788,7.890838005498051,-2.5311212366402147,-3.5141698940119954,31.34318827096033,4.770375724839802
1776353647644,-5.984605155724287,7.82754129910767,-2.5866367876350878,-2.812221534612853,43.09216207741986,3.599035421336227
1776353647661,-6.097582131084799,7.6075746061027045,-2.5411466638311744,-1.2760408068992293,43.59939924594168,-1.9199981922023188
1776353647678,-5.620687672424316,7.481280468529462,-2.308011569434404,-2.2695636453855745,39.03179561586028,-6.535023398804296
1776353647695,-5.462969053539633,7.51450060108602,-2.2399264597237107,-5.005001687453025,34.375556620919625,-7.564256067097055
1776353647711,-5.36241316833496,7.594407666015624,-2.375199145783484,-8.58573647068185,33.317939393983586,-8.508607413253127
1776353647728,-5.0839364186942575,7.780705898174643,-2.6476892222300172,-11.301539212989395,39.05558857983402,-4.126294008749477
1776353647745,-5.004928348430991,7.924358582305908,-2.7923890773266553,-11.782159988089328,47.674501840635564,1.9102534332474146
1776353647761,-4.965124745830893,8.021473387145996,-2.984523760554194,-10.468735101263386,50.921949432463975,7.529761904241198
1776353647778,-5.222650477379561,7.625980031365156,-3.0508126344978805,-7.327610502923624,46.046348667044604,6.337624101601758
1776353647794,-5.286845593914389,7.473648950737714,-3.0228304025948045,-4.3061909462038575,36.00429036059003,3.2832845271864115
1776353647811,-5.255121837395429,7.515397257664799,-2.9354414574772116,-1.1572553862179507,20.047064544209107,0.27013035313600775
1776353647828,-5.1135652487605805,7.604881129235029,-2.9091058237373826,0.406663700210447,8.694053025634497,0.02620332705966634
1776353647844,-5.096805837139487,7.703492310112714,-2.915390310834348,0.6697264083810782,1.7862332061758504,0.2749723169273121
1776353647861,-5.093065481567383,7.701548190307617,-2.950555439978838,-0.1464532096681043,-2.2182580391047892,0.8604043191926481
1776353647878,-5.113265389031172,7.774419949772954,-2.9792852753788233,-1.5173869286038049,-2.0340935140796197,0.9979574455266821
1776353647894,-5.144540817260742,7.8350249328613275,-2.9806331828564403,-3.2261194723714013,-0.48788094602253973,1.27863233008072
1776353647911,-5.073761646160483,7.82739283054769,-3.004574614936113,-4.378945694356011,0.08331832939466499,2.5252101554997473
1776353647928,-5.111919235119223,7.742398087090254,-3.1085727495491504,-3.0819179572931534,-2.0247901560998276,2.8269984354387643
1776353647945,-5.099349091881513,7.663837176072597,-3.1206928109318017,-1.275976880597466,-6.944126970652318,2.6133161806983267
1776353647961,-5.056403099602461,7.6342095150500535,-2.98766556571126,-0.6690313299113236,-12.148343504966636,3.0368096804670968
1776353647978,-5.096355755284428,7.723692802098393,-2.9311019669681784,-1.2177627514146243,-12.567731634157406,3.387907443901963
1776353647994,-5.1590544957816595,7.759606411522626,-2.960730797034502,-1.891807653620149,-8.783087102786551,3.4385983331574472
1776353648011,-5.199007735985517,7.810033699467778,-3.012355770331621,-2.158171370872306,-4.180185055074523,2.9224409375795837
1776353648028,-5.108627207836508,7.756314384239912,-2.9740482515081763,-2.087034737223212,-3.9189695929092636,2.9023145045296714
1776353648044,-5.092914674919843,7.758858223503828,-2.9113503877937794,-2.2743033697827406,-6.123171956475813,2.6899015977577987
1776353648061,-5.024231599316001,7.769930237138271,-2.864962438367307,-2.8667418121151873,-12.003665584193781,3.2421450171549555
1776353648078,-4.977992995232343,7.754667786076665,-2.893692858289182,-2.285446396526793,-17.395767815970455,4.3877967657467005
1776353648094,-5.023632464379072,7.725189178135991,-2.9505548554569483,-0.8207179852679651,-21.23079950662214,4.132082594071063
1776353648111,-5.122093423131108,7.73835728726685,-2.9415765992313623,0.6547331826575482,-23.11499256653478,3.510115536409358
1776353648127,-5.135861251720786,7.8329288373649115,-2.858079108594358,1.172280735174921,-21.81451601082789,3.6359551551210845
1776353648144,-5.129127559551597,7.89787214191854,-2.8318931124582885,1.8492717967902483,-20.073934508403937,4.770198139921382
1776353648160,-5.113116335949301,7.892933516472578,-2.788946827918291,2.798999569040178,-19.457890718856515,5.914119502775587
1776353648178,-5.130324075859785,7.830833910912275,-2.727744755719602,3.4035889179060774,-21.046906908503303,6.392577242342742
1776353648194,-5.148730085644126,7.84624658409953,-2.6818063036262987,3.8835623191387407,-24.007880998615747,6.636374014577177
1776353648211,-5.264848866161704,7.817815439385175,-2.682704129248857,4.456211355568134,-23.732071129741463,5.6150972360070135
1776353648227,-5.301659716686606,7.87228352715373,-2.6933283991158006,4.2661634763466445,-20.136534899694396,4.645264161604916
1776353648245,-5.283702035191655,7.85986302151978,-2.72894185654968,4.740208486823148,-16.621171430124942,4.812798456661574
1776353648261,-5.316473254936933,7.816468116429448,-2.6526269708931443,5.493494255571399,-16.71122747433156,3.9788374816448946
1776353648278,-5.042935715264082,7.817664632737636,-2.4058739777714013,3.5371989440157514,-12.054783573715802,7.449259587136136
1776353648294,-4.937292736053466,7.966706608691811,-2.11258544344604,-1.3883874936273013,-8.703354889510408,10.715485930313852
1776353648311,-5.138254868859052,7.901163584679365,-2.341380755072832,-0.7565811215793702,-17.18961733889384,10.50192042911954
1776353648327,-4.983230895885825,7.986306796696781,-2.489372052930295,3.331156682748796,-30.843655555822277,10.871671866064533
1776353648344,-4.845563131383061,7.947551241844892,-2.523340081244707,8.692911530269459,-43.366179021637016,13.479623360056639
1776353648361,-5.051615280804038,7.914032418602704,-2.5107705225288868,11.897270873718846,-47.866672628028454,13.748988945449016
1776353648378,-5.65674975040853,7.854626289910078,-2.3728046518623827,8.226604270348933,-31.917993085846508,9.99752376551879
1776353648394,-5.782446506610512,7.842806088256835,-2.3045703429393467,0.4599342665380805,-5.973025188611892,5.991567871548007
1776353648412,-5.734561304363608,7.884404173058271,-2.3142960565313695,-7.494348227168328,22.455922000310863,1.9936523908907975
1776353648428,-5.524619746288657,7.993789845928549,-2.443583238440752,-8.524743735167283,29.0692782773851,0.48925781610967906
1776353648445,-5.33083846489787,7.9815183933764695,-2.5653881017707287,-4.452645569934564,23.689411475732854,0.8179652589498914
1776353648461,-5.097104527825117,7.958473617875575,-2.700211436627805,4.50666084032514,4.579340456396423,0.329652943792583
1776353648477,-5.019593418121338,7.926303871154785,-2.6666930517770346,10.491629041587622,-9.174766862061873,-0.17929662785936018
1776353648494,-5.050867092785239,7.939471395763754,-2.5426436243906614,12.357146656762158,-13.782043645937293,-1.650868888666541
1776353648512,-5.1873360028922555,7.881560474064946,-2.3934543489202857,8.616028359650857,-4.932125276556282,-4.28273821102815
1776353648528,-5.053261294445395,8.002617295506596,-2.2670108660042283,3.8132941867312957,5.58150081614019,-3.647759002667336
1776353648544,-4.8780350759208195,8.112899624955654,-2.3383880029976365,0.9660436000732091,19.627105240448994,0.9396297644488888
1776353648561,-4.76311339623332,8.339900454381107,-2.5842422937139866,-1.5499407841268493,36.73660616792588,6.751817018155086
1776353648578,-4.9260687467277045,8.179339305546879,-2.8954882172733543,0.9659529933450006,36.530136379505564,6.733213717290087
1776353648594,-4.93549591576457,7.97433520387411,-2.9713547746405005,5.935492018462202,26.515004386306476,4.526125598799207
1776353648611,-4.859181906890869,7.82724377746582,-2.942774576844275,12.019408316457014,7.2124774191793035,3.360190963136874
1776353648628,-4.636520567974448,7.976281661766767,-2.7377704751715064,14.591398010695356,-6.442551602065609,5.022117287739431
1776353648645,-4.557062415856123,8.020424170354008,-2.6378125558599828,15.168241637048782,-16.087890750297856,8.515940475100782
1776353648661,-4.667795411682128,8.046312644848227,-2.484135321320593,12.342578717036167,-18.1400637751105,10.357287758349933
1776353648677,-4.693382272881269,8.047358939030765,-2.3886656533390282,8.199031650443237,-12.388927526970226,12.617112194309305
1776353648694,-4.82042459847331,7.978226366093755,-2.4788977129280565,3.80712866034489,-6.90219088980891,13.84708582985603
1776353648712,-4.948963884624838,7.916127345055341,-2.603994749671221,2.8741576900065287,-5.712578122728258,12.542387363468427
1776353648728,-5.090520765520632,7.975084560936689,-2.7434569963753224,3.6426974056055337,-7.560692415897601,10.922696794259114
1776353648744,-5.074958454729616,7.991544697350263,-2.808698699353635,5.62126020107248,-10.51344551957029,9.824315290809146
1776353648761,-5.047724410845339,8.045115544018149,-2.776676836670935,7.31015510072601,-16.873869646395196,9.697955083616618
1776353648778,-5.099050693456828,7.941417269134521,-2.6595105929270386,7.540409315383602,-19.61491676787511,9.000740472199118
1776353648795,-5.215767147606611,7.962813692906498,-2.545785721808672,5.263508979612376,-18.840117183901786,6.2344694621143475
1776353648811,-5.241505107714236,7.961168848308921,-2.4877263315498825,2.33453432576144,-16.21145228747797,3.5091010398741997
1776353648828,-5.140050812365114,7.949795805901289,-2.512416536170244,0.20320191642843458,-14.23588239552796,1.4042275560862072
1776353648846,-5.040392168261111,8.05065155083537,-2.603096631787717,0.18301454528452143,-13.566890979534598,-0.008095428352904723
1776353648861,-5.049071441540121,8.067709653142094,-2.6020491685613987,0.5319015152232719,-15.004086578083989,-1.6251843891795312
1776353648878,-4.8117456174552435,8.10915810033977,-2.6198560434088107,1.1397617776496671,-15.01159124843454,-2.497433910579421
1776353648895,-4.655225268444418,8.041822932213543,-2.7311864206060767,3.01428030148981,-14.663762157404348,0.4609784317074462
1776353648911,-4.73767500359416,8.08237413831055,-2.7006603494390844,4.281831930302654,-15.001105200511278,1.9196383266104238
1776353648928,-4.824315760692953,8.035987065666914,-2.7009602091684934,5.4811725943086955,-16.001563989378067,3.957632732479767
1776353648944,-4.980686472100019,8.003814396336674,-2.6201556108772754,5.465526338467489,-12.919536749058192,4.935883588147082
1776353648961,-5.0665784566581245,7.978375419175625,-2.550873108075559,3.241102132646059,-7.64426148794,3.9877880176653733
1776353648979,-5.191825131005048,7.940217830216884,-2.39360427878499,-0.2699292894423155,-2.5291020826661854,1.946774881626296
1776353648995,-5.169080799755454,8.022818372014164,-2.402582535010576,-3.5045132871860667,1.8148307813438704,0.140140167203882
1776353649012,-5.1394525542110205,8.125918681004643,-2.4606413407474754,-3.4134860754568375,3.3766235445062787,-1.0976453371234876
1776353649028,-4.841374447521567,8.093597543114424,-2.554464702826738,-2.3632236815964323,0.2220979015715393,-0.7298627555676026
1776353649045,-4.677820546612144,8.023118231743574,-2.520497259034216,-2.008915302364837,-3.710154061395872,0.8877341472176906
1776353649061,-4.72510544487834,8.073994432500005,-2.519748778754473,-2.182008090745416,-2.898486823830114,0.6295294644550838
1776353649078,-4.806957214134932,8.081924640977382,-2.735525618854165,-0.0608049853536716,-0.8509934390942814,-2.311987017537582
1776353649094,-4.70565255638957,8.090453984391688,-2.892645102801919,3.675191603695046,2.0127444771682756,0.5145542221136147
1776353649138,-4.6426551252067085,7.97433637291789,-2.4684227884039283,-0.7202099907230821,-2.508864445598849,4.5477781522417935
1776353649144,-4.870404142650962,8.053794525036215,-2.477251699286699,-1.4478252938886331,-3.1675864587316847,4.392062218883374
1776353649161,-5.00582558953166,8.021321411454677,-2.5154089959844947,-1.8605791749612044,-4.228633294404717,3.191217419156048
1776353649178,-5.111170462578535,7.9527873889327045,-2.544438691113889,-1.7456778907618418,-6.070086445586004,1.1748870926735155
1776353649202,-5.016898772209882,8.000971281865239,-2.311452942059934,-5.918834467737011,-5.373110890789454,-0.4432160178427256
