ts,ax,ay,az,gx,gy,gz
1776353233126,-6.8402353121101855,7.458539059889316,-1.5355774365209043,-8.574773163290333,23.341939262086797,42.33462238147916
1776353233137,-7.100454520526528,7.867047964587807,-1.3503257908053696,-9.270438175539887,22.077416822170854,42.677269066476605
1776353233154,-7.360075763049721,8.467693306079507,-1.2668284462988375,-10.836902788094584,19.434937868150687,47.50367197930437
1776353233170,-7.895778676770627,8.852711445075274,-1.4239482225075364,-10.531996313356045,17.104974219604454,49.993866743137225
1776353233187,-8.079384016583859,8.741680343085527,-1.5855562500461935,-8.47622207130351,14.81966976294635,49.113397302514635
1776353233204,-8.389432547052204,8.405444647437333,-1.7419279843665658,-7.766702020322587,17.967458064595107,43.16108551633445
1776353233220,-8.515427701678872,7.721899488940834,-1.9375037479586898,-8.57262592257001,22.42168226200159,32.42335195234658
1776353233236,-9.172187144580484,8.112005890986323,-1.9223904961094258,-12.774726493370165,28.59400639417893,10.279234917835968
1776353233254,-8.746469330927729,9.106946902906895,-1.9915235074378548,-13.57980259838686,35.899528919100376,-2.489807577484279
1776353233270,-7.9912468834474675,9.715670921435951,-1.8168961315892636,-11.898080251135491,35.495629097626264,-3.613697703050129
1776353233287,-7.734618977521359,9.619454526740313,-1.6780325814306736,-11.64480061501214,27.49500846615637,-2.006841486178092
1776353233304,-7.205201719941199,9.028836073744296,-1.8345538072243333,-6.719529006401143,10.47902051237978,4.2971785115940255
1776353233320,-7.461680280524492,7.784747867041826,-2.4564473961889743,3.650222139636772,-0.44618104031402517,1.7821639075344036
1776353233337,-7.837569356647133,7.286005733710527,-2.5576027085915207,13.915555914964472,0.22352722537707026,-8.5348524151389
1776353233354,-8.431780573438107,6.947226198798417,-1.9433399067662656,14.849013963168018,20.566519213608796,-26.15462823777097
1776353233371,-8.494478437152505,7.011719421496987,-0.8662479965120553,3.2700239283562436,45.2999695002077,-37.5806023983806
1776353233387,-8.405594869562982,7.098959898054599,-0.4700082062780857,-13.398027358910728,63.85646990901388,-49.21704542316958
1776353233404,-8.194455041614175,7.389404733386636,-0.7724255112156272,-22.346116464119156,59.612040094606215,-61.78217560902686
1776353233421,-8.115147403882444,7.823803281623125,-1.6030641419470308,-17.05848795211335,41.7390845273674,-72.05033366757635
1776353233437,-7.904308312445878,8.271518992072343,-2.1721359490454195,-3.8631229780474774,4.6905564266517406,-85.0514689791014
1776353233454,-7.797168080414831,8.64995366102457,-2.3312004295811057,3.9820647460277256,-22.02710052610266,-92.93822011182343
1776353233471,-7.363816703143716,9.076867990985512,-2.751831733749807,10.249763505341008,-47.999362713034294,-97.55642519837086
1776353233487,-7.186646364814043,9.144504772406815,-3.1256269063331183,20.22642360426635,-70.26673904885425,-101.54194303191085
1776353233504,-6.90787033996582,8.927679300037026,-3.9257388813756404,40.39895360088671,-89.73010074923594,-108.56188168725573
1776353233520,-6.7003241525948045,8.792706765967607,-4.059515045267343,54.75671133064344,-91.08956111106777,-114.18608484608684
1776353233537,-6.510134758216142,8.556278767505288,-3.4899943253576753,66.96763473633303,-72.45412762111835,-119.87981933066868
1776353233554,-6.5684928391605615,8.25550718394816,-2.8514902317233384,65.28809804961607,-46.224859076097474,-125.21217533645431
1776353233571,-6.744017748370767,7.592313324084878,-1.4029985195897519,52.65541046267819,-14.500230353201317,-133.15769341679513
1776353233587,-6.44085254767537,7.409157481604814,-0.29403482264801856,28.0516705910597,0.8876836144900031,-140.0270742122654
1776353233604,-6.0266556604683394,7.399879365649819,-0.5072675312228501,24.657066573563363,-21.08048753355767,-137.66277691030882
1776353233620,-5.151424731555581,7.435193840137123,-1.3552639778599143,35.127557033443445,-60.8079037654379,-128.40758371699638
1776353233637,-4.612131392127275,7.615807012397051,-1.717686108035594,50.30939416203513,-104.51565713237267,-106.37322952999519
1776353233654,-4.5525756258308885,7.465570858222246,-1.77140600778535,53.034946999382875,-115.94130002880755,-92.18409892556231
1776353233671,-4.808455928260088,7.018752973395586,-1.8140528709873556,49.63697911372031,-108.92675722290699,-82.59120068911696
1776353233687,-5.181652112036943,6.830508283343911,-1.7477639970436691,37.09829200523473,-75.63034317009269,-72.91843022051746
1776353233704,-5.347449407958984,6.798485836139321,-1.6084513879433273,23.95409496644919,-41.498832623312204,-66.74574238076683
1776353233721,-5.27352843170166,6.752696437127888,-1.4665950126443057,12.211022443432551,-9.367519069307862,-59.113340662546904
1776353233737,-5.072118555128574,6.854451468989253,-1.3661876690648496,2.8794177894410846,19.64850080802406,-46.42626427924822
1776353233754,-5.109526787024736,6.943933879254758,-1.2784998871311544,0.32334376999019526,28.980615591769162,-36.9484035038988
1776353233770,-5.080198401209712,7.266104224671423,-1.1411329322058708,0.9548845650732892,27.289554668375093,-26.165939031036512
1776353233786,-4.945075645014644,7.370850839564204,-1.1412824967443942,4.971888930356804,17.333514056780373,-14.63684608943262
1776353233804,-4.86442039206624,7.420380301886796,-1.0239660308748484,10.639488976740058,-0.8191705205341341,0.6421651009761958
1776353233820,-5.043386966162919,7.380427061682939,-0.9364287633277475,13.757698290414428,-11.938998206905746,11.361922354120539
1776353233837,-5.496189770618081,7.142203411975503,-0.9795241009496152,15.218429867070036,-20.403337456600728,20.150319928986775
1776353233854,-6.098032797461748,7.342419110327959,-0.8496393184732646,11.474143215957493,-18.682177597081704,15.477311112086444
1776353233871,-6.136938574439287,8.06217598441243,-0.5668235897801817,2.2013714635989907,-9.524929316467269,16.114038421987956
1776353233887,-5.286248797065019,8.218696917945145,-0.6019885727941989,-12.154168802555011,4.015599267305196,28.42461941030991
1776353233904,-5.168932331195474,8.25086871049255,-0.9326875309728085,-13.576768286848083,10.811710489114638,38.88759324700839
1776353233920,-5.282807132178545,8.619875041364132,-1.1894652936983854,-10.696763528025201,17.743733510784047,52.94102848320061
1776353233937,-5.575199009925127,8.231565751868485,-0.6407447121679782,-13.779478909903952,26.00660096298387,68.91071427217494
1776353233954,-5.6778492370605465,7.793126988330483,-0.5392899784274399,-17.923372608597262,30.50943390916604,77.61269629366217
1776353233971,-5.797410266986489,6.8397858147770165,-0.7035920673556626,-19.176864293003632,32.863762550029,82.84970285863443
1776353233987,-6.282237272211909,6.310069281989335,-0.819561940921843,-17.61513812418563,28.77191574658484,80.52136650265795
1776353234004,-6.60126405890584,6.380847868567705,-0.8529311265602707,-14.021319686714826,22.813465327888107,74.07582626594363
1776353234021,-6.840685393965244,6.83050945238769,-0.6385002942420542,-11.628787236503046,18.375141810869415,67.88219023600857
1776353234038,-6.836793062701821,7.371598443061113,-0.2208614498876035,-15.388252275498647,16.563107991990663,63.943131349203
1776353234053,-6.899790493884682,7.596353539386391,-0.03306640329957008,-24.169915283843252,18.703243608029315,62.449280185262005
1776353234070,-7.05451519165039,7.784746697998046,-0.07227116322368383,-34.22879293112898,22.497451258011836,60.56765869157187
1776353234087,-7.142054358893632,7.688081975013017,-0.49065819559693336,-46.11259467180456,26.677025011155642,55.23626915755379
1776353234104,-7.126192772895097,7.578397611457109,-0.7793088409885763,-50.72987085262488,29.666656867478167,49.46434266735365
1776353234121,-6.77334730322957,7.279122403937578,-1.353767747952789,-52.28520396437975,33.202024253579296,45.17663677436478
1776353234137,-6.347178823199868,7.151630581012368,-1.5782241535924375,-53.770066599373,39.98159830674767,43.80418539273159
1776353234154,-6.183924197497964,7.040599479022622,-1.6804263446994125,-54.793997333322544,45.87726391904635,44.02621776717578
1776353234171,-5.867740525275469,6.853553058844804,-1.9651869969151914,-52.420673936377774,50.65473535666015,46.01974166513282
1776353234187,-5.7710740487247705,6.793548379737138,-2.1131788792945443,-48.190672896591764,52.32672126924967,47.43336884217743
1776353234204,-5.78334491675496,6.831855606299638,-2.071280496372282,-43.803092562464386,51.28132325073878,49.53764084243164
1776353234221,-5.887941601783037,6.976255309405922,-1.844728433627635,-38.333084339240905,47.976457673652654,53.284983149424114
1776353234237,-6.092945118933915,6.987927627021074,-1.461507114920765,-38.12100013532284,44.81096210658064,55.48078309965108
1776353234254,-6.215797007098794,6.9982508681148285,-1.406440038345754,-38.48929076555909,41.323006478603155,57.22599888542689
1776353234271,-6.411673214942216,7.00333971568644,-1.5364757005348801,-36.4155360505165,36.74899613108028,58.35964977820351
1776353234287,-6.653337945014238,7.020398402515053,-1.732051464127004,-33.768117162179124,32.997466918126584,58.16173821681322
1776353234304,-6.835147049060463,7.0200991273075335,-1.762727172897756,-30.282914100437154,30.235970210271656,55.92577675426658
1776353234320,-7.004687038642167,6.96473321391642,-1.727262914676219,-25.499604558630285,25.819641609927697,53.390116836223534
1776353234337,-7.076811779132485,7.115269227820634,-1.5420119996130466,-24.68029946202516,24.00732433819839,53.21029161575544
1776353234354,-7.1600102868229145,7.216123803710937,-1.5753811852514743,-24.005616790905886,21.851776400297606,52.770505980382076
1776353234371,-7.391200384631753,7.729531591254473,-1.8246774331152438,-19.564641452941938,18.46723666654328,53.26404178942886
1776353234387,-7.531261766272783,8.30608469401896,-2.00184828290157,-13.518319796799345,15.730383281213756,55.796566650642866
1776353234404,-7.656059235547483,8.435819911956786,-1.9653370729103683,-7.560031595095402,13.201785778772505,58.91780600698778
1776353234420,-7.988553698840737,8.36309545200765,-1.6892553286474197,-5.308303494623435,13.215014147647528,60.19285206086742
1776353234437,-8.342447508515416,7.850438190570474,-1.5518879353307187,-6.809448019937538,16.641238525906438,56.26449266539668
1776353234454,-8.51707371532023,7.608773460498452,-1.5734356772068887,-10.034410202131445,21.32344931516607,49.425120306044846
1776353234471,-8.622568518231809,7.231087564086914,-1.901890436655283,-10.023227474912842,26.888395460305443,35.753513135023844
1776353234487,-9.11068608943522,7.950096250152588,-2.0646956380892543,-8.26479954196129,27.268486949880188,19.74423103188367
1776353234504,-8.882937656512857,8.490437637329102,-2.1333798827368766,-1.886076698019685,27.591775171222526,12.332168654967422
1776353234520,-8.160937387415766,8.935312571394443,-1.8495177867960184,3.8720303984988202,28.453145695378467,16.205730296500793
1776353234537,-8.248774076300858,8.596082370105385,-1.432177852322906,2.514562530913932,23.332600685944097,15.17107787310163
1776353234554,-8.495526484900713,8.487446054297685,-1.478565655618906,1.8553107512335973,18.39005040628026,8.937241057259154
1776353234570,-8.571392750006913,8.195802364569902,-1.9298723762974141,7.0452731076369215,14.168313041616317,-0.18885643809814506
1776353234587,-8.364593581610917,7.655161117663979,-2.103152721451223,13.478714091123381,13.75022691723608,-7.532448729905952
1776353234604,-8.141932534955442,7.40556559459269,-2.06813766830191,18.450401957786493,10.855410893198025,-15.070720196079339
1776353234620,-7.658154454261064,7.194577157813311,-1.9346610718786714,24.547250792087898,4.944843515677669,-24.40600418759933
1776353234637,-7.346608963233232,7.189039397430419,-1.9259819447301327,31.5935591002709,-5.804713959537145,-31.716379561926068
1776353234654,-7.319374919348955,7.39883248694539,-1.8546052461281417,39.73746002505474,-19.893598731295384,-39.402982246304624
1776353234671,-7.1701862284004685,7.904308312445878,-1.4935297082558274,46.301377685369125,-39.48055270470846,-44.9182507180632
1776353234687,-7.118262272156775,8.289177398359776,-1.0899570909157394,45.49985840136271,-53.183633387424884,-46.36339580303284
1776353234704,-7.2084934549629684,8.371177051654458,-1.0799313714638352,42.21024122159864,-62.67785246583648,-48.860130472995976
1776353234720,-7.420230956543982,8.189517585211991,-1.3141134906955063,34.3077089367993,-63.84130005886728,-56.497989512362736
1776353234737,-7.361423086005449,7.741651652637124,-1.6852151864111422,27.482726078481395,-57.80299619103664,-64.18332861174484
1776353234754,-7.29049486182332,7.6186495423465965,-1.852809010361135,20.63593954878551,-48.742367766421204,-72.04313464819117
1776353234771,-6.8604358040958635,7.3389774454414844,-2.25309033107087,15.654662096527703,-34.61360237387291,-80.3586167551149
1776353234787,-6.342990139338374,7.230191492030024,-2.5405437295019624,14.759396758615573,-26.134287934422673,-82.94574897874315
1776353234804,-6.139930741992592,7.220463294219971,-2.6017455094397066,16.147004330017023,-20.653921729322864,-83.62548940494281
1776353234820,-5.8297331584423775,7.108985032984614,-2.6587575826026497,18.376099744900507,-19.070103313634455,-81.20503428763038
1776353234837,-5.802648167639971,6.972963866645097,-2.614464705759287,19.84186004833254,-19.83580508563332,-80.31023852522368
1776353234854,-5.778107600623369,6.838439076343178,-2.615811444193125,20.707922912448275,-22.391065939047007,-79.64635779827678
1776353234871,-5.627572171241044,6.790854902869462,-2.6955682869970796,23.32344994000357,-25.592006772816806,-76.58753954075662
1776353234887,-5.457283993640542,6.759130561828613,-2.7757738964818417,26.9654826828255,-30.36396454022311,-72.79061689057902
1776353234904,-5.403564678412676,6.744765936389565,-2.8021098224826155,32.6555817992216,-36.374643707955634,-68.48455144910116
1776353234920,-5.455339873835444,6.84936379046142,-2.5131600480139253,36.42267701329375,-39.403665265221626,-62.89240919823409
1776353234937,-5.543177147242426,6.896050722834468,-1.9954142312660812,33.64272513430144,-39.19260558967906,-58.41340336697151
1776353234954,-5.791126072150469,6.842478707122802,-1.7453693569920956,25.529227089060633,-35.79198076042936,-55.849746503520585
1776353234971,-5.868938210627436,6.831556331092119,-1.7980423780374228,20.744653962257313,-33.79271267338034,-55.290292538794006
1776353234987,-6.030396016040444,6.9808940751224755,-2.0980650429233907,19.60085170082676,-32.09461153249928,-54.73669546128072
1776353235004,-5.993286474829912,7.212384032660722,-2.103752002518624,18.423323672821976,-28.356022112928176,-54.50964972798574
1776353235020,-5.934030568262934,7.356186354395747,-1.9858372784949838,13.928627189488584,-24.42184510383188,-54.847429903199554
1776353235037,-5.75835485240519,7.841011021533608,-1.9297231770850718,8.943429208647187,-18.349366384489077,-54.42030402345281
1776353235054,-5.36899839194417,8.223933649554848,-2.0997114949561655,5.67036755365758,-11.015485767907384,-47.73721322250003
1776353235071,-5.2567696046024555,8.462156130218505,-2.0911814208894968,4.075391597073134,-3.805842450346812,-39.64698392421416
1776353235087,-5.008222129279375,8.509741472736,-1.916106155142933,1.324918387651781,2.0791823675552243,-29.559320444671418
1776353235104,-4.942082308417558,8.492683370429276,-1.9384020119726657,-2.134793767777468,5.069290416128948,-14.630323258775258
1776353235120,-4.86471966727376,8.322844105640053,-2.169142758578807,2.1180442229418928,2.5770214092225254,-2.147737616584877
1776353235137,-5.041290870666503,7.930493724060058,-2.587828773898631,13.034487125242213,-4.694539280711504,8.759382077498376
1776353235154,-5.632808902850747,7.6101196144104,-2.3817780857823787,30.85760963229661,-16.125955394542338,13.702754541183554
1776353235170,-6.471828116175532,8.169317093226313,-1.8667261842936276,35.55931378144746,-18.81855598423935,6.674592764964806
1776353235187,-6.63313686850667,9.440637590247393,-0.5645793179847299,27.399983459328567,-10.488079904540156,6.595946551766694
1776353235204,-6.252608442145585,9.436896650153399,0.015416180318593977,9.331770712965662,0.8938557042613146,13.34858020441442
1776353235220,-6.427085303607583,9.153481859588622,0.08065876007974147,-3.5188421702911072,4.518351562863264,14.30123620682758
1776353235237,-6.093694475996494,8.52799842943847,0.0399564550742507,-15.742414659436733,15.086590140615865,18.22465225288652
1776353235254,-5.568165458026528,7.194726210895181,-0.2606646140962839,-27.58097322705015,27.843489840252296,22.582801301880313
1776353235271,-5.516542238295078,6.906225495368242,-0.4186826543189585,-31.709446919918506,31.219855545117408,19.349717597876438
1776353235287,-5.37528317130208,6.9158017174869775,-0.9609691842138767,-28.523086832479397,26.068407344783317,15.081202828908017
1776353235304,-5.057602538520097,8.033595202094316,-1.259047729294747,-16.978151267095658,12.782771602438794,20.864296678401132
1776353235320,-5.044133985137939,8.55433347865641,-1.2246309342995285,-7.787371880298338,3.169187497761818,32.06153975653808
1776353235337,-5.155166256171465,8.965538198310137,-0.8180655648842453,-3.6280854965367606,-4.899278469950867,44.81526512575775
1776353235354,-5.82180236544311,8.825178125983475,-0.38486484813019634,-9.270368166100894,-9.84071799010093,55.96732821008235
1776353235371,-6.26263474611938,8.653394156867265,-0.37199528355449435,-17.332272669898725,-8.100339685804785,57.78640566154268
1776353235387,-6.655432871466875,8.141632967486977,-0.721548433676362,-23.795868511683967,-1.6409548690862674,56.192219018694196
1776353235404,-6.635680707770586,7.662194669562577,-0.9982289475500583,-32.13591710150493,9.860236963201535,52.36171574346223
1776353235420,-6.55652183085978,7.457340790015459,-1.1667210355140267,-35.290494611188684,17.488709615101403,49.06078777043261
1776353235437,-6.382194022479653,7.214179683905839,-1.4716826181069016,-35.92297354342645,20.808335230983925,46.303156949647914
1776353235454,-6.13514233867228,7.12439653712809,-1.643316365097463,-32.7546161270922,19.416088253588743,44.12712015178438
1776353235471,-6.010644436866045,7.112575750952959,-1.6418201351903379,-30.25783706089945,20.164502816798308,44.11421109425306
1776353235487,-5.857864443427324,7.062297516089678,-1.5249534589149056,-29.623613015328747,19.341183276508506,45.64943271399682
1776353235504,-5.966650981360673,7.158963408118486,-1.4568683492042123,-29.635951752064376,20.733257791627146,46.771998209750514
1776353235520,-5.9394169374763965,7.134422841101885,-1.4797626103185115,-29.351836373159355,20.917862436966956,47.892039950605884
1776353235537,-6.142026837489008,7.300970078608393,-1.5173217949926852,-27.959251301400258,19.39500175207362,47.298155002273276
1776353235554,-6.2888207422554485,7.589470209613442,-1.456867910812795,-28.7323382154392,18.007580303327057,46.7752357194171
1776353235571,-6.322787893787026,7.7778633682250975,-1.397611419723928,-31.11952689639909,17.577010300691327,46.86504929190818
1776353235587,-6.193351366534829,8.144325859832763,-1.6183269583348183,-32.11681306239641,16.326935418417253,51.45236826302882
1776353235604,-6.097881990814209,8.322095917621255,-2.038658987296,-29.185193417789385,15.908219209086086,58.279449696969216
1776353235620,-6.109854168158769,8.178593455615639,-2.1948802802950143,-23.976287958609852,15.940416720833525,64.26432099492285
1776353235637,-6.2692176316410295,7.69316848449707,-2.2101440465308726,-17.01721824160084,15.354652867424063,67.49907809527338
1776353235654,-6.465542167773842,7.215974750629067,-2.0826529542580245,-12.875984047815605,15.077857743762003,66.3046487641674
1776353235671,-6.491878970557451,7.023392323634028,-2.081156651285663,-7.512118671841409,12.176872351356133,64.2607556361761
1776353235687,-6.4004492256164545,6.946925170025229,-1.9551610582675785,1.042669144494055,6.620615060614664,63.4679141075102
1776353235704,-6.121375679126381,7.157765722766518,-1.6358349963661283,4.982329301389991,3.254802424904047,66.28791480070088
1776353235720,-6.050897536799312,7.358431502974033,-1.4652482011452317,5.469391798650893,1.735477323401545,70.99772638439653
1776353235737,-6.123620535443723,7.547871540290116,-1.4827556546546519,7.352193207520146,0.674773758095159,75.16610204239609
1776353235754,-6.511630841992795,7.681497335925698,-1.5661035807531327,9.628515111646037,-0.5988468139603585,74.61042517228054
1776353235771,-6.757933753259479,7.7801085168033834,-1.55263626947999,10.745207498487162,-1.4873949276280443,71.53589064948017
1776353235787,-7.12484544993937,8.158242741504312,-1.4668935571994632,10.489725980130128,-1.9002465657831111,66.92508948799302
1776353235804,-7.433847101703286,8.636335470038652,-1.4457948742650448,9.841133777866656,-2.996462472379362,64.08006298168341
1776353235820,-7.678654221454262,8.946234947425127,-1.454773568882048,9.293695823437426,-4.303522049785675,59.87209954725445
1776353235837,-8.097938787189126,9.396642381176353,-1.5034056439734995,6.892668325445443,-6.00138754914037,51.40249422170939
1776353235854,-8.415021454077959,9.848848973304033,-1.5592201779149473,3.641616101282556,-5.306487091191035,42.4218268217073
1776353235871,-8.390779870007933,10.077046319037676,-1.6021667547158895,-1.3815970049318393,-1.7755682926736984,34.08430369433194
1776353235887,-7.886650782941281,10.568306572180985,-1.8513130727149545,-4.88978450700455,3.8073920495147586,32.34090473887536
1776353235904,-7.145944936591387,10.516083048468827,-2.1630083474770188,-2.1042871547364292,7.983887521777006,37.645161346415556
1776353235920,-6.988975090247393,10.365547619086504,-2.176026672873646,4.013247120909773,9.765345145062549,45.42187471651409
1776353235937,-7.047033895984292,9.75487597362101,-1.839192280679941,9.88541816312408,4.432462787823999,53.117616194002125
1776353235954,-7.8028537248358125,9.290700711280106,-1.6487039033547042,13.7346771378169,-4.111513052498746,55.06317508851274
1776353235971,-8.202086559405922,9.05202814876139,-1.699580104111135,18.756524206197295,-12.16634361475056,52.43106948429454
1776353235987,-9.064149086926877,8.312968608313799,-1.6335897747226058,22.1343720621123,-21.585472447200683,35.15195446915873
1776353236003,-9.73886504227966,7.64723207823038,-1.4543242176793514,19.2954483298261,-22.76512466403734,12.931227471596314
1776353236020,-9.819519418445228,7.267899583655596,-1.3376070328772067,10.538826502526057,-22.747513021262463,-14.984545406868582
1776353236037,-9.852439691272377,6.923583457404375,-1.6044111726418138,-0.07777280275799645,-16.65149917758709,-57.39056887838376
1776353236054,-9.245510154944657,7.183654781782627,-2.2955869721472264,-0.9703508881185484,-9.14663331287059,-85.0759756978434
1776353236071,-8.72716491099894,7.554007266566157,-2.4329547307901085,-0.40456920669320673,-1.1288501235637487,-104.4185045216184
1776353236087,-7.79507227717936,8.379407704383134,-2.3669644014015794,1.6178972176653623,-0.4837571659502916,-119.38463061584275
1776353236104,-7.044790500971675,9.091085316908359,-2.5004408516943455,7.389507384729572,-5.076053157180906,-121.23733308858705
1776353236120,-6.909068317578733,9.1289424616158,-2.6815019138522445,19.32424099227229,-12.34512893891752,-118.78364227077333
1776353236137,-7.635858159039914,8.814703493720293,-2.669381852469593,33.74346017927538,-13.873266798718337,-125.62538812086174
1776353236154,-8.322994620026648,8.523809161055087,-1.701675468955189,30.746817133769834,-11.133811111315037,-139.2007306057206
1776353236171,-8.233661262843013,8.742579337751865,-1.4240978601112961,23.391181510908,-9.516908966834382,-153.44701623312812
1776353236187,-7.512108152991533,9.409064055854081,-1.6496012905858457,19.924575346728684,-12.793349004142206,-162.2303936189544
1776353236204,-6.4284332110852,10.20094742399454,-1.933464555570483,22.225334813931234,-17.228638209622122,-160.39457537383836
1776353236220,-5.8933279709964985,10.29192533351481,-1.9581544679298997,24.69792988782026,-27.223373550412255,-152.0106137902961
1776353236237,-4.850353872790932,10.09365550853312,-2.175876889139414,31.5362299074724,-43.83383182882403,-133.10152194106095
1776353236254,-4.361189715144038,9.545983047816156,-2.35394534535259,37.12865219609544,-55.99700879712064,-117.29900503202268
1776353236271,-4.339492262598872,9.203162713080644,-2.4158958978310228,42.05477245571081,-64.46307949977022,-103.96032177171561
1776353236287,-4.502296806445718,8.537125154224038,-2.443727761477977,45.834346425396575,-70.36212264061348,-92.30454248138632
1776353236303,-4.894496965900063,8.001572754889725,-2.176325801950693,44.7294301384582,-67.8780374809932,-88.5604445142496
1776353236320,-4.960937815535068,7.822756402918696,-2.014567698416859,39.172490682573375,-62.278498135255006,-86.02482557734157
1776353236337,-4.824169045698643,7.518992067286372,-1.7681139805026351,28.78261182282508,-52.40688378444352,-81.3744912809384
1776353236354,-4.542100993567705,7.301418406897783,-1.8361990902133285,22.07158213307237,-44.25776118003921,-75.97442077972126
1776353236371,-4.276044749560952,7.015011448779702,-2.0712800579808652,17.357260916977214,-36.06241185533226,-66.54710681932451
1776353236387,-4.237588469916582,6.804621562415361,-2.1972751395422963,16.666380452241256,-32.47662742787268,-60.27652187820008
1776353236404,-4.302530605426431,6.396708870044351,-2.3828254028782245,18.44535274044256,-29.100297581500712,-55.83561142703324
1776353236421,-4.313603788104653,6.078579616712033,-2.3717520740695295,20.87510545276268,-25.442748356431807,-51.0399511956597
1776353236437,-4.346823920661211,5.932234040234983,-2.305612253207713,21.925694415042773,-21.49861805416751,-48.20946616209306
1776353236454,-4.308665162658691,5.672911780658364,-2.012173423691466,20.907246615449466,-18.04939984406775,-46.54915645788967
1776353236470,-4.172496112281084,5.539136055158078,-1.8535574906408785,20.016827296753462,-15.698076486439597,-44.37917803781995
1776353236487,-4.112490848651528,5.595399501910805,-1.7922057808384297,19.67973526309853,-14.414509771570366,-41.774277077065896
1776353236504,-3.9841017846256492,5.717803354047239,-1.717387344284728,20.381395473892063,-15.241281972485606,-37.14121291397909
1776353236520,-3.7942122499763964,5.9169710046514865,-1.727861757352203,24.446570388627325,-17.22984544555792,-26.83777009817731
1776353236537,-3.6471190700024363,6.001367489954829,-1.6476560748022049,27.34526339879301,-19.70703552921107,-15.291919287444788
1776353236554,-3.610606325641274,6.020819501660764,-1.4471414665684104,30.14575707171413,-22.192339877598194,-4.201908044842926
1776353236570,-3.999664095416665,6.046557461768389,-1.1890172576699405,32.82479632081408,-24.830683152075917,7.530140979740134
1776353236587,-4.226066958948969,6.117486270472407,-1.0553907313819975,32.42043546157098,-26.506799621566,13.260236830142182
1776353236604,-4.692036703491211,6.637027153943479,-0.7236436523899435,28.978146478384204,-24.931995348034718,17.83107967743746
1776353236620,-4.922628835406899,7.1930804895147675,-0.528516144021973,20.71113822400006,-20.454150648931037,25.963970337279235
1776353236637,-4.9835319246590135,7.420081026679277,-0.4891618926245719,12.9357405190904,-15.00792855949212,34.699065115862695
1776353236654,-5.069872822028398,7.6768591547310345,-0.687880776548013,6.917446117320133,-11.49190597666776,45.638746883040334
1776353236671,-5.484966365814208,7.7314762955814595,-1.1543008221410214,4.868581465386715,-10.038518560917208,55.21576151457083
1776353236687,-5.9023068117439745,8.059332869940995,-1.3500273193154484,6.496258660169889,-9.768210409419368,57.10789125429903
1776353236704,-6.580014934650063,9.374797044593095,-1.1429280719943344,5.480265459809553,-4.79583738940514,60.60336009036353
1776353236720,-6.530035974994301,9.694572603827714,-0.8969244359351694,-1.2521241524684892,2.7815834404302917,68.72988501389885
1776353236737,-6.605005583521724,9.705347095820308,-0.7282825642369687,-13.765136366420572,17.5259734196657,81.8504598434399
1776353236754,-6.77379563151896,8.977508622089028,-1.079332090396434,-21.117141743738543,29.524172291202532,88.18242769463524
1776353236770,-6.754043467822671,7.803003070178628,-1.5485954696565865,-25.28819654344005,44.866010016196356,90.9668567626285
1776353236787,-6.768706783947348,7.2728370400577775,-1.684916057334095,-24.43057750068574,52.27234613326719,87.98211190665711
1776353236804,-6.711546388354897,6.604855361396074,-1.8460754643224178,-18.638466093940917,55.82876074729572,82.68424152599087
1776353236821,-6.586449351611733,6.736985950037837,-1.4855987691260872,-10.454932996498083,51.34456738735851,77.96143209230468
1776353236837,-6.5502382205456495,7.089383091413974,-1.2017367462504653,-6.966655922742783,45.01557066845213,78.92901035050703
1776353236854,-6.6633630799442525,7.7904346805065865,-0.7094285184241831,-5.300304489331704,36.86394138462242,82.09250808724681
1776353236871,-6.90772128688395,8.149714567133783,-0.41987975514903664,-7.692493722537691,25.752324973015345,85.65962219261016
1776353236887,-7.166893616595864,8.151210358649491,-0.37169659286886453,-12.93532814641926,21.92037028258475,84.28865296202686
1776353236904,-7.645584311023354,7.982867469897866,-0.5511117875158786,-19.523026817876342,21.13486096199285,79.01465409250982
1776353236920,-8.034193167987466,7.916429542872309,-0.8515839497350156,-28.18093533619678,27.1678782634059,67.04010304342687
1776353236937,-8.053047506061196,7.879169195014238,-0.9904473537631332,-35.06279317973338,38.75283702977862,57.35716242315323
1776353236954,-7.755119036975502,7.839964142829179,-1.110008822080493,-44.45254792988422,53.56927269815297,49.519397407158536
1776353236971,-7.066786059680581,7.7901342362552874,-1.3675344074986875,-55.7261542304892,75.08834716888467,46.275860098629956
1776353236986,-6.724415222278237,7.6017410776436325,-1.6361344907693565,-58.11868070428546,83.46605229914721,47.248106791130006
1776353237004,-6.41646103374064,7.204602292743325,-1.9999030671179294,-54.72927787584209,86.1252430185191,47.59809251439063
1776353237020,-6.206519475665688,6.840234727588295,-2.1250002499915657,-48.689314272043134,82.43934509330006,47.59533311796594
1776353237037,-6.159683490210771,6.781728178083896,-2.097017871958017,-42.09826710034545,74.511373768937,48.07010298226812
1776353237054,-5.987150164031982,6.860585441699624,-1.8977007298804818,-33.31653579010915,60.42163607730617,52.24567082946371
1776353237071,-5.934179036822915,7.135470304328202,-1.6540904186986385,-27.140294544442803,47.62569330882665,58.407112762745925
1776353237087,-5.965004383197426,7.159561374011635,-1.5418619236178694,-20.103135274653035,33.542089127070476,64.95328217650204
1776353237104,-6.221034323230385,7.183054477801918,-1.461506384268403,-12.904486427222068,16.532005018057717,70.28014671019498
1776353237121,-6.420202266095578,7.097312130847573,-1.2057760117039085,-13.557543865655436,11.061679191037825,73.17611959752371
1776353237137,-6.579416676495969,7.105093286243081,-1.1487642308019101,-18.168670314901807,12.40813231136901,74.3879249298782
1776353237154,-6.6109902108892795,7.109882274085283,-1.4848502888463437,-21.431702690868896,17.771556286368096,78.63144632912625
1776353237171,-6.742072459521889,7.216573885565996,-1.9357083889745175,-19.41371305530487,21.343868165689823,81.42202256737251
1776353237187,-6.778733380182087,7.214328736987709,-2.067090351206064,-14.533904893356773,23.520789473050872,83.6953280892062
1776353237204,-7.1226008858829735,7.225701779395341,-2.158069868161529,-5.570311258732416,21.639210668043052,84.30288707625716
1776353237221,-7.5724115227848285,7.328501644134521,-2.1836580445349214,2.332105339737854,15.486928018437823,81.4758034768972
1776353237237,-7.891588531604409,7.4051166817814105,-2.148941682071239,10.845240741523876,6.967321866186859,74.81856835704751
1776353237254,-8.554183841052652,7.727136805072426,-1.8376953201204538,17.749677482909252,0.9647719042271173,61.9838779254065
1776353237271,-9.068637922778725,7.955484957453608,-1.3628956417821347,14.567792876923791,-0.9707748934556181,50.66597443293941
1776353237287,-9.21273893519938,7.9939406525760885,-1.250218818411976,7.818691712737431,0.3551516407898273,37.59378466347872
1776353237303,-9.260323693194985,7.989601162067055,-1.4000056213840841,-0.2637403910023435,3.4589610480639594,23.567636033020698
1776353237320,-9.228601105719804,7.796868512946367,-1.9346606334872543,-6.145215965135206,4.888151238019271,0.03961659128995489
1776353237337,-9.282769626019894,7.887099403491616,-2.231392586264759,-4.650087128932592,4.400847549703303,-21.63233949773802
1776353237354,-9.427768171802162,8.963742547065019,-2.550569448953867,-0.2723965085169975,2.2400375913772557,-46.685760241289934
1776353237371,-8.735545201331377,10.390388045832514,-2.3214742775976656,1.6021303662966224,5.164140399359268,-52.08895896914694
1776353237387,-8.216301839502155,10.394576729694009,-2.2574287986665964,3.240374077169218,5.067576038647275,-48.751632918030325
1776353237404,-7.578846524268388,9.752782800734042,-2.2203194035865366,4.238577622949432,-5.072463465885241,-47.66207089634614
1776353237420,-7.239018941608071,8.888623885455727,-2.7172657395422455,10.44367257587767,-17.027285940437437,-49.750688103022675
1776353237437,-7.0488301317512985,8.47158446829915,-3.020581308493763,23.30982029751481,-28.07202626233363,-53.38601530762694
1776353237454,-6.764518976868689,8.014592395460605,-3.070111501468718,40.98078326533425,-40.09206637128887,-59.534940919255114
1776353237471,-6.528989096289873,8.098986834937334,-2.37594236536622,48.34144249233063,-47.4886114121845,-62.290560249329246
1776353237487,-6.437260660663247,8.175302012854814,-2.054222101804614,52.01387469960099,-55.31392499332225,-63.517118790290965
1776353237504,-6.363788889478147,8.54849819663167,-1.521062588956207,52.865107515481334,-68.82975603994278,-63.2519640165219
1776353237520,-6.111349959674477,8.913913225013017,-1.2942119816564022,52.42423929512452,-80.76495836921728,-60.40388441565331
1776353237537,-6.001216683307289,8.997411592432856,-1.2373496922276914,51.155709241713076,-92.23274353283115,-56.261682042553225
1776353237554,-5.987749298968911,9.0140207819283,-1.0969900582924486,46.669603428808266,-109.43100276857234,-52.25904775495318
1776353237571,-6.164920806342363,8.866778548872471,-1.1406840924598276,40.0517443495237,-111.71102919654932,-49.87328999862441
1776353237587,-6.354211790576577,8.959403056555987,-1.2973543713353572,32.64887455345664,-113.53270895008342,-50.88944797729847
1776353237604,-6.515820402637123,8.47128577761352,-1.8124072957374155,25.89838515332148,-110.27051497983695,-55.9799572298577
1776353237620,-6.7363862305790185,8.210916347071528,-2.0834005577549335,19.320798576930603,-103.92212052368772,-62.2993848537369
1776353237637,-6.775441645160317,8.072202872908115,-2.2297461342319846,12.084869703236063,-94.11569691340944,-70.47625510164438
1776353237654,-6.844125889807939,7.764847234785556,-2.6041403686869886,5.171046574383797,-76.45939836173801,-84.69890827452367
1776353237671,-6.668899671283364,7.856424863764643,-2.8633119677465406,1.1316791025406032,-59.93019030614541,-94.11054695077524
1776353237687,-6.525846122089028,7.944262721693515,-2.8796224665563552,-2.6722863264449246,-41.04041081678846,-100.92363332710627
1776353237704,-5.9491422126770015,8.174254549628495,-2.8778268883764744,-6.6007716535284855,-23.811041776925148,-104.23602235756317
1776353237720,-5.511601274761557,8.270171669116616,-3.0385373094882815,-4.932475323751245,-17.602124906269466,-104.74243307319543
1776353237737,-5.3200663109928366,8.347236204096674,-3.0520052052833138,-0.25406193290715606,-16.082103872523565,-103.15184594003954
1776353237754,-5.071816941833496,8.477419750323891,-3.0029239251196382,7.38545110613623,-20.849630554705822,-97.80108940462989
1776353237771,-4.961235337176919,8.472781569129229,-2.938280188034475,13.519484344052833,-26.225517063619243,-93.37830286042568
1776353237787,-4.975301271930337,8.515428870722651,-2.7922343982215967,17.505732154060368,-29.730259589029327,-89.31975664427992
1776353237804,-4.949563604083657,8.346637069159746,-2.5763068976048378,19.792452167423956,-31.443363240422322,-83.95129625854159
1776353237820,-4.859032269287109,8.009353325763344,-2.394347571432963,18.992365515595957,-29.34051533461006,-80.69546802460158
1776353237837,-4.652983042475581,7.6412465740799895,-2.3108497154697774,17.733527500616756,-21.534947830362807,-75.82871235415737
1776353237854,-4.588787341418862,7.448961084204912,-2.308605809000507,16.969027841911814,-15.425418749867273,-72.43074788358939
1776353237871,-4.584747126117349,7.332692666083574,-2.1977244176797566,16.58424571992456,-9.182483268276693,-69.29796550754715
1776353237887,-4.352807671245932,7.439832605853677,-2.028034790494293,16.45252893687545,-1.3044986833543815,-63.85981670170719
1776353237904,-4.212599574610591,7.525426484248042,-1.8661269032262264,14.849300831113158,4.678678300798265,-57.96453699509661
1776353237920,-3.8241403552502393,7.62553433342427,-1.6600759228490292,12.779441031444767,7.995615810355564,-49.26383904917334
1776353237937,-3.5841204697757956,7.611767089356482,-1.5649064799230545,10.133616992278588,9.504858805591187,-35.406525864808856
1776353237954,-3.506909219801426,7.582588341145217,-1.5598188744604586,9.210594619353174,9.24836898055793,-23.90977045383039
1776353237971,-3.462614735522866,7.682695021277666,-1.675937728043273,10.646904000857754,9.25787575010894,-10.35480839968122
1776353237987,-3.7488714715152978,7.706038487464189,-1.703470754874125,14.768907797034817,9.961424508207982,8.191271701772457
1776353238004,-3.9996635108947753,7.719954784613847,-1.578523794126138,15.994134451108383,10.460464595952146,18.171077956584234
1776353238021,-4.375104843249916,8.006511088074744,-1.2214882523596287,13.923928019339614,10.179456953119482,27.53317044059652
1776353238037,-4.727501984626055,8.224533076752722,-1.1469685064915567,7.75350438729883,7.444738001905587,37.47190676792901
1776353238054,-5.08124469539225,8.364743511475622,-1.2777520644385367,3.660645862083858,3.0233956158240147,39.4831174407418
1776353238071,-6.137238434168696,8.99217456856221,-1.6730946135718374,2.5246899939057688,1.842411085212382,35.016566459430734
1776353238087,-5.832724156951904,9.520842761340736,-1.2859824979715049,-5.935629476019249,6.472542535824312,37.20880788110012
1776353238103,-5.418977936121821,9.263467251917719,-1.1991922493994236,-8.927600245245682,9.395012288264457,45.664394243373735
1776353238120,-5.334880433765053,8.724771293860673,-0.9617173722326755,-5.4161338254845415,15.044439335700423,58.88527381597101
1776353238137,-6.080823888507485,7.355886494666337,0.5292715654991567,-16.006059961399227,23.255149755850738,64.47825618010599
1776353238154,-6.5759729657828805,6.978500457984208,1.0338498576380313,-33.85877426303271,36.704678448650654,57.17938967453072
1776353238170,-6.788758222851157,6.982989586097002,1.0905622172020375,-52.11130734811122,53.20689018154877,50.58542601205745
1776353238187,-6.251410756793618,7.67311821463704,0.4121054678857326,-66.0679758792373,66.23974147648477,50.7065423415147
1776353238204,-5.939117662268877,8.045865485602617,0.08200491399168967,-68.53525877349934,68.65729376339995,58.22584637236296
1776353238220,-5.61170883167684,8.544457396808266,-0.2678476574681699,-69.79241656194272,68.20115324005899,68.47895752417092
1776353238236,-5.581783649012446,8.766520769831537,-0.7408524152137339,-70.49667053707356,65.30617756034908,84.58802698353769
1776353238254,-5.690867708587646,8.801685022193192,-0.9775785198397934,-69.85108788691312,64.15699140230527,96.20675932780884
1776353238271,-5.8922799232482905,8.728212374225258,-1.4056922887183725,-68.37931872455877,64.85546020720912,107.04388580459873
1776353238287,-5.934778171759843,8.725818757086993,-1.7534502259865403,-63.82496907656178,62.13822654027045,124.03299781776497
1776353238304,-5.901109710913897,8.811112191230059,-1.8267723595678804,-59.230362293596734,56.37621406965058,139.50313040103373
1776353238320,-6.2614370607674115,8.745123177015781,-2.0359660218849776,-53.666753157987394,46.21906024549213,151.06848481694124
1776353238338,-7.125593637958168,8.719533977729082,-2.5044809208653867,-41.02316117403959,30.856281160503045,157.20728125803026
1776353238354,-7.510161695098876,8.806922338324785,-2.611172386215627,-31.720655260346497,24.635320958793336,157.31976081328204
1776353238371,-7.873633188197016,8.786273518049716,-2.5567047368384896,-26.406535859644798,24.56951037859297,157.11708177985108
1776353238387,-8.287379701288044,8.353070901599526,-2.6357130262974646,-19.93899387606658,27.52802560060421,150.00491508014352
1776353238404,-8.492383510699868,8.055890620532631,-2.5881283413670957,-15.440011449029004,32.69759429280634,138.00169089692486
1776353238421,-8.769662282727658,7.445369781714677,-2.2970832751195878,-12.557032142822582,41.09902408515092,114.57479091175226
1776353238437,-8.58441092927307,7.177220364820957,-1.956657726566121,-12.385871017316646,42.564034775321545,97.82640891588312
1776353238454,-8.461557872064411,7.125294362750649,-1.8472723459567875,-11.379308600652806,39.12974735874744,82.63595208855888
1776353238471,-8.30368961557597,7.1229001610904925,-1.6756379413791,-10.343244889416388,28.19847526198537,62.653058879149334
1776353238487,-8.04796011979431,7.144898057886958,-1.6258090577185154,-9.377042914331799,17.849171141001534,49.671836984149465
1776353238504,-7.904756056213379,7.145195579528808,-1.6365826729282735,-7.859979352496512,7.937387593907559,37.875475325228386
1776353238520,-7.599346291461586,7.209241642981767,-1.800735343448445,-4.3435392743591335,-1.3468092506633775,25.377772766857476
1776353238537,-7.3674080056339495,7.302914782935381,-1.9113174595616758,-1.7998566588056755,-4.945868470939994,18.13204171793032
1776353238554,-7.310395494079589,7.445219559589028,-1.9500733066745102,0.9412626065473451,-7.78858082378143,12.111533907982146
1776353238571,-7.367706988580524,7.524079161292314,-1.9663840246800333,6.794276462243647,-11.965859633364113,3.5137314812446454
1776353238587,-7.482029825592041,7.557447762408852,-1.7265151650488375,8.95957492207145,-15.853203742868926,-2.7382826024133493
1776353238604,-7.441029414422809,7.568670582690834,-1.6172794220432638,8.146065240977082,-18.339798997009183,-6.391604367272838
1776353238620,-7.472004982922971,7.706788429048657,-1.593038203299418,4.854275634170123,-19.926322167608916,-10.814380239306466
1776353238637,-7.698106817682087,7.812131548529863,-1.9957128488864748,5.068364925496411,-21.371740460145354,-15.855756526071218
1776353238654,-7.817816900689899,7.913286568671465,-2.225107368515432,8.17933594619786,-22.451776075484666,-21.772716960654705
1776353238671,-8.073847717505693,8.290973049604892,-2.4064685095984486,10.414943092681304,-19.204629011979733,-32.45476057724488
1776353238687,-8.010401081250608,8.69544290804565,-2.4396879845678803,9.4205127995307,-17.265680033038393,-37.46371737111417
1776353238704,-7.927800539453327,8.759486633411049,-2.549222418259084,10.278887431961943,-16.597030126503533,-42.0054619049979
1776353238720,-7.83682087636739,8.670154153010248,-2.8194681498449294,14.29174736652314,-21.836557031279522,-50.76203421342647
1776353238737,-7.630620550647378,8.633043442755937,-2.9771862572729586,18.075199176110182,-27.323210425510332,-57.855513515564866
1776353238754,-7.453299697931111,8.60521084845662,-3.0737022925022988,22.923516750889938,-34.01762738765428,-62.947453692755225
1776353238770,-7.071874322730302,8.455874273470044,-3.1269736447669563,30.596593953164575,-43.48203952052794,-67.40185035243825
1776353238787,-6.545597993524372,7.982868054419756,-3.1239807465612888,36.47945296076948,-50.60586535314871,-69.46841970847399
1776353238806,-6.303185075433552,7.8739318788826465,-3.089414167831838,41.862943177776415,-58.70837874665685,-70.45538204354084
1776353238820,-5.932981643731892,7.9949887003242965,-3.0789392433077096,50.28521870746788,-72.34203055646009,-68.73389433494165
1776353238837,-5.626523538970947,8.434923255378008,-3.127272335452586,58.60976447542021,-86.0027708965116,-63.535280263294034
1776353238854,-5.621735427911579,8.706216230994462,-3.0529028847754,65.92923424662682,-103.37090376710019,-58.99967265437955
1776353238871,-5.903204052844643,9.330805342653393,-2.9327443273477254,74.1485609504151,-123.50488759113959,-53.107490438557576
1776353238887,-6.348824252319336,9.965117391425371,-2.6339174481175838,72.44162154474805,-139.27874502642047,-51.831214950627334
1776353238904,-6.634481853374838,9.73647054835856,-2.538897715860605,64.17052200705106,-136.5166165260673,-51.15242733581688
1776353238921,-6.95844785003662,9.504084518763422,-3.090162794242054,57.88011585695526,-132.37328717175419,-55.61461041115373
1776353238937,-7.108684004211425,9.089887047034502,-3.453482823105529,52.992009015165586,-123.36128969402924,-61.60679001151927
1776353238954,-7.0661869247436515,8.821288132807611,-3.601624270023405,48.04557918805318,-111.76334161540244,-69.40147019422952
1776353238971,-6.928819604492187,8.29875478952229,-4.020759125089272,47.25928781080132,-93.16628012821015,-82.91338071226646
1776353238987,-6.689400022998452,8.310576160219311,-4.112038063382729,48.07722003938327,-76.11025958193447,-92.48512585285229
1776353239004,-6.477064263263344,8.39407335859537,-3.9299288073461502,46.363450444546196,-59.60957439631584,-98.90914416349189
1776353239020,-5.93776917026937,8.593239840155839,-3.4389681216713037,42.37991336586551,-45.1572731880678,-103.64230133377065
1776353239037,-5.676203223419189,8.718487099024653,-3.1595949346475303,39.99935338349512,-39.08743092174462,-106.64968826684061
1776353239054,-5.4496513068050145,8.702475290900468,-3.0916592433448877,38.626826869781056,-35.45999941582089,-107.96825628611158
1776353239070,-4.90272761862874,8.6114973813802,-2.906407889890298,35.596978859625494,-35.97716767939591,-105.59238181351182
1776353239087,-4.525789325714111,8.557177762171625,-2.937233601590991,34.987299098837234,-38.456874687758216,-102.22492096777711
1776353239104,-4.344577603039145,8.543260880500078,-2.9394782387126237,35.10618195643589,-40.55520100833993,-96.86624141293025
1776353239120,-4.118475768280029,8.538473646223544,-2.8341330003395675,34.13415724508386,-40.078733842029,-87.66094958169394
1776353239137,-3.8524189397513866,8.484902799555659,-2.4958026704996823,30.840325838601895,-35.40591797797273,-79.37281555220694
1776353239154,-3.6252708108097313,8.332572303450107,-2.4211332139626145,26.528955047686228,-30.727668698431703,-66.82408465054687
1776353239170,-3.360112392425537,8.025066443201899,-2.2997767519872636,19.842949463505153,-23.448707071645142,-48.359122436997204
1776353239187,-3.434033953204751,7.616855060145259,-2.3303031154152003,15.818031683737946,-19.770178920540545,-36.64331944424184
1776353239204,-3.6463685438960787,7.464972307807207,-2.4296627035073937,13.96526432419653,-19.109523750429183,-28.702695194441343
1776353239220,-4.025101903533935,7.33508745226562,-2.7141240074504167,16.911652545336413,-22.397334345157788,-21.834234766961718
1776353239237,-4.217834552654624,7.534104880744218,-2.8770794310100376,21.316159795774375,-26.040306238990592,-16.36391064748912
1776353239254,-4.240729690551758,7.653067360255122,-2.7801138984475284,23.811063975039954,-27.03468957459065,-10.034779886120273
1776353239271,-4.302079939049482,7.71860804618001,-2.685243657663837,26.01596515233596,-27.76095724941645,-0.8021756224969673
1776353239287,-4.476109641265869,7.796869389729201,-2.7266931643074375,28.741412121751562,-25.895296200269343,5.738839773200135
1776353239304,-4.646995200237631,7.778015051655471,-2.5803477704934776,34.27342821735501,-19.69370129240391,14.842470641943146
1776353239320,-4.7370776222229,7.664290765058994,-2.346314887006767,36.02809356984753,-14.85478547301668,21.740927552710176
1776353239338,-5.108778014484048,7.607877388441562,-1.740282189920917,34.80222146289739,-8.367465822923045,24.547023688297994
1776353239354,-5.7998038841247554,8.831464074385165,-1.1523558986183255,26.306961946829766,0.06671824830803659,25.701294922178885
1776353239371,-5.74578412464559,9.414601231715082,-1.037434365061298,19.303854585147096,7.091485740674405,34.36805707321095
1776353239387,-6.2018801254272455,9.948807477137446,-1.3808528848856687,18.45883894895875,11.27871101323592,45.16377211306306
1776353239404,-6.337300987786055,9.10335501589477,-1.5617645286355166,23.302844966824935,6.0236415861167405,54.26621154068273
1776353239420,-6.140678345489501,8.768017730391025,-1.3628967377606778,19.811750866923827,5.842260363178352,66.83327125498054
1776353239437,-5.685481923896074,7.5757058881551025,-1.6192257338054477,18.62208559276393,7.8202797317194594,80.9784427619152
1776353239454,-6.16671645758748,6.297650529921055,-2.6747693907268344,38.836701507502625,7.492931816689197,88.34329914015656
1776353239471,-6.386831619152426,6.107910048353672,-2.8579258177287876,64.34667941593487,10.308049778396958,90.71452225393153
1776353239487,-6.546046614074706,6.618922465193271,-1.377859986680001,81.79240323549479,1.5826777740970146,91.48953698886372
1776353239504,-6.008099428558349,7.365763745558262,0.05880991636514663,101.95638525036888,-43.6541978536527,94.54179826478068
1776353239520,-5.6495677299499505,7.6324179554581635,0.6581088116839527,107.37466503591328,-77.50881594657545,102.7622792705387
1776353239537,-5.736356371086836,8.402302842280267,2.548779496797174,83.55257030536376,-85.34460020771084,109.65959553971433
1776353239554,-6.615327655571699,8.313567743250728,2.5694294861160216,33.59631399889121,-61.08609737033252,107.34451658091685
1776353239570,-7.008875137981772,8.065169905531405,1.8004422787860035,6.326198048893972,-34.355578317597335,97.6022216167558
1776353239587,-7.219864159283041,7.418287128999829,0.3087047146439552,-9.990253882920959,-7.381427270941447,83.64622585926297
1776353239603,-7.115267474254965,7.132479890340567,-0.2853562800213694,-18.363655140232744,15.04314159975812,70.38893796329495
1776353239621,-6.610090339440107,6.902934637129307,-0.9557327448651194,-24.607885796444688,42.86231255147059,56.664099712977446
1776353239637,-6.114191905102134,7.075466794264316,-1.386838973557949,-26.937907501598865,57.41347733285998,51.748450133359704
1776353239654,-5.608565857475996,7.555953139936924,-1.6394272487044332,-23.27363224774479,62.337982252736644,52.0567375517374
1776353239671,-5.3182694907039405,7.840114949476718,-1.660376659361273,-16.289692104420467,52.42010703067667,58.46674031420014
1776353239687,-4.925770056042075,8.417716099989415,-1.5007130438886582,-8.38074114934861,31.937957728790455,70.54095748365192
1776353239704,-4.999990307506919,8.799592433828115,-1.487544642496854,5.567970211394394,-5.683787167829362,90.91297340026627
1776353239721,-5.236417136925459,8.849719277521967,-1.5221107828348874,18.577844749962466,-36.30228468388852,104.52717283131331
1776353239737,-5.936422431835532,8.774752007082105,-1.4294856906294822,31.00899052996619,-63.6813780096406,114.54440340013488
1776353239754,-6.6804205977290865,8.76412773721516,-1.1906640750288962,41.35897766986702,-88.79226113467983,122.28632720169595
1776353239771,-6.940938496831059,8.724322381049394,-1.1210827354110777,46.333810838642925,-96.6162974704428,125.44486622109831
1776353239787,-7.473498728612065,8.579174489924311,-0.9281997180342674,48.28813969604785,-97.53999176322782,126.04534913216915
1776353239804,-8.024315040312707,8.366838730189203,-0.7185574351668358,48.108871135997106,-91.9464493235809,121.48152601179335
1776353239820,-8.28169142651856,8.24129336515665,-0.637603637663275,46.116081483375844,-88.47718450826714,114.5896807241429
1776353239837,-8.738235755589605,8.087465323969722,-0.49305342017039655,42.930539311089845,-84.65094668617185,105.0131203001922
1776353239854,-8.960148321965336,7.935434687593578,-0.34610987780019636,36.6134681024743,-80.95895623221315,90.17523100763485
1776353239871,-8.99052417100668,7.902212801471352,-0.28251375007182356,29.36840299699122,-76.79252034793787,77.23384619096907
1776353239887,-9.000998803269862,7.680600094825029,-0.2633601367905736,17.82509472417724,-74.12999649625101,57.465496053578796
1776353239904,-8.853755985692143,7.5957573270589105,-0.5270221791371703,9.656944066518921,-72.44182645042315,42.1406211033887
1776353239921,-8.673891001451015,7.652169534632563,-0.703593967051804,1.230969349061667,-68.99072993830164,29.832545086944855
1776353239937,-8.037182997453213,8.411580373713374,-1.192010813462734,-14.068345539150364,-54.00878854105412,30.834472366483194
1776353239954,-7.040296988944709,8.9436916926831,-1.7295092322982846,-27.423696168579557,-35.38724082568733,31.497144149947
1776353239971,-6.671291534855961,8.953718581178784,-2.131735914922133,-34.51620387630852,-21.774359621150094,30.684037450013662
1776353239987,-6.191702430284023,8.440310793635248,-3.377917148381099,-24.858533248416645,-22.43621007436621,22.329208330828788
1776353240005,-6.390869934757799,8.062474675098061,-4.126404880778864,-7.553128835165458,-32.79930605483159,10.68373067331517
1776353240020,-6.4743680099166925,7.836073565131425,-4.12535770981349,8.442321281131798,-44.82420242828671,-3.829362633640574
1776353240038,-6.822873989073186,7.680600679346918,-3.563917201311141,15.870072602571565,-53.706795141996594,-28.08317313105909
1776353240054,-7.18619423713237,8.072501563593745,-2.879325091044977,8.94676490228309,-58.87469385294666,-50.63893029892074
1776353240071,-7.246947104258835,8.761582728907465,-2.911497029722854,-0.8495300177037532,-60.60105831661323,-69.81684814860385
1776353240087,-6.714386872477829,10.020334836256504,-3.5089999084703623,-10.425464145324062,-60.29308508693736,-80.62794477446683
1776353240104,-5.9938826871573925,10.440518981179594,-4.406676185686141,-11.559145773951949,-57.08737336603231,-82.81190459176757
1776353240121,-5.5897103503584855,10.427796277728676,-4.77418643278107,-8.470973070926357,-53.83322535862811,-80.05819771466105
1776353240138,-4.91364794883281,9.772534379908443,-5.609613174571842,7.943958235889111,-53.816429923459054,-74.25380733533584
1776353240154,-4.659862280595302,8.61134599021077,-6.002860285795852,26.375134064935665,-56.77454387185656,-71.94946543391362
1776353240171,-4.770294832170009,8.135498410254716,-5.93402698806636,44.485158668076444,-58.571378812284735,-74.0546526795166
1776353240187,-5.216365405760705,7.409459094899892,-5.3245535394094885,57.9799595622425,-52.785153321057166,-82.45526626425536
1776353240204,-6.0263531703904265,7.572862189161777,-4.488229045061394,60.36303305422746,-43.12336579664306,-94.20099231576455
1776353240221,-6.408228627446293,8.131009866663813,-4.0880980926077815,58.22994448586497,-32.63059696723769,-105.50130124092969
1776353240237,-6.521355240410566,9.60748585652709,-3.490744924529269,51.3981877874377,-22.256873212423766,-112.23126421506169
1776353240254,-6.37186727425456,10.348640907949209,-3.1361034382924435,43.99437542526518,-21.051930512637846,-112.84811225938387
1776353240270,-6.305577815788984,10.460119753706454,-3.019386253490299,34.80171261380423,-26.73283619441111,-111.95667011985965
1776353240287,-6.197689103478193,10.22668509184122,-3.315968568664044,26.700416701515643,-41.6554932572102,-113.58015144405833
1776353240304,-6.35346067994833,9.964818700739741,-4.096927003490552,27.3479988895556,-53.13643336516551,-118.36219227822687
1776353240321,-6.345979384282231,9.833287247034907,-4.481794847295433,32.88672564601858,-62.7578408112065,-123.37411678929053
1776353240337,-6.1168842129260295,9.772534379908443,-4.841374301391094,41.36222883991195,-66.07073527566197,-126.79287235569203
1776353240354,-5.732166518181562,9.636066054323315,-4.913050640526786,47.99211929741949,-60.17991568257942,-126.75717778708953
1776353240371,-5.460873542565107,9.574863689863681,-4.7807709988031535,51.61689044466151,-49.64895243533534,-124.49704086997563
1776353240387,-5.009867558398843,9.208552004903554,-4.477455649047345,55.13351920677471,-36.50125150950558,-119.6828366750055
1776353240404,-4.671984095543623,9.012675797060131,-4.2372872219476845,58.30142241552915,-29.569108105752047,-114.65946476689291
1776353240420,-4.54554207393229,8.8859333311975,-4.119821776061505,62.15529518300632,-24.62040553319332,-109.62110742374131
1776353240437,-4.294449005779624,8.631099907472729,-3.799747160815075,67.14792440966468,-24.22020938179664,-103.28732274222675
1776353240454,-3.9273879637569187,8.421756899812816,-3.4775770345941184,70.45827804374892,-27.32172315181856,-96.69056894747752
1776353240470,-3.682580844005942,8.310725797823071,-3.357418184905499,74.03184667787792,-32.598624851732865,-87.58892523689616
1776353240487,-3.324647695812583,8.119189665010571,-3.090165862981975,79.2485334300694,-40.90134133509783,-72.40385059863787
1776353240504,-3.165583507537842,7.889047030428052,-2.752433791296184,81.71022922959037,-45.72586594590385,-59.840359658181406
1776353240520,-3.17321502532959,7.837272127266227,-2.4527093787044287,80.114922435718,-48.26640261901428,-47.38314304611574
1776353240537,-3.1199428693473337,7.442228561079502,-1.9921246882013974,73.47922973251053,-52.11590406542264,-33.05005254454652
1776353240554,-3.1386469852954146,7.226900049269199,-1.7547998870298265,66.91050020392588,-53.36822266483906,-24.00190799818657
1776353240571,-3.1387983764648437,7.180363046760856,-1.662922617517039,59.073800697441705,-50.93616988631594,-16.84008582321302
1776353240587,-3.264792069786787,7.112128007185459,-1.69913477149643,50.78970330975419,-54.840473355529895,-4.48436454155328
1776353240604,-3.2076305051505565,7.132179446089268,-2.175431337329,51.99848628340095,-60.04523118233593,6.899622311794162
1776353240621,-3.2417490478515623,7.203407530000805,-2.296189175824076,56.23762611629644,-66.4873426640869,19.51445834556256
1776353240637,-3.5187282524108885,7.284211543770134,-2.3810336240906267,63.7265460506219,-73.96730139022131,34.428063700164095
1776353240654,-3.9261914474487303,7.2530869221881025,-2.1887491571288553,67.03881213767373,-77.54990636462225,42.374165761678945
1776353240671,-4.110843665966391,7.278525022566318,-2.0636524126466362,67.54014802275267,-77.54218825086014,48.0798564924029
1776353240687,-4.390516931915283,7.545478799934685,-1.9132665112702174,66.34381306886826,-71.95823539680791,53.85087798253801
1776353240704,-4.73109153355062,8.09764155780822,-1.7869726659579201,64.58099588560133,-67.19822192271266,59.13716436237191
1776353240721,-4.926219553375244,8.737641296827793,-1.8365028224002569,65.87266661992078,-60.82016395499807,71.97305007711766
1776353240737,-4.949114106750488,8.889972377455233,-1.9047373870516195,71.32950965351907,-56.08023465215725,85.25666152214693
1776353240754,-5.332786091834306,8.748415788820385,-1.5114900200992822,73.52826366056206,-50.691140264936315,94.64220204557986
1776353240771,-6.047453533825278,8.86049318499267,-0.9403230308199301,68.89337925206145,-40.884883994292686,98.09134512359876
1776353240787,-6.273107040295004,9.072081341230868,-0.6953666387913748,59.79223414528949,-27.409091516586777,100.67649659236771
1776353240803,-6.20636749997437,9.61511562075317,-0.21951902230270207,44.62465845168479,-5.720751297843825,108.01791176137758
1776353240821,-5.672911780658364,9.33903541086018,-0.17073687121607362,18.121383207730513,16.892565581700815,122.65215213364183
1776353240837,-5.511002724346518,9.051730627119541,-0.8352777983067556,14.04293894298521,23.349829838125455,135.5027705664273
1776353240854,-5.527013947948813,8.616584475386142,-1.9523220719819887,24.659974526602497,19.85987125717386,147.80563514853444
1776353240870,-5.854271387371421,8.52829828916788,-2.2071551669131964,44.51249991532401,10.930679577851565,156.5619513248691
1776353240887,-6.619367286351323,8.421605508643388,-2.019808740875497,72.42886958156764,5.621999142163311,161.52509462488055
1776353240904,-7.083693355339765,8.242639519068598,-0.5656310920599847,78.57772006111493,10.611653394551318,161.94648997591366
1776353240920,-7.48921126152873,8.100034882685542,0.6147109109189361,67.15066331552185,24.015115876494082,157.44641984125076
1776353240937,-7.639747275432944,8.060082811525463,1.0027211444027722,51.58169447986843,29.694452322305533,148.91260390731838
1776353240954,-8.107513255742191,7.870040716663002,0.9765345637448132,39.786937915402305,25.991649678890713,135.02807241911142
1776353240971,-8.383445289336144,7.854030662104487,0.6594524813778698,33.9082692288532,5.030477439283527,110.2012841824097
1776353240987,-8.400204700957238,7.873782241278886,0.5367490617729723,33.548581221876574,-19.65936080880438,89.94228057580239
1776353241004,-8.253859124480188,8.103326909968256,0.5401910189203918,30.919262334839733,-43.34083218962709,69.91651426897268
1776353241020,-7.9584750791803,8.78432822920084,0.37424306248128414,25.3076147712504,-68.15693459537233,50.29506442515645
1776353241037,-7.798362258635461,9.086146691462398,0.1313810854487121,21.706887597434125,-82.83887700879995,41.609549989758115
1776353241054,-7.533054787169396,9.347713222834468,-0.5892737603887915,22.039690272290287,-90.26834014640046,35.434474998892554
1776353241071,-7.014710127745568,8.91196793616414,-0.9645645783573389,25.356558199295417,-88.07202451689116,28.416344636130436
1776353241086,-6.762271782463789,8.57333862337768,-0.9938941332161426,25.9081062200577,-78.35145638447992,23.203855035183942
1776353241104,-6.384586178313195,8.009353910285235,-0.9802769651435315,24.52134217701875,-66.65976395949471,18.851940241355077
1776353241120,-6.1164358846366405,7.769934328791499,-0.8942351968511939,21.26869851877925,-47.271093792781684,14.562975886011639
1776353241137,-5.959465453770757,7.737012886920571,-0.8444058747991919,17.33639468906283,-35.759404173182986,14.955407819869308
1776353241153,-5.731717313109338,7.797617285487055,-0.8101393019296228,14.621524267576989,-30.20044639639842,17.13795208046457
1776353241171,-5.767780267876386,7.783252075526118,-0.8891478105843067,13.513528419096582,-32.856420096671236,21.04689837076684
1776353241186,-5.8252405231982465,7.754968814849853,-0.9386775651678443,14.352469455791846,-40.798973874912264,23.975717637814157
1776353241203,-5.989243921440839,7.589471378657222,-1.0627274309456347,15.306479543207962,-49.22510846148478,24.956507189418602
1776353241220,-6.21833967731893,7.331796009504795,-1.1574480341255664,13.840187338794319,-60.2727584439674,23.5027441132637
1776353241237,-6.344632938109338,7.210737434497475,-1.3108265779793262,12.778020352097405,-66.37566224096803,20.126255464993527
1776353241253,-6.556819644762575,7.121853866907954,-1.5875067995920777,11.596982460632882,-69.55312771456049,15.342643687315887
1776353241271,-6.44833150525391,7.168539045715332,-1.8493724600411952,10.889891395675543,-70.6705398325854,10.966211929461265
1776353241286,-6.38159401075989,7.247698507148027,-1.8929168566048145,10.041945608333261,-68.07932315583348,8.87525452922035
1776353241303,-6.0981800969779485,7.231985974231362,-2.194585973523557,11.47363180554339,-68.51847016851944,9.041101767552014
1776353241320,-6.037726505059004,7.25847241461873,-2.361432047846168,17.12846324016013,-71.40836418748685,9.289601125030003
1776353241337,-6.044011576677859,7.256527710291743,-2.3421292353525756,20.874989339546786,-75.03600742927486,8.583425305421446
1776353241353,-6.120326754595339,7.493553090125322,-2.0754748062569646,20.86222883862991,-75.20372272434453,6.938970604715782
1776353241370,-6.252457050976157,7.907451286646723,-1.9312244484934955,15.437260590340781,-76.40868420715067,5.9088803207953635
1776353241387,-6.414214716118574,8.182034535980224,-2.0467446055307983,10.851698685384124,-76.0616013142873,5.6743721789453225
1776353241404,-6.689848351287841,8.691104586580396,-2.43759795348607,3.2147832793398843,-71.9341384894161,6.143327417829697
1776353241420,-7.172130348205566,8.863187246382235,-2.8178275430310515,-6.955535521000356,-61.561915668672285,4.903108071641129
1776353241437,-7.344662505340576,8.84208775973022,-3.0201372179880734,-18.585967552432905,-49.161567211636154,1.9305279960249513
1776353241453,-7.537096463775634,8.565558052504063,-4.084060653785244,-20.446494006871454,-41.336765894686145,-1.0815136042426812
1776353241470,-7.722946367645263,8.182785062086582,-5.197214422827959,-5.216545025766191,-40.92344041215741,-6.461735469010059
1776353241487,-8.035688374981284,8.173356724005938,-5.485566304468736,12.054552201057668,-45.155691999274936,-17.561263299559865
1776353241503,-8.625409879137575,8.770560400611162,-5.459829001948237,27.610232049907193,-49.29077731525987,-32.31307854819672
1776353241520,-8.058882788085937,9.112633131849766,-5.182849651258438,45.37663154345193,-50.732756607549206,-39.69261641805902
1776353241537,-7.800308424267173,8.885331858173013,-4.862026555732265,52.47764454424485,-51.52536590978333,-43.31981228245638
1776353241553,-7.712770133806765,8.019528098297119,-4.453066984656825,57.46024363810706,-56.253328721198294,-57.20619816702302
1776353241571,-7.742996929766237,8.049455034527183,-4.5046920310191805,63.30974058671104,-56.82286746023439,-69.79596826031111
1776353241587,-7.557147318157553,8.21719995738566,-4.380941878840327,69.43424144186724,-57.93959314424772,-79.38437223228262
1776353241603,-7.058705629077553,8.563612763655184,-4.018668874811754,76.4967321757413,-62.711422845607096,-88.63452474598756
1776353241620,-6.580014934650063,8.857350795313716,-3.609260610120743,79.18618746332552,-69.76239105035134,-92.93263301708235
1776353241637,-6.354360843658447,9.083302407947182,-3.4234108523815867,79.6401833072671,-78.04243130567187,-94.9862181835059
1776353241653,-5.889736668506265,9.567830137965082,-3.129821727674454,77.78539762682594,-88.81006060765688,-93.74914115122236
1776353241670,-5.487959117889404,9.726893741717934,-2.9833263674631714,74.69365102731715,-97.32973805000731,-88.19979686569458
1776353241687,-5.455338120269775,9.641749945178628,-2.959235005518794,70.89763679229915,-102.80464693396029,-84.07777770159188
1776353241704,-5.784391795459389,9.348609879413246,-3.1314677413158116,66.41530465891078,-104.53328585062047,-84.00267294147844
1776353241720,-6.230311270141601,9.343222341156006,-3.281254982679337,64.05887573487804,-101.29553712741347,-88.1113049348079
1776353241737,-6.2780462502628565,9.362077263751626,-3.2463892018076033,60.01829291624941,-95.80184522324296,-92.04444887779223
1776353241754,-6.183176009479165,9.357737188720703,-3.1323656400036066,52.287041285266476,-83.77443534017328,-95.27376231737426
1776353241771,-5.876719366022944,9.0523280084908,-3.0867260247264054,45.3598736743233,-73.44379471109652,-96.45332232665713
1776353241787,-5.792323172980547,8.876652877154946,-3.152417078907415,39.258844764249844,-63.15490019822685,-98.4204851095125
1776353241804,-5.5936044351875776,8.626308581542968,-3.3165696763623504,33.15490960868455,-45.18097052939316,-101.5387874845143
1776353241820,-5.148581617084146,8.375066460308432,-3.4774299542736262,31.20952146890318,-34.32888935341551,-101.81140082485703
1776353241837,-4.919785136413574,8.316109244427084,-3.5375841248545794,33.39433505985018,-26.289169304041884,-99.4679970715715
1776353241854,-4.4087727195739745,8.215253499493002,-3.504514214423671,39.664219906584684,-21.68541860532548,-91.75583923441334
1776353241870,-4.118625990405678,8.050951995086669,-3.23860833867304,44.027648691806895,-20.79677513581368,-85.06284124406947
1776353241887,-4.015824956622719,7.950095665630697,-3.084481533735245,47.635539026515225,-20.843633648614553,-78.01683858685183
1776353241903,-3.894768719702959,7.749282293646037,-2.697518763477728,49.909104095537366,-21.82488936062985,-68.16765116218008
1776353241920,-3.7270249658882615,7.641692564281821,-2.342578294294327,49.876418225264274,-22.68127384669168,-57.94789182408929
1776353241937,-3.6332021883308885,7.593210272924601,-2.228554147968441,47.83309541806867,-21.0341071339987,-46.68766927916295
1776353241954,-3.601628069415688,7.464820624376833,-1.9316733613047747,41.35067899002546,-16.947340283749732,-32.54224164013441
1776353241971,-3.732262282019853,7.272087975256144,-1.9909297793284058,38.61169117058031,-14.587515048152202,-23.089288857140733
1776353241987,-3.8545162042915817,7.214477497808635,-2.077719662574306,39.227026328001344,-12.329119829276657,-14.809006130104668
1776353242004,-3.965696359363198,7.081000755254924,-1.8800482418771831,38.405897570887824,-6.988766525746583,-6.075892533267338
1776353242020,-4.02839509986043,7.020696508678793,-1.6672636423960328,36.70112675028225,-6.663433516521475,0.9901629190232282
1776353242038,-4.13029830802083,7.14684130090922,-1.6095037465404718,36.669557615938444,-6.74096854331899,8.38562473460517
1776353242054,-4.228609044647216,7.31997142393738,-1.3804081367928533,34.32888252322634,-8.426227647899957,18.58784756200195
1776353242070,-4.3918642548710105,7.4535978040948505,-1.1162977661568672,30.28571447799686,-9.637804168917254,24.59586807860005
1776353242087,-4.498855726081133,7.605031351360679,-1.0785890900094062,25.31436812079225,-11.144541338501128,30.36311076657686
1776353242104,-4.630536232867836,8.07309806818217,-1.0633262005563824,18.960543664252867,-9.555692488489006,39.481867516123685
1776353242121,-4.759075519019365,8.581715991100669,-1.413927325361222,19.097400164652413,-9.577314306080329,50.73468955108432
1776353242137,-4.956895846667885,8.760233652386068,-1.4649538943737745,21.708308276781487,-9.03692766819549,61.2579995713634
1776353242154,-5.4734466084122655,9.303568668420612,-1.0842756112132221,18.29882639972557,-0.7324216752679773,72.26264326773703
1776353242170,-5.245547368842363,9.204656751030683,-0.4420311620067805,6.853102747130851,7.518283771340991,80.79404131470321
1776353242187,-5.1626493054032325,9.169792358398437,-0.5134079336740076,-6.6549896951600465,12.154748514860817,91.61166077122354
1776353242204,-5.342811226764321,9.459639812359214,-0.7387623110666871,-8.631633634357042,10.560323669165026,101.76266742512898
1776353242221,-5.72663226493001,9.890447058105469,-1.1107616862744092,-3.0902821642620686,7.643911440745036,115.03296683146588
1776353242237,-6.742223266169429,9.476548861584067,-0.4912618605785072,1.824103190028986,3.1055128457809626,124.86953206655146
1776353242254,-7.683143934088945,8.824427599877119,0.2886496955435723,-9.099912257626762,8.756843808448071,120.17474689902983
1776353242271,-9.299977658191322,7.203404022869467,2.0154672776050866,-34.5011535544724,21.17588478569524,103.13311756133537
1776353242287,-9.121011668616532,6.494720915985107,2.1742327751941977,-75.7673431044648,41.405122427899634,81.72617772130235
1776353242304,-8.61179548754394,6.510283226776123,1.475125963493809,-95.8409685468088,49.706558250795226,74.38090349541143
1776353242321,-8.063821998053788,6.9820911759525535,-0.40851241182982917,-97.87501254201693,50.99308585266966,68.41106544382099
1776353242337,-7.632565839496254,7.610867217907309,-1.537677623670548,-85.5141596538564,48.2576292410254,66.10660059899371
1776353242354,-7.398982709071039,7.873033468738198,-1.8209415345225481,-73.25246062187693,44.86131426114198,68.56563262473838
1776353242371,-7.1237991557568305,8.186375195533037,-2.0825079197641463,-62.24821990666434,41.54376502276713,72.68677752462732
1776353242387,-7.183054477801918,8.51034002315104,-2.1939883729565888,-48.39309579792885,37.057826549496994,80.38991268189189
1776353242404,-7.312192314368486,8.6321444480896,-2.237682114863023,-36.92701135141832,31.710167504875944,85.65130985239026
1776353242421,-7.498491131049394,8.529942549243568,-2.163162953516841,-24.72092713475569,23.74367391359402,91.25302802847368
1776353242437,-7.6674319856941695,7.98062290584147,-1.9958677471872417,-8.851289956743715,14.16738498966284,95.69593630997275
1776353242454,-7.742699115863442,7.6378031556278465,-1.8447340596508233,-1.2035941643116677,9.172661456250216,95.47148946365697
1776353242471,-7.888745417132974,7.0003469636112445,-1.560122971973568,3.2341957441781184,8.098534808316609,91.12774186852815
1776353242487,-7.851037033246457,6.509535623279214,-1.30259687509872,4.20503328327503,8.01021021706459,79.90468921306501
1776353242504,-7.779809826117754,6.418706766840815,-1.255909869660437,3.7743894292189033,7.369681053116317,71.31265957683664
1776353242521,-7.444471663831174,6.42259617549479,-1.1821385310068726,4.300313995309885,5.435858984920715,64.75833491721153
1776353242537,-7.261166183747351,6.479609271571039,-1.1357508738413453,5.1353037675702975,-0.7501161340865417,58.27632147032935
1776353242554,-7.262063132587075,6.500107869720458,-1.0811335137952118,4.463319874946825,-5.7869640054315745,52.83662562664238
1776353242571,-7.222409459851682,6.439355002593993,-1.110312846528366,2.6600030849963026,-9.995571185189814,46.503650322544466
1776353242587,-7.395240892194211,6.558168429023027,-1.2491760313607752,-0.5469609617652393,-13.426094313757602,35.54584123330961
1776353242604,-7.396737268231809,6.688502781897783,-1.3944747291333972,-1.192773864005898,-15.434560958071334,28.472796149620592
1776353242621,-7.270442838397622,6.959645535388589,-1.7426813600171356,-0.15186504068785514,-15.512075067414516,23.921984539613668
1776353242637,-6.967277345441281,7.0292270211368795,-2.0560223561596125,3.8372783960017953,-15.207735498377088,22.420077167546637
1776353242654,-6.847267987225949,6.9822413980782025,-2.1477503533948212,8.801242599374092,-15.078376838138924,22.1958232740749
1776353242670,-6.766762956403196,6.77334730322957,-2.2647667403392493,14.977199538416233,-17.845631395464174,21.681048991803966
1776353242687,-6.917747006335854,6.619369624438882,-2.2287040047679096,25.119258644508957,-22.59011984957598,19.86661777652654
1776353242704,-7.010372975324094,6.541707708087563,-2.1556806349374353,32.0988906460143,-28.580262346021573,16.874217986042865
1776353242721,-7.345411570142209,6.707506173053384,-1.8798986773386597,37.62076049560569,-35.09996306919659,11.87167303225693
1776353242737,-7.678355238507687,7.213879824176431,-1.4618113585643469,40.247931288148564,-41.06332951654844,3.2345568904304827
1776353242754,-7.83966428309977,7.491606632232665,-1.3305788878060876,39.31504014564612,-47.053156116744915,-3.0350099256207983
1776353242771,-8.162732454138993,8.140286229053139,-1.2592017508126794,37.45189431366088,-51.36060125643512,-9.438006621542394
1776353242787,-8.478766781018674,8.608650759777426,-1.323845122571662,32.231187995142854,-50.73384602272182,-18.045096824890642
1776353242804,-8.563910869818926,8.659978795954585,-1.4173690633129328,26.251352254154813,-45.37602024152121,-25.610014566563542
1776353242821,-8.738537661145626,8.636633576202392,-1.791762201789394,18.956699975297443,-31.801002190647942,-41.190043186030515
1776353242838,-9.18864815777689,9.48672538768351,-1.968334428095445,11.650975959795478,-18.230476696701253,-57.63160625419351
1776353242854,-9.009382016211747,10.19615609806478,-1.9897324593026189,3.9947317587303375,-3.01618549738142,-64.7633072949273
1776353242871,-8.185177802442015,10.518176221355795,-2.2343899414498356,1.4161765451523214,11.423931080274146,-66.25608611916861
1776353242887,-7.772178308326006,10.06267994003296,-2.299333026807755,3.342660642301802,11.007528597524319,-68.80066626426769
1776353242904,-7.4878662766605615,9.993097869762778,-2.309059397986904,8.558647086659933,9.014320595816395,-67.12573312505131
1776353242920,-6.8848276102915404,9.369560312983394,-2.4404414332836866,17.246405239200616,2.4031452835215106,-62.981980299009635
1776353242937,-6.726211458045244,8.607753518676757,-2.372655306519568,29.947176151785175,-9.612604185974492,-62.262399379381286
1776353242953,-6.577171820178628,8.297854041290282,-2.297237661963701,37.70141478441978,-19.483522711264282,-62.351437725401574
1776353242971,-6.178987325617671,7.646781996375322,-2.210448436304927,47.006072207701436,-32.38897561025391,-61.65436910927758
1776353242987,-5.933730708533525,7.240963061413169,-2.277336152924597,54.41606247597823,-42.590836437624674,-62.38301368993454
1776353243004,-5.920413546320796,7.1981684603035445,-2.252945369642228,61.5243769489939,-52.44691210807438,-63.302439114488294
1776353243020,-5.921459840503335,7.344062785881757,-2.0042472338020803,65.88624503599075,-60.53460057598901,-65.31591057991635
1776353243037,-5.951986496192217,7.797016396984458,-1.6361391669444738,65.61772980915005,-69.81371309177482,-66.92997307324958
1776353243053,-5.972936345240473,8.016087017932534,-1.5720941264048218,63.93037255583342,-76.94267522665143,-67.91786431404354
1776353243071,-5.977275835749507,8.565705936542154,-1.4517853468514978,58.718589879466016,-86.82181986102286,-66.82552582046175
1776353243087,-5.956625846430659,8.981248977661132,-1.5780797766856849,54.742692367371994,-90.81862799726088,-65.39453971764154
1776353243104,-6.047753978076577,9.227401666802168,-1.601721933557838,48.461742614182064,-90.22348629412099,-63.15399861325641
1776353243120,-6.150705818507075,9.450362865447998,-1.7248741198435424,37.15279349971685,-82.35258120027339,-57.96660654241513
1776353243137,-6.313961028730869,9.106196376800536,-2.1495456393137573,29.64278194123439,-72.69136058156039,-56.36479740845291
1776353243153,-6.388329748755693,8.744372650909423,-2.384626022559404,24.221560051705012,-58.68735542439155,-58.71647935101249
1776353243170,-6.46045448924601,8.030300836724042,-2.650382406836748,17.056778697273554,-38.219754425437465,-65.9038191127252
1776353243187,-6.3727674379646775,7.665334136632084,-2.7543805414497853,11.787981870583117,-20.7915773618553,-73.24914798012948
1776353243204,-6.1864703748494385,7.569567823791504,-2.826056953650713,8.22355715220546,-3.484108523927477,-79.39743155397568
1776353243220,-5.645079770880937,7.640195603722334,-2.8145350042916832,8.02171652449512,12.858598655056984,-81.49446355370966
1776353243236,-5.082741655951738,7.6178996007621285,-2.6625031988717613,10.686129777261137,16.81616308564505,-80.46599415905666
1776353243253,-4.852301499727368,7.612364178466796,-2.5631436838448045,15.523766643726285,15.232838151124177,-77.52406775899209
1776353243269,-4.612580889460444,7.519438057488203,-2.4117104288399216,23.444540656251434,6.57921216141334,-71.52157457297982
1776353243286,-4.527586730524897,7.43190005928874,-2.0548247438728806,26.538489991767566,-1.1774393422672789,-67.81257011779863
1776353243303,-4.521901086103916,7.413794493755698,-1.9427464709177613,28.109518878235125,-8.343736038199127,-64.07733773620458
1776353243320,-4.585795173865557,7.395837396782636,-1.811065233478695,28.275069003337894,-15.339431790858688,-61.555085479502274
1776353243336,-4.491075155207515,7.374589149309695,-1.7567466371834277,27.913572703778506,-17.190551367262838,-59.17505142169797
1776353243353,-4.379146812117099,7.392695883886516,-1.710209196283668,26.277477727730115,-15.73350297011716,-55.19163045623318
1776353243371,-4.035877564570307,7.395238846367597,-1.548451092749834,21.28088357625855,-8.584270541331236,-46.873470915154805
1776353243387,-3.686026016023755,7.339723587633669,-1.4582196176826954,17.94361728929718,-3.2140603465049207,-38.19754265025659
1776353243405,-3.594147942793369,7.292887017656862,-1.3747219809152185,15.057022251698879,1.192218164083894,-30.081631840691465
1776353243420,-3.5727480118900536,7.285703535893559,-0.9793791395209729,7.174720133447473,4.52121768099373,-18.468030676034296
1776353243438,-3.538930497962236,7.603235115593671,-0.5241812566228211,-1.807838802067893,9.11275472081368,-8.616742968192769
1776353243454,-3.5734979534745213,7.803151538738608,-0.49799526048675175,-11.82603285444926,7.673878041954821,5.672228780206408
1776353243470,-3.645622693964839,8.213307626122235,-0.9804266027472913,-16.42830737853129,1.4629681434436688,26.650908075316806
1776353243487,-3.9064410373181104,8.171259167204797,-1.7772466966375708,-11.303765000885173,-5.607920414736622,40.67960607388254
1776353243504,-4.01492830004394,8.085666750115156,-2.0308825811408457,-3.156672456768239,-10.658859393226216,52.61825423359332
1776353243520,-4.656274485236406,8.280793893156945,-1.8007396542973815,0.4710048826047605,-11.593354776409958,57.250423641898855
1776353243538,-5.269339747840165,9.670328973931074,-0.8071458192020654,-9.261355731491062,-5.418733139350555,62.491600037359404
1776353243554,-4.936097388789057,9.988308881920576,-0.6001973054632544,-22.925934637856123,0.3452113143090787,76.24711608233402
1776353243571,-4.780474280878901,10.052503413933515,-1.2479786382697522,-27.63721812731791,3.7125877431745122,98.97287665863728
1776353243587,-5.311837411829829,9.726443075340987,-1.8686757109262049,-22.416624506921195,5.572868737689763,109.88894646185419
1776353243603,-5.515793465754389,9.480438854759932,-1.7694659796334802,-18.070701496541727,7.243397685551951,120.0196879444922
1776353243620,-5.990892857691645,9.13028686196208,-1.1902183770880101,-17.986295726326002,5.721199529008107,128.96152571906276
1776353243638,-6.360347516852617,8.964787672203778,-0.9705503747686743,-18.517973019245428,2.4391557483731106,136.12632585651446
1776353243654,-6.891860285407304,8.590992938011885,-1.1388930443245917,-16.39067132865723,-0.6059940199573951,142.68200972378438
1776353243670,-7.200712299567461,8.335112635582686,-1.2026382251348346,-15.231547245371045,3.213977317017823,142.5705137157731
1776353243687,-7.9397730090588325,8.080430018505453,-1.0603332292854786,-17.872216199261157,11.534871281641724,136.77190167648573
1776353243703,-8.167072529169916,8.14686911457479,-1.0106536179024725,-23.204464629567365,22.61659366279895,128.64271980936326
1776353243720,-8.436269993811845,8.573634975975752,-0.9967370284918695,-33.53120522062806,40.70660922676618,118.49497115569191
1776353243737,-8.500764385554193,8.90598009392619,-0.9792295019172131,-43.88986328568023,56.03888468692199,112.1588505494812
1776353243754,-8.511987790358067,8.895507215228676,-1.1170459541756659,-60.21599274177542,77.35722672813618,102.04196752066915
1776353243771,-8.497921271082758,8.786271179962158,-1.2970601376291364,-72.27736232539841,92.23302357058712,92.04875872715851
1776353243787,-8.359505903083086,8.615983002361654,-1.6623255284067242,-83.50250501874757,104.49405324402791,80.14496843787688
1776353243805,-7.804949235810339,8.365939151000976,-2.3217785943064837,-92.15865647090402,112.09957133767466,63.42959674626643
1776353243821,-7.272239950947463,8.078336845618486,-2.676419934412837,-94.3892323292901,111.65110111677163,52.01470115249056
1776353243838,-6.151154439057409,8.262838842010497,-3.4343343243908135,-89.71718486151545,108.7304166050258,46.10403985986911
1776353243854,-4.473866830775141,8.37566734881103,-3.998916564984992,-67.25991902148539,95.56175041353868,55.22366745853512
1776353243872,-3.9882919297918673,8.495375678253174,-4.0864547093149275,-41.23994796320122,75.1224161524647,71.25808636536824
1776353243887,-3.801993113110959,8.434922086334227,-3.5898076485667376,-13.704233277138862,52.321632778318005,86.85545171249599
1776353243905,-4.69233714774251,8.169464977264404,-2.344972276758775,6.209072684346125,22.489866332938536,98.41977476983881
1776353243921,-5.200805433057249,8.07594147491455,-1.9062348956003785,11.7966980457377,7.377225850828242,101.64703915266983
1776353243938,-6.087707802802324,7.680749732428788,-1.5004177142038941,14.244208396126206,2.1537003717302983,98.88183023700101
1776353243954,-6.840983207868039,7.612213956341147,-1.0865198099434374,7.6293853359277115,5.518708325779324,88.14692437132952
1776353243971,-7.025935578376054,7.625532872119545,-1.133206961512193,2.0157751601690572,13.045461531691132,79.89254513672073
1776353243987,-7.254880965998023,7.465120776367187,-1.2921220967050642,-2.0911055299685395,22.555374677268127,69.58142518829185
1776353244005,-7.315484195520728,7.253682257732748,-1.2096719231639057,-11.498250368633053,33.39907521113417,51.31367102664796
1776353244021,-7.254881112128496,7.217171851459145,-1.2942171692881732,-16.575122294740716,36.877157800666396,37.481892504495576
1776353244038,-6.912060923523455,7.262661683002114,-1.7353488251719622,-15.632800368541783,32.254550657198884,27.884819314920044
1776353244054,-6.724714497485756,7.459584185028076,-2.1444582530468703,-5.559538769750837,19.20433189875084,20.62519566122108
1776353244070,-6.691944154523313,7.461081145587563,-2.272098690662533,5.298946135460517,8.300403610557275,17.629044389335778
1776353244088,-6.930167219708859,7.468413388171792,-2.19862677334696,14.608169540202322,-3.1046569377005953,13.868901454065053
1776353244104,-7.3247615808233615,7.578994992828369,-1.9985615163158623,23.846242864360104,-14.642988137043753,5.919936262627498
1776353244121,-7.51584865469411,7.640196188244223,-1.8778039700817315,27.46507003947691,-19.260231874465514,-2.795558007472138
1776353244138,-7.731327096369117,7.977031018829345,-1.495180325007066,27.74947911651624,-20.34172744273992,-11.880687174414055
1776353244154,-7.844004212000221,8.251167108917237,-1.222839959229529,24.015932084099898,-20.938740617712394,-23.838236175105553
1776353244172,-7.807342852948605,8.311321425628662,-1.2629427639719097,20.92121264475485,-19.50886442063232,-29.344432448099063
1776353244188,-7.895778822901099,8.364144084277749,-1.4252996371164917,18.470774704533348,-17.58894947136051,-40.38802529821469
1776353244205,-8.0008247130014,8.47816793834269,-1.5375281321972607,16.027636528987298,-15.261075860700302,-52.14052348228595
1776353244221,-7.932589381165057,8.690802388763426,-1.6015727343454955,13.360335813749659,-11.606945145310991,-62.83877172268198
1776353244237,-7.807492490552366,9.452157932171225,-1.761236203687638,11.175240477499397,-6.372238646541736,-73.42639138909132
1776353244254,-7.649176198035478,10.188225889587402,-1.9542685664072632,11.925133776664266,-5.191727106530126,-77.2230203411346
1776353244272,-7.504326997596025,10.404303173938393,-2.001404411591589,13.695208889697982,-5.264969359434289,-77.58140036688518
1776353244288,-7.265205814526975,10.18224038543701,-1.9984118056468665,16.129529291025545,-9.880975978842633,-78.0652441374997
1776353244303,-7.2490449533209205,9.575010989379882,-2.354250027387589,22.67772727096515,-15.640940246485147,-80.05461186534679
1776353244320,-7.3479551171451805,9.365368121990562,-2.5128657412424684,31.59605553441254,-21.693365530424792,-86.38774084870103
1776353244337,-7.446267607337236,9.35294936992228,-2.4257769481152294,38.41284387327373,-26.128531792499647,-94.19624533429139
1776353244354,-7.31892629879862,9.698762456732988,-1.932122639442235,38.71083819657221,-25.924814570314844,-103.28044474173254
1776353244370,-7.196821721869707,9.904513577380776,-1.7607872908763587,35.59314029331195,-25.592356820011766,-106.98581553627528
1776353244387,-6.926126712146401,10.026466470879315,-1.9815023180305957,36.13930270991368,-29.424704246319635,-108.26466600552263
1776353244403,-7.017256597357988,9.835528888481855,-2.310854830036312,42.86520855167867,-38.82049346860218,-113.7083267740228
1776353244420,-7.124846034461259,9.864709974780679,-2.353351763373613,48.008009732523526,-46.984311225005776,-120.2863385296895
1776353244437,-7.175572597613931,10.219050651440023,-2.205210389520973,50.17109649172072,-52.568346041328034,-128.36329677041803
1776353244454,-7.025337027961015,10.553940193176269,-1.9319724173165858,48.09039547429222,-55.02826257657023,-132.51736318210644
1776353244470,-6.910265710669756,10.73200894165039,-1.8266273981392382,44.351430394316765,-56.24506760739717,-135.31145696777526
1776353244487,-6.563854657965898,10.981753517803549,-1.8420400713264942,40.81691678186189,-60.28744335068293,-133.97946079659604
1776353244504,-6.226720552173257,11.080064838951825,-1.9111727903939781,38.98460242379008,-61.87574920065603,-130.9190169540534
1776353244520,-6.087258889991045,11.023950737541913,-1.880796064569801,35.65514133550274,-61.90551516505895,-127.46531813985811
1776353244537,-5.806538745337725,10.663923247417808,-1.880796064569801,29.673633905715338,-58.33332622914228,-121.9809904250397
1776353244554,-5.556943222266435,10.140041996654867,-2.1236578954719008,26.73979444962806,-53.90259959002793,-117.24773763211256
1776353244570,-5.465214786639809,9.846153158348798,-2.2269079881966114,25.520709843165626,-48.77805550483452,-113.23974847620323
1776353244587,-5.241657960188388,9.234136528015137,-2.3259685202769935,25.76758873826303,-40.423952093248964,-107.9955633824133
1776353244604,-5.079599266272783,8.650100376018882,-2.274193763245642,26.497852073753283,-34.254720329218344,-104.03608906017855
1776353244620,-5.0041830830216405,8.39481862400472,-2.184261271125078,27.330206246767716,-30.04500495126727,-100.96436857531623
1776353244637,-4.81952911093831,8.007855488421022,-1.9840460111640392,27.406509705080513,-24.624324354229614,-97.95174971734203
1776353244654,-4.580408220130205,7.7902824125543235,-1.6588834981940686,26.493636139488093,-20.52038128576536,-96.47434564892242
1776353244670,-4.414160257831216,7.737160770958662,-1.505055895398557,24.2512184406285,-15.651725115184597,-93.97818471484956
1776353244687,-4.038869732123613,7.792975889421999,-1.1752550551034509,18.693160541267083,-8.055614753345894,-88.84609668571787
1776353244704,-3.6381408137768503,7.735814032524823,-0.8240551606878638,11.514480605648297,-3.1329552652056045,-83.43914135381736
1776353244721,-3.438373443713784,7.683440578947961,-0.7398090436406433,4.284856850331323,1.6440955821657097,-75.73061717729765
1776353244737,-3.0334558415055275,7.512704657579958,-0.6700785048104823,-4.582496857566615,6.111854759907925,-61.95047147017597
1776353244754,-2.5863369279056787,7.307700263646245,-0.7625539594121277,-9.511695824950369,8.384742786428593,-47.752516261335444
1776353244770,-2.372205516925454,7.258469784270226,-0.8346795766852796,-13.056787692882304,9.957770357002024,-30.251030777391534
1776353244787,-2.2671605036079883,6.936449953240156,-0.9912009486094117,-15.059057648071542,8.508962583089968,-9.90852981572811
1776353244804,-2.3563445154488085,6.704960580223799,-1.208773732215166,-14.466190397925267,7.380553006727685,4.942575892873225
1776353244820,-2.4827877061039207,6.579414046147465,-1.2577047902531922,-13.304429861619457,7.588760224518122,18.10532372544452
1776353244837,-2.8335376647949215,6.354808587425947,-1.1905175061650572,-13.427374974226979,6.645296802954152,31.40192789782244
1776353244854,-3.2155636362373827,6.4112216717824335,-0.9747403738044201,-15.526939266595756,6.36537387953905,39.67204047318435
1776353244871,-3.3545781391739844,6.533476470836996,-0.8240553068183362,-20.52293577651494,5.926067638068054,47.338074042877416
1776353244887,-3.625421032935381,6.821228998345136,-0.7489372297309339,-28.003767059315816,4.671339262535087,59.03431537384986
1776353244904,-3.7777521135628223,7.207294016045331,-1.0347450529120863,-31.34610817683051,4.7976239107599215,69.8625489443404
1776353244921,-3.794661162787676,7.412297825457156,-1.190667436029762,-33.15695183524638,5.859135199296515,82.18416239571921
1776353244937,-4.141221268573403,7.612661992369592,-1.3198049803353846,-35.93131661949762,9.704889433171473,95.7145554056502
1776353244954,-4.7385745827823875,7.778161474388837,-1.2330150240242481,-39.995648005870386,13.013880444516285,103.16601858256732
1776353244970,-5.118655265375971,8.007855780681968,-1.1870764258004725,-45.859809370622386,18.035908512909682,106.39803677706067
1776353244987,-5.987001695472002,9.242066736492514,-0.8653552854560315,-61.00792585528172,29.421804831016967,107.80127182128311
1776353245004,-6.127659873962402,11.031432617729902,-0.6250374399483204,-77.9263044294033,39.53660465213217,116.1241168721321
1776353245021,-6.101324240222573,11.751039854210614,-0.7876933691047131,-93.53707060768264,46.817306269609794,131.7619715806597
1776353245037,-6.383541345435381,12.337170932659506,-1.4927859041512013,-106.21925657553558,53.008042884242194,152.34089441780125
1776353245054,-6.712744658228755,11.59347262649536,-2.4003378978889436,-108.74197328510145,55.67176884922298,165.85779780412145
1776353245071,-6.909817382380366,11.022605168151856,-2.707694266663864,-108.36296608805745,63.25531763940438,173.99017619977548
1776353245087,-7.581689638739824,9.708936644744872,-2.936340159882605,-110.19619569147804,95.34355319031346,166.26749987129548
1776353245104,-7.625682509723306,8.679728621563315,-2.404527823859453,-121.98891344447692,123.79004798898762,148.49668636799964
1776353245121,-6.396409594836831,9.467122277069091,-2.5682315815683454,-134.7614764754275,140.23722547264836,138.5687332018193
1776353245137,-5.976975976020097,10.321254303851724,-3.121591659467667,-121.86135283153776,132.01692888199793,150.918985636388
1776353245154,-6.305579569354653,11.269058886066079,-3.6876707144908605,-95.19372616068006,105.86023451200303,168.59862977464252
1776353245171,-8.041974907904862,10.936116386744379,-3.0431814089670777,-66.01829991340378,67.79705192800435,167.62911174271588
1776353245187,-8.728361719568074,10.533140566253662,-2.5290268216442313,-64.9963396890298,51.90635386168665,150.15134067557025
1776353245204,-9.553463758960365,9.794081610327959,-2.082957051771134,-78.38624936811196,55.573881993132936,124.7170549235201
1776353245221,-9.31509105617106,9.140613610187172,-2.651130996714346,-99.14966244492472,86.39875111364309,89.25542309248756
1776353245237,-8.992173107257484,8.847025216132401,-3.1488256120203992,-104.6903255600174,117.12792245369221,65.4284174559248
1776353245254,-7.708730795288085,8.447191785320639,-3.5646683347722745,-102.2610936496215,144.10184212768996,47.42443153964847
1776353245270,-6.265775674493611,8.291720653101802,-2.9113503923603563,-101.23263791534683,167.5554686430848,37.03051262300611
1776353245287,-5.738003261511028,8.04376997462809,-2.6244957772397433,-102.62937061947942,177.51376150955832,35.73081983150648
1776353245304,-5.187336587414145,7.6490259759098285,-2.307563095014542,-101.62137130176893,175.35348195811002,33.86568299937817
1776353245320,-5.077353240911663,7.515251127192378,-2.3497603512855245,-94.97263293724674,162.513286393998,34.31036246529185
1776353245337,-4.973803434588015,7.320420629009604,-2.429068829267472,-79.34949045619135,133.42739026636224,35.140920298554576
1776353245354,-5.13047400572449,7.015609414672851,-2.3503591574288905,-68.04376519101439,108.87634359664311,34.60724346775563
1776353245370,-5.3598690368101,6.622513767683506,-2.4899713339976963,-56.05065651795651,79.42449959365644,32.913202874336136
1776353245386,-5.396979162542522,6.363790935304761,-2.6132722080390898,-46.89564170920067,64.80251258076318,30.420136015957294
1776353245404,-5.064334477123618,5.645081524446606,-2.874240481257066,-35.8221975173175,54.09040588654119,30.064812499860306
1776353245421,-4.866513857214152,4.951959559309482,-2.769493720233813,-18.8579712983922,44.85416988327014,27.604347841937226
1776353245437,-4.779274549700319,4.799178981348872,-2.4756052472539243,-9.39968499143039,36.06227525154886,25.26612137204257
1776353245454,-4.742014640233665,5.046229496112465,-1.7778457585092633,-3.338498068889502,26.525452868189305,22.675287185884162
1776353245470,-4.804114538054913,5.804893316218257,-1.265187181897834,-2.956625394045263,6.6232694428808605,22.09030197404008
1776353245487,-4.927864690233767,6.158038061091303,-1.32354570123367,-1.4811273752909113,-8.75408355824974,22.127577731435427
1776353245504,-4.936244396044313,6.690898152601719,-1.6069593227546661,2.26742024664666,-19.418120234866823,21.780628027260875
1776353245520,-4.80950178405121,6.947377005445957,-1.9066837353464214,3.853881305213627,-21.89838561119377,28.655956209950947
1776353245537,-5.014355663598328,6.901737536299228,-2.1136322490852324,5.976390764325416,-19.244472920503004,31.516477000392722
1776353245554,-5.789777726281434,6.8339522863179445,-2.626439951843768,12.383342139776449,-16.23057169451213,31.49133165896332
1776353245570,-6.748356215966493,7.2465014063179485,-2.785505747553706,21.510686998430923,-15.750783348717292,27.921046638277794
1776353245587,-7.3063545481257135,7.550563848114013,-2.819174135334417,29.463383607589417,-16.593015682818855,20.671135513578587
1776353245604,-8.135047159355878,8.12711870444417,-2.8909993814215063,38.05665292315214,-17.21880615231189,10.958982174224806
1776353245621,-8.548645788408816,8.544159290644526,-2.726997444483638,48.617095266854,-16.834392860539815,-7.53957603230486
1776353245637,-8.397062895800174,8.705019130164384,-2.578706140766293,55.39394748963812,-15.737023932634301,-19.524507261378943
1776353245654,-7.8351741320736705,8.69379747892618,-2.194735684192553,60.724821344373865,-13.385782537276187,-27.95834459378794
1776353245670,-7.192030980461835,8.1724577293396,-1.8353060960295144,67.84801196940182,-3.9086261251849255,-34.99704919387742
1776353245687,-6.833050661303102,7.744345714026689,-1.683125022898591,72.95741694029991,3.0661308288003153,-35.32984333099713
1776353245704,-6.508636628612876,6.880487242999672,-1.5150819436440244,81.76082044077266,0.29785563844182333,-36.00573153050491
1776353245721,-7.0827961142390965,7.193828969794511,-1.61234642262049,92.48608207933609,-13.547408718700783,-43.006999863753556
1776353245737,-7.7835488665156065,8.22932118781209,-1.5635650021862237,105.35495077758384,-36.49924684898418,-55.67219232095152
1776353245754,-8.694393106731772,10.989238320600986,-1.0411799813304097,115.92906032981489,-75.16734513682503,-65.06220320319623
1776353245770,-9.318681481878459,12.763939716669917,-0.31768224021717906,113.22953051320489,-105.46807920080676,-73.2916932284695
1776353245787,-10.089314848980306,13.561656613269447,-0.026637100904434916,95.14167328901539,-136.0238866793426,-95.82520447020441
1776353245804,-11.603049433135986,16.49111198207438,0.028729104747623205,54.77748535100404,-165.88793259873955,-125.20119239226894
1776353245821,-10.187028788757324,16.953791452899573,-1.8131607444532214,40.33345891693546,-173.12356179788426,-125.74759386549161
1776353245837,-9.80305898977071,16.284462451282142,-2.630481336189061,36.898608009754824,-166.69550684544518,-128.6325701482566
1776353245854,-9.250447319085895,13.857789431110024,-3.383906671119481,31.76755475428239,-147.2595615243919,-142.754027238393
1776353245870,-9.441085334014891,12.450896680560707,-3.960459993079677,27.346699446066005,-118.51648625157745,-162.562982850399
1776353245887,-9.636212769317627,12.235118671417236,-4.042012779389694,21.03818817202778,-76.90135941236203,-189.40361821293314
1776353245903,-9.260473330798744,12.607118923407793,-3.864692291999608,13.966429725223664,-28.320576846230395,-213.4711694516854
1776353245921,-8.022970347705483,13.314903620147705,-3.364004650623724,9.677100808533275,31.645895424786122,-227.98847698535903
1776353245937,-7.090278578948975,13.475464768981933,-3.0383930787120015,10.576049325955333,63.54976709452363,-220.80778982789792
1776353245954,-5.521477941131591,13.195492227825522,-2.1944372127026317,12.34221330191557,81.75814300661801,-195.14590851232458
1776353245970,-4.22591556777954,12.397176196289061,-1.7218815138988195,16.102039487163538,76.53779527303142,-167.6474166496915
1776353245987,-3.7366006034851074,11.801468895721435,-1.6346427909068761,22.89674240934349,58.65170183692408,-137.339941188999
1776353246004,-3.284246127319336,10.482263780975341,-1.6400297446422278,36.19064182681008,19.111830646821357,-102.20335806056738
1776353246021,-3.733607851409912,9.418490640369058,-1.9538197997264564,51.74184875552689,-13.334526236423473,-82.99353981236573
1776353246037,-4.057273403820395,9.029581923675536,-1.887081136188656,64.25506608859749,-41.900003784212906,-69.67691123288863
1776353246054,-4.523096433368325,8.34050105062276,-1.4838083785779774,68.37946898872052,-66.94907711235811,-60.87192312852843
1776353246070,-4.736181550166011,7.885154114642739,-1.161040067268163,62.84504183634005,-71.66709175324694,-57.6749984459906
1776353246087,-4.670938385882973,7.6279264892578125,-1.1806424472302197,54.45149066720308,-69.08560809606229,-53.73661233281828
1776353246104,-4.480898044586182,7.107636248724162,-1.4671980200387538,45.6405773737379,-56.61215953943409,-49.23268655636891
1776353246121,-4.246416504016518,6.628048313196003,-1.71035956453979,40.657148411891534,-43.96045329075231,-46.831584780069704
1776353246137,-4.111891713714599,6.3959598052427165,-1.7486662065804004,36.7302916580382,-31.325819099900986,-44.55108023885082
1776353246154,-3.7027830895572897,6.117933137457072,-1.6594827792614697,32.615864249197976,-19.412669743909152,-39.297356785884965
1776353246170,-3.3301854561954736,6.078877138353884,-1.4665994696237146,30.480122152342933,-14.465724237514413,-33.01352810795987
1776353246187,-3.238905933380127,6.082319095501303,-1.332973527857661,28.600052819141684,-13.134828580565225,-25.628541454687202
1776353246204,-3.1016888352543113,6.0434139030456535,-1.3036444113902748,28.856787677211415,-16.807094301974566,-13.606711836169419
1776353246221,-3.0178917771488427,6.2099599715083835,-1.1357508738413453,28.29201982531057,-17.746875397802253,-2.7953629201939694
1776353246237,-2.951153990393877,6.2907645697996015,-1.009756157606095,25.63688282321108,-17.968766045821166,10.011973030707953
1776353246254,-3.037344665637612,6.308122239574789,-0.8119350993052125,19.512380260507584,-12.13042194235817,24.2625838754074
1776353246271,-3.4023113657295703,6.378452497863769,-0.6193516493968665,12.147038938835165,-8.480031609313086,34.43978088968525
1776353246287,-3.564667581287026,6.418704721014201,-0.6184539699047803,5.955142899591152,-4.068240815898953,42.610538118285575
1776353246304,-3.9772190393745896,6.637475189971924,-0.6899805983714759,-0.9314555221162645,-0.08070812991466231,52.65759953830718
1776353246320,-4.274399320441484,7.064989531652629,-0.849793705317378,-5.314962502177374,0.03558955444399769,61.546124271311214
1776353246337,-4.436456260791421,7.283909053692221,-0.9665107439890503,-6.8580623182419265,-1.9710107406790283,70.0602077887314
1776353246354,-4.920981652721762,7.9842130392879245,-1.2183506849862635,-5.689277786148406,-5.191105559315655,83.64455246291632
1776353246370,-5.84783813945353,9.033023004040121,-1.16612745353505,-5.227241528893254,-6.532200396242965,89.67748097187017
1776353246387,-6.231957868304848,9.873836699566244,-0.9078528033152222,-9.814176728759907,-5.279857037390801,99.2593143018601
1776353246404,-6.0046583481937645,10.56636011428833,-0.952295317762345,-11.69616534511793,-2.885051414845876,121.09342100277489
1776353246421,-6.06481324942708,10.61678740223348,-0.9781827693432569,-9.261607594716706,-3.638165148204407,135.7570311884702
1776353246437,-6.095638595801591,10.710910039520263,-0.851588918171078,-5.174526982652742,-3.425760992612408,149.13774060274037
1776353246454,-6.32667905600667,10.862044019317626,-0.06599157149754464,-4.888718997494028,-25.38720867319585,160.00050077948532
1776353246470,-5.773917747718095,11.454908789935708,-0.3375843337781727,5.391767979394167,-68.56463541711956,174.33317463951516
1776353246487,-4.976199682074785,11.817779979053139,-1.0323513627085834,35.03587881930895,-112.88391611101308,211.43503541859124
1776353246504,-5.3604696330517525,11.641506881824135,-1.3618533661875873,57.27035413389695,-113.74719055040016,230.2492832610116
1776353246521,-7.1526792132824655,11.079468042102455,-0.7616569375071675,60.265402330231296,-85.61616852911054,242.1062730941003
1776353246537,-7.754969983893632,10.153808656200766,-0.5174482220407575,42.68168478377502,-48.82797735747815,244.46932730162794
1776353246554,-9.314342868152261,9.773429867443442,-0.14335435877181588,6.903179559691269,27.463958426189492,231.2818985804908
1776353246570,-9.063400898908078,10.019135397338866,-0.4338010207347572,-28.543749862265976,79.4468752933774,228.33181693455725
1776353246587,-9.1771254777655,9.95329543620646,-1.3790617636851965,-57.60755032793673,131.9764395205981,195.1197352274251
1776353246604,-9.703101070459187,9.350554583740234,-2.2951431008372456,-44.13086309544955,142.97468332971943,150.62314282267806
1776353246621,-9.418939260919391,8.807219859966635,-2.8896533005747944,-21.876558034153703,124.63916344622527,112.67433175633124
1776353246637,-8.756793741065263,8.710555136981606,-1.8831907046213745,-11.86619948941081,106.22969993477653,73.1773285410068
1776353246654,-8.65518907746002,8.29336549769938,-1.2861368848156183,-19.697258113414197,102.3791671298035,40.91194861887886
1776353246671,-8.13849043167755,7.613412226215004,-0.6108221598520874,-34.1059519789063,101.4767215555264,10.93214977607041
1776353246687,-7.1844009239748114,7.735217820197343,-0.9292510537181049,-49.90123571761352,105.74410763573448,-15.539747578836822
1776353246704,-6.670844667871296,7.772626636615395,-1.2686291390452533,-53.79812501648342,111.05957258370267,-25.281410750499646
1776353246721,-5.833023432159424,7.563731372722983,-1.652748940961808,-52.419266917408756,112.30005105019288,-30.241987606930437
1776353246737,-5.3205146392822265,7.388506323242187,-1.7990945174388586,-46.25672190857558,106.40113768294385,-33.58232235637644
1776353246754,-5.1521717505306,7.368454299816489,-1.784429813074693,-41.986053922471314,102.75038108100453,-33.52962061674062
1776353246770,-4.998344878387451,7.388058579474687,-1.6539458225961774,-40.168653282452226,99.85908004306809,-32.10431381621528
1776353246787,-4.982184309442341,7.520338805720209,-1.6312014913465827,-38.291037694710305,98.87025306635783,-27.905113514491443
1776353246804,-5.051465935461223,7.522433147650957,-1.6291064187634736,-37.04435058626456,96.52995021895549,-25.14718899557243
1776353246821,-5.293429648479819,7.486519538226723,-1.620277325217612,-36.35053655528008,93.40952365512182,-23.988239082110084
1776353246837,-5.5119008422300215,7.462278830939531,-1.7751526104351505,-34.18921198488875,84.08556411724571,-23.994413573119775
1776353246854,-5.550207776531577,7.5360501695930955,-1.867329045557603,-30.14262201488509,76.83946423810337,-23.718506374049817
1776353246870,-5.496337946917117,7.528267260631918,-2.0940298325905573,-24.138839630666986,67.00496172014715,-22.850128075805443
1776353246887,-5.32784600508362,7.510012057495117,-2.31758855873812,-12.20745110827028,48.372642796459246,-17.560117535326594
1776353246904,-5.266495172064006,7.445818110004067,-2.4355031731639056,-0.3039701518528657,32.6788146876834,-12.812897859320428
1776353246920,-5.2620057516902685,7.365014388495683,-2.4371488945443183,11.911310327557807,16.567687633829156,-7.513500077601044
1776353246937,-5.522674749700725,7.3699535984635345,-2.4073712671244514,29.525046555416292,-5.000292698907125,-2.3786296001562195
1776353246954,-5.782594975170492,7.451205063739419,-2.2379814631357786,40.322571595398465,-16.048188568199866,-1.9257227445004357
1776353246970,-6.349870838762819,7.792079525104165,-1.708264565021917,45.10662733537215,-22.94749583751856,-4.189303357616491
1776353246987,-6.8454711669370525,8.250569727545976,-1.2786551507581025,44.744401913118864,-25.931110297182304,-9.162423856458012
1776353247004,-7.076511627142131,8.40155406973958,-1.1441305065866558,38.418792968040805,-22.68071547872703,-12.305625686079106
1776353247020,-7.354986623217165,8.5993743973881,-1.0512058469127863,30.298411799663914,-18.215211223906273,-17.742866076759455
1776353247037,-7.618948233032226,8.588153330671787,-1.406894357984513,20.75768767074099,-11.39304240352641,-30.16846745070442
1776353247053,-7.589020127758383,8.56794991607666,-1.684023200147599,17.467916811720592,-8.580549795780872,-41.172684260254925
1776353247070,-8.035539321899414,9.54373906828165,-2.129344489740953,15.462561318573801,-7.339536866988112,-55.402724282721586
1776353247087,-7.095365965215861,10.522218190222977,-2.47800003343597,17.810710345785193,-8.640477875558563,-54.39371068191936
1776353247104,-6.800429955944418,10.600777347674965,-2.707693901337683,25.989011518323796,-12.61503410925433,-46.68038488241313
1776353247121,-6.888866364288329,10.376022251349687,-2.940081099976599,36.1970143933057,-24.18603453028448,-42.820262491845405
1776353247137,-7.224354456439614,10.325594963404535,-3.120993401313573,51.66345867442265,-38.959805422008344,-42.212495184024746
1776353247154,-7.426363760210573,10.3169142288208,-3.1519679469004274,63.04393011478165,-48.194719783675,-45.62910265593228
1776353247170,-7.1130234947204585,9.460838666754961,-2.5694287554636595,68.184842748321,-53.03822549018448,-47.39881833026092
1776353247187,-6.934655471038818,8.513033500018715,-2.069938726374507,69.98029457544226,-53.733767559028976,-50.5750270490461
1776353247203,-6.811204155676067,8.007856949725747,-1.955914726179093,70.13784654902693,-55.17474281351032,-57.69474452288111
1776353247221,-6.734889854541421,7.584982250544428,-1.667862923463434,67.8047632115773,-60.980864645790135,-72.49709634118689
1776353247236,-6.39087241897583,7.842656450653076,-1.507750102918595,65.57867478747592,-66.72323690745164,-81.62532314801794
1776353247254,-6.283432034954428,8.218246836090087,-1.4074930545300244,61.22660119174885,-72.52081758817435,-88.66518546517175
1776353247270,-5.983109364208579,9.094075146374106,-1.47901968299672,57.021308361285364,-79.29656332031293,-92.05038431218098
1776353247287,-5.585224144855141,9.685593763080238,-1.648259812849015,52.80936634166486,-87.69042184796254,-89.2580595455072
1776353247303,-5.451746817779541,9.757269590759277,-1.7091623175792394,47.85922772183314,-92.24377428834072,-85.58462671552343
1776353247320,-5.325752539935707,9.528772969818114,-1.9849444213084875,41.44472386470736,-92.14533077183331,-81.02009325547394
1776353247336,-5.4327428421020505,9.275136646923423,-2.2716500701121984,37.69082799120626,-83.72212292132016,-80.0549533748053
1776353247354,-5.41987400817871,9.181464091491698,-2.3032234583750366,32.46621821957758,-72.56573291215635,-78.54180009626984
1776353247370,-5.3489463685184715,8.84253550349772,-2.2985849849194286,27.319672387520264,-57.857890421396036,-77.30335019596312
1776353247387,-5.250784684973955,8.287828906360268,-2.271949345319718,19.27738418701871,-39.394270340018274,-76.60935516496563
1776353247403,-5.167585592761635,8.107664646911621,-2.3557461111642417,17.37431931442932,-27.796267619878122,-76.07819867397043
1776353247421,-4.923227385821939,7.867795568084716,-2.345571192499995,16.67932366071843,-20.96193081749188,-74.76359216441807
1776353247436,-4.680066279712319,7.763946486553549,-2.229601903455704,16.48573048643088,-19.48913029657286,-72.98222418736539
1776353247454,-4.477458717787266,7.782502718463539,-2.189199750440568,16.650240715232517,-20.020478032864833,-67.69914116625222
1776353247470,-4.099173686438799,7.7772648178100585,-2.1154282656565306,16.792214734867695,-24.142333272427447,-59.14968409912054
1776353247487,-3.948936947742104,7.65486125793457,-2.095975377167761,17.73057002870614,-28.029708117783525,-52.118434650510125
1776353247503,-3.9308307976871726,7.5517603644222016,-2.1276982569038867,19.260359940512455,-32.371630344856655,-44.88861452725452
1776353247521,-3.963303911268711,7.362619602313638,-2.1239580474622546,20.66572941885052,-33.44152483682579,-36.718495921341585
1776353247537,-4.029890891376137,7.167790857696533,-2.0590150351695717,20.709114780458442,-30.79603889202353,-31.044596306109465
1776353247554,-4.099472961646319,7.106888352966308,-1.9924261553660034,19.41165033817553,-26.395721962641375,-25.85213452735674
1776353247570,-4.067750374171138,7.0090253601074215,-1.883489979828894,17.186465206591876,-19.2188272677169,-19.026552319939164
1776353247587,-4.069396387812495,6.925977074542641,-1.7603383780650794,16.388765705878797,-16.30029426555962,-14.121355491072478
1776353247603,-4.105159190589189,6.9813424034118645,-1.6729501635998487,16.35829110934949,-14.935747120343425,-9.18845370738493
1776353247621,-4.201525807410478,7.1312792823791495,-1.4112339946240187,14.563114197342331,-13.526013151125719,-1.9626847400807828
1776353247637,-4.425533884760737,7.393444948688149,-1.0752975741833448,10.039286957198835,-8.57183788949452,2.686374445381722
1776353247654,-4.539557738825678,7.531859732165932,-0.8360270457714796,1.0573559722002863,-2.4446154173974777,7.697505373841188
1776353247670,-4.610335740882158,7.714566077312827,-0.8035552473641931,-10.96136591024514,4.464415693421788,15.083229687544218
1776353247687,-4.721066983142495,7.949497115215658,-1.0649724333934485,-17.168290073210475,9.60581924680773,20.442954261334094
1776353247703,-4.681711708831787,7.9919936101615425,-1.2309205359630286,-19.82800159450658,12.437916205018498,27.699724603507285
1776353247721,-4.8615772775948045,8.241141389465332,-1.5358822646863757,-17.8114599590466,17.89015739866349,37.5660711709214
1776353247737,-6.022614860644937,9.055319591522217,-1.293618545807898,-17.748830539452168,28.081515102638072,42.9195700272828
1776353247754,-6.861781958007812,9.60927683159709,-0.8821154277294874,-29.248557082719593,46.341235254270735,45.064771936138314
1776353247770,-7.336882518988848,9.326762204742431,-0.24136706229969856,-65.53193580298552,80.36557671787914,49.96434325044984
1776353247787,-7.43100340270996,8.47143307712972,-0.8026574217416346,-89.05561956869718,93.10678918053934,41.732882715601036
1776353247804,-7.3394257737308735,8.374468494415282,-1.594090708027035,-96.43728504248594,95.99276950111233,34.00515204713525
1776353247821,-6.631490270343423,8.607603881072997,-3.004425415723771,-85.53915131602947,90.38521151328855,37.99398935261186
1776353247837,-5.9219087533146135,8.183680549621581,-3.544766802900284,-70.05851390181724,84.86457451284234,45.34250108816937
1776353247854,-5.515044693213701,7.75033063365519,-3.503466824262589,-56.36039535153283,78.62104395102033,55.59780473070091
1776353247870,-5.078999546813964,6.676680826678871,-3.1459827350109815,-42.740540523853014,69.17955051790663,67.46434658334387
1776353247887,-5.671864317432045,6.149506964111327,-2.814236167475581,-32.94568042383955,60.8551891650619,69.66169357141784
1776353247904,-6.084713881683349,6.225224176135659,-2.6140207613840696,-24.089047551617593,52.55944630483951,68.03021409570108
1776353247921,-6.569838993072509,6.802375829315185,-2.0072402781382204,-17.579694565035144,41.94859033487379,67.55343274068834
1776353247937,-6.8324535721927875,7.2622127701908346,-1.2183511233776807,-19.350827503616564,35.55940940409584,68.33894547637483
1776353247954,-6.89515114364624,7.350498371887206,-0.9623207449533044,-26.377418763213033,30.18711045204397,67.95539620353276
1776353247970,-7.162554126086831,7.300970078608393,-0.8366255961865187,-38.50409178549051,27.284773535956084,62.300040551897226
1776353247987,-7.325360423499346,7.196372809058428,-1.1010355342909692,-47.83059898392703,27.702466924459046,54.64045126568607
1776353248004,-7.256525956726073,7.219117140308022,-1.6479608299024402,-57.03420034334376,30.098878068345744,44.305630560837244
1776353248021,-7.0833946646541355,7.270442253875732,-1.9930249980419874,-58.23698641089925,33.503519048827414,39.43760447520742
1776353248037,-6.581659779247641,7.259817984008788,-2.407072247645259,-57.29044855043513,36.58034851518891,38.09154835962174
1776353248054,-6.285677183532714,7.139509935107827,-2.545636668726802,-56.15464273297537,38.862796245226654,37.86780502279046
1776353248070,-6.233154384613036,7.078008879962563,-2.656218565644324,-53.84146939695632,39.733385817214824,37.300790038652686
1776353248087,-6.153696817016601,7.083994968634843,-2.847156294172257,-49.495051197862026,39.74629487474615,37.65283847904265
1776353248104,-6.195745568194985,7.154474864527582,-2.821867393006384,-42.91183825314235,41.93787035297146,37.84240696436177
1776353248121,-6.242730606731772,7.209838439831137,-2.7874507441416383,-37.98825882389822,42.88227036422536,39.921246755241434
1776353248137,-6.338199397930502,7.255628715625405,-2.512716249769181,-34.37698071536157,42.92509906541593,42.04199317177372
1776353248154,-6.583156447546184,7.14340109732747,-2.243967259547114,-32.38765055355492,39.308927126338965,42.19210365425767
1776353248171,-6.666504592840373,7.136068854743242,-2.223466907832026,-30.866683538608974,35.369007635697976,41.32000802555752
1776353248187,-6.718578478948771,7.078307570648193,-2.3431768447093666,-28.54406575851509,28.048175241751945,40.8110838003107
1776353248204,-6.840233850805461,6.999599360114336,-2.66804022860229,-19.20714081404701,16.057761078321636,38.993672915007856
1776353248221,-6.8771940466731785,6.986430666461587,-2.7620122053720055,-9.940466072739797,6.767330939081123,37.64896234668867
1776353248237,-6.863726662334799,6.880187967792153,-2.6500831316292284,-1.5893363547641308,-0.06416669240536081,35.761583003528216
1776353248254,-6.951713865606487,6.866272255164384,-2.3328518500499427,3.909106372860942,-6.227396374341977,31.982118316869173
1776353248270,-7.038353161400556,6.949918506622314,-2.212842345704138,6.2592417044603375,-9.551968327844056,28.309318986930922
1776353248287,-7.238868427221477,7.319972885242104,-2.164359762085974,9.440608069842524,-13.168743884888922,26.108133432543404
1776353248304,-7.513003932787478,7.764395399364829,-2.057667712213844,14.328094218191364,-18.740220544648473,22.58400683026882
1776353248321,-7.591863534490764,7.912687433734535,-2.007090786664933,16.732904787209886,-23.130399765755037,19.171517962430805
1776353248337,-7.741651360376179,8.033446149012446,-1.9161114158399402,16.933085678951915,-27.177848632046828,15.38556630360754
1776353248354,-7.755716710607707,8.081179960089921,-2.0660477102853356,16.7770892809507,-29.04661229462441,11.488273169802959
1776353248370,-7.760655336053669,7.943664171278476,-2.242770158717036,18.10429065933256,-27.152512045320666,6.555033291751495
1776353248387,-7.723544625799358,7.860463910022378,-2.4215869490794835,19.76166850483471,-23.60322644123834,1.4760385641941345
1776353248404,-7.924807202856242,7.9107427294075485,-2.562994776893407,23.056427109496507,-20.408492541876793,-8.93140636816067
1776353248421,-8.199691480962931,8.399010230475664,-2.5228913145639003,25.44886991347543,-20.890259934983643,-18.35124468651083
1776353248437,-7.563732249505818,9.44841933016479,-2.480095252149552,30.31565461222361,-23.07739920534303,-16.194491220221536
1776353248454,-7.402571673473715,9.427318674468994,-2.3175888144664465,38.230587105461105,-31.5138849436027,-10.272856374924821
1776353248470,-7.729380784606933,9.274240574866532,-2.1749840319529175,41.19131701631073,-37.433377670820974,-13.573645182850095
1776353248487,-8.320449027197062,9.044695906177163,-1.987936881122738,40.03239783869964,-38.363642605587536,-20.88077450977379
1776353248504,-8.481609018707275,8.92468713248372,-1.856705141016841,33.82806573252433,-28.96540134539296,-37.05190136039201
1776353248521,-8.308328673553467,8.787319227710366,-1.8212410289257763,26.751728497655364,-21.028391973210688,-48.223792483877155
1776353248537,-7.689277614538371,8.289923248291014,-2.0525806182079016,22.816286196015323,-14.881119267361663,-56.951814601575066
1776353248554,-7.203105039922892,7.851634706878662,-2.471116703663021,25.38443220129824,-14.569261367595344,-68.16499421859294
1776353248570,-7.041197444915771,7.7901342362552874,-2.588732590870559,31.200939336211057,-17.48588874697419,-76.52122523410496
1776353248587,-6.742820063018798,7.926154818072915,-2.6158165587596596,36.74051986632029,-21.17618189892413,-84.47263093751033
1776353248604,-6.404339803314208,8.285135429492593,-2.343176698578894,40.567099197874086,-26.68150561525117,-92.15750899912345
1776353248620,-6.19933570164144,8.47218184967041,-2.1966814844980833,40.93715201691621,-30.854898047196116,-95.10332860701493
1776353248637,-5.600785871124267,8.517821903339028,-2.1724404849499463,42.721094975285986,-38.44722363046098,-94.25563382912465
1776353248654,-5.214272525134683,8.511687930628657,-2.1181220347851513,43.86426715176561,-44.26533244473417,-92.50137487288775
1776353248670,-5.063586873626709,8.473378950500488,-2.096873641181737,44.223770743634645,-48.93736625213048,-90.38607894731314
1776353248687,-4.8014217918396,8.412626083374024,-1.9877879741713405,42.09303176034663,-52.876503686111505,-87.0856359177146
1776353248704,-4.472219648090005,8.322394608306885,-1.854610214564204,38.83442705450901,-52.12763150022755,-81.63360816748117
1776353248720,-4.330363784247637,8.227076039233804,-1.7868243800610304,34.6457418290124,-46.66951805144364,-73.81439394527223
1776353248737,-4.027347636634111,7.941268216052651,-1.5894523807018994,24.583660823005943,-34.92970694375568,-59.81093520323699
1776353248754,-3.8476317054748534,7.467514978027343,-1.5676049982920288,16.32756038072631,-27.590226425828224,-49.95893032553261
1776353248773,-3.8721728570133447,7.24590168685913,-1.7057206526927648,11.251254506546115,-24.16010542464782,-42.42782372779857
1776353248787,-4.093786732703447,6.965930899268388,-2.0828078525587914,10.38905582195331,-24.540261801019682,-36.9630269389118
1776353248804,-4.239833618494868,6.870162832862138,-2.233941978486627,12.282939212750907,-28.15447006071027,-31.644607934127574
1776353248820,-4.265122373530269,6.910115488544106,-2.201769601417333,12.86108228259393,-31.418699427329404,-27.341400926817368
1776353248836,-4.394408094134927,7.139210075378418,-2.1796232360608876,12.388804583565166,-34.647790885763406,-22.129951222172007
1776353248854,-4.668993097034097,7.46272657470703,-2.345421554896235,12.448035984047518,-35.5637226685567,-15.012214503196303
1776353248871,-4.840626844024658,7.538741892895102,-2.387768996760249,12.15418502425429,-33.85459760235524,-11.46150736599297
1776353248887,-5.074510418701172,7.491007497295737,-2.36637067329213,9.880864134494974,-29.950280472762948,-8.19494719731957
1776353248904,-5.231182158881426,7.355586050415039,-2.461241060206294,8.321522555470954,-26.05637596656034,-7.575913492462974
1776353248920,-5.292534160944819,7.263858783832192,-2.5552133292369543,8.065094202140227,-22.25953527865278,-7.997261885945537
1776353248937,-5.373486935535073,7.223606268420815,-2.6252437277965246,8.973435083444699,-18.500064263241654,-9.541382388404184
1776353248954,-5.21547021048665,7.330745623669028,-2.6451455290965735,11.161066981197974,-14.720741303007886,-9.23250671998422
1776353248971,-5.016003869196772,7.350947869220375,-2.5683815844982862,12.658840381269853,-11.5343982910417,-6.104753070718404
1776353248987,-4.801124270197749,7.368305246734619,-2.4144046363599596,16.560338350282223,-8.345019259989444,0.5462971527552787
1776353249004,-4.991013220325112,7.368604521942138,-2.071285318677872,18.30167117351488,-7.8730950232502295,3.6909962345476326
1776353249021,-5.13945313873291,7.426364052471518,-1.842788259345293,17.734565689370598,-6.865567842366125,4.8334012954060945
1776353249037,-5.211130135455727,7.715165212249755,-1.353473879572749,11.515246440608985,-3.5975178386800146,7.447971242703942
1776353249054,-5.03725123988688,7.96087015762329,-1.1764524481944738,6.307233174889786,-2.0914837516938287,12.104999978267381
1776353249070,-4.931457454028726,8.005162888336182,-1.2325666957348584,3.812131347025101,-1.8892437713604553,19.49013262683356
1776353249087,-4.8050130943298335,7.9081971365779635,-1.3962699419870972,4.442185135220689,-1.763747903263051,30.847019423988506
1776353249104,-5.286995816040038,8.25520673969686,-1.2047338091745972,6.094757515754914,-10.31738323189778,36.43968759942167
1776353249121,-5.802347723388672,8.985887158855796,-1.171963027820736,11.577468610174154,-32.2208607491178,41.31892544057407
1776353249137,-5.613657043135166,10.216807256427407,-1.2081756201915441,26.336748401800193,-82.47093471821137,62.93121150290893
1776353249154,-5.99403466284871,10.528203109851479,-1.4360735445871948,37.794373659023655,-103.24625281474745,80.40944019272895
1776353249170,-6.491130198016762,10.41387881153524,-1.0829286535836755,30.708465621580213,-96.68039196561419,92.51115570377921
1776353249187,-7.1516311655342575,9.132232735332845,-0.8894472319222986,4.337252939001783,-52.385187688544974,97.5139619123009
1776353249204,-7.629423449817299,7.356782566723227,-1.6614278489146381,-14.123806675210867,-8.407099703129337,90.62106477551825
1776353249221,-7.72474318793416,6.736984196472168,-2.2251124830819666,-21.272197283181587,40.49965791000938,79.07297024764338
1776353249237,-7.345561500006914,5.842600238800048,-2.8930952577222135,-15.283480588725237,88.29847943882294,66.6667580732048
1776353249254,-6.9171490404427045,5.58612138595581,-2.5412968859568235,-3.4006478811381524,104.05080811783994,59.58366065860481
1776353249271,-6.806117938452958,5.6940100982666015,-2.062606629920751,5.8684404782670105,105.16737329240777,54.044616298345424
1776353249287,-6.971915818896889,6.3814446654170744,-0.8634104349985718,8.308114040356573,93.87242606574108,45.76712370358531
1776353249304,-7.209839024353027,7.049277290996908,0.14559578102305532,1.330804089725628,80.02882790122999,37.83646128468928
1776353249321,-7.246351184192299,7.201758593749999,0.43424686480611563,-11.37311020398102,60.34026120353464,29.327367220457784
1776353249337,-7.384766552191972,7.458837750574946,0.3116930828049779,-27.81642350811883,36.56201970255118,14.779363109106814
1776353249354,-7.279720369830727,7.588272524261474,-0.5638363906629383,-36.33960483751347,23.15672331481627,3.5922120623553844
1776353249371,-7.079505256000161,7.682544214630126,-1.1017832839183508,-39.47192959088132,17.9276226938083,-4.683633176154286
1776353249387,-6.418705597797036,7.825598348346352,-1.7425316493481398,-42.31777571989132,22.61402038902915,-9.175634296086463
1776353249404,-5.559187201800942,7.710975359344482,-2.162564549232274,-42.398173876611544,31.454841373322527,-6.219366206312157
1776353249421,-4.8699563988834615,7.471555777850747,-2.4554051936596633,-38.27824816548946,41.3755203880368,3.2173277382491254
1776353249437,-4.659714396557211,7.384615161022544,-2.507030166956782,-33.34262369764401,46.75739526530502,12.35309891590528
1776353249454,-4.495413476672768,7.1697367310672995,-2.516906394935399,-27.12894789268412,45.056196633635366,22.10276194663348
1776353249471,-4.6736312782287595,7.058555991473794,-2.4774022136732934,-14.957945235145967,32.775840939938014,33.40828913632451
1776353249487,-4.859331544494629,7.076063591113686,-2.3458706138379872,-5.8909672959233585,18.502337008687977,40.1308720910583
1776353249504,-5.1527714699894185,7.180061141204834,-1.9663893584422767,1.8536307381411858,2.589876465570724,46.43760580836503
1776353249521,-5.44546262294352,7.297825935363769,-1.6066604128733277,9.037894139963047,-17.30898855501815,54.709760610288775
1776353249537,-5.644031723132729,7.308899702563881,-1.4692936771437526,11.56163281658348,-28.414399739764274,59.00846993803053
1776353249554,-6.186617089843749,7.3563342384338375,-1.1529591982737184,9.479754445296805,-30.182489829070455,59.511185521321806
1776353249570,-6.586150368665159,7.4510565951794385,-1.0661695342235267,-0.9151546353317944,-27.87431106888198,57.61079466779248
1776353249587,-6.729952105878293,7.491009835383296,-1.3257912151381372,-4.886716471406745,-24.156632273454868,55.73124272142086
1776353249604,-6.800431124988198,7.417386965289712,-1.9164103987865149,-4.444257670746965,-23.666260549541096,54.09370145281572
1776353249621,-6.735638042560219,7.22016460353434,-2.261175583979487,2.124326289431012,-24.439659944734565,51.215350453545625
1776353249637,-6.687005529077351,7.155071661376953,-2.315942800825089,7.667074319767842,-27.502077711947333,50.19348243672543
1776353249654,-6.592434855762123,7.337480484881997,-2.263569639509171,13.336929609237671,-31.44943527859446,49.620347603091325
1776353249671,-6.769007228198647,7.809287265014648,-2.082358647486567,20.501704133479958,-40.0093801011967,48.02143446933719
1776353249687,-6.83769088832438,8.089559081378578,-1.9355643043287096,24.232409807201577,-47.44342971082486,48.44288787697824
1776353249704,-7.116316691046952,8.526800744086504,-1.6349423583753406,25.89018551122288,-54.15638209882893,47.869995515059664
1776353249721,-7.5067206147342915,8.769063440051674,-1.4432561495676637,23.21835552679188,-59.46057381957201,45.23264774065347
1776353249737,-7.698106525421142,8.805723483929038,-1.387441323365271,18.653318340291108,-59.86547426375954,41.1016707834543
1776353249754,-7.865850571496784,8.579920924377442,-1.5954373003304003,14.034655631069276,-57.49238650834114,36.14766969164694
1776353249771,-7.996484491840005,8.162282956805825,-1.975966018952429,9.205671760508887,-51.28422266604145,25.43432502563789
1776353249787,-7.995885941424965,7.9845134835392235,-2.161516793745011,5.677966139109219,-44.791926369363814,13.18256562644809
1776353249803,-8.458864395196736,8.659079216766356,-2.2079044509105383,-1.3606080470558015,-31.618724932267813,-4.043737512251533
1776353249821,-7.362918877521157,9.192387636566162,-2.663550515967607,-6.612568243998743,-15.194983535196675,-6.5829183928117185
1776353249837,-7.1185609628424045,9.094225953021645,-2.8627183127023277,-3.6249406213107926,-11.196537861105142,-5.6651497160185125
1776353249854,-7.4176859482362865,8.986934622082114,-3.0716126998119053,2.0095744156197433,-16.313119653273613,-9.921725741204575
1776353249871,-7.378182205365598,9.196877349200845,-3.093310006226599,11.536834961028102,-25.29376144006632,-11.832788765312047
1776353249887,-7.482929112519323,9.242069074580073,-3.0258235930614172,18.36093672494308,-32.171546783310305,-12.9165963526205
1776353249904,-7.576003117536008,8.771158366504311,-2.836681515778601,23.476811592532453,-38.67552953365783,-14.991915180983025
1776353249921,-7.603537021149695,7.7244444972485296,-2.826955363795161,29.245958195740403,-48.17060238571568,-22.734496388251713
1776353249937,-7.61565737479329,7.2448548081547015,-2.8908504744701085,34.26601063191637,-55.3352112778706,-34.72857153307715
1776353249954,-7.5878244882330295,6.834996826934814,-2.8987809752084313,39.13371228356063,-62.23802243423351,-50.85145505004027
1776353249971,-7.133973343768716,7.197717209404707,-2.929456537848711,47.14289455715513,-73.86491685456282,-69.75780116322909
1776353249987,-6.768858175116777,7.691373417773843,-2.828152318494767,50.425746434546305,-79.82658599990592,-76.72450532418289
1776353250004,-6.131551620703935,8.528595810809732,-2.5421945654489098,49.81272329615932,-82.48694468162589,-79.15932432931986
1776353250021,-5.653010563880205,8.979752601623535,-2.6972192690744996,49.34596865884816,-88.45756820497087,-77.25733521152475
1776353250037,-5.487959702411294,9.158568953594564,-2.7437565638437866,49.8828351879895,-93.10611982200068,-73.76346805482062
1776353250054,-5.172224943000078,9.035866703033447,-2.9315517565622926,52.311759739872755,-99.86278883578741,-67.76826268065275
1776353250071,-5.194671168085932,8.627954595184326,-2.8713971475899216,53.11034545763064,-106.07134882905896,-65.93302500161617
1776353250087,-5.2567707736462355,8.49118640986979,-2.8808247550182045,52.820021436770084,-108.00477730760363,-65.5859216181853
1776353250103,-5.405959464594721,8.203133438110351,-2.7578220602057875,49.78489710548069,-105.49775637275046,-66.59943972874515
1776353250120,-5.434540246912837,7.921515467834472,-2.704401435663551,42.98565210750268,-95.04580475382508,-68.64646791356549
1776353250137,-5.420324674555659,7.76319888305664,-2.662802254883572,36.54004698399125,-83.87092542257805,-71.58459672845153
1776353250153,-5.341764348059892,7.550712901195883,-2.5981588831245896,29.593741182993696,-72.86892500941322,-75.81104265477455
1776353250170,-5.20230268587768,7.566873762401938,-2.51660653520599,20.916460540639815,-62.434936788004975,-82.10479559756367
1776353250187,-5.109527956068516,7.705289130401611,-2.4404404103703796,15.582975846093834,-61.804202969100146,-86.42454873813823
1776353250204,-4.8545454792618745,8.091352979058026,-2.5614973048772662,13.680537643360795,-68.17413301170242,-88.4064510692225
1776353250221,-4.494517404615879,8.292915415844321,-2.4863791912572455,11.223658834751971,-72.804195306649,-85.69247540251793
1776353250237,-4.3179444476574655,8.195650973400474,-2.4965547309760003,7.915466101766404,-77.11692018256763,-79.17875621750855
1776353250254,-4.179828939387202,8.064267988255619,-2.8476045493964106,8.717485697129518,-78.58447511820408,-66.24950864699788
1776353250271,-4.246118982374668,7.976581521496176,-3.3256967116751706,14.726784312876056,-78.27437769969633,-56.09743648358192
1776353250287,-4.3288679927319285,7.97433695743978,-3.5058598797118523,23.87017926230641,-74.39808142117401,-45.47768760731685
1776353250304,-4.48733479963541,7.835921589440107,-3.3936324121109673,33.091935264537035,-62.890537726401504,-32.94995612225998
1776353250321,-4.652683767268061,7.444020705193281,-2.9331972587469965,36.26458886985922,-50.295183953466925,-25.935167429549292
1776353250337,-4.8328462731510395,7.295429980137944,-2.6440974813483655,35.82192089465611,-35.318655481136645,-22.118170853401026
1776353250354,-5.205894572889805,7.122599132317304,-2.0295354408482087,30.280294722890453,-19.078608606698413,-21.37952687579917
1776353250371,-5.404761779242754,7.263707392662763,-1.714846957353223,26.614776374607438,-11.30339873199093,-21.9588515683686
1776353250387,-5.423917146089673,7.383568282318115,-1.647660349118523,24.694629198903847,-9.3197470187055,-21.76887156415199
1776353250404,-5.375734422200918,7.705289130401611,-1.6198271154983899,24.468184522255832,-11.106388755571082,-18.679385757258462
1776353250421,-4.948367672297358,7.997380563896894,-1.6710040436339098,25.487501463421022,-10.81915795663089,-12.844318437049779
1776353250437,-4.728700254499912,8.113200069206952,-1.6478093200020025,25.101658954565128,-8.583215277104468,-4.182206364182025
1776353250454,-4.471023716303706,7.979872379735112,-1.7530050303691531,27.33860567189954,-6.315025140072301,8.513478191904992
1776353250470,-4.6466982631176705,7.834425213402509,-1.8766050974196753,32.98761778534343,-5.006482557842449,17.81120041185814
1776353250487,-4.949715579774976,7.797016396984458,-1.8028343432880005,39.819012483744686,-6.76745473625983,19.68194653684232
1776353250504,-5.645829127943515,8.69603853585124,-1.0407299154583713,38.904931682216464,0.31425785748593293,24.569315718201626
1776353250521,-5.402967297041416,8.763525095146894,-0.3474589086558204,31.814857229379314,7.1731295531445065,31.653254953616813
1776353250537,-5.408355419820547,8.688257380455731,-0.014216366941621527,20.27965809865743,8.622070515745378,35.79892364772068
1776353250554,-5.6706695546895265,8.522309862408042,0.4878180037349462,4.777911131041618,-2.702910333362323,38.61473401985555
1776353250571,-5.8185103381603955,8.01877874123454,0.12464759420892223,1.451294389656765,-16.36318835498439,41.52020770031976
1776353250587,-5.925949553138017,7.677154922807216,-0.2181723660672549,3.8538189797374507,-25.63635689864499,45.124949317820715
1776353250604,-5.728877413508296,7.172278816765546,-0.7957730233896058,10.673356469739566,-26.7696457913956,50.36324337345152
1776353250621,-5.818510922682285,6.832601456230878,-0.9928459941363893,16.225541260188415,-20.702110421464596,51.09362282215766
1776353250637,-5.95557896772623,6.848313404625654,-0.9885062524656066,21.206974099249845,-13.333663071267113,50.52951408351172
1776353250654,-6.258595115339755,7.149534485515952,-0.7864957202853634,28.540727503558248,-7.789443988937791,50.02528902841387
1776353250670,-6.471529425489902,7.40661130425334,-0.3856164976145606,31.987189732327906,-6.559084447702959,51.30662568651909
1776353250687,-6.634333969336748,7.444169758275151,-0.1942299019411206,32.49806397658276,-4.645767034282558,51.76967153111094
1776353250704,-6.910714623481035,7.586774394658208,0.017507325645256786,30.037747875274132,-0.06469336402339226,51.2597261925832
1776353250721,-6.930916869032383,7.563431512993573,0.038755536585580556,27.502803419546645,2.976718956809794,50.88321542968083
1776353250737,-6.898744784224033,7.49564626301229,0.07781115209627897,24.71759741753531,6.28558745163637,49.21381132859758
1776353250754,-6.780680130335688,7.405713478630781,0.18405406996142118,21.065537957011802,11.156862999763831,47.97164580538238
1776353250770,-6.645856649348139,7.327602064946293,0.3142390044281259,16.36902816672475,15.761636519308443,49.14269881405399
1776353250787,-6.539165622389316,7.220162849968672,0.30840269949007776,11.766831336044527,19.100704268663407,51.31028325281964
1776353250804,-6.541859099256992,7.041944463890791,0.15098408646527678,8.587687343463534,21.59317007039529,52.29608104063299
1776353250819,-6.639872314241528,7.012765131157637,-0.023194047778472303,6.951334954660798,21.82521037952084,52.181197258793375
1776353250837,-6.663065558302402,7.007827674755454,-0.08783756566792726,6.405181502682354,21.390755706794668,52.102281253123046
1776353250854,-6.761975429865718,7.146690786522626,-0.2766803677432239,6.521327588857951,21.708718088131686,53.086743738953665
1776353250870,-6.852207489454746,7.172728314098715,-0.32246940142847597,6.645891029411943,20.764534935383928,52.98211890124741
1776353250887,-6.939745487654209,7.147889056396484,-0.30181963130533696,5.646198075505843,21.357841025184378,51.442587432137366
1776353250904,-7.089830835181474,7.137263617485761,-0.2346319088257849,1.953385650969222,22.187584358388573,48.0601753023095
1776353250921,-7.0869883052319285,7.19577133603394,-0.36077655492573973,-0.8828416506986988,21.95828978530937,46.01169911738513
1776353250937,-7.008130457094311,7.315781863293052,-0.6338655471134931,-1.7907515897552253,22.351978473974317,45.50240264682854
1776353250954,-6.9375009235978125,7.238568859753013,-0.8298908811040222,0.7483792916858014,20.022491231122693,46.62166233102395
1776353250970,-6.93211455438435,7.06050186484456,-1.1311113774724304,6.193323975667368,16.69574172793585,46.90159080396775
1776353250987,-6.998104153120518,6.854149855694175,-1.174356718024239,14.121183882569582,12.960260898210747,45.52790315809479
1776353251004,-7.073521505415439,6.743418028911948,-1.1317099278874694,17.675006439808087,9.882438493098661,41.868325366842384
1776353251021,-7.184553191927075,6.6629135826110835,-0.9219175690248608,17.996081679859337,9.06070697179089,36.03478374013956
1776353251037,-7.192184125196933,6.692392190551757,-0.8049009628847241,15.897842444189545,9.22336621932745,28.878818452379292
1776353251054,-7.094021564869582,6.775141200909018,-0.8182188557498157,14.406344280417615,8.242317120534548,24.900351081610047
1776353251071,-6.907723040449619,7.019799267578125,-0.8399166005559265,14.374679523425435,5.384044316103353,21.334099287629414
1776353251087,-6.749107180464267,7.361122057232261,-0.8535334763675928,14.950221998741975,-1.9534119045088443,19.717386680898226
1776353251104,-6.7034682958394285,7.545177478900551,-0.8248032025761902,14.392198958646517,-7.183443138791225,19.329968105891346
1776353251121,-6.671444679591059,7.865549834984541,-0.7526772930420935,11.604219899832156,-11.952470755043596,19.61451549426137
1776353251137,-6.6926938038468355,8.243385953521727,-0.7634517850346862,4.827207594489362,-13.435933201257006,20.90478091715909
1776353251154,-6.7079577162131665,8.38269914714396,-0.9115928666263818,0.05989659687448635,-13.81250628963555,23.381947095150146
1776353251171,-6.794446789881587,8.5229072437793,-1.3066355560302734,-2.7911104871054015,-13.097582705247499,25.86748196242176
1776353251187,-6.987030970442294,8.415917526134848,-1.6748942834049463,-3.481414868073553,-11.304526566977628,27.447847717484724
1776353251204,-7.114372278980911,8.291867952618002,-1.769764378058165,-4.602922111392715,-9.394669071258663,23.455603855159563
1776353251221,-7.937079824452102,9.362674060600995,-1.5122380619876086,-10.95726182032761,-2.674133892615413,15.55548945732641
1776353251237,-7.243809098494053,9.948656085968016,-1.6801313072755932,-15.480775725542934,2.0715590226678438,26.896175045770086
1776353251254,-7.403920749995112,9.794977097862958,-1.7962502339236437,-13.41305292131111,-0.6970078381125487,32.97661776568512
1776353251271,-8.25401256147623,9.291747005462646,-1.9737207242436705,-10.224092239345516,-6.830594712494721,30.549984742268407
1776353251287,-8.555233057844639,8.628253870391845,-2.1235074541505425,-9.221856747520878,-10.441214561550112,26.602727920911537
1776353251304,-8.769513814167677,8.110805283024906,-2.286463023840636,-8.69010517629423,-8.372031804383198,16.24193542174374
1776353251321,-9.094227122065424,6.987327323040366,-2.535609414904937,-8.585949060319766,-5.994743055738417,-2.8831408828689766
1776353251337,-9.359685107918082,6.469731436157226,-2.977489258807525,-7.657666587959795,-3.9210523737192946,-37.54632850912547
1776353251354,-9.376743502485752,6.56340399158895,-3.1880295864932235,-3.0258173447716077,-0.5223843936667996,-68.45252469208297
1776353251370,-8.898352667787671,7.450756735450029,-3.3348243680424985,2.9209393631792384,1.7503998993558478,-93.299332213242
1776353251387,-8.099736484260857,9.095123194122314,-2.9752447678163647,8.347975024352767,-2.5919541237388772,-112.51303683908138
1776353251404,-7.676561048567295,9.638906246185302,-2.952200649902597,12.960428237845411,-14.460316435239056,-116.70080340413462
1776353251421,-6.656331866133213,10.158597059521078,-3.292326923248544,22.128136099400074,-35.38037307047688,-114.72506190368172
1776353251437,-6.079180212953687,9.764752055469154,-3.715951052557677,42.40040734847013,-59.91342219173303,-114.57876608184921
1776353251454,-5.770327614271641,9.592518004497885,-3.7844850750796493,59.79112765464395,-76.08573920281412,-116.17692789479464
1776353251471,-5.141101490461826,9.214234142193197,-3.598186258398741,73.28267737876507,-79.54341318710635,-115.06721339996433
1776353251487,-4.558263023817539,8.962693330273032,-2.8116907938417044,76.31932484223938,-63.44350984160574,-102.47745355196
1776353251504,-4.593127416449785,8.832956943291425,-2.404377017211914,70.66183134139364,-47.3739974228171,-92.13892405439185
1776353251521,-4.820876433894038,8.356959141209721,-1.9823985362179577,66.55576066900292,-31.833469494867597,-83.85765436502072
1776353251537,-4.926820441877842,7.848341510552167,-1.5026611092165112,64.05467516853848,-29.21954243912538,-80.39931102218982
1776353251554,-4.949415135523677,7.588719683507084,-1.2298711730405687,60.7300737598456,-31.708654617974787,-79.47437363497586
1776353251571,-4.863523735487461,7.225549803704023,-0.8090906696595251,51.625865313230904,-37.156997481150995,-78.5978622889773
1776353251587,-4.739323939844966,7.179161562016606,-0.5835868007935583,41.694534618506,-38.993976858425924,-75.77211057650547
1776353251604,-4.6209611797928805,7.235126610344648,-0.661547553960979,31.753129394755323,-39.31487280601146,-69.73682565228798
1776353251621,-4.298044399923086,7.340770758599042,-0.9935935428343713,21.655919018300196,-37.48957305221725,-61.404281732817566
1776353251637,-4.075381891962886,7.310991706407069,-1.4071915873654186,17.922216599080237,-35.42800339465396,-55.14636337750891
1776353251654,-3.9547745678544044,7.220461540654301,-1.5318401496887206,15.340794413598106,-35.247215117512894,-47.84736709833941
1776353251670,-3.8398523036450145,7.121401446965336,-1.753752716064453,14.331531510891173,-34.29627861522329,-37.60550526809446
1776353251687,-3.8893835195332764,7.175121931236982,-1.8140563781186938,13.485193379324784,-30.800949798036772,-29.243676912557618
1776353251703,-3.905393574091792,7.1445952755481,-1.7865229128964244,12.146129669901907,-24.51045144038716,-20.187482988260815
1776353251721,-4.0544320429146286,7.004833753636479,-1.6666629730891436,8.676221109258886,-18.256144547602158,-9.399934293335097
1776353251737,-4.314053285437822,6.862078895127773,-1.6015705423884092,7.409069900286134,-14.684611309845812,-2.5473041099174463
1776353251754,-4.415059252497554,6.822126823967695,-1.5755340377256273,6.774270411277857,-14.277216139063938,3.2624846801730185
1776353251770,-4.668994850599765,6.965628116929531,-1.5034089319091288,6.73192622663154,-15.595446063970984,9.08569351132209
1776353251787,-4.921882985475659,7.277773327416181,-1.3696326218869537,5.729223293735579,-16.828997011095506,12.843157304890877
1776353251804,-4.977547589552402,7.4770906156241885,-1.3374604640133678,3.3961561779852225,-18.159488833110014,17.611183444656195
1776353251821,-5.207690808656811,7.885899964573979,-1.3639461006831377,-0.04555842898104286,-16.64624505456806,24.058118747508484
1776353251837,-5.308247862905263,8.193855322155356,-1.5409677512571214,-1.9651293074734126,-11.846943478593253,30.56919464930907
1776353251854,-5.32380842013061,8.320297928288579,-1.605311993939057,-4.210165743549472,-6.189543892848588,37.77020844974015
1776353251870,-5.471650372645259,8.288425118687748,-1.8635864249631762,-2.1932941245752158,-0.04524311970131157,46.67136561761413
1776353251887,-5.882405594965816,8.128910848557949,-1.8833383694637567,1.5469098876826561,4.726042674484542,50.87377269315329
1776353251904,-6.401050114119053,8.321196338433026,-1.6702547139707953,1.4987616430674149,9.02288138416736,45.82883104764179
1776353251921,-6.904581235292554,9.560943885582684,-0.8081921133846044,-11.74306057018559,20.12197293638393,47.5656866818735
1776353251937,-6.5906403735607855,10.046068412449955,-0.5630854992303997,-23.233982999612866,28.332681648986952,52.0801070439826
1776353251954,-6.434718574965,9.754874220055342,-0.7923309657774865,-31.25549205711195,30.33723117981168,57.896849820421785
1776353251971,-6.414367860853671,9.49390623909831,-1.2811969441954045,-35.292830535884825,36.460212317877556,65.93310013369705
1776353251987,-6.283135097834467,8.586952138188481,-1.820790362548828,-35.88778782391713,41.45285178981968,72.3311637254906
1776353252004,-6.17913696322143,8.081625950291752,-1.9901800569396464,-32.96670716119944,47.29124968102239,75.8585671110195
1776353252021,-6.123921271955966,7.254130586022138,-2.136825054754689,-25.140973523427718,49.65184843554342,76.63694229902332
1776353252037,-6.164771753260493,6.9773004345446825,-1.9057844484191386,-19.063947605644984,47.13506374527171,75.92796183298682
1776353252054,-6.27490502962768,7.058553068864345,-1.7129014310423283,-14.04768080181649,40.76405794787516,75.14155434251907
1776353252070,-6.419904452192783,7.358278942760824,-1.42125803357549,-7.51860308268469,26.174977078855733,75.97258345883452
1776353252087,-6.809111859571933,7.612513231548666,-1.220294804791361,-4.388502836552151,18.157168276339505,75.31260276990369
1776353252104,-7.109435114839672,7.6761092131465665,-1.0887632049560547,-6.465599221646171,14.363165532032086,71.20286428592868
1776353252121,-7.692722494295239,7.63555800704956,-0.9970352077208459,-14.356687097604329,18.06858755299361,59.46881102771105
1776353252137,-7.927502725550532,7.410501297429204,-1.161038021441549,-21.247311488940646,25.080717594569865,48.052364980993595
1776353252154,-7.889645580843091,7.204302433013916,-1.294664839990437,-27.81865527243013,33.17907481796806,35.23408407883355
1776353252170,-7.71786102720499,6.801327781566977,-1.5146318252563475,-36.230612093832995,49.042923410658446,15.422526164753771
1776353252187,-7.043444931581616,6.598269553264975,-1.7073649127684534,-41.95662605243231,62.28043790897929,2.7368640575001026
1776353252204,-6.569691693556308,6.596922230309247,-1.9207485741212964,-44.29627320167433,74.9287188177923,-2.901548242682161
1776353252221,-5.702841054975986,6.94034053093791,-2.127846725463867,-41.91131457747845,85.30467775201211,-0.8887866900409602
1776353252237,-5.1527726390331985,7.01680534645915,-2.1152771667480468,-38.41810311893464,90.65685496676912,4.601767809422983
1776353252254,-4.977397367426753,7.080102052849531,-2.0497358963012693,-33.42481136392677,90.61122930311343,13.536867175490515
1776353252271,-4.974704475080967,6.973111750683188,-1.865382660730183,-23.866581460161107,73.89484674350581,23.77819539720656
1776353252287,-5.335181462538242,6.927322643932699,-1.6837227558963,-15.79452217261476,56.18002713102572,29.118684450746386
1776353252304,-5.531804689356685,6.946476257213949,-1.5298952992312609,-11.266560960476113,42.64257512058752,33.27178097557264
1776353252321,-5.884799212104082,7.010819842308759,-1.182736204639077,-12.75664527508985,28.66336013501124,37.476500070145846
1776353252337,-6.2325581722855565,7.059004319763183,-1.2391497273869811,-14.550604705877454,19.80204516811324,38.92573643842832
1776353252354,-6.628797962519526,6.925526408165693,-1.6095025044314561,-14.389559090532309,11.424919750156505,37.59300602191334
1776353252370,-6.883930661451816,6.903530264934897,-1.7230778840765355,-14.830382914659516,10.308415193517554,32.47610833349576
1776353252387,-7.084146359804272,6.814796919471025,-1.92299357656911,-15.366928424909867,10.150390229332848,26.439337843133785
1776353252404,-7.0874378025650975,6.774991563305258,-2.2125419014528394,-15.226533886520256,11.495020542929284,17.923656061447815
1776353252421,-7.091178742659092,6.751947956848144,-2.3942022446781395,-13.478063515604937,15.292429844085246,11.700628873740532
1776353252437,-7.013516534046828,6.803572930145263,-2.638710235352069,-10.401509818131181,21.082987382793895,5.1116704592684075
1776353252454,-6.766315212635695,7.040448087853193,-2.664148189599812,-3.5134392772142156,24.289853405668676,-0.7975422996404656
1776353252470,-6.61278790796101,7.183503390613198,-2.5353103588931263,2.0920209887607326,21.571535446199274,-1.2710471915640094
1776353252487,-6.488887387526035,7.426514274597167,-2.2466598596319556,7.052069572747907,16.397475904617853,-0.07379837971298948
1776353252504,-6.793399618916213,7.490258724755049,-2.0272909863896666,11.576905973341274,11.374673463527307,-0.8387751378036277
1776353252521,-7.011870228144526,7.575702381023764,-1.9521729093022644,11.149646904905712,15.91989370992493,-3.1310169855852017
1776353252537,-7.122901914656162,7.82679486465454,-1.6727993569523094,8.884448817616834,19.32452615267014,-5.024571886972405
1776353252554,-7.199216800312698,8.062773365783691,-1.5888528073735535,8.460884027748602,18.067759392556745,-6.824780087076924
1776353252571,-7.224056934797764,8.10871152561605,-1.5206180600591004,9.572636480272516,12.05714596539498,-9.373365711237394
1776353252587,-7.375340259937942,8.292466503033042,-1.309928167834878,8.469000853803516,4.6643673469397955,-12.618719850085197
1776353252604,-7.307105220362543,8.034939602440595,-1.446547300067544,4.021347725265408,1.4972190875320497,-17.546011487143225
1776353252621,-7.613712962727249,8.074893427166343,-1.6602295059755443,-0.1050615962871659,2.3629333985567067,-29.17344890751155
1776353252637,-8.28274210461527,9.610922260716556,-2.015020410620421,-2.186924973174179,8.955234336853907,-39.77605059386531
1776353252654,-7.591566889631748,10.277858229717612,-2.144008463452756,-2.546293882250519,14.694571433202983,-37.17665476558229
1776353252670,-7.507170988850295,10.199447540825604,-2.1435592583805323,-1.010521791948332,13.480899751657784,-37.7130056154413
1776353252687,-7.580942619764804,9.986364177593588,-2.203564229749143,-0.19755281637630512,17.59089778282126,-38.87865935957401
1776353252704,-7.435344646784663,8.964788256725669,-2.2969379483647643,-1.7545754928162527,24.577575124455464,-41.11351433147511
1776353252721,-7.464973476850986,8.302641860088706,-2.482039518085122,1.5216250609837978,29.01570910372469,-49.1643573439121
1776353252737,-7.4712582562088965,7.59769910877645,-2.572869689697772,5.69336309304572,32.95162268841746,-61.53151449667656
1776353252753,-7.007680375239253,7.700649780163168,-2.3416792996279896,11.27012631922286,34.365372808867136,-73.896260592664
1776353252771,-6.667105773603915,7.96146929256022,-2.1175228998482227,14.073602223490335,29.326137786407184,-77.18500350821431
1776353252787,-6.300492475348711,8.392723113030195,-1.8653830991216003,17.555724016142985,17.741023633230846,-78.56864273970798
1776353252804,-6.075439272859692,8.833557247272132,-1.8905225088141857,25.045489186378234,-3.9218933407608523,-76.88317061860228
1776353252821,-6.027703708216547,8.968529196819663,-1.8987521386295556,29.21725774084801,-18.00445378423448,-73.53678090645707
1776353252837,-6.081722883173823,8.967631371197104,-1.971177031110227,32.56326496239971,-29.047619747526987,-71.49645313721251
1776353252854,-6.153249657770991,8.910169946831465,-1.9506763871341943,35.20285645394825,-34.8953545073251,-70.33021199681117
1776353252870,-6.1109016313850875,8.839241722649335,-1.8797483090825378,33.61215320757647,-32.11635202462743,-69.44909710331203
1776353252887,-5.91158492769897,8.61358821617961,-1.7577939542792735,29.299998652453542,-26.54774831318752,-68.40586083967344
1776353252904,-5.750125368720293,8.233059789818524,-1.7773960419803856,23.164782938036883,-13.276268137897848,-67.15879124063417
1776353252921,-5.631014420649409,8.065765533336997,-1.7673703225284814,18.932818218864494,-3.5371667140606053,-65.979941571025
1776353252937,-5.330093199488521,7.7756170506030315,-1.7027268777042626,16.421221057267402,2.9063910602471115,-64.1422928352114
1776353252954,-5.028424374830722,7.447462370079755,-1.5942396149784326,14.466801699855983,5.331659753377116,-60.60475344895421
1776353252970,-4.896892336603999,7.263857030266523,-1.5330381273016334,13.75151184657369,2.47901331727472,-57.871858158248706
1776353252987,-4.69862192710042,6.951113853886723,-1.5313915291383862,14.003889043952952,-4.726460169797559,-54.35600462260631
1776353253004,-4.539258463618159,6.757782654350995,-1.5324389923647046,14.069643275092666,-8.238210469296076,-51.81095660954908
1776353253021,-4.501849062678217,6.7452125111132855,-1.5246584214910863,12.458876348033973,-6.276875118463195,-48.55075363944567
1776353253037,-4.408922941699624,6.832600871708989,-1.293916944232583,6.217372644848159,-0.08228494311758322,-41.87191804634581
1776353253054,-4.3079187282055615,6.8457683963179585,-1.203984452112019,0.5696827066171974,4.685476473456544,-35.07435668999821
1776353253070,-4.341437551447749,6.829758341759443,-1.2398980615362525,-3.6952313787198636,7.767122076956543,-29.099638468245804
1776353253087,-4.477458133265376,6.683712040489912,-1.3000520859867333,-8.6719701702742,13.62122769570299,-23.676370937060007
1776353253104,-4.641760806715488,6.629693450054526,-1.268778411322832,-12.360749581549339,14.050623759575119,-20.19365235662863
1776353253121,-4.701465041571855,6.680569066289067,-1.2774571000799535,-14.95036201761996,11.631869359366014,-17.001361957442654
1776353253137,-4.585644367218017,6.836641087010502,-1.3516770592838525,-16.262547225111543,5.072517253624955,-10.447790326173543
1776353253154,-4.453216841456293,7.080251690453291,-1.387739721789956,-17.520070428675517,1.6099468774714674,-2.876409517998517
1776353253171,-4.4491760416328905,7.103593987596034,-1.432481365314126,-18.229095290941615,-1.7759091618019645,5.2084410063159705
1776353253187,-4.731992866304516,7.298872814068198,-1.4338283960089087,-20.17383114765725,-4.366311978825602,14.679963366115619
1776353253204,-4.980240481898188,7.363365452244877,-1.3938751558050513,-21.857170542194623,-6.310287550109251,20.146233768315817
1776353253221,-5.1827007443070405,7.436987153294682,-1.3971668908268213,-24.646607846396783,-6.981794183264469,24.041946567101185
1776353253237,-5.476289722883701,7.619993942692876,-1.3406041688665746,-30.14012216564887,-6.909229826635431,28.381526039289003
1776353253254,-5.584477125880122,7.877222152599692,-1.4091378991276025,-33.592349074078015,-6.769490132632494,31.83926149528377
1776353253271,-5.541381495997309,7.932287621739507,-1.4778215592533348,-36.41809054126609,-7.459147139733375,36.835025778771175
1776353253287,-5.39383998773396,8.050203222545981,-1.6457152429327369,-38.745255519799905,-7.889574562170178,43.36799926705082
1776353253304,-5.4623728412121535,8.145970704430342,-1.704672312683612,-41.461601262146466,-6.841433368933885,47.67494238783703
1776353253321,-5.564576493623853,8.231862688988446,-1.802385960199684,-43.4928448797949,-7.137880654385363,51.73018279242451
1776353253337,-5.972038519617914,8.51752087456584,-2.1462528813786803,-42.01770160399057,-9.293788884764867,53.57607215147172
1776353253354,-7.013964570075273,9.78734499554932,-2.0362692426152527,-44.63940824519743,-6.173610342175419,47.62305344071244
1776353253371,-6.544252131873368,10.2790547460258,-1.7003328221745788,-56.89076295567891,3.609097570644125,54.26546021987403
1776353253387,-5.799506362482905,10.186130378612875,-2.010381937164813,-67.65013455895738,15.141398993610633,65.22853880005356
1776353253404,-5.901409570643305,9.965414913067221,-2.887707208008319,-66.61552482424054,18.516393537999864,70.7379606298826
1776353253421,-5.924903258955478,9.97888288192749,-3.1510696828864515,-62.14858793724136,22.70178490476923,79.59292522839978
1776353253437,-6.019174949324131,9.215880155834554,-3.466655096954852,-52.23596854574771,32.294008660034045,89.5964544377463
1776353253454,-6.386235406824946,7.7774127018481485,-3.156157215283811,-47.91144793313247,43.903550984776935,87.04663553755383
1776353253470,-6.491281004664302,7.198914310234785,-2.9465149324163793,-47.94474852043087,54.453748044723774,81.77101791320348
1776353253487,-6.504449113795161,6.740425276836753,-2.7217592515692113,-46.050009648439726,64.988232254485,74.07721962453432
1776353253504,-6.634184916254878,6.8770438245475285,-2.6158155358463526,-40.360701126440055,63.20748582464678,68.30244494545028
1776353253521,-6.777837015864253,7.119457327160239,-2.5152593583807348,-33.52498633338877,55.28345210434024,62.09815382040999
1776353253537,-7.18126058012247,7.575554496985673,-2.1437094805061814,-29.802690330082726,47.042695682031045,52.03203617260405
1776353253554,-7.765594838282466,7.618499320220947,-1.6759423311531543,-33.73201278222644,48.625141229696276,37.991048956174176
1776353253570,-7.956682058283686,7.5613377555847165,-1.5960355584844945,-41.58919261093689,51.47552943450434,22.111224551015123
1776353253587,-7.716962032538652,7.6738640645682805,-1.6472116189703345,-51.55336285519122,61.870626558778525,4.7465742231296
1776353253604,-6.953810837885737,7.513303500255942,-2.023251355610043,-56.476696397625226,70.48232713981653,-2.5899620563787606
1776353253621,-6.530934969660639,7.376236039733886,-2.243817475812882,-57.69596029655337,80.23474444432753,-6.2261946879348775
1776353253637,-5.767333693152666,7.009622741478681,-2.669386309449002,-52.228287998026026,87.93381563903596,-5.9709086837428345
1776353253654,-5.372739916560054,6.994211237335205,-2.8136371786691248,-43.670689345403694,90.06247824481628,-3.257728307189751
1776353253671,-5.1915281938850875,6.995258116039634,-2.6927298487007616,-34.4029866606264,87.91213661861033,2.3435100481044833
1776353253687,-5.110874109980464,6.93974314956665,-2.199225177631527,-24.80149604620516,78.74151482760101,10.431116126862248
1776353253704,-5.641189193183183,6.662164810070395,-1.7209835421457886,-18.881286149124037,68.30420713425615,12.410280405862979
1776353253721,-5.902755724555254,6.536170532226562,-1.5656598555736243,-15.365126962516277,58.128420554041895,11.077916258242238
1776353253737,-6.272360605841874,6.538714371490478,-1.1305138499706984,-18.884728564465725,51.04375219593281,6.932601026427922
1776353253754,-6.321143049189448,6.628498102790117,-1.145178189008683,-22.811411148495225,51.112248748024285,4.014799708285481
1776353253771,-6.247670985743403,6.795643306189775,-1.553090296857804,-23.257714491884077,50.7924114797601,0.4441273945296727
1776353253787,-6.19918781760335,6.911012729644775,-1.735049330768734,-19.88350712679669,53.8333653775061,0.46120190695935254
1776353253804,-6.1967933236822486,7.057806634411215,-1.6882127607919275,-17.264365221623166,59.07783733924118,1.470321162250305
1776353253821,-6.2850800944223995,7.075016712409258,-1.499969239784032,-18.1054193480929,64.58577018783116,1.2453498854723057
1776353253837,-6.418256977246702,7.154772386169433,-1.1004363993540405,-21.939160132991454,64.96893697007971,0.019327781164696474
1776353253854,-6.291513634601235,7.321767367443442,-1.1876754146069288,-21.617596534414545,58.13533270548195,0.8355051313776312
1776353253871,-6.223877437701821,7.453448458752035,-1.4326320258311926,-15.747383622057917,44.00986629430277,3.8955736336810314
1776353253887,-6.238991420203447,7.436391525489092,-1.558477396723628,-8.916149433102156,35.48117641734251,7.663294663835886
1776353253904,-6.533028434808552,7.312489836010337,-1.376667415894568,-5.712432981208395,34.3829878667366,9.430471215340578
1776353253921,-6.896348828998208,7.082946336364746,-1.134853194349259,-7.483831443393801,37.026646735935884,8.853952022972727
1776353253937,-7.088782495172321,7.0922232832759615,-1.0757459024727345,-10.150705271808313,41.16199501420386,6.51871205329266
1776353253954,-7.172730067664385,7.2837617541760205,-1.0277129623182117,-11.292199783073048,40.48894475829621,5.535115293939341
1776353253970,-7.305009124866127,7.5629843537479635,-1.1219843604259192,-7.906914704925548,33.17529430826245,5.649544441312326
1776353253987,-7.362171274024248,7.637355411860346,-1.1538573161572216,-3.50347168333764,23.747763489359567,6.3947872354260635
1776353254004,-7.582288189154863,7.617004113227129,-1.1423356590591371,0.5138988974792636,16.437388115032824,5.270229031982022
1776353254021,-8.12023479014933,7.663240963745117,-1.1151011767834424,0.6191953348800017,11.03103640110021,-3.218041919904215
1776353254037,-8.635586989758908,8.258648989105223,-1.04477135688588,-2.278711189674926,10.029733230097278,-14.683909507908593
1776353254054,-8.751855115619302,9.904214302173257,-0.8111873496778309,-6.64811126777902,15.112770255704524,-18.516367924790476
1776353254071,-8.404097032220662,10.292373661804199,-0.7243971011057496,-14.32978298246365,17.34039376482187,-13.556684115593661
1776353254087,-8.564059922900796,9.99818671733439,-0.9048600512400269,-16.216960835043587,14.780763297886667,-14.162089885508788
1776353254104,-8.639327345331013,8.789263932037352,-1.3509298941783605,-16.111084365171926,11.187138667033558,-20.07308414985227
1776353254120,-8.41337485591471,7.4884648270756005,-1.8478765223950147,-13.991329179842946,6.564838028305048,-33.12233302143817
1776353254137,-8.354566693115235,7.013663541302084,-2.1080961692027747,-8.809366255618176,3.0952884794802764,-48.84380973597423
1776353254154,-8.01129861461222,6.973860523223877,-2.4931140159375964,0.19173258806895513,0.2210514418854993,-63.04724958671828
1776353254171,-7.3657614074707025,7.700949055370688,-2.360534952875972,12.856898791727296,-3.7295082561827493,-72.00603306061966
1776353254187,-7.1618059380680315,8.09524531032145,-2.078767052735388,18.558093550430083,-11.292796570851777,-74.38619006182901
1776353254204,-7.133224571228027,8.716689694213867,-1.761834754102677,22.489639229148633,-21.487659015644223,-75.50907999156829
1776353254221,-7.270142978668212,9.162908444103598,-1.647062419757992,25.245220993182333,-32.37182842034259,-78.46789061926113
1776353254237,-7.3549875,9.29533830795288,-1.680880810468644,25.93606559942515,-36.51690971817783,-81.72340466449933
1776353254254,-7.260866031756997,9.414599478149414,-1.6885121821299194,25.50286768150626,-36.63028061311629,-84.29742292492116
1776353254271,-7.048679909625649,9.265859115490317,-1.6663655245125293,24.798938140360992,-33.080791810906156,-86.48079534595328
1776353254287,-6.969970530048013,9.176375828441977,-1.6276098235301673,25.537129617930336,-28.86629871563066,-87.57198636775452
1776353254304,-6.870611161151528,8.88084214553833,-1.3371630885019898,23.06110237398338,-23.060492779599958,-88.7207012427456
1776353254321,-6.72890435039103,8.58620570373535,-1.0773925006359815,15.452551676345148,-13.21816115730761,-91.62357945132521
1776353254337,-6.611738106647134,8.441655778503417,-1.0815822074107826,10.547438517295797,-6.17067848347419,-94.12475374424886
1776353254354,-6.244677649146318,8.128613911437988,-1.26339204210937,8.686475784524013,-1.4160244667215827,-95.2909265827585
1776353254370,-5.849783428302407,7.847743544659018,-1.3397067816354333,10.019867875614842,2.184322244213581,-95.29464903585617
1776353254387,-5.61784455795288,7.7409022955745455,-1.273267539435625,10.841824793165223,3.3134306343053206,-93.95834301531067
1776353254404,-5.360468464007973,7.658751835632324,-0.9967378322094679,10.318149066858469,3.0324588499657987,-91.50547182019736
1776353254421,-5.098004107013344,7.664587117657065,-0.6747177089184522,6.998092295284589,2.7617233847580103,-87.72702483172465
1776353254437,-4.941632811084389,7.634660181427002,-0.5814933356456459,2.6889500670290514,0.40734469141503843,-82.9653243009044
1776353254454,-4.678568734630942,7.549664853447675,-0.5464781363658606,-2.5815265593103836,-3.1452609182124402,-76.09095746734
1776353254470,-4.386476716613769,7.387756966179609,-0.698060590583086,-5.925352602639319,-5.83424086731911,-69.80191052488902
1776353254487,-4.242976008173823,7.289296591949462,-0.7498362243972718,-9.055694466713748,-6.824641348859408,-63.04780966223022
1776353254504,-4.1120419358402485,7.116614797210693,-0.9282035174265504,-12.773408266860354,-5.718980998188322,-55.21775251471389
1776353254520,-3.95163042460978,7.02608375467509,-0.9394266299694776,-16.88457596791919,-2.0717773752778728,-48.134054043466946
1776353254537,-3.878157192119956,6.97849870441854,-0.94601024614349,-21.146892340215825,2.0670242039457785,-40.731269624764515
1776353254554,-3.83072265625,6.81210168903768,-1.115400451990962,-23.971684411109266,6.597221235820548,-30.757130719416555
1776353254570,-3.8940199471622705,6.828861392919719,-1.1510142016857863,-25.386373682569815,8.828314907923083,-23.659491832073613
1776353254587,-3.95207875289917,6.905624899126589,-1.1125568991281092,-27.92987978042191,9.950112861168794,-16.916850319294795
1776353254604,-4.077774340057373,7.1676406355708835,-1.0437240397900343,-31.69874059839451,12.557924336282914,-7.947281122920323
1776353254621,-4.20047775966227,7.408407540020346,-1.045220415827632,-35.28840457330266,13.254572041999303,-0.4065394227840645
1776353254637,-4.276493662372231,7.532756681005656,-1.0887649585217236,-38.86679190589111,15.324376346380689,7.322926700700287
1776353254654,-4.316446318054199,7.649922632488608,-1.2107193133249878,-43.93724772304719,20.754197444075114,17.728654160643952
1776353254670,-4.315999158808589,7.560889135034382,-1.3536235171765088,-47.63997864947573,26.00819581215507,25.092530406739403
1776353254687,-4.357148330798745,7.530512409210204,-1.409438489509374,-51.5172413997656,31.96865942910966,30.43320216783953
1776353254704,-4.553622504535317,7.735815493829548,-1.510892784858495,-56.56688221542607,39.003265915697135,35.96642379183148
1776353254721,-4.567239526477456,8.646210382843018,-1.2318182154551147,-63.124792724365435,45.768175552717494,44.221182101939206
1776353254737,-4.274398735919594,8.756942209625244,-1.2063798228159546,-68.98255420186513,53.302034716687054,59.755405765284785
1776353254754,-4.357297383880615,8.405143618664145,-1.260698419111222,-74.85084783106498,62.05123725100117,76.33800540961937
1776353254770,-5.09471149520874,7.861660426330566,-1.3382109901197254,-79.69705146229663,66.33042589809503,81.15696341625183
1776353254787,-5.352687308612466,7.738359040832519,-1.3658936545543372,-85.45145851727568,71.58343559629263,83.27203394558383
1776353254804,-5.788731285968423,7.7600570778995746,-1.3590101786509154,-94.37136455442135,79.06441885080253,81.16850643594915
1776353254821,-5.765687094989419,7.978228119659423,-1.4402635436229407,-99.65680399079817,82.8505498020915,79.98348910551945
1776353254837,-5.571905229076743,8.142230933380127,-1.4278437686413525,-105.08376494677765,81.42750037908687,83.46757543133212
1776353254854,-5.549010675701498,8.53532950297892,-1.705870436426997,-107.10433297875335,74.42508115896307,90.48313593541901
1776353254871,-5.8551697975158685,8.69514246379435,-2.1383231112927197,-106.3285600928233,66.859724577636,94.53412796234275
1776353254887,-6.12870792171061,8.68197493918538,-2.2486063175246116,-107.39656262239234,60.61563394030204,94.03653502092898
1776353254904,-6.865822173309326,8.78432764467895,-2.6132727194957432,-111.56448748790669,56.36538138962694,86.29958359708368
1776353254921,-7.407809574127197,9.34636589987874,-3.240703338190913,-112.51759940544696,60.645345263191594,78.9904683926588
1776353254937,-7.587672804802656,9.766247846984863,-3.7083207038097084,-107.54566565197372,72.85954032949361,73.64044951767951
1776353254954,-7.446267022815347,10.193914456617831,-4.493768485944718,-100.17288625429516,96.99335123338419,74.68975781949024
1776353254970,-7.227795536804199,9.777772280561923,-4.712388878907263,-100.43686623552698,111.57724628127627,75.06933192223535
1776353254987,-7.385363933563232,9.281573986494541,-4.916195149097591,-100.02373541338959,122.16250953242196,66.12404490213392
1776353255004,-7.752274753460288,8.768916140535474,-5.360768469867855,-90.14687889239012,132.55954643042043,47.31307213542058
1776353255021,-7.759606411522626,8.43327665721476,-5.623831231147051,-73.56436121032557,131.73827082423975,33.09440437792199
1776353255037,-7.5936580166921015,8.308029982867836,-5.438280529419705,-55.41015211344398,128.82479899225746,23.093180357420348
1776353255054,-7.0911752355277535,8.026712456843256,-4.0939363703072065,-44.34553594106305,121.7500753895799,13.293592912727586
1776353255070,-6.72336542096436,7.5833350678592915,-3.0484184328377246,-42.813367415878275,115.49083539266687,5.948470231658873
1776353255087,-6.47392012001872,7.374889885821938,-2.7914900826603173,-42.825371473344575,106.4461349691959,-0.03261826207248347
1776353255103,-6.054934829491376,7.100006192237139,-2.5643404924139377,-41.705633675907265,92.4335784151862,-8.003877777930342
1776353255121,-5.534046038542687,7.085043016383051,-2.6105788042366505,-39.44712575891042,81.80392576462461,-10.520496836114681
1776353255137,-5.246591909459233,7.129634437781572,-2.7061967946477234,-34.668967887285035,73.17778616368119,-9.3781246455416
1776353255154,-4.819826632580161,7.241265843752026,-2.6879414453804493,-29.272268084423292,62.32643923303932,-3.0847866367445587
1776353255171,-4.61287694979757,7.325809920832515,-2.67163065430969,-25.41892124151222,56.66343376953337,3.527274038821488
1776353255187,-4.568135014012456,7.326557524329424,-2.647688491577655,-22.50029090915927,52.480946940708556,11.108541118933283
1776353255204,-4.7164258793383835,7.228245618659257,-2.710835268103331,-17.915198579708047,53.21253533289779,20.48364852840903
1776353255220,-5.203945484648645,6.996008642145991,-2.520795949719846,-16.95961242614095,57.201017468537565,24.01227793289394
1776353255237,-5.444562459233403,6.830209592658281,-2.4594443860478696,-16.030288349932555,61.121238693612234,24.649263082436622
1776353255254,-5.935673367033899,6.7205258136242625,-2.3081607686467467,-15.632885745906409,67.71811543176652,22.869892935716166
1776353255271,-6.198586344578862,6.74117580294311,-1.9970643365606664,-17.885113303961433,71.78249462946347,20.430591618936372
1776353255287,-6.329968452940881,6.961292133551836,-1.9304754567570983,-19.112199477036537,74.77274461790589,18.4696921195499
1776353255304,-6.346727280040085,7.184701660487056,-1.9530707349248229,-18.383657349217128,74.79529790254527,21.33478059899912
1776353255321,-6.514471910637616,7.579446828249097,-2.059014158386737,-14.903356655751933,72.09070008557113,24.20785527713538
1776353255337,-6.8480135448962445,7.7730767184704535,-2.1236571648195386,-6.7102365340353405,61.04314914083148,27.17518827336511
1776353255354,-7.059750461955368,7.801657500788569,-2.1812679345279933,2.5858455867433587,52.79613285014796,28.13115520997843
1776353255370,-7.665633411839604,7.735218404719233,-2.0934303688600657,11.361388745591631,47.591952174326785,27.413167431973985
1776353255387,-8.297702650120854,7.559992186194658,-1.6868649994447826,18.516525019141387,55.193402890322794,23.659425237729206
1776353255404,-8.519465578892827,7.363817287665605,-1.3599069813601672,15.77684052040089,65.96708715500704,14.234059588793214
1776353255421,-9.229645061814784,7.681049592158198,-0.6982092052735388,6.799481920164843,74.60753600226163,-2.335514457907337
1776353255437,-9.354293478007614,8.322097086665034,-0.49051250351592895,-2.8488612306417402,74.44451304715176,-17.636907644617757
1776353255454,-9.171735893681644,9.699960142084956,-0.6739677673339843,-6.1667063015850045,63.85166145583819,-26.84104688143162
1776353255471,-8.816346292491257,10.210971974402666,-0.9255084331236779,-2.0159038665462297,46.2486315495037,-27.032621734819433
1776353255488,-8.401700492472946,9.311351285120844,-1.109712907873839,5.296526967833864,25.935406486170244,-26.58341214593874
1776353255504,-8.403495851457118,8.750060633417963,-1.2018893795289098,7.4932152695397525,21.35350556260871,-32.16762283963213
1776353255521,-8.254307452769577,7.985113202998042,-1.5075991501405834,9.831587734727917,28.97129579864668,-40.747218116476496
1776353255537,-8.218244790263473,7.570317765375972,-1.558026584216207,12.245894828013698,35.46053558567073,-58.76024720321393
1776353255554,-8.204627768321334,7.7612553477734325,-1.3714289307191967,10.84411461408447,37.39988583822581,-76.31058903029094
1776353255570,-7.81182905845195,8.51587836805582,-0.9858125335693358,6.863737778555384,37.38067251609057,-89.88241396772723
1776353255588,-7.136066516655683,9.06400207967162,-0.933290026910603,4.960955078156083,25.681202213188,-100.16279123470188
1776353255603,-7.0530170620471235,9.2884567317456,-0.936581761932373,5.714663037972405,10.125554807737034,-108.25412702363329
1776353255621,-6.8933537388354535,9.751734752985834,-1.1565490394592284,7.746186693376807,-7.08646213653986,-115.35134926943687
1776353255637,-6.750898740056157,10.38021268877685,-1.3473375687748192,9.238064786421319,-23.921183699933483,-122.23451338665224
1776353255654,-6.643458940556645,10.601227429530024,-1.4211080306455492,7.389166729044717,-28.575595619271162,-123.89390784550683
1776353255671,-6.282833484539389,10.543468483522533,-1.6123457650333641,3.038367390484683,-25.206073763954404,-124.1615009968096
1776353255687,-5.937318503892421,10.11879579500854,-1.9768623832702636,-0.16714961666816852,-15.342698328829247,-123.47540849468182
1776353255704,-5.770922657555341,9.9274092997998,-2.185457495172322,1.4194768071819068,-5.578075049384605,-121.09328439899149
1776353255721,-5.350141715782881,9.58907867769897,-2.3240216239929197,4.771573569265493,4.641296248583962,-116.4184433838463
1776353255737,-4.950908588951826,9.086296913588047,-2.06215581741333,10.959628480875018,14.952532310228731,-108.3856423161019
1776353255754,-4.790347440117597,8.850617687666416,-1.7925088554382322,13.782932424303041,18.12042527369942,-101.91968664395841
1776353255770,-4.621257532390952,8.416368777033686,-1.2051812606811523,14.18524251924784,18.957449588558852,-95.9963553504266
1776353255787,-4.518156638878583,7.982869223463535,-0.808791540582478,11.74104481060679,16.496952487237213,-88.89172234937355
1776353255804,-4.457703631481528,7.811833442366122,-0.6235398948669433,8.515808140185612,13.314015178345924,-84.21323401321159
1776353255821,-4.291156978496909,7.469761880171299,-0.34686025777608154,2.035159023590142,8.04930195100551,-78.06182221272553
1776353255837,-4.113985471123457,7.2367761311173435,-0.18195961843281983,-4.07768952884202,4.575982564645715,-73.20042141059062
1776353255854,-3.992929234203696,7.1610595036149025,-0.1253963119506836,-11.028125032966491,1.238396219288704,-67.3527754432517
1776353255870,-3.7780496352046726,7.032071889173984,-0.14844079519063233,-20.581185337304106,-0.5826330654486589,-58.47693778663097
1776353255888,-3.706223585399985,6.873007700899243,-0.27189152603149414,-27.715386227274124,-0.11571413007144704,-51.41192329785859
1776353255904,-3.7282203131526708,6.839637930738926,-0.3532943824768066,-34.65709360341297,3.8851968687844893,-45.03965050037101
1776353255921,-3.761289639061689,6.729055741560459,-0.44846389846801754,-45.51087891158853,11.858069002977558,-36.874511102363016
1776353255937,-3.8952152944266794,6.665608813044429,-0.726639911596477,-51.70446713019941,16.243219497307702,-31.984952845374725
1776353255954,-4.010287196239829,6.752848120558261,-0.8601172386720776,-55.954825548806646,20.111451029967526,-28.351452716373437
1776353255970,-3.9601597680240865,7.02174747903645,-0.9666589202880859,-62.15330759795784,22.857344170663563,-21.09787036499535
1776353255987,-3.903295140507817,7.454498844587802,-1.119288691601157,-66.02908478210324,24.341170324450275,-13.426592063793366
1776353256004,-3.8690292982906103,7.628976875093579,-1.228375089263916,-67.86138547979671,23.526728322534197,-4.153596836182957
1776353256021,-4.021659069603682,7.988405814802646,-1.450137433513999,-68.21724516574353,23.86688540357917,8.291015515543092
1776353256037,-4.324824270299077,8.26613320738077,-1.4915871958859264,-69.59336435896103,23.715210807775286,17.48393360532427
1776353256054,-4.527284532707929,8.339904546034335,-1.515080445806682,-71.25572995010458,25.43214107265078,24.358008448301646
1776353256070,-4.89030594395101,8.373573591402172,-1.5792749778196216,-73.57799426790892,28.266821549915104,31.088876422498657
1776353256087,-5.037999427905678,8.359657878774405,-1.513135156957805,-77.23055403978913,32.69925402877466,34.91036384802621
1776353256104,-5.014055073216557,8.327484624922276,-1.4740791578546166,-82.30606078183644,38.65416128683945,38.39111362642933
1776353256121,-5.184193028691411,8.543561324751376,-1.4912877745479345,-91.697973871765,45.02831238634879,42.19477767331773
1776353256137,-5.629215846794843,9.06444923891723,-1.8860313348747788,-98.28394962800394,46.20422165952028,41.842660931036065
1776353256154,-5.8562178452640765,9.536257772615551,-2.1818653158992527,-102.15851103847707,50.74686777837445,41.3591655000692
1776353256170,-5.288641245159506,9.718516373994946,-2.433256490215659,-107.25650276327207,60.37138637558238,48.48953806900943
1776353256187,-5.476884766167402,9.72255658929646,-2.5861855367362496,-111.44505480007984,68.4895784683303,50.001868309749895
1776353256204,-5.496935620549321,9.891347221815586,-2.593218211852014,-117.63694913177657,77.93322341103253,51.80538317518635
1776353256220,-5.21621664493978,10.055500842183827,-2.6198538514517247,-129.13493056171106,89.15665855708919,59.09065077412412
1776353256237,-4.909010059899091,9.328560194075108,-3.2098746308155355,-133.14773500098525,95.90519281557444,64.01594799594452
1776353256254,-4.847659226879477,8.83520559900105,-3.5069055665396154,-133.4907197803466,101.121401454524,66.59859278528808
1776353256271,-5.066279181450605,8.19715027204752,-3.9303795467883345,-129.27404785472586,107.08236709038259,63.08967189165323
1776353256287,-5.372437718743085,8.289476673567295,-4.15154407127574,-123.3191610872286,109.2456314344982,58.572150623660946
1776353256304,-5.377674450352788,8.478767657801509,-4.142116609977931,-116.34753235988322,108.69822592346752,56.363677257429025
1776353256321,-5.368996053856611,8.922444906514883,-3.7327084183521566,-111.5737082432862,103.50241905956878,58.34702758861732
1776353256337,-5.700293708580732,9.185656282484532,-3.3722311386339365,-111.5207537866511,98.57846738501489,59.07184043314991
1776353256354,-5.907242514580488,9.195233089125155,-3.355172086479142,-111.89640736081263,95.0861165303065,57.23910601844414
1776353256370,-6.20621786237061,8.93755655092895,-3.5333901802960783,-112.71608470272753,93.5690563835658,51.860550613112544
1776353256387,-6.4248389859855175,8.672548939192295,-3.816804021012783,-114.21017492328947,99.89043061135845,45.4369523591069
1776353256404,-6.364385978588461,8.50974381082356,-3.961204016380012,-115.31837311612404,110.69223817995022,39.44974513645712
1776353256421,-6.1803311414420605,8.304440433943272,-4.190448752274737,-115.25845869672469,129.99882654831262,32.795108903586616
1776353256437,-5.888388468767702,8.27331522783935,-4.283523451411165,-113.93437871479352,141.39398631048172,30.729191830616617
1776353256454,-5.644778157585859,8.22303640845418,-4.314198940986208,-110.12407572403187,147.5257339963473,30.820409006982135
1776353256470,-5.466859046715498,8.01773361609578,-4.37165992696043,-101.00163408742783,146.00783373633868,32.08531906013348
1776353256487,-5.536591046850383,7.841761547639965,-4.371509777900018,-91.31307905165644,140.16993444894538,32.99262772909963
1776353256504,-5.6136538282647725,7.7415031840771436,-4.331406936625019,-81.3375467877178,132.5814849980345,34.319354409334174
1776353256520,-5.787083811022341,7.564332261225581,-4.168900389344059,-66.57869644423582,118.17220373627379,35.51654313686484
1776353256537,-6.016926878136396,7.350648594012856,-4.018664052506163,-53.96674189652352,104.86312934601872,35.816125479145356
1776353256554,-6.089800391167402,7.250691259223222,-3.905089403513446,-41.505334963402056,92.24802266600446,34.226924874390974
1776353256571,-6.180781223297119,7.213882162263989,-3.398416221454553,-30.485289190450047,81.46449951382083,31.531889322254855
1776353256587,-5.876268115124106,7.226001054602861,-2.8891996019905433,-27.409989686462634,79.23226391946642,31.842526325707034
1776353256604,-5.732765068596601,7.320571435657143,-2.715769765363447,-25.406872787816315,81.4492203806475,32.86766941823425
1776353256620,-5.2720314711421725,7.604584192115068,-2.5257298989906904,-21.307102964934938,80.65705504070942,41.73052630033738
1776353256637,-5.236717288915813,7.726240148493647,-2.696316292352788,-11.303589977287691,72.34096504694956,52.20863071359473
1776353256654,-5.4554868810907005,7.699453848376869,-2.6795572460578754,1.9924677799566235,59.11213171906381,60.242131875729065
1776353256671,-6.0622682411193844,7.741054855787754,-2.3603800911078228,16.784679328665877,44.238879122078714,65.99913440259273
1776353256686,-6.5897405021116136,7.864206019160151,-1.767366377005726,23.143962813899392,37.90319906306947,67.2704170222397
1776353256704,-7.147739126531779,8.025514771491288,-1.2773030785620212,26.54216975618291,35.8063207425918,64.34254032129783
1776353256721,-7.3870093626827,8.156597312384843,-0.9488486844398081,23.206611016514042,36.006151587138866,61.154658809221104
1776353256737,-7.816020664922893,8.147469418555497,-0.624882760843262,18.21413888420658,34.497502818361035,55.54761991577424
1776353256754,-8.236651384569704,7.983017692023515,-0.7128697449192404,13.669530793513319,26.66493728387201,41.62163600949445
1776353256771,-8.444049687902629,8.069957724329829,-0.8048973826881498,12.666978551665922,17.757755889150083,26.41900949261653
1776353256787,-8.92393704476878,8.930372776904703,-1.0214228491980581,13.667619194319363,7.660421715516249,10.279315172558714
1776353256803,-8.87036707488373,9.437494616046548,-1.1293116345740855,16.584281578417702,0.1700158948811938,1.0550074543428598
1776353256821,-8.645162481225281,9.931897258868814,-1.1697135683935136,18.46469925126662,-2.081760763966904,-5.026142403594684
1776353256836,-8.296057805523276,9.546281738501786,-1.112701714426279,16.76870010110263,-4.434164358700978,-11.906033152650325
1776353256854,-7.806742841228842,9.074325320765375,-1.5526364156104624,22.26182680711932,-4.582931001465734,-24.47080219225524
1776353256870,-7.491007789556682,8.989780074641107,-1.49338021678254,29.480329306920222,-1.446657331540561,-34.550624614630806
1776353256887,-6.739826726421714,9.168596426612138,-0.7396551682531833,32.04734662344279,-1.196779556510699,-40.534314289858024
1776353256903,-6.336553384289145,9.207502203589677,-0.472253062595427,33.604441924003524,-6.262626063194079,-40.81801644231826
1776353256921,-5.857713052257895,9.17383432726562,-0.17118205770030617,34.85690395739252,-26.745110044349623,-34.72831881607786
1776353256936,-6.017226737865805,8.636036779353022,-0.31288872233033177,36.65099999196352,-50.47454472107146,-31.131930519931835
1776353256954,-6.8957491095393895,7.9025126612007615,-1.0265108930520712,43.82800226236743,-77.8282297431111,-38.11378062537013
1776353256970,-7.250091247503459,7.74330000436604,-1.2086197106972336,48.796264789161775,-89.45285654063595,-50.80799797144606
1776353256987,-7.523478565050661,7.755568534308671,-1.1914113862648605,49.428846174237094,-91.45511283544685,-66.39320216675662
1776353257003,-7.427411515697837,8.468293025538324,-0.8975232786111533,41.20194820575385,-84.37569006262034,-83.06055079831272
1776353257021,-7.382371181488037,8.855705950716137,-0.8339274431437254,32.42052083893561,-78.67940108728891,-92.73670221055137
1776353257036,-7.3644140845149755,9.54343979307413,-1.0541932652257382,24.614398381818294,-75.56868705245499,-100.08396402149076
1776353257054,-7.326555770763754,9.812637257716059,-1.4827559469155966,17.391756787380366,-74.24808363681136,-107.99113058964195
1776353257070,-7.291241004015505,9.77328198340535,-1.7197817651405929,13.45531300925327,-72.96486867668439,-115.12137680008253
1776353257086,-7.230488429149985,9.520544655176996,-2.1477453118935226,9.476598897900258,-70.03548933412513,-124.30632832797055
1776353257103,-7.087135020226239,9.485529455897211,-2.544135762644559,6.76620651918901,-57.75279430063705,-137.26763680644524
1776353257120,-6.953360756030678,9.533265605062246,-2.642148539237678,5.487817514597472,-42.251819998171094,-144.46754411623078
1776353257137,-6.465540998730063,9.757869894739985,-2.517948743595183,2.1756361645800286,-21.244091054746985,-147.3567551162812
1776353257154,-5.840205452618003,9.693974053412676,-2.3463142659522593,-2.002745080223377,3.4818404742362095,-145.7684902474431
1776353257170,-5.608118113708496,9.67841232714355,-2.2575793130531907,-2.5462198173867066,16.152188443597066,-142.1250897592399
1776353257186,-5.092018018341064,9.48523076521158,-1.9635415677957235,-2.1873789673105732,20.117063737917984,-136.48769750512147
1776353257203,-4.567538217163086,9.222616770613193,-1.829316344962269,2.7275566440954906,11.098287297441802,-126.97228776480992
1776353257220,-4.324377111053466,9.037813745447993,-1.7859218782633541,8.184100003143943,-3.5747711743097565,-117.05791301469957
1776353257237,-4.078372890472412,8.631996564051509,-1.6531931775979696,12.750685935039014,-16.47709200467811,-107.46271300450391
1776353257254,-4.128201628002524,8.262391682764887,-1.455970961973071,13.161026624900455,-23.204177761622223,-95.6940101966268
1776353257270,-4.106354537853599,8.092702640101313,-1.3413484113626182,9.284564714290765,-20.30508177029551,-87.76807426863643
1776353257287,-4.006398372107744,7.750183334138989,-1.2343578169353306,4.217700722864465,-13.540400944612351,-79.53838616787722
1776353257303,-3.855263807788491,7.445071675550937,-1.2466283927045763,-1.3767479975079533,-2.074955334232633,-68.18794365420419
1776353257321,-3.8260833060115575,7.365912214118242,-1.227324265036732,-4.83064744851011,4.490156968856274,-58.90747193077355
1776353257337,-3.686023677936196,7.250392860798537,-1.1921594281531869,-7.128021703205272,8.341023599324986,-49.68299409815868
1776353257354,-3.6770448371887205,7.227647652766108,-1.1010301274634897,-8.729086773434785,10.18769843012675,-38.26097803217308
1776353257370,-3.6783909911006685,7.235578445765376,-1.0365366125039757,-10.515614958405415,8.920627475876744,-28.82906052427575
1776353257387,-3.756502404785156,7.327156951527297,-0.9609700609967112,-12.161336232315293,6.1757383729887,-19.59251716249205
1776353257404,-3.8286283143192525,7.411552560047805,-0.9828165666237473,-14.158100201259854,2.572107728444936,-6.880706102887811
1776353257420,-3.879356631037593,7.420232125587761,-0.977279975284636,-16.773457327859546,2.8975165100811493,2.9648901363843896
1776353257437,-3.9677912858158346,7.3311968745678655,-1.1308084490031003,-19.583849652435305,4.991964563874764,13.382157414374202
1776353257454,-4.151097350421548,7.113773728565871,-1.2597965018354356,-22.083149058431786,12.485673741468872,23.966862297555235
1776353257470,-4.173842266193032,6.9874795909926295,-1.2463282407142222,-24.59510651250759,17.663314863496318,30.533134665585987
1776353257487,-4.290409374999999,6.9087699191540475,-1.1803377651952207,-27.2902820835217,22.00733908128652,36.14791216336248
1776353257504,-4.42448466796875,7.138911969214678,-1.083073322751373,-30.14288156207355,24.397193243570012,44.84123008988755
1776353257520,-4.551078665271401,7.399281984278559,-1.0236673401892185,-32.967465312197305,23.715893826692287,50.86441533399037
1776353257537,-4.7960354226261375,8.28648333697021,-0.8708876390114426,-38.895768983444896,22.18764924518569,59.894523058299605
1776353257553,-4.332158266448975,8.996662819892167,-0.948549555362761,-43.818675639055776,19.444233755611073,74.73811555881393
1776353257570,-4.423137345013022,9.159318895179032,-1.2297183205664157,-43.51985144777313,15.441146967978518,88.98979703566577
1776353257587,-4.9146968733638525,9.573814473071694,-1.5545817044593393,-41.30017998639697,12.406816646180136,108.4177988467143
1776353257604,-5.565621618762612,9.42238238711059,-1.6557370168618857,-40.86417486072921,13.291399568230366,120.35127996831798
1776353257620,-5.84753886424601,9.020156508204341,-1.7745486897252498,-38.64038479528353,15.084768187654763,127.77330502991234
1776353257637,-6.816741039276122,8.44554869428873,-1.7649723214760422,-37.5547501323721,20.841447988080148,124.83457515837932
1776353257654,-7.337180040630698,8.466347152167558,-1.5710418408729134,-38.970364894465185,26.355420431443715,119.98060560206139
1776353257670,-7.471105695995688,8.6309485163033,-1.5053509328223764,-39.78608072666147,31.10767651818912,116.80671231740484
1776353257687,-7.816469285473227,8.868872306281327,-1.359454342221841,-41.23904979332536,33.72428442318057,112.66201009506854
1776353257704,-8.354566108593344,8.733898603168129,-1.3703781064920126,-41.89721023684237,32.853616304016946,106.10079377457089
1776353257720,-8.68242209843099,8.571542387610673,-1.3503265214577316,-44.958869853057266,35.27049581729889,93.470476263275
1776353257737,-8.974216594806313,8.286185230806469,-1.3494285497047007,-53.371163061276754,45.75043413634838,73.7907341699873
1776353257753,-8.764423505291342,7.785196195331215,-1.421703731516376,-61.544075214560216,57.92161608635225,56.52130436309458
1776353257771,-8.494477268108724,7.633613887244462,-1.5741844497475772,-69.3922972501742,69.91408955181731,41.627001123087496
1776353257787,-7.57794752960205,7.707385810419916,-1.9744646744787693,-73.8665834207203,83.5998693653661,30.47033790635689
1776353257804,-6.6133835357666015,7.845052405878901,-2.3464637574255467,-71.86859599414066,90.23684614413753,29.597613900253094
1776353257820,-6.323087168994546,7.885454558894038,-2.3995848144993186,-67.03600492992486,91.09295571508527,32.335474738485196
1776353257837,-6.005256606347858,7.735517679926753,-2.467819707944244,-57.06138449624041,85.09214275560882,37.47253173023807
1776353257853,-6.046257309778034,7.579894572016596,-2.2346843943517656,-50.420173000183574,75.81186910766412,40.72872537929869
1776353257871,-6.1179334297180175,7.499239319068193,-2.137569516446441,-44.39548852955794,63.19575838984187,43.06007043360455
1776353257887,-6.299743118286132,7.406911748504638,-2.0407542060095816,-35.18101009388796,45.212444041088574,45.105428637172814
1776353257904,-6.500856057739258,7.299174427363276,-1.9418434576634316,-28.496701811715635,31.528088321981745,46.55896460953782
1776353257920,-6.572982259534299,7.178417465651035,-1.8791451555576175,-23.12381034075327,20.253390898656853,46.50062113364756
1776353257937,-6.861632320404052,7.058705629077553,-1.8296153279088436,-18.308525268346987,12.083040920085791,43.94677925203395
1776353257954,-7.056910270093381,6.9283730297684665,-1.7422273326393216,-17.45423252771847,11.128167667513315,40.32888952038072
1776353257971,-7.062596206775307,6.827517284834385,-1.7761947033666072,-17.043463243486613,11.669770079070414,36.74983965944278
1776353257987,-7.089231115722656,6.759280783954262,-1.9259822004584595,-14.241028943067565,11.786535578026367,31.958465371773418
1776353258004,-7.036259696252643,6.797139097705483,-2.0667910394659263,-10.265397808351167,9.619010049642318,28.63532903865751
1776353258020,-7.02548520426005,6.892158391571044,-2.0673890053590758,-6.2737007880464315,6.970780930114647,25.705311073410854
1776353258037,-6.9141551193237305,7.014262676239014,-2.0738240433752537,0.2615139627763309,0.6155291241212916,24.27924099924577
1776353258053,-6.919093452508747,7.024139927130937,-2.074571829535253,5.893340786659938,-5.053462306501089,23.359655065246518
1776353258071,-6.917297509002685,6.956803005439043,-2.0506300686620174,12.39928807016749,-12.257276484491877,22.162768573586625
1776353258087,-7.042395130267739,6.934807446730137,-1.9466320071142165,19.79992439437595,-20.995972480315224,18.75557993254454
1776353258104,-7.158214051055908,6.960093863677978,-1.8538568389136343,24.16517342501197,-24.89752167574637,14.769679608411028
1776353258121,-7.293037239782512,7.122151973071694,-1.64196991892457,26.434235691823783,-26.20959418511665,8.063256027479847
1776353258137,-7.263259356634318,7.279121819415688,-1.5472490234836935,26.419605426621615,-24.261427865890376,3.65717185711726
1776353258154,-7.105840597479045,7.7250412940979,-1.4071881532993167,25.290260968116687,-24.476155353017237,1.2581663085630117
1776353258171,-7.029525711822509,8.287530215674638,-1.513580416507274,27.043881301666197,-27.68482283828561,0.9489146595735807
1776353258187,-7.015908689880371,8.54774942409098,-1.5360263493321835,29.85670346603919,-30.279082364312778,2.597710479105317
1776353258204,-7.02578506398946,8.840741605818272,-1.371873678812012,30.682251355545706,-30.747206454552526,4.919014728444442
1776353258221,-7.411251239013671,8.839842611151933,-1.1926080487035213,27.722325699470858,-29.020739538048403,5.421751229190054
1776353258237,-7.682544506891071,8.850916962873935,-1.183330225009471,24.855715795384015,-28.96023772238043,1.0103584010167808
1776353258254,-8.015637812860309,8.896107519209384,-1.3203992929667234,23.154887701476827,-29.558446180457658,-4.107878964973477
1776353258271,-8.0038158576414,8.738238093677163,-1.4860473166111856,22.397815873494274,-28.196397176930393,-8.333833971449902
1776353258287,-8.025364257104695,8.449439271986485,-1.5242051247656345,20.76615198266993,-26.748105082300672,-16.113877912542463
1776353258304,-8.303390632629394,8.335564471003412,-1.5834619081154464,18.330940241655675,-24.657162196211743,-27.609253625308586
1776353258320,-8.0958432762146,8.429237026435136,-1.7893628855627028,17.49733614402313,-22.842199933726352,-40.351401823885084
1776353258337,-8.046463451495766,8.498071493208409,-1.7787390540871768,17.233332257129213,-23.714582430371646,-49.841427166146296
1776353258353,-7.898022364044189,8.567502756831049,-1.6934448892917484,15.431524938985264,-27.674348743193395,-59.102726548576705
1776353258371,-7.846846303558349,8.870069991633295,-1.8685212510168552,13.092817794527768,-33.90784575712466,-71.73321481460184
1776353258387,-7.774870616149902,9.012225130683182,-2.1106348208349197,12.630443869795524,-39.272764689778334,-80.98957597026232
1776353258404,-7.745392008209228,9.619904024073481,-2.5092698356423524,12.224681967998931,-44.41599958763548,-89.83456166240212
1776353258421,-7.330746500451863,9.957336820551753,-3.03225274932608,14.328136906873675,-51.176507167735764,-97.78389781848897
1776353258437,-7.068281851196288,9.966315076777338,-3.324644554007426,20.378677058602396,-56.51522890982785,-100.97778306684614
1776353258454,-6.58181058589518,9.784656194856762,-3.7784954062107947,29.2941315199565,-62.40721988035307,-103.13120510836777
1776353258471,-6.66530778427124,9.65880980105102,-4.1159285680152475,47.159187973420195,-65.91187873594582,-107.96556519157859
1776353258487,-6.912509690204263,9.854387318208813,-3.9196042510781437,59.03764850616483,-55.68328454816362,-111.97985861209185
1776353258504,-7.0474828087955705,9.771188810518384,-2.4163449567727744,54.39764828597587,-37.78965399830718,-118.0920719569312
1776353258521,-6.757334326061606,9.685743985205889,-1.197097396012023,27.350471418035145,-8.96181180902463,-127.43612591134548
1776353258537,-6.30153818500936,9.675718265753984,-1.2569525105811654,10.972231033667338,4.082868946667006,-127.74333415983432
1776353258554,-5.459677610778808,9.596111645075679,-2.1455008209023623,7.739014994748294,3.744539794998655,-124.5690037430709
1776353258570,-4.914846510967612,9.572318681555986,-2.7727809982761737,18.78236281182745,-10.885462871772436,-116.52816354267338
1776353258587,-4.658967962104082,9.574714052259921,-2.802858887284249,28.017237899906373,-25.733946641506133,-107.66920328349174
1776353258603,-4.395754832568764,9.37240342745483,-2.619103252280131,34.422742982800656,-40.23212964550374,-97.94602601881756
1776353258621,-4.399644825744629,8.97571413988769,-2.405720613840595,36.28131941823117,-50.92543624403527,-86.08293682680005
1776353258636,-4.436605313873291,8.609102010676263,-2.383125408738106,33.33536662165087,-51.32770365029775,-80.1880601013505
1776353258654,-4.6251492791324855,8.04377114367187,-2.5576029277872294,30.90510676778488,-47.24968456482828,-76.39951809328451
1776353258670,-4.639962232860922,7.715166965815424,-2.75677014000006,31.741043375018986,-35.582946235975704,-71.97466200176179
1776353258687,-4.645948906055093,7.6295742564648386,-2.6460380209568886,31.34269991243467,-26.82272489898306,-67.92181899357298
1776353258703,-4.511273893627524,7.537097632819414,-2.27972502082251,28.785098011682962,-18.383286811454653,-63.41997300972588
1776353258721,-4.285920831409096,7.235877720972895,-2.0584116624489424,24.85582166331615,-12.285991453536257,-57.64728153833869
1776353258737,-4.22621484298706,7.097462645234168,-2.1022551150243727,25.994518358342116,-10.52201655320501,-52.74980026191318
1776353258754,-4.062960217285156,6.776789260376989,-1.9312193339269608,27.021080422669403,-11.439649053101638,-46.36643865230808
1776353258770,-3.8820477698177096,6.529737284308672,-1.7085589448586105,26.788961566368396,-14.294680078998015,-41.33844953631655
1776353258787,-3.7901708656311035,6.454919066950678,-1.6392771727092563,26.703908635728812,-16.74163206142187,-35.55672855484661
1776353258804,-3.583521334838867,6.349873469111323,-1.5406651150487363,27.765892061091783,-20.51446634194413,-25.775006323701664
1776353258821,-3.4684494330257176,6.370074253357947,-1.4026993905127048,27.898491646091117,-21.904543026730536,-17.140453637248086
1776353258837,-3.444658223071694,6.375910412165522,-1.3001979241982102,26.845351608156022,-21.447120135372906,-7.275614834093255
1776353258854,-3.5051118149906393,6.389377796503901,-1.100880855185911,22.834577442612616,-17.428784950418297,6.2563183834955725
1776353258870,-3.7581478339046237,6.503700633515417,-0.819711651590839,17.353912416736616,-13.157525299177177,14.74830282385618
1776353258887,-3.8549645325809716,6.510733893153071,-0.7885871030740439,12.497483138543824,-10.506508608694496,22.741879822744497
1776353258903,-4.253150196185707,6.860586610743403,-0.7873905137006193,8.51478617313105,-9.227273087532698,30.021037817469693
1776353258921,-4.432864958301186,7.22989250908345,-0.7405535053323954,3.050581049381135,-7.214852617463175,40.79639889359517
1776353258937,-4.5021465843200685,7.3756392428845166,-0.780357107932493,-0.3247300315874434,-7.46018703603451,49.447465269914545
1776353258953,-5.042338333892822,8.023420429560542,-0.9195198602333664,-2.2380574768481867,-7.67206974937206,56.869517652265586
1776353258970,-5.677102218085527,8.916757800789178,-0.8164197704385966,-7.795401621441334,-4.192210029995154,64.6077633969586
1776353258987,-5.926397881427407,9.360283073811232,-0.6735153473913669,-17.367685493197946,1.3427251177048274,70.49019551774039
1776353259003,-5.827188734656572,9.571721300184727,-0.8496393184732646,-27.14238628987612,8.828044261677222,83.52312535985183
1776353259020,-5.648371213641762,8.865880138728022,-1.4362189444072544,-27.588875755919855,12.398432588973947,93.23659692571543
1776353259037,-5.746234791022538,8.43911427732706,-1.688507871280983,-21.439248342354468,17.754456907780966,102.02634004784815
1776353259054,-6.2856765990108245,7.60323745368123,-1.7272637183938175,-11.275555465839373,29.904692375147697,109.98256103461839
1776353259070,-7.626430113220215,6.929419908472895,-0.7131696046486496,-14.217643229123087,43.34917185060368,104.71984563761019
1776353259086,-8.143427449688314,6.609943624445796,-0.15591931437775491,-27.06472362391849,55.279401802162425,88.5288275685816
1776353259104,-8.251915296936035,7.024290149256586,0.3592834668237716,-48.74153448334246,60.57610763557518,72.23669537908016
1776353259121,-8.022071353039145,8.15315564749837,-0.19467516149058936,-58.207678069170726,54.47204612151024,68.41739019899242
1776353259137,-7.96745421218872,8.612992588374018,-0.7785609452307224,-55.18728645592105,41.59762789456185,70.40406000211735
1776353259153,-8.036737007251382,9.113081460139155,-1.5720895232949406,-43.585592018534506,25.376980464913753,73.59356026902738
1776353259170,-8.279148756298422,8.89311359809041,-1.8748062495704738,-37.53119622501931,19.620826589054463,75.13772943658387
1776353259188,-8.34409206085205,8.621372294184566,-1.9493254839818923,-35.22932685207663,24.39988092300841,73.47865599662025
1776353259204,-8.457368311420083,8.151361749818921,-2.02070320549719,-34.925468811375694,38.641078059484286,68.85883898542869
1776353259220,-8.314463815307617,7.68613727068603,-2.2017645599160343,-31.071555062763505,45.682917716402805,65.51461444325037
1776353259237,-8.258948264312744,7.5140540263623,-2.2044578175880014,-23.467169072971686,46.68050441072361,61.9714879622521
1776353259254,-8.10137986755371,7.359029468867182,-1.8454772061683236,-15.68744529699647,45.002910912825506,58.91711615788161
1776353259270,-7.823202977642416,7.106589662280678,-1.1866223253574222,-16.561827331521286,41.359722160486555,56.03764159249305
1776353259287,-7.634959456634521,7.007231462427973,-1.1174907753337173,-17.81285673273187,36.09785029184087,54.30948078907476
1776353259304,-7.388656545367836,6.926577963045239,-1.267726856443286,-16.053446106313483,21.514143074150947,51.11874767301955
1776353259321,-7.371597274017334,7.211786066767573,-1.6974853968542067,-9.350351388829036,9.512478735383983,50.13660062131757
1776353259337,-7.21432756794393,7.193829554316401,-1.7729030414100735,-3.0363866356253792,0.08518723990630973,50.67186205600396
1776353259353,-7.0034893532902,6.9102674642354245,-1.740132406186685,1.6831919051399802,-10.235897367552237,50.62215876941377
1776353259370,-6.814346253094077,6.853553058844804,-1.965336926779896,6.574407123332236,-16.853838409106842,50.74504411786606
1776353259388,-6.761524763488769,6.865823926874995,-2.098364537326619,13.991616047788087,-24.723426983991914,51.162044242168264
1776353259404,-6.880635711559653,6.965781261664628,-2.1811145705971864,25.062590272512654,-33.632295435438834,50.22097736322932
1776353259421,-6.956502268926799,6.968924235865473,-1.8381448174536228,28.679045664440174,-34.47499392995125,48.700146952066774
1776353259437,-6.931812648828327,6.924632674196362,-1.588998572519794,26.610915610179088,-31.991540562829204,46.24768556830365
1776353259455,-6.801028506359458,6.637476359015703,-1.4658463131688535,22.33903355794985,-30.41877680831246,42.687241142664824
1776353259471,-6.771699243761598,6.613235067206621,-1.7450703009802848,22.81463499778347,-33.341233754147915,38.94123755274967
1776353259488,-6.758681064495444,6.6727914180248975,-1.8923135569494216,26.450626438284523,-37.62568506199727,36.03105445685273
1776353259504,-6.580014057867229,6.678328009364009,-1.93166824673824,30.83041181902162,-44.57277974984395,31.52536307650291
1776353259521,-6.500705543352663,6.69059770835042,-1.8502656825538724,32.50280412786675,-48.38308274060561,27.49962055139342
1776353259537,-6.460901648491621,6.717082979694008,-1.8661271954871712,32.53148067709705,-52.98688978838266,23.290526720656818
1776353259554,-6.456862602233886,6.805221866396069,-1.9354094060279428,32.84532103926997,-51.64030433313631,19.712713123958643
1776353259571,-6.3566045309320085,6.896948548457026,-1.9856874947607517,31.922173161618556,-50.292011330597454,17.312060432597363
1776353259588,-6.3509180097281925,6.992865083423257,-1.9666838844094425,30.319872254036092,-46.65207033320884,14.265472482559748
1776353259604,-6.292858327208459,7.186495558166503,-1.989129378842935,27.53712682767325,-44.47346879931197,11.046580204103867
1776353259620,-6.255599148394167,7.515850262129306,-2.138617491129413,27.040758197668207,-43.21910455823913,9.557841436756622
1776353259638,-6.212952139061689,7.862409783393145,-2.1882972486428915,26.29914650287198,-41.9732097517371,9.752256795065511
1776353259655,-6.22222937823385,7.943962277442217,-2.2497980115272105,26.297493597092835,-42.25049152637752,11.51422276600713
1776353259671,-6.379948581640422,8.124577203267812,-2.2990287831641734,25.876154595120383,-41.13059663458931,12.597638471211953
1776353259687,-6.521056257463991,7.989602331110834,-2.412603870548308,25.455280046011488,-39.05566371191489,13.264294816282817
1776353259704,-6.601860855755209,7.769935497835278,-2.46707181218639,25.376191578064617,-36.50479637768481,11.639742859931745
1776353259722,-6.9593445066154,7.583036377173662,-2.516003893137723,24.136887904111656,-34.44547043726387,2.8508174395087145
1776353259738,-7.5751029538258905,9.302522666499017,-2.512711719724536,23.487384725367633,-33.95665087383899,-13.732698944278535
1776353259754,-7.298124333788454,10.260952103102207,-2.622545867014676,28.398927653746902,-35.79639989282236,-8.315216583319739
1776353259771,-7.419929343248904,11.161919530817865,-2.118865692759305,29.24399793144861,-40.84885474642087,-0.52833919804514
1776353259788,-7.698553976927697,10.57279570029378,-2.028034936624765,25.31891873432677,-45.43212683045828,8.63819659237578
1776353259804,-7.934083857506513,9.83822587248087,-2.2619190958231687,21.992345108511053,-43.02083099682283,8.260864499225717
1776353259821,-8.25595434319377,8.391230244123935,-2.7648509359292683,21.058369673477877,-40.33812393613858,-2.095412818013879
1776353259838,-8.412923897276817,7.670275684687494,-3.2538669172771275,27.857766643164915,-40.91018984516759,-28.84826360112724
1776353259855,-8.379255728691815,7.779660773035883,-3.425201973582059,40.21438822913463,-47.049460984403936,-49.01105374799117
1776353259871,-7.825297319573163,8.549995741713046,-3.097046416275948,51.90439701248944,-57.038950739911506,-61.989089359743225
1776353259887,-7.22091162250936,9.311053178957104,-2.3118987861312923,54.888428113692555,-71.13960990402519,-68.01201164156299
1776353259903,-7.091774078203738,9.344721055281163,-2.246805697843432,54.25661853999345,-78.3806622733709,-71.91422165779635
1776353259920,-7.032666347935796,9.213786982947587,-2.602045807560533,55.82892808693038,-83.5892074400717,-76.99210530567481
1776353259937,-6.9331585104793305,8.956711917775868,-2.9429204150557515,62.985183657730374,-88.11464489731203,-87.2498814766859
1776353259953,-6.849809196141361,8.93172009986043,-2.861517120219022,66.48997228691735,-90.94826498770772,-95.88808319170354
1776353259970,-6.829459066551923,9.377191830775141,-2.5523662692427633,67.28743785365137,-90.29643271445671,-102.58895639016045
1776353259987,-6.530483134239912,9.444678974592685,-2.2921463301740586,65.66402483134439,-85.53567474974194,-106.1944971397943
1776353260004,-6.4617988895922895,9.432707381770014,-2.083551510532945,59.29270826034061,-77.69385260138026,-109.17489116526437
1776353260020,-6.336702437371015,9.257033419477938,-1.9852397509932518,51.62115248270359,-66.44319915148111,-112.19858859007233
1776353260037,-6.10371668831706,9.024496583235264,-1.983443953617662,41.928133918309605,-48.89145030543507,-117.34898835636884
1776353260054,-5.884648405456542,8.929777149099111,-1.9870355483688413,37.104698722676204,-38.725314782518055,-119.30724457254651
1776353260070,-5.258563502281904,8.766670407435297,-2.0081345966294406,35.61786899320198,-31.868965987984154,-118.20125936100303
1776353260087,-4.784512742614746,8.61853034875691,-1.7901126079514622,35.34220597339485,-24.050964124352895,-111.41978993033997
1776353260104,-4.637418978118896,8.488494686567783,-1.52495492021963,32.11311451496085,-18.62570047038216,-104.81725779555292
1776353260120,-4.488979059711099,8.149715736177564,-1.0085554035142064,25.483702170695203,-13.962507489092784,-98.71601373452062
1776353260137,-4.356099698528647,7.830238283106684,-0.8108842750780284,15.301063203196142,-9.853280415531877,-91.02278235155255
1776353260154,-4.275744889831543,7.70529205301106,-0.8490417179062962,9.243693716071055,-9.747605436240733,-84.80745364081352
1776353260170,-4.003254813385009,7.440882407167553,-1.0866663788072763,6.096039883771583,-11.953342457936419,-77.76924422943887
1776353260187,-3.7681741378784177,7.204155718019604,-1.2973564171619714,5.415623695730907,-13.95127268168176,-67.40736231509845
1776353260204,-3.692309041815996,7.095818385158479,-1.3196521278612314,5.03020337794308,-12.821269963695572,-59.526690050737734
1776353260220,-3.585466623687744,6.8777958119586105,-1.1803393726304172,1.1492822075790188,-6.578859979784261,-48.47054672802221
1776353260237,-3.503314994701743,6.6697995427325365,-1.0022704780258238,-3.899057457044561,-1.5147425781779522,-39.7855957832304
1776353260254,-3.481018991741538,6.5479939487501975,-1.03504096711874,-6.951093336718909,1.105611472129838,-33.15914432596996
1776353260271,-3.538479831585288,6.607251024360955,-1.0886113753952085,-9.005282547997176,1.1532104201254223,-23.49858965070104
1776353260287,-3.572897649493813,6.939446504707634,-1.0013727985337375,-10.695544339258353,1.4063841883166386,-15.725655082760815
1776353260304,-3.6463691284179687,7.124248945350945,-0.9452591355152428,-14.106046475821541,0.05175629204430053,-7.027633717218541
1776353260320,-3.8347628715515136,7.526325186653435,-1.0271107586413621,-18.527526746346982,2.6083292888305714,5.742840129619646
1776353260337,-3.824587514495849,7.416341547890007,-1.176149519725144,-21.234388771030982,6.761191879677751,15.804379843134383
1776353260354,-3.8024423181831835,7.29244219649881,-1.2642859222091734,-22.802912685620438,12.997832061287694,24.879086995176504
1776353260371,-4.543445393913984,7.699754584889114,-1.0968412974715231,-30.412974562612536,21.375150432088482,25.614947670691585
1776353260387,-4.44977342300415,9.369411844423412,-0.41419484138041734,-45.73682156933255,31.295646739242454,33.461974423200814
1776353260404,-4.097077006420493,9.701906015455723,-0.5433319472946226,-57.853355175787144,35.443859678812146,49.824003353573595
1776353260420,-4.004751189422607,10.084978573341667,-1.291520112223923,-62.646597520194504,34.9931594011451,73.82560911588939
1776353260437,-4.217086949157714,10.10862131473571,-1.7646737769208847,-63.60887555160092,35.167035526846114,94.08444196776745
1776353260454,-4.4279263328552245,9.67721639535725,-1.9556115054488181,-62.177110807215335,34.25156819691638,109.78668486960076
1776353260471,-5.344606293487549,8.276907114851474,-2.4167946002364156,-53.673405762238986,31.667697388616805,117.12657007623653
1776353260487,-6.0242602897644035,7.414844879591465,-2.4437293689131736,-47.18979746618561,31.581292080521557,116.35093379408988
1776353260504,-6.3657327170223,7.32206898073852,-2.33090261567831,-42.45928357911564,31.56891919284008,111.87212603831324
1776353260520,-6.7543421585083,7.5846835598587985,-1.9286768829025327,-39.05743614600451,31.753648489132246,106.84119311078943
1776353260536,-7.347654672893881,8.122032194960116,-1.3693310816571116,-40.06068848224183,29.47081485340639,102.8771425618108
1776353260554,-7.864802231487631,8.068162657606601,-1.215055004441738,-39.79213910445527,22.874890926641324,91.66011413319562
1776353260571,-8.378208265465497,8.124875309431552,-0.7629998034834862,-50.80888248094358,23.656988567742804,73.92034383967747
1776353260587,-8.271217963299154,8.54820009046793,-0.2995717062480748,-71.32084897365148,36.02172783354108,63.6074002307402
1776353260604,-8.195950248607993,8.619876502668857,-0.5431815790385007,-91.89302358389305,52.793858397154345,53.80112346952905
1776353260621,-7.718008326721191,8.727466524294018,-1.5695463416181503,-111.40280324987415,79.4027795920958,43.61213754874376
1776353260637,-6.950517057037353,8.79719823216796,-2.6083303677227345,-118.77309645869484,97.93164847061469,40.22071981449523
1776353260654,-6.552929359325766,8.812160823500156,-3.1784495649822055,-117.22507506444646,112.49497781891587,45.319889746922044
1776353260671,-6.093392862701416,8.289028345277904,-3.7970514189250766,-106.22138759455663,122.47910246083039,49.26637987954458
1776353260687,-6.0238107924312345,7.894134124433994,-3.859749136509001,-96.10171784856321,123.06566544637275,51.45466320658995
1776353260704,-6.073340839275717,7.791931056544184,-3.839847627469897,-84.619295589558,119.45395703591838,54.777748313287084
1776353260720,-6.303184198650717,7.6955644397228955,-3.5269552518777547,-71.01683725369422,108.3925612977311,58.12378285559546
1776353260737,-6.6786249464839695,7.639598806872963,-3.10871814936921,-64.08815675584988,96.78677216193715,58.960877179893885
1776353260754,-6.833051538085937,7.583186599299311,-3.044224488279223,-56.73299924622995,81.85491995696792,57.91906159560266
1776353260771,-7.06139852142334,7.46931238283813,-3.0874694635048505,-46.57736513916183,60.31029033345662,53.36373181545978
1776353260787,-7.085489591106772,7.429657833319902,-3.3144698545388875,-38.30371111071526,49.28674750364956,49.06216405355037
1776353260803,-7.012766007940471,7.420380886408686,-3.3888393052160737,-32.13720459216348,46.588163668239616,46.16909741171349
1776353260820,-6.820481102587283,7.421577402716875,-3.3614557698585092,-28.21248568752036,56.64804535333333,45.64689871381474
1776353260837,-6.86357702473104,7.277177115088701,-3.2881334901466963,-27.278448780784654,68.68688897307362,45.405704243654085
1776353260853,-7.0232400556817645,7.110031327167153,-3.232468082352355,-23.422443286739153,75.46258006369884,42.58968213565495
1776353260871,-7.175571720831096,6.885127177760005,-3.0391361521642652,-14.33760184151602,73.09386362934924,38.04325892218975
1776353260887,-7.148935935100913,6.847716023254394,-2.5070246139988304,-8.97152348425074,63.816868472206146,35.31762412257197
1776353260904,-7.200860475866496,6.870162832862138,-2.3374851358737794,-2.7268554824885065,48.142479081808155,32.91527583674924
1776353260920,-7.472751709637046,7.092075399237871,-2.218523898471892,8.85160499921918,25.067627537025537,29.124910168174853
1776353260937,-7.96161834564209,7.482630129572748,-1.997508865457773,15.708583024930368,13.996766864195923,25.86143895255359
1776353260954,-8.244583346612751,7.64753193795979,-1.7149927772983908,16.466160286911503,10.866270893978346,20.03260503373619
1776353260971,-8.661323196300863,7.636606639319658,-1.2033821023046969,7.197476616214663,17.412810845496928,7.860301225161149
1776353260987,-8.904634816797078,7.548920172560215,-1.1692648747779428,-2.067608825450049,27.13059909091597,-3.5893796682839447
1776353261004,-9.012522652325034,7.607875634875893,-1.3506255044043063,-8.66798390111985,39.759050253021144,-14.813271583241342
1776353261020,-8.903138148498535,7.7515289035290476,-1.637331445468962,-12.84023654524705,55.304909143617834,-27.360142965899882
1776353261037,-8.885031413921713,7.869144060084223,-1.9600996106483042,-10.169490853346787,65.10822501782378,-34.63773343221057
1776353261054,-8.913463143157959,7.753174332648515,-1.8725614663183687,-3.0051948692332235,71.57909842616967,-44.39013366124865
1776353261071,-9.019556496484578,7.823055093604326,-1.6249115243569014,-0.45164343074188995,74.07270486949294,-54.75505159467513
1776353261087,-8.803179936926066,8.277054998889565,-1.1005813607826829,0.054144030128601785,72.11894291778914,-62.53598943677532
1776353261104,-8.093897695104777,8.550892398291825,-0.9941885861180723,5.266518531715413,58.527371903462345,-65.88705099831282
1776353261121,-7.662941688537598,8.397064941626788,-0.9799734521523118,11.689275391792679,39.49734130968835,-63.80208794284224
1776353261137,-7.1778165771484375,8.092253727290034,-0.9388231111183762,18.149419426726126,16.371869525419477,-60.68343039800359
1776353261154,-7.070377362170815,7.716064791437983,-1.154450752005726,29.067273616863698,-12.26404093309113,-59.15467013721465
1776353261171,-7.08668727645874,7.597102311927079,-1.149363073477894,35.16665986644177,-28.82472335415279,-60.971479965870536
1776353261187,-7.310695353808999,7.767389905005693,-1.0666134785987436,37.69051038740986,-40.07047955841705,-63.785811602050096
1776353261204,-7.5266218315124505,8.462007077136635,-0.9184718124851584,37.647353837139136,-50.86931940981444,-68.02941496356819
1776353261220,-7.635258731842041,8.847174269214271,-0.8640040169775486,35.541002044282656,-57.924115935588475,-70.97886140190894
1776353261237,-7.91687670211792,9.605538229590653,-0.7282831487588584,31.192357203518938,-62.0135346067827,-74.45460123655586
1776353261254,-8.036288094440103,9.67841232714355,-0.8444020754069089,22.246957485296203,-65.16626113520138,-81.83554954048176
1776353261271,-7.887847006988525,9.833736159846186,-0.9705458447240293,15.251528963787917,-59.19368417775377,-83.15609831461202
1776353261287,-7.6756608848571775,9.33319779074788,-1.0911537533544002,6.330429777971618,-51.63450208743638,-88.28107611681774
1776353261304,-7.360373869213461,8.93725669119954,-1.4532774851053953,-3.4038608448124084,-38.48861116173668,-97.6495753182715
1776353261320,-7.12499450302124,8.843583551245928,-1.6216193509437142,-7.766295624066971,-27.924763968733572,-103.66635042983826
1776353261337,-6.516118508800864,8.663868789130449,-1.8590942281104623,-9.751554993128293,-18.213916903058553,-107.3425426562467
1776353261354,-5.889586446380615,8.633791630774736,-1.8520609684728084,-10.06374586461665,-9.793691283891746,-107.23349868614746
1776353261371,-5.550358583179116,8.609850198695064,-1.8201887433938682,-7.870637008922671,-8.951802166795975,-102.94362079300254
1776353261387,-5.008071322631836,8.427890288001299,-1.6786308395847678,-4.910598227839694,-10.974817967815481,-96.49428980129886
1776353261404,-4.749048630523681,8.078785758429765,-1.4881423161290586,-1.4172884786048583,-16.301035341084567,-86.69022943647339
1776353261420,-4.760422257453203,7.90924693789184,-1.3605017323829234,-0.742333667135841,-19.059530180799275,-80.66942451329632
1776353261437,-4.85843430339396,7.656509025141596,-0.9696483113624155,-4.494515910207212,-18.76346538594132,-76.40036503674159
1776353261454,-4.755632685089111,7.594408835059404,-0.7716773231968284,-13.078702354834292,-15.812743409773063,-70.99769223345068
1776353261471,-4.639963401904702,7.585281525751948,-0.7676372540257871,-18.25233842468717,-13.263293339795764,-66.04430244357403
1776353261487,-4.442591987067461,7.633763524848222,-0.9079977647438645,-21.362002317936206,-13.149767911827334,-58.860084078312006
1776353261504,-4.492869637408853,7.744196660944819,-0.9753348325662314,-23.438285910518996,-13.429756148926375,-48.237801201864855
1776353261520,-4.591031905475258,7.7938760531321165,-0.911887830984965,-27.511793656041675,-10.709588061965546,-41.19299382775196
1776353261537,-4.871452774921059,7.722798191346228,-0.8224051284585148,-33.05549279022043,-6.164665782570464,-36.21106067733383
1776353261554,-5.12673452693522,7.680151474274695,-0.8188137529030441,-41.53846479597121,0.8578340869914607,-32.75058631548189
1776353261571,-5.156961322894692,7.736564850892126,-0.8684930720251053,-47.24786773450906,5.9531390928434,-29.848691654142762
1776353261587,-5.113866277533769,7.868544925147295,-1.0327953801490366,-51.48732858629553,11.459291823380948,-26.090149544458757
1776353261604,-5.029918412780761,7.788189239667355,-1.2330099825229495,-54.285178976007856,17.1552102609499,-19.000759818085903
1776353261620,-5.067327813720703,7.628974829266965,-1.3214460986059158,-54.12203649258752,18.809622096804972,-14.358281946775527
1776353261637,-5.570708712768554,7.5270713288456195,-1.3781588234961033,-51.98777654678237,17.9315859110742,-14.858815284626987
1776353261653,-5.973833001819252,8.280945868848264,-0.8774713282506913,-57.25832275567397,22.72869755764637,-18.94854472942845
1776353261671,-5.764340941077471,8.780735465405881,-0.5793929293002933,-69.07908526540493,31.32848287367729,-15.458073884289103
1776353261687,-5.023336111781001,8.851514928767084,-0.8586172824379056,-79.00865718641855,43.71470649950984,-3.4997778316571324
1776353261704,-4.6728836747318505,8.013393833325804,-1.5218109231054782,-79.4268081975959,49.62726316962596,4.237390877581142
1776353261720,-4.6663007892102,7.565828345002234,-1.7434239220127463,-77.75017434127619,56.3432515767161,8.324557720783378
1776353261737,-4.586543946406245,6.959047861756384,-1.893959497525543,-74.90719689171759,67.37581367132216,12.006968834431127
1776353261754,-4.382138395148515,6.816741916058957,-1.8186916367039083,-71.9676678880517,73.18207552247996,16.45206619155918
1776353261771,-4.268264178687334,6.889765066693723,-1.6820725775364784,-67.73424833858608,74.7308550677262,23.413714304979877
1776353261787,-4.261382017958164,7.172879705268144,-1.2322619406346231,-64.46623504716676,67.30278528871638,35.062588274058285
1776353261804,-4.513969124060869,7.4881655518680805,-1.0378826933506875,-62.02384819242942,59.10575915256819,43.229636709939285
1776353261821,-4.713287581312656,7.630920994898676,-0.9859585179112851,-60.33604697681674,49.851880770671,50.26170578125011
1776353261837,-5.171777199232578,7.83323045065999,-0.8921357403539121,-61.34903233262133,42.68541065196726,56.84087525398113
1776353261854,-5.536443455073237,7.879767745429277,-0.7647945779457688,-66.33163484157812,43.81754865784272,58.855152681731255
1776353261871,-5.629667682215571,7.969549723163246,-0.738158207693696,-75.11570890669974,52.27070347277181,61.08159627566948
1776353261887,-5.890485441046953,8.226327851215004,-0.8870482079565525,-87.69834486739975,67.14892844747267,64.40645723155082
1776353261904,-6.152350663104653,8.225728716278075,-1.3168068214327096,-94.00157128256768,78.20023599625584,65.25063446201854
1776353261920,-6.3435881052315235,8.297854625812173,-1.4642004456579685,-98.41871609051746,89.18093987958858,64.63431917245161
1776353261937,-6.506245934084057,8.51587719901204,-1.4157175697788595,-105.63009128791946,101.509929935271,64.74676457675753
1776353261954,-6.565501256129145,8.599374981909989,-1.060029424033314,-115.27610790554,109.73734358303659,64.09853864338831
1776353261971,-6.688054453608394,8.447192954364418,-1.0986356335423886,-125.18175367389108,116.50349289939129,59.39281834300549
1776353261987,-6.782475781580805,8.279299562945962,-1.5463516362525522,-133.45439683434049,124.2107876418604,49.049729694166366
1776353262004,-6.586599573737383,8.487743575939536,-1.9605488157205282,-136.42290633065474,130.09894346116667,42.151829443816695
1776353262021,-6.384588224139809,8.615383867424725,-2.1357740113317965,-137.62388581317475,133.86420818454124,39.17654781494036
1776353262037,-6.078879768702388,8.994267449188232,-2.2162793344154954,-139.58354904832146,139.17607362281683,39.28757253989892
1776353262054,-5.900511745020747,9.221267109569906,-2.18291029490754,-142.66899138322634,141.61139123176324,41.59128264882291
1776353262070,-5.955428745600581,9.189693575176596,-2.2459074338294562,-145.0213631748921,141.4611817115363,42.16359444466204
1776353262087,-6.178837688013911,9.145849757274984,-2.501488753312081,-146.03641124782604,139.74818392807546,39.30905348483861
1776353262104,-6.236148890253901,9.214383195275067,-2.65516657237336,-146.8857725918738,137.54371305269714,36.98774880861266
1776353262120,-6.193951670515537,9.319429962158203,-2.7066422733929008,-148.16764883492345,136.221320127491,35.310865650388244
1776353262137,-6.115691203749179,9.49345674176514,-2.863911029618233,-150.01659470362424,134.94886954549594,35.86821591685045
1776353262154,-6.035635085737705,9.310600759014486,-3.265089810624346,-149.08710158023388,134.09030110644701,36.28337872026592
1776353262171,-6.059128189527988,9.107392893108726,-3.492688898203894,-146.31114877700062,133.10406277143218,36.025501513057506
1776353262187,-6.1391843075394625,8.640972482189536,-3.8063294618148356,-140.84011261030705,133.26681251897526,32.656575591745835
1776353262204,-6.165969438612461,8.189066918835044,-4.031982785621471,-135.50547532133862,134.30200964996072,28.1760107698052
1776353262220,-6.13409779805541,8.004415284839272,-4.1507952622024336,-128.1998776643363,133.32085297568838,24.028701122753237
1776353262237,-6.057182900679111,7.809136458367109,-4.30103139811093,-115.73259676852864,130.23013773474426,18.925287935304553
1776353262254,-5.975780044233798,7.748533228844404,-4.2345929961613376,-106.15232072166945,125.82228881425488,16.896952270695255
1776353262271,-5.959020632612705,7.71920425850749,-4.179974795864988,-96.5985526389791,119.85371434766088,15.598565752874388
1776353262287,-5.928793836653232,7.558942384880781,-4.0726850997601165,-84.04874939761933,110.51687307301015,13.341207868979037
1776353262304,-5.926400219514965,7.350198512157798,-3.9650959092520175,-75.02433463598331,103.11145903147725,10.88971210320983
1776353262320,-5.910238773787022,7.344063370403647,-3.8824957145146093,-67.04026013777778,98.35554367088402,8.161191548667722
1776353262337,-5.742645826619863,7.3665090109676115,-3.709814116138662,-57.62136097043849,95.1561123089208,7.710684223844727
1776353262354,-5.635206611642241,7.43728876658976,-3.6031228882504394,-50.808875650754416,93.35523731159856,10.11737650997959
1776353262371,-5.685334039857984,7.473201206970215,-3.5604759337168885,-43.374365003357276,96.10044060318842,12.67567338247935
1776353262387,-6.0461097180008885,7.510909883117676,-3.233967134404229,-37.16848244424037,102.95206290681666,13.251884362560903
1776353262404,-6.5439551947534085,7.614758964648843,-2.7828093846092,-35.642963108212605,111.05192277183225,11.502403977422068
1776353262420,-6.9126607891127465,7.577197588017582,-2.615664382138941,-36.21049035653814,124.69917348827299,6.585884402458796
1776353262437,-7.9527917728468775,7.036408457073569,-2.4157489271083845,-33.86281090483218,145.0777805374364,-7.822430387534367
1776353262454,-7.860914868660271,6.993311658146977,-1.4383157705560325,-40.19478217112211,158.6661140420966,-12.375988587361284
1776353262471,-6.988976551552116,6.861033185467123,-0.7863449501704424,-53.55012084772026,159.98723655211714,-8.060206348015436
1776353262487,-6.9366030979752535,6.817489227294922,-0.9097965577941387,-60.212488854731205,150.38905857944337,-0.7907637637760511
1776353262504,-7.544580682051182,6.722468179863691,-1.8781012725278734,-56.795922363958695,133.67710198241792,1.9004969349048746
1776353262521,-8.44899065143615,6.810006762585044,-2.98152925491333,-39.34603895919423,117.00403648252652,-0.4570940817821188
1776353262537,-8.632895266456902,6.829759510803222,-3.1390974324766545,-29.04945706841372,115.51867524372383,-2.557666574105413
1776353262554,-8.670603650343418,6.488884464916587,-3.101688104601949,-22.878773889184476,122.94106913553337,-6.6369665334876755
1776353262571,-8.297557104170322,5.931783081597089,-2.8829180740356444,-15.208524385226225,130.89220163137193,-15.584780723582009
1776353262587,-9.108293349079787,6.566994709557294,-2.1850085823610423,-16.53249166903608,148.06720407298923,-31.377772933822687
1776353262604,-7.083696862471103,5.546317783355713,-2.461538874109089,-22.05705773580234,112.05679386290288,-29.330966730150383
1776353262620,-8.354868306410312,7.783399959564209,-3.036446693884581,-2.6841275265881994,77.2664808348234,-35.6390459947236
1776353262637,-8.594737385237217,8.292017590221763,-2.9213753765933212,1.3566742849806974,68.69890327582367,-37.419929028345216
1776353262654,-8.088513956239819,8.199840826305747,-2.664746740014851,-3.345580761615394,71.68004179191328,-37.63504925134935
1776353262671,-7.314436878424883,7.75122670571208,-3.0943564465396105,-12.012572150871478,89.95558578430557,-37.77893401640484
1776353262687,-6.955009107759595,7.4607818703800435,-3.4222130208991466,-10.345334073528766,93.21683035825741,-38.976061272232975
1776353262704,-6.422596760016679,7.091923423546552,-3.963451649176329,0.4001426838220831,84.97074297330101,-42.08586006171812
1776353262720,-6.140680099055171,7.1393591284602875,-4.185364800073951,21.514706564757475,64.31084824354897,-47.48372441183335
1776353262737,-6.068853464728593,7.1567159214526415,-4.270209029144794,39.64177248987744,49.17910372233016,-50.083769108087516
1776353262753,-5.792772085791826,7.220162265446782,-3.6179385682255027,52.08850134647255,35.019342931328346,-49.90345552909377
1776353262770,-5.069574131342768,6.87584730823934,-1.942446611188352,34.610204354760825,20.96113339290628,-44.04508616475794
1776353262788,-5.29837061201334,6.864474265831708,-2.23738232819885,24.51728504465176,28.235699792961938,-40.49996185342745
1776353262804,-5.718253143641352,7.079952415245771,-2.9496570298343894,25.302891695439335,21.751627044044998,-42.51522965860722
1776353262820,-5.610215378248691,7.194276129040122,-3.1355069337040185,34.051030427790224,6.023340204019614,-44.149810040207164
1776353262837,-5.504871089723706,7.275979429736733,-3.028217356330156,39.82582559744177,-7.201689989158915,-43.31961762206504
1776353262854,-5.250485994288325,7.30366063286662,-2.665944133105874,40.812364460780074,-15.87011699880117,-41.22228509400756
1776353262871,-5.1533711894482375,7.300967155998944,-2.1586729486212133,32.11222317527416,-8.931469547410494,-37.37327883631403
1776353262887,-5.150378437373042,7.283758831566572,-2.012775992694497,18.1921320147008,6.9868749902333125,-33.543164881864755
1776353262904,-4.96692215064168,7.4289067226916545,-1.9663880432680247,7.3682672039581245,22.26785786415644,-27.67783726231198
1776353262920,-4.946571436530351,7.365909291508793,-2.234987834277749,2.3923305327444417,26.06751088245475,-18.990413789040623
1776353262937,-5.020493581831455,7.303661217388511,-2.3183362718328833,3.4185440439806434,20.130012069037036,-14.841876415485356
1776353262954,-5.214274278700351,7.231535307854413,-2.2908026604801415,4.344675647082295,12.818473001230451,-12.877200675261514
1776353262971,-5.346553335902095,7.273733112114668,-2.214487482562661,3.5692239934866485,4.939010534126478,-11.77580961970851
1776353262987,-5.411196780726313,7.363216399163007,-2.1681001176580788,2.0549305002466247,0.16971029727668863,-10.88337539520735
1776353263004,-5.4264598163098094,7.564179701012373,-2.0277394608095287,-0.8276678628310118,-4.378610161313033,-8.502852125103745
1776353263020,-5.439926616126298,7.920317197960615,-1.9369097275882958,-6.876704465807831,-9.221356436164175,-2.965670698940475
1776353263037,-5.501727531000972,8.061575095909834,-1.9544173272281884,-13.52827906638287,-7.59934274886341,1.4234124902477152
1776353263054,-5.637299200007319,8.119933761376142,-2.049287275750935,-22.50780240969899,1.8385385813963964,4.961772993309192
1776353263071,-5.738154944941401,8.050052415898442,-2.2357363145574927,-33.595275810137366,16.644897799754272,9.485878563661368
1776353263087,-5.794418683955073,7.948149792259931,-2.3965967385992406,-37.253576356014975,20.010444484974084,11.873304593694916
1776353263104,-5.9428591868847604,7.731474542015791,-2.5992057618290185,-36.834383740989196,14.876568653827142,13.660742047598806
1776353263120,-6.355560282576084,8.05768510273397,-2.6042937326177955,-34.98453970241255,3.7650914073244,10.84485483583577
1776353263137,-6.635382017084956,8.671049640545249,-2.4274220849737524,-36.61887761229695,-3.8836357436723183,7.383825521113767
1776353263153,-6.407334893476962,9.239671950310468,-2.2415721811041234,-43.51499176817867,-3.2139081613524763,9.175939093278176
1776353263171,-6.430977050349116,9.229796452984214,-2.554464410565793,-53.83875098166666,0.6559450609875495,11.617867471567488
1776353263186,-6.520459752875566,9.243861803215742,-2.775628788922727,-58.146397611937374,4.4943383252887905,13.808301454427761
1776353263203,-6.353165496394038,8.81125949074626,-3.2552176012337206,-59.203403536942695,9.757972809627166,18.22894844187446
1776353263220,-6.163423845782876,7.666980150273441,-3.6813846199586986,-53.440752443635425,18.619575498243954,19.085377324165897
1776353263237,-5.9780234392464155,6.999896297234296,-3.7856824681706724,-46.36953614309668,24.85453075756302,16.479190580300592
1776353263253,-5.646875422126055,6.110898708775639,-3.750218356079608,-38.29301161938044,28.53696577687286,12.995501259233427
1776353263271,-5.7255859707474706,6.263080736321211,-3.580529459546506,-24.112830270307576,23.789967228241075,7.6152852641598665
1776353263286,-5.731719943457842,6.542154282811284,-3.3999165795475244,-12.343728750137668,10.90489305241383,6.1053349174583245
1776353263304,-5.890036528235673,6.926274011662602,-2.923171173968911,-1.7322486716365388,-4.810720371606598,5.099029913548829
1776353263320,-6.423943498450518,7.224202480748295,-2.5392010827213523,-1.2842829242367306,-4.799540632595757,2.3951925954500886
1776353263337,-6.596177549421787,7.27777508098185,-2.375199145783484,-6.288614932985977,3.85941546598863,-2.0476224112781227
1776353263353,-6.719627988001704,7.304559043011069,-2.222419006214291,-13.34267635965059,14.502055721257003,-7.774489289750048
1776353263371,-6.3736664326310155,7.184699906921386,-2.3711586382210252,-18.264096595343347,24.897523383293663,-14.363541192436438
1776353263386,-6.1291585880875585,7.056909393310547,-2.4802444513618944,-17.132505004601484,27.544093620626665,-17.007693542803256
1776353263404,-5.712866189906001,6.71034811848104,-2.6235971296332776,-13.274639991554446,33.15125545747859,-16.74430608048193
1776353263420,-5.300464369422197,6.554424566319584,-2.3762460244879127,-12.039074992398419,36.228084923840086,-12.75265217574633
1776353263437,-5.185842549464106,6.516717059215903,-2.231397116309404,-9.977456669737293,34.17856713506729,-7.728316357187115
1776353263453,-5.200656087714433,6.366779595726728,-1.995268977576494,-6.056636095562957,22.384645561227195,-3.320941281071396
1776353263471,-5.400871201545,6.303333251732587,-1.8351564492926,-3.9432325592752644,11.776370548994096,-1.8988220444543404
1776353263486,-5.511902303534746,6.293906082695722,-1.7500129450142383,-4.380774904393104,3.294431609355284,-1.880918197649033
1776353263503,-5.731421252772211,6.337900122722983,-1.6320986593820153,-9.176353173496608,-0.8151265149369576,-3.366178264274625
1776353263520,-5.775713983485102,6.280289645275473,-1.8158536367990075,-13.587043452680721,0.21358380396685397,-4.748017527478588
1776353263537,-5.805341644507646,6.3432864919364444,-1.9876374597847462,-17.401484684305757,6.700775868261227,-6.480111666085156
1776353263553,-5.863850532099605,6.516118508800864,-2.376246170618385,-20.05029351613923,20.638254982914145,-8.987275608024083
1776353263571,-5.535545629450678,6.727108699145913,-2.4684235190562904,-20.3267676209103,24.990473720161074,-6.833894547637483
1776353263586,-5.277720038172602,6.7737944624751805,-2.475006842969358,-17.81218225155133,21.89660463936769,-1.371658439359236
1776353263604,-4.9940071414440865,6.665756112560629,-2.5866366415046156,-10.304829344203297,8.293082501540667,7.266949031583802
1776353263620,-5.274278373286128,6.6050032454341645,-2.7094895525828004,-2.748496296543457,-2.266603398710609,11.410127267961549
1776353263637,-5.433941696497798,6.647949822235107,-2.6560684896491464,3.305929379049354,-11.224761056529282,15.456820544576406
1776353263653,-5.715858941981196,6.871507817730307,-2.39689601380676,6.836220653936695,-18.474259808557346,20.413683485646004
1776353263671,-6.234502876612543,7.217769232830404,-2.158822878485918,5.011284607715791,-19.17271495308285,22.065890877946455
1776353263687,-6.5173179477185,7.425466226848959,-2.1030083445444703,2.0399956512961572,-19.24869397741007,21.518755159388
1776353263704,-6.901886004859208,7.57196144092977,-2.1040555155098435,-1.8262316477290912,-21.971806729676825,17.20959051957425
1776353263720,-7.138014728114008,7.914930828747153,-2.342428364429623,-3.9802931657117537,-21.190972673571796,14.204970666891775
1776353263737,-7.18784405016601,8.02476482990682,-2.446276569177955,-6.7822233127926905,-18.922823944561472,9.832414187617488
1776353263753,-7.355736857062578,8.903736114391684,-2.6541229085393248,-13.065787320887443,-11.011549017624517,4.435090276220339
1776353263771,-7.259969375178217,10.228926733288167,-2.847305639515072,-16.356604052624498,-3.769590367553323,7.247300284888967
1776353263787,-7.096864387080073,10.347888628277182,-3.078645228797197,-14.266088053358695,-0.7189215395691827,15.272210776594717
1776353263804,-6.856845086127519,9.488070372551679,-3.45827568340525,-4.78158918790967,-12.224252519854867,20.256000030919797
1776353263820,-6.732796097132563,8.864680699810386,-3.5477588243231177,4.913389213889291,-26.884754969477825,24.43450656700579
1776353263837,-6.539015400263667,8.444498892974853,-3.583821486829221,17.772835239290178,-45.285059197249566,29.89862375207014
1776353263853,-6.353015858790278,7.149833760723471,-3.7023344690069555,41.700316373638415,-75.36505179254023,33.03051137333111
1776353263871,-6.584954144617915,6.246321909222006,-3.4331362737126647,56.99646013308485,-90.24133357842223,30.555916761562564
1776353263887,-6.868517988264561,6.309770006781816,-3.048568362702429,63.268841413961006,-93.93535942875359,23.105394443203622
1776353263904,-7.19442810473144,6.838586960381269,-2.174534388489276,58.51349295906888,-85.40375647611232,13.175189875918122
1776353263920,-6.870761383277177,7.220013796886802,-1.588553239905089,49.434259099154325,-77.6959631298338,11.675932617249059
1776353263937,-6.776939190241694,7.370698863872885,-1.401506527466327,39.47148904367985,-74.29250718717313,12.268697414557785
1776353263953,-6.9636875042557715,7.472901931762695,-1.6464631386905908,30.570085988995753,-79.20379569100581,10.43485565543283
1776353263971,-7.32835376009643,7.475145911297202,-2.0759233537420627,26.705033909394572,-83.1716165044063,6.56586810620925
1776353263987,-7.619249261805415,7.148486437767744,-2.594716487585753,25.27723408982218,-81.36780452574095,-2.622320504458519
1776353264004,-7.623140424025058,7.06154757450521,-2.6982657093875106,22.837237801294336,-76.92854356525868,-11.392525870470427
1776353264020,-7.457191736933589,6.879138166478276,-2.976741143853962,21.607477609159172,-72.32397836648374,-20.41153880624662
1776353264037,-7.2468018505692475,6.921786052593588,-3.31327640697062,24.91018826156216,-64.55306041189597,-32.59445843633915
1776353264054,-7.108536704695224,6.936450537762045,-3.3788176774173975,29.092050128077922,-58.6651368190215,-41.383296558406855
1776353264071,-6.577323211348056,6.982987832531332,-3.2814031589783728,32.33057407775571,-55.25365198899148,-46.9118292575336
1776353264087,-6.24318185763061,7.219563715031742,-3.014748802947998,34.63445835650354,-51.663878731056606,-52.92212251957802
1776353264104,-6.0577820356160395,7.27837363139689,-2.9441201462343334,36.26858111542909,-51.71896420671276,-56.071276859060774
1776353264120,-5.80893411604166,7.487116335076093,-2.8336875946596263,38.634917228852935,-52.673582180965006,-58.53237160193479
1776353264137,-5.508013479402661,7.603086062511801,-2.6382605918884274,41.01307981482466,-57.05484800520471,-58.57849586939989
1776353264154,-5.366904050013423,7.695710570195317,-2.5535658542908726,42.10582470466207,-61.00077464722072,-55.986920607716534
1776353264171,-5.058351311060786,7.686881951573491,-2.4932617538452146,43.40108470339036,-64.58016943271176,-52.41773695503467
1776353264187,-5.0338119130879635,7.674911527794599,-2.4096141872130334,43.55914211097363,-65.86297458148853,-48.30367154622046
1776353264204,-5.045782336866855,7.640794154137373,-2.3582887813843785,42.02460009505228,-63.21784722161769,-46.798714494689015
1776353264220,-5.105487740767002,7.588121717613935,-2.1396679500304163,38.735717160623985,-56.456779566005466,-46.38210710626409
1776353264237,-4.957196875441074,7.4296554952323435,-2.0458449532773346,32.52362937464612,-47.71007346583299,-44.15108728558195
1776353264254,-4.87684089770019,7.430402514207363,-2.040159235791117,29.493702817315107,-41.41570239092398,-41.19297333718445
1776353264270,-4.654629640638828,7.497441914257407,-2.0250455455504355,27.223057654163142,-36.39115227517956,-35.97503324528029
1776353264287,-4.485539148390293,7.512105230382084,-2.010530624920502,27.412004592267788,-31.428026050641055,-26.867740968255323
1776353264304,-4.491973565351962,7.446265269249677,-1.985840128039196,28.116472010810195,-31.06367985465048,-20.5728268933073
1776353264320,-4.689945284169912,7.346008659252524,-1.771110385839641,27.92933848793019,-31.990768751452993,-15.94782747608299
1776353264337,-4.861428809034824,7.406610719731449,-1.5589242637082934,25.128479399888473,-31.302183230278157,-11.722052615845923
1776353264354,-4.919489368337392,7.487565832409262,-1.4896419801022855,21.488707449681822,-28.22411749967689,-8.779210116658923
1776353264371,-4.951809337183833,7.7480843160331245,-1.3940236974302678,17.544064883229773,-21.28213179332937,-5.3054249967750975
1776353264387,-4.80022702909708,7.782201105168461,-1.4962257424067704,13.445695249128246,-16.604878013859878,2.0773883756810383
1776353264404,-4.780474280878901,7.761251840642094,-1.5032590020444243,12.105120360351503,-12.22920099190854,8.141760514252681
1776353264420,-4.775536824476719,7.525273339512943,-1.4688419878534973,10.351521371143152,-8.572748012201425,13.223481020897404
1776353264437,-4.877739307844639,7.351394443944096,-1.3210002545345574,6.944125263105026,4.934479557385821,16.057897682105036
1776353264454,-4.792744564387202,7.221658641484379,-1.1528075879085808,1.9160556789473404,21.907189725033916,15.583272959322729
1776353264470,-5.311688358747959,8.226625372856855,-0.4881176442686468,-11.31256655340438,34.616050996690355,11.93449881979
1776353264487,-4.932506086298823,9.79497651334107,-0.3417717755306512,-32.6118720036281,51.12143876755253,21.923660726217403
1776353264504,-4.786460369551182,10.27920379910767,-0.632368367358297,-44.98871094954105,52.39526563266533,38.385523116593674
1776353264521,-4.568737071558833,10.27321829495728,-1.4701887993525713,-52.04977075878399,48.65349676003559,55.89380805385633
1776353264537,-4.475214153730869,8.757240315788984,-2.687790200341493,-45.65916914865868,45.58970612479965,74.26638171359782
1776353264554,-4.524145650160312,7.863903236821294,-3.11246186594218,-33.154018268997866,41.680276598613595,84.07864513561648
1776353264571,-5.134965764185786,6.6410653234183785,-3.2339674540646373,-14.169386235089656,35.47198639781426,82.62028363460287
1776353264587,-5.68772824151814,6.818985018810629,-2.9730002037599683,0.8484514881451259,27.757188692541895,81.65054020643363
1776353264604,-5.915327036836743,7.185148235210776,-2.754379226275533,17.886231747438025,15.7619421702738,84.08380192843984
1776353264621,-6.438010602247715,7.663240379223227,-1.9604019545957445,36.458429638504185,-10.35149661170741,86.58147233431927
1776353264637,-7.452254280531406,8.232161964195965,-0.9683047877989709,41.940626334301555,-30.42545331822615,83.56827291026562
1776353264654,-7.958927206861972,8.438661857384442,-0.5536589877806604,37.74071227780945,-42.908416328368176,75.03056376850635
1776353264671,-8.918703381898998,8.59952286594808,-0.02169730641469359,17.148824034075936,-38.82189707247662,56.41599650647132
1776353264687,-9.258530380037426,8.14642020176351,-0.1188116728633642,-3.3238631079322807,-23.00602543606369,35.797284402319875
1776353264704,-9.113530957472324,7.715613540539145,-0.3945939227230847,-25.31937635700116,2.968517180277078,13.472786340697455
1776353264720,-8.248625023218988,7.245451605004072,-1.2355572558529675,-48.20389955791949,50.96135620888036,-10.900574665311089
1776353264737,-6.978202351820468,6.995707028850912,-2.2002713256835937,-55.57186708732778,84.57619709589522,-22.1917917549173
1776353264754,-6.3365563068985935,6.998997887089848,-2.544736797277629,-52.91781267021174,106.08494090550728,-26.109731696809185
1776353264771,-5.260811573469638,6.981042543682456,-2.721010186767578,-42.05920524848215,116.99745218016662,-22.365565427780766
1776353264787,-4.578164240595698,7.124095508354902,-2.3216277145937085,-34.045030106604365,114.73982877266728,-13.222605902909997
1776353264804,-4.406679546687006,7.19607061124146,-2.125752091272175,-25.969886988647758,103.71397733892076,-1.8448193672250461
1776353264820,-4.3474230555981395,7.247547115978598,-1.7823333522520959,-14.24166756575496,75.55900867440108,13.53700975568944
1776353264837,-4.6019566195935,7.34241618771851,-1.5263035583496092,-4.608058840535388,48.08890649305316,24.446298888607817
1776353264854,-4.81324491610229,7.320719319695234,-1.419313110052794,3.214325870108905,20.64472487960544,33.26609142799402
1776353264870,-5.403117519167066,7.227944589886069,-1.2187988671451806,7.597900725174892,1.7211718123500708,39.091484639017025
1776353264887,-5.950491289198398,7.004834922680258,-1.2843396992005407,9.215012044198879,-14.13685233652559,43.081291831355784
1776353264904,-6.23674744066894,6.997053182762861,-1.3275848205566405,9.126572193504616,-17.55367325184469,42.64494178113493
1776353264920,-6.54320583769083,6.929716845592856,-1.4242511509768665,8.006279443197247,-13.753869115610991,39.03249912534479
1776353264937,-6.6461565090775485,7.039101933941245,-1.4080902897708116,5.949150689254935,-8.482804666116111,36.29676930613373
1776353264954,-6.631491731648147,7.070376193127036,-1.4211086151674388,4.995175606558316,-4.269512403474066,34.29133014316961
1776353264971,-6.727110452711582,7.202805472454428,-1.4573210614077745,5.161752394470702,-3.5794438774756916,31.89053914047764
1776353264987,-6.832305688154697,7.479635039409994,-1.4576203366152942,5.995965659599849,-6.129294367293083,30.34515761434348
1776353265004,-6.808962221968174,7.646630020684003,-1.4990696605958043,7.676027843996082,-11.397353106666333,29.628821034570883
1776353265020,-6.930916869032383,7.940220168304443,-1.575534622247517,11.400814305028238,-21.48911726103202,27.612105229287067
1776353265037,-7.113175178150832,8.266429559978842,-1.517026026916504,14.07573068119044,-28.76919391620059,26.150770888437208
1776353265054,-7.165249356520175,8.409183833965658,-1.4639049698427318,14.435640669315092,-34.280483802767634,25.1526172884153
1776353265071,-7.370701786482334,8.61957430485189,-1.2885291137143968,10.30020957500343,-30.997867566902823,20.017061230732534
1776353265087,-7.527672509609163,8.559720432391762,-1.2413941453129052,3.102379496499219,-28.607636036667692,16.481096203079026
1776353265104,-7.543832494032382,8.520364573559165,-1.4050968070432543,-2.0268953484680727,-21.448819144928947,11.819355490761925
1776353265120,-7.564483360134065,8.606856277576089,-1.77470256511271,-7.106622293648799,-10.795020921877711,6.239753467210999
1776353265137,-7.3976365551590915,8.902389375957846,-2.069637843731791,-9.349352473662922,-2.1121787979921445,3.650812524113155
1776353265153,-7.180362462238967,9.000700697106122,-2.17079271774292,-10.210702507251352,4.81727052302064,4.846435857663417
1776353265171,-6.782776225832104,8.89311301356852,-2.408417670904845,-5.501756650032998,4.038696832644064,8.861166410283552
1776353265187,-6.860586903004348,8.730455184715986,-2.5173535541810095,1.3542610937695674,-4.600341153660096,10.766333273590012
1776353265204,-6.956804174482822,8.686462898254394,-2.45630111958608,8.891632469076395,-15.46311968653845,10.568245834828595
1776353265220,-7.118413078804314,8.446893094635008,-2.161814461517334,14.760938673820704,-27.063361001179075,7.147997445206621
1776353265237,-7.0114218998551365,7.677904864391684,-1.85790048828125,15.176162948938703,-34.964305266996384,4.049988416002564
1776353265254,-6.983439960213005,7.217619595226645,-1.88169272114858,15.682068230572378,-41.969828808097944,-2.707145690977965
1776353265271,-7.032071889173984,6.565797608727216,-2.0037968596860765,18.299343786555198,-47.997849826133134,-17.746810511005137
1776353265287,-6.875550371119379,6.452670411241054,-2.0367169863827526,19.5259518463884,-52.293656323477634,-28.832701015103368
1776353265304,-6.747760734291374,6.683114074596762,-2.041804811041057,21.465440410274173,-57.036672871823306,-37.746149108388785
1776353265320,-6.385488680110871,7.636456417194008,-1.8350059349060057,21.049919021927277,-65.27584469024507,-42.27061326367238
1776353265337,-6.178240014381706,8.45362561776042,-1.7184380954466758,19.154457857431407,-72.87873999125053,-41.79241464440687
1776353265354,-6.078731007881462,8.681074775475263,-1.7714093687862156,16.21725111808331,-79.616516701793,-39.84158284385699
1776353265370,-6.368728976228833,8.804826827350258,-2.0534768363952636,10.140844186194109,-81.56643325699409,-41.70331824177863
1776353265387,-6.815098532766103,8.819940225329995,-2.5806496760495006,3.6268978973948247,-73.80533711443279,-47.84621621146427
1776353265404,-6.864927270296215,8.647107623943686,-3.019387276403606,-6.159274201994385,-55.642395620697336,-58.27964094226598
1776353265421,-6.742223850691318,8.419058746770023,-3.320158713830262,-10.025193715620158,-39.710883758994214,-68.04183224747928
1776353265437,-6.354812679079175,8.102427915301918,-3.987093294591829,-7.345039438138203,-26.963802456289674,-74.69398570658647
1776353265454,-5.799656000086665,8.005161719292401,-4.261827935094758,3.6695455985723844,-14.757711409437873,-80.617064283119
1776353265471,-5.570262138044834,7.977928259930014,-4.2158894830014555,14.198185727725013,-11.687381721845293,-83.46648260106493
1776353265487,-5.1363136716634035,8.12113086220622,-3.589955386474356,20.954349307513166,-11.471042310074308,-84.07143245585294
1776353265504,-4.89584604242146,8.100182182201742,-3.0678694216303524,25.44231976206139,-13.087363888475513,-82.86933282230905
1776353265521,-4.774938858583569,8.015785989159346,-2.9441192694514986,27.985607293860046,-17.464534160534143,-79.43294170747058
1776353265537,-4.6862037595540285,7.832180649346113,-2.794331881957501,30.938742034352607,-21.63948216806256,-76.47530587231496
1776353265554,-4.700419331911206,7.639148140496015,-2.6987133800897745,35.84266417916544,-29.608904202951127,-73.0172084162942
1776353265571,-4.773890810835361,7.600391416600346,-2.6321245733514425,39.162887436600336,-35.422119186684,-71.54806204658112
1776353265587,-4.77463841433227,7.586624757054448,-2.441037718676403,41.18098635519108,-38.28865054359538,-70.37577618876433
1776353265604,-4.6951814312577245,7.577047950413823,-2.1945842930231243,39.68711470068257,-35.694609583621656,-68.55795549211129
1776353265621,-4.560957085207105,7.506718861168623,-2.0403081427425147,35.813164592140154,-28.647114530070365,-66.18315335921122
1776353265637,-4.3005876546651125,7.384464354375004,-1.788916530034691,30.074968991156116,-20.05363006354878,-61.84339459455768
1776353265653,-3.8819010548233983,7.238568275231122,-1.803581015203148,24.244359223154515,-11.852581799753098,-51.7408447177189
1776353265671,-3.7701223493367433,7.167340191319584,-1.8813931536801158,23.993342940967374,-10.23781238184078,-43.4297988186611
1776353265687,-3.718645260077715,7.147438390019536,-1.909524438665062,25.716471602514655,-10.937290347194493,-34.92773984927472
1776353265704,-3.725679396498203,7.082795529717207,-1.7539014768853782,27.923034223326265,-14.620547550525677,-22.73226462394041
1776353265720,-3.8109728306412696,7.056309089329838,-1.6346405989497899,28.418905957069192,-16.559134529441007,-14.681862158704881
1776353265737,-4.100072681105137,6.965479063847661,-1.422005564007163,27.151437998073682,-16.437068803689126,-7.588280403728929
1776353265754,-4.47446596571207,7.192629530876874,-1.2259797185599803,22.799229506110507,-11.586217228727294,-0.579635306094111
1776353265771,-4.597618882650137,7.397334357342124,-1.1791437331050634,18.11995399064669,-7.787021833103375,4.703606356834696
1776353265787,-4.845568392080068,7.790731033104658,-1.2695249919064342,14.780430326164629,-5.492206338026028,9.471763977741537
1776353265804,-4.838385787099599,8.14656925484538,-1.282543171172589,10.43893498591462,-0.18286558846367698,17.35332843556258
1776353265820,-4.790350362727046,8.214802833116053,-1.293915190666914,8.059184380960874,3.8941333175398047,25.198898650231307
1776353265837,-4.814142741724848,8.25520557065308,-1.296609105926007,6.568937422467525,8.215308845009025,32.808038451685455
1776353265854,-6.112099901258945,9.715219670537113,-1.0164872194267809,1.0605362790325736,11.926837055088539,32.87098547507629
1776353265871,-5.743542483198643,10.377964033067226,-0.748785838561505,-8.490342633638866,20.867872282431634,44.78889035027775
1776353265887,-5.51519549986124,10.590748705613613,-0.6019907647512853,-19.649643157162746,27.13889947830483,60.28845421868009
1776353265904,-5.935227669093012,10.518623965123295,-0.6397001715511084,-33.56405501544124,33.57398611049444,74.22892495618947
1776353265920,-5.731422421815991,10.229674336785077,-0.7429499720148742,-41.89800595388068,37.17794225624083,88.92756718213778
1776353265937,-6.098333826234937,8.907327416881918,-1.451783301024884,-42.71584939000342,37.61362294792303,98.00251168325357
1776353265954,-6.6940411268025635,7.363216399163007,-1.886181410869956,-33.45070461107029,36.83312357108733,97.23229857130791
1776353265971,-7.205651509535312,6.9041282308280465,-1.623267848803103,-32.39107589342368,41.581324233013035,86.19656385383237
1776353265987,-7.693620319917797,6.348374754986167,-1.0981896433405578,-38.518759616733114,54.78995727642848,71.49344102378853
1776353266004,-7.848943568098544,6.651839230889082,-0.7612063441954553,-50.00923125367517,71.46708332378145,52.830956569631276
1776353266020,-7.765595422804355,7.011718252453208,-0.803702839141339,-52.464533996133014,70.1693815324249,44.585043354498715
1776353266037,-7.637057890218496,7.695413048553466,-0.9442128413327038,-49.25782165251456,53.70751914204861,38.84483626280411
1776353266054,-7.803454321077465,7.880814624133706,-1.0609304645262658,-47.182489163773695,41.357509179195475,32.682311744538445
1776353266071,-7.879170948579907,7.800908143725991,-1.1584937437862157,-47.41840048261135,32.58326717138409,24.2206738346602
1776353266087,-7.603239207246899,7.709329930225015,-1.4953284282408654,-50.62876014724659,32.965095236555314,13.481999412114156
1776353266104,-6.963388229048252,7.622837057164311,-1.8269249197810886,-53.718925557962535,40.21097654964421,8.008687084879677
1776353266121,-6.603210516798496,7.625681340679526,-2.018162069647014,-54.7132849879005,48.36535839970943,6.75191733655852
1776353266137,-5.755513491499424,7.523478857311606,-2.4202381648190316,-50.35702448621222,54.23119999099725,11.157062782797054
1776353266154,-5.293582208693027,7.461828164562583,-2.5698760608397424,-43.03399960154261,55.56811048328428,17.106584436701286
1776353266171,-5.19571921583414,7.4378855634391305,-2.4042272334776817,-38.175368441116134,54.538630220634104,23.479799800294334
1776353266187,-5.122247152388096,7.084590596440434,-2.0198082294188437,-35.367808937498644,47.30856762566296,30.76618072006682
1776353266204,-5.279516858461499,6.963684581646323,-1.954716310174763,-31.650007198666472,37.063680021615696,34.80559557634738
1776353266220,-5.354634935548901,6.973859354180097,-1.9985601280763745,-26.06997145810325,23.2891179941405,38.91184383365652
1776353266237,-5.571159379145502,7.102547693413496,-2.0082859877988697,-18.242117046594245,5.444571744980713,44.259410670723774
1776353266254,-5.909340948164463,7.112123915532231,-2.036418003436178,-13.69818172953423,-4.510949772237085,47.584780475698274
1776353266271,-6.085464407789707,7.1121245000541204,-2.015319174371287,-10.99144520957623,-8.530767962015233,48.91072509927285
1776353266287,-6.401200920766592,6.980445162311196,-2.0275898962710053,-8.85228374926795,-9.325951391792811,47.97977714558928
1776353266304,-6.629097822248935,6.887070128521323,-2.022202796405181,-8.73625591074236,-7.920860243663421,45.5437287064017
1776353266320,-6.670847005958855,6.76167381657064,-2.076371389770508,-7.229581066634662,-6.732324085150693,42.5299487162686
1776353266337,-6.772151371443271,6.695533995708823,-2.169296049444377,-4.651153919103583,-4.043049370692654,37.62541868461964
1776353266354,-6.725913644142448,6.713191817474365,-2.2789804130002853,-0.6139501231234021,-5.221520818576545,34.24427355488281
1776353266370,-6.676233667433261,6.798783357781171,-2.302922429601848,5.549222622783179,-9.83454776795947,32.45589097355252
1776353266387,-6.615032179756462,7.084442127880454,-2.1613651833798735,14.084477592196288,-17.35569509610999,31.088323177175887
1776353266404,-6.819437438753247,7.460331788524985,-1.8279732597902416,17.266349391577055,-25.130033267924652,30.518862985315245
1776353266420,-6.949771499367058,7.672668132781982,-1.7778440780088305,20.439163506344737,-33.5824896960111,29.118991809259036
1776353266437,-7.3705533179223535,8.149563760486245,-1.7723076328001914,23.8380210241467,-43.01639137386232,26.367383507774992
1776353266454,-7.654714250679314,8.579471427044272,-1.737890837804973,24.18763620964485,-45.04266261379498,24.238384515178044
1776353266471,-7.813031127718091,8.65743261860311,-1.6980876005310563,21.38738159334468,-42.10323947806122,19.75394014578884
1776353266487,-8.270472697889804,8.785971320232749,-1.6621742103025317,12.18183192246721,-32.64133060951837,6.54441576268671
1776353266504,-8.599077168007195,9.779715231323241,-1.761833000537008,3.705864275710281,-21.49580743132405,-3.3168356970499837
1776353266520,-8.181587668995558,10.091858103722334,-1.991825778320059,-1.249178206502098,-10.599898638989727,-2.5722904360052334
1776353266537,-7.874980511152744,9.966911289104818,-2.42218381899409,-1.4459551027165192,0.8608931046051272,-1.550527860230353
1776353266554,-7.934536569710075,9.041104019165038,-2.815131801141053,1.4378756292586288,2.2631464692169363,-6.873637283983672
1776353266571,-7.883510439088941,8.762178941234946,-2.9352908700253812,6.383471746405468,0.42707604071014743,-13.045408597725064
1776353266587,-7.670425906813144,8.240840945214032,-3.238306725377962,19.80471064943684,-3.9161427483665245,-22.121492032884944
1776353266604,-7.117964165993034,7.603534975323081,-3.1528641650877893,31.796685511092495,-10.38304696303099,-27.11613616534847
1776353266620,-6.8300611240983,7.2237553215026855,-2.9463639796383676,42.66306227300298,-18.08548544100022,-30.83268285692065
1776353266637,-6.615929713118076,6.603656507000327,-2.291101205035299,51.46472407523738,-25.82523553485794,-38.77240210665612
1776353266654,-6.802827372474968,6.692391606029868,-1.7824828437253832,54.22666133029377,-29.8080486134866,-47.06711019321925
1776353266671,-6.88168609739542,7.0865364698112,-1.4303854159481824,52.16484237082578,-29.684569038576527,-54.73495376304237
1776353266687,-6.490384348085522,7.737610268291831,-0.9582786299556493,45.264862327873836,-29.82089961440998,-56.995701982086985
1776353266704,-6.1504082968652245,8.160487305560707,-0.9141361213684082,41.74781692422127,-32.59145315310435,-55.486988326512034
1776353266720,-6.017230829519033,8.314314762225747,-0.8924385226927697,39.23756189479609,-39.96343341865002,-51.69157173304642
1776353266737,-6.039376610353589,8.541014562878011,-0.8439555006831884,33.7768461439384,-53.72512395463432,-47.660185764135214
1776353266754,-6.3359577564835545,8.456918229565025,-1.1800414125971495,28.9273776822835,-64.00939101434129,-48.28681122425428
1776353266771,-6.4683876203328365,8.360102699932456,-1.5490475973382591,26.337820741499883,-67.37354604851771,-52.54436866224671
1776353266787,-6.461055377748608,8.288874616020918,-2.0801115992121395,21.49197398765238,-64.21682385943458,-57.30835389134432
1776353266804,-6.259941853773594,8.258796288621426,-2.4832354498714206,18.788924916072542,-57.17176718341699,-59.74770814209018
1776353266821,-6.031595454958081,7.9188214064449065,-3.037193858990073,21.331085466658145,-49.196100648079735,-61.95527309316249
1776353266837,-5.98146627317667,7.777711977055668,-3.1794989279046653,25.910501908909083,-40.55158100807982,-64.45214436690904
1776353266854,-5.749378349745273,7.50791654652059,-2.9798825106196105,28.75309516032687,-32.87263155066626,-66.81757548026785
1776353266871,-5.599291833174228,7.468560687687993,-2.61327008914724,28.78938737048173,-24.616158863076866,-69.9173748728081
1776353266887,-5.520882313326001,7.479484232762456,-2.4729104552119967,27.067407888262306,-19.45577165266652,-71.56845016125362
1776353266904,-5.481527623537183,7.528716173443198,-2.228552102141827,25.19346011210468,-17.073003811646917,-73.3639634600774
1776353266920,-5.386058832338452,7.654411760601401,-2.1877011824458834,25.73357098110178,-17.514348437698338,-74.08472600243216
1776353266937,-5.336529370015859,7.707383472332358,-2.117670783886313,25.567380525764325,-18.034019965604173,-73.54083803882405
1776353266954,-5.290141128328442,7.80808957966268,-1.8897724210992455,22.376329805912707,-16.46924070222718,-73.1635930305859
1776353266970,-5.201404275733232,7.75137575879395,-1.9503753583610057,16.478657825545334,-13.68679324286688,-72.70439941268594
1776353266987,-5.15756279591918,7.7195035337150095,-2.0886410887569187,13.277682840829687,-10.358805767892969,-73.07216411835611
1776353267004,-4.87684148222208,7.631216762974858,-2.4190401872061194,13.080981930469783,-7.478892362850236,-72.44856784713394
1776353267020,-4.546740928328037,7.672965654423832,-2.497001671025902,15.54644457931802,-4.3025897289639685,-68.07402975922672
1776353267037,-4.476711698812246,7.703941222923993,-2.4229312032952905,17.92342725011062,-3.5468542701812105,-63.44997803074974
1776353267054,-4.44259257158935,7.809435149052739,-2.230347314995527,19.545301772307045,-3.241715355567479,-58.923263328134624
1776353267071,-4.358197547590732,8.091352979058026,-1.8501180177114902,17.339866132708487,-2.721310009212691,-51.76595249310787
1776353267087,-4.262130205976963,8.234405943730472,-1.6789325990103183,12.799918792350113,0.40164527207863304,-44.80394750230304
1776353267104,-3.8741198994278907,8.31386351132691,-1.6977869370840488,8.634986403465872,-1.6883205234330134,-33.808784108497385
1776353267120,-3.790771754133701,8.279596500065923,-2.090585793083906,11.125657572993335,-6.970524371133949,-17.340870170516478
1776353267137,-3.7689240794628858,8.03853032040894,-2.1833613996759054,15.692827486062441,-11.357834485902286,-6.626973539845124
1776353267154,-4.135087880384922,7.80569450121969,-2.1088417268730697,20.933501862618996,-10.475476497974189,2.2128562132449554
1776353267171,-5.454890961024165,9.217075795359909,-1.2107168291069565,18.462812411508406,-1.5192017312106185,6.6895927141558005
1776353267187,-5.257070633375644,9.856776843693853,-0.6482290765739976,7.1975457718800095,18.29525250324236,21.805998764932887
1776353267204,-4.594475323927402,9.932792746403813,0.2938892766974866,-12.900262808994063,37.6138551743548,42.618819722654216
1776353267220,-4.609289446699619,9.638156304600834,0.24046850602477787,-39.787433104117135,46.271178003953914,69.0507331501602
1776353267237,-4.783316810828447,9.44347778210938,-0.2714415903069079,-47.125907876689304,40.90696941097392,83.96879520319517
1776353267254,-5.104740137270093,8.393620354130864,-1.383398623845726,-42.91249053620809,29.346908391673193,96.14264434206993
1776353267271,-5.574451990950108,6.927920609825849,-2.0265410448051986,-29.738773419829748,11.693124203389981,102.92377226327447
1776353267287,-5.752969652235508,6.22537206017375,-2.2493517290644345,-15.571719694341652,-0.01983785755747891,98.4869223595692
1776353267304,-6.272212137281894,5.163244348686933,-2.399737082451582,-1.2279704691292084,-7.717576738490917,88.70357795849638
1776353267320,-6.629247459852695,5.211427072575688,-1.808968115068972,10.09555832444963,-9.949725247933396,69.93191634555106
1776353267337,-6.594830226466059,5.513994307377934,-1.367836166924238,10.791244681040341,-11.276652564974807,57.32802483615395
1776353267354,-6.317851021906733,6.631338294652104,-0.5367490617729723,5.210461888536648,-16.192664144618558,50.10615846818682
1776353267371,-6.19829116102457,7.613709747856855,-0.541088698412478,-1.8880079340075062,-30.946835808519072,45.778513044026305
1776353267387,-6.257697289717197,8.09614079785645,-0.7371141054682433,-5.080623407509291,-39.68108022855086,44.873055356325224
1776353267404,-6.474223486879468,8.578872292107343,-1.2620425271965563,-8.069849721349847,-40.39029292101914,44.54489891765196
1776353267420,-6.668901424849033,8.61239169987142,-1.6989841840445994,-12.878863826324412,-28.51225073736117,42.21584880690722
1776353267437,-6.652591510561108,8.448837798961996,-1.8625379388235508,-17.34374909525164,-10.841312528977474,38.630395643622386
1776353267454,-6.493975650575757,7.956380444988608,-1.9657886160701512,-27.203313284819927,22.293324224476834,32.43045876417798
1776353267471,-6.148761114180088,7.469608735436201,-2.144904535509646,-34.2680084622486,48.60200396388286,27.912466213132962
1776353267487,-5.882855092298985,7.352891404503583,-2.1800690801322458,-37.59365147478991,69.61748175692034,25.474809264395848
1776353267504,-5.228939348390698,7.277025139397383,-2.174382997319847,-36.9681973921135,80.58742126212114,28.880529414766382
1776353267521,-4.83808592737019,7.4390826642692085,-1.8959074167229235,-35.07209589738294,79.04293107567368,34.46562974059917
1776353267537,-4.752043136164546,7.468560687687993,-1.8143550688043235,-31.812729625452853,69.0242866576939,42.4985605819378
1776353267554,-4.771047696363926,7.562383465245365,-1.7317549653984605,-24.229073259792024,47.708516182702226,54.57829312914437
1776353267571,-4.928616677644849,7.58497991245687,-1.6944953481927514,-16.863016475804045,29.083648995398804,64.3053772620238
1776353267587,-5.159955828535557,7.612364178466796,-1.6579837728753686,-9.636929904703493,11.21082149420693,72.53231279654747
1776353267604,-5.6127592175126075,7.686134348076582,-1.6029171346917748,-2.956537455359699,-2.738159445564878,83.63989427390237
1776353267620,-5.5120542792260645,8.257452472797036,-1.5596723055966197,-0.5155128498357965,-7.2741856170094294,97.55591293418311
1776353267637,-5.2953784444600345,8.584709327697754,-1.6708526067987084,3.3758310291191456,-10.879532560025572,115.38231734713371
1776353267654,-5.375285801650583,8.678532689777017,-1.8502683859676121,12.79425656552817,-27.801067535317348,129.64973557983325
1776353267670,-5.914429503475129,8.102428499823809,-1.9615986170344053,22.35205360605519,-41.057486289713495,130.55234507865043
1776353267687,-6.169112705074251,8.122478185161947,-1.8134576815731822,26.429722644329697,-44.61405458299834,128.74797302447314
1776353267704,-6.99017336012125,8.392723697552084,-1.4511847506098448,24.60033843741182,-35.88178750273127,123.01808634861443
1776353267720,-7.5772022641927,8.736890770721436,-1.268925710839033,20.91286956868368,-25.078350934022456,117.30578057967934
1776353267737,-7.8478966893941156,8.896703147014975,-1.1914134320914744,16.508599667319377,-13.621886808957894,108.95520496080009
1776353267754,-8.324492165108024,9.209594791954755,-1.0238196081414819,6.827213341968741,0.44007490455688664,94.02895351095027
1776353267771,-8.593091663856804,9.363124726977944,-0.9287998758845031,-3.903831332387577,11.77485936964023,81.34556542980339
1776353267787,-8.558525669649242,9.233239286914467,-1.0833756666988135,-13.485589530296645,19.570039009933538,68.06239794707018
1776353267804,-8.394822277266531,8.749460913959146,-1.5870555486932396,-22.421048761956072,24.510427534725068,47.43284291761134
1776353267820,-8.802285326173902,8.70247470637858,-2.2905020700983703,-23.638760500395332,22.502095786647445,23.21967887594357
1776353267837,-9.019858548171072,9.221269447657466,-2.5354591197140515,-20.4346163079048,24.21275935295945,1.2086647259967558
1776353267854,-7.861962331886589,9.381080654907226,-2.8583766302362084,-15.6494011433195,30.365381804475888,-10.74587771079947
1776353267871,-7.36785940266326,8.728212374225258,-2.6327234160274267,-15.681938456978148,30.299723195984555,-19.515137949384975
1776353267887,-7.474101516810804,8.706514337158202,-2.7406116899468005,-12.594905541770302,26.902701291522032,-30.956978639436542
1776353267904,-7.23183925923705,8.910172284919023,-3.016543723540753,-3.3750780007631516,22.790871062113705,-39.23141813963766
1776353267920,-6.769009712416678,8.604014332148433,-2.844011858666688,2.724012416246489,21.10477397869894,-42.17181799242273
1776353267937,-6.5017570982322095,8.143279565650225,-2.6711804263241588,5.839647815820822,15.932135116464886,-45.75616808015661
1776353267954,-6.257698166500032,7.34795570166707,-2.5933685801081356,11.930991517651199,2.661083535545634,-54.37068952932183
1776353267971,-6.176145087929069,7.279869422912597,-2.6994614950433373,19.48029544688145,-9.91526950489162,-62.82390240085886
1776353267987,-6.144272862850129,7.587675142890214,-2.5577548304133115,24.433666453737878,-20.9796466206516,-70.73298825216683
1776353268003,-6.054639645937085,8.539369133758544,-2.011727506554872,22.484661728790986,-32.32121330349821,-77.48947968103514
1776353268020,-5.905002042177319,9.46697263946533,-1.8405419417232274,17.890729427006477,-42.0947256472608,-79.38597732673756
1776353268037,-5.872231114692986,9.875781403893232,-1.8312642641596495,12.463579787051174,-52.736310638302406,-78.99890367628377
1776353268054,-5.577894532619417,10.119244123297928,-2.226157900481671,8.561352695344905,-69.21954127549706,-74.62034260695539
1776353268071,-5.615004073829948,9.651923548668622,-2.9221222494378685,10.10127775410587,-81.79678138675277,-73.8213265872798
1776353268087,-5.736809083290398,9.359083342632651,-3.313574074742943,14.66323281774367,-89.29193728379046,-76.75335604323702
1776353268104,-6.042219724825024,8.996661650848388,-3.81830156609416,23.324763043871506,-90.0795537177413,-82.96782415014063
1776353268120,-6.215650292104482,8.807520304217935,-3.955070043669641,29.78237734749111,-85.05879094189166,-89.39303091369581
1776353268137,-6.284931918123364,8.705466289409994,-3.8495761175408956,34.07960110908839,-77.38017616374742,-96.54475123888692
1776353268154,-6.155045893537998,8.630048937115072,-3.592947334831953,37.19240859690292,-64.36335190769887,-104.8904910838338
1776353268171,-5.935078616011142,8.662070799797773,-3.4032064148731527,39.881365280677734,-57.531946964013855,-109.80843219191807
1776353268187,-5.725287280061841,8.786120373314619,-3.3146209534473714,43.09890688922525,-51.7710000029045,-110.67004689533684
1776353268204,-5.398029840639233,8.789563791766762,-2.9961922787770625,45.58943974742201,-47.12910440522087,-111.05728447033071
1776353268220,-5.273680991914868,8.808266738671064,-2.7358231404960156,46.33997508436887,-46.48668071755157,-111.03796869535792
1776353268237,-5.187938060438633,8.839391360253096,-2.5846890145681796,46.25304385170753,-46.00642279625129,-111.499095256793
1776353268254,-4.916944944551587,8.768014807781576,-2.3552944218739866,44.806819596849024,-48.42118836598511,-110.24352890242623
1776353268271,-4.769551904848218,8.728809755596519,-2.201766532677412,44.66766815288836,-48.285684243041224,-108.07941761485354
1776353268287,-4.705057513105869,8.698581790593266,-2.052577403337508,42.89445542170467,-47.27294818914134,-105.00133139368477
1776353268304,-4.566493092024326,8.504053490227461,-1.7718575509451329,36.72630965775208,-41.741369225644775,-97.99801058859053
1776353268320,-4.498408566835522,8.285283313530684,-1.4861990731067956,30.13854097685601,-35.7994427420976,-92.92733279028643
1776353268337,-4.438852800539136,8.14028389096558,-1.4535779293566942,21.647637413931555,-28.413586947253044,-85.42823587409764
1776353268354,-4.427780202382802,8.143426865166425,-1.4428037296250462,16.534021631410162,-23.82576254213382,-79.52582544999358
1776353268371,-4.345479520314932,8.192507999199629,-1.472881180241704,12.106633247252661,-21.96934273893374,-71.72920549355904
1776353268387,-4.122667959272861,8.276305057305096,-1.5861568462878464,7.9901841024181115,-20.655649767182876,-58.22691871206265
1776353268404,-4.0943870366841555,8.263136948174237,-1.65259579622671,6.993940394042868,-17.55722836530768,-46.543873306566674
1776353268420,-4.0746337039440865,8.202832409337162,-1.769612475432083,6.627821337075852,-13.258933971558003,-33.190481233881975
1776353268437,-4.382738114607334,7.9312404507741325,-1.6873120125599204,6.078550757514943,-5.91976166591684,-19.585302775181226
1776353268454,-4.632931603571772,7.889939887614548,-1.6078543718982488,5.198050581041089,-3.573883249717655,-15.346991102722601
1776353268471,-5.133619610273838,8.643515444670617,-1.2527638997849075,1.063453837025227,0.35971410043369006,-11.815465698029604
1776353268487,-4.568139105665684,8.893260605345667,-1.1007328250173478,-7.759774500956901,4.696355257257081,2.4208248013012654
1776353268504,-4.33365756509602,8.81081057793498,-1.24647926655747,-10.30234827798729,5.742210898442359,16.677081651123373
1776353268520,-4.406830937856435,8.353219077898562,-1.6588807217150925,-7.714198356172699,6.7845690558857665,31.036014173417346
1776353268537,-4.824467736384272,7.3261056889086955,-1.784277325926721,-1.050481173357257,9.0123492324672,44.227797140150365
1776353268554,-5.078553556612134,6.821827548760175,-1.6965897631887346,2.531699902428317,14.254772991224923,47.568961757580524
1776353268571,-5.374087239515781,6.222977273991703,-1.3208495209522544,2.8932958800609043,21.26192638621718,47.274047849597714
1776353268587,-5.474793346846103,6.133644209069013,-1.005862072777003,1.7967783779241153,26.905768046459368,44.67147939844523
1776353268604,-5.523126292860508,6.233152631047368,-0.8412607086412608,1.4911615635118947,24.410334527533116,41.37479638798477
1776353268620,-5.63011659502685,6.8192837094962595,-0.6012422844715416,1.8315544995266468,16.972651257266506,39.53284463299408
1776353268637,-5.621289729970694,7.48262779148519,-0.505175235118717,1.4730969938176803,3.235511409366992,41.35885131136738
1776353268654,-5.6685734591931105,7.7365610514998435,-0.5184928357228636,-0.17799547682247277,-3.408104099834279,43.330897679479314
1776353268670,-5.781251159346104,8.049753725212812,-0.6991052773304283,-3.235967111050679,-3.1670528502027775,44.73419761049887
1776353268687,-5.827338372260332,8.145221931889653,-0.9674049163497984,-7.964678468509991,5.59269122732161,46.34595149989263
1776353268704,-5.767783775007724,8.160635189598798,-1.0984881878957151,-9.652620556774304,18.641129867717222,48.74010355871135
1776353268720,-5.554851218423247,7.9367779188960785,-0.7094302719898522,-15.367510698536611,33.86999284874445,50.60292495671102
1776353268737,-5.305105473226308,7.493102423748374,-0.4065634697191417,-25.077493745281622,45.571814444268796,54.007562522098105
1776353268753,-5.3148313329488035,7.365610600823164,-0.4212278087571263,-28.210120734520242,46.76426302051547,55.038289294271806
1776353268770,-5.277421347486973,7.1671911382377145,-0.3713989250965416,-29.78316281924566,43.021302279875556,55.213220684199584
1776353268787,-5.045632114741206,7.351095753258466,-0.3094486648790538,-32.526013110666455,32.73164961600803,60.109202734102276
1776353268804,-4.9766503484517335,7.4868170598685735,-0.4170382481127977,-32.917362459540676,23.59712537476223,67.37060223698545
1776353268821,-5.01121605039835,7.832031011742353,-0.6904265885733067,-32.03850494356221,16.380634365671895,76.08398384419743
1776353268837,-5.398477584406733,8.0572356054008,-0.9419669621020555,-31.92599123736459,12.500589167068888,86.99312783559594
1776353268854,-5.665730929243565,8.060826907891034,-1.0594324810534714,-31.998719091646887,13.736818402121699,92.6613925447628
1776353268871,-6.231660346662998,7.943511026543378,-1.2086210258714853,-32.17536827415093,15.780159992337516,95.32592447206565
1776353268887,-6.575527560102939,7.964609344151616,-1.1921608894579112,-34.26618821683479,20.042804213714312,96.6075275075485
1776353268904,-6.681620621168613,8.044965906414388,-1.193507920152694,-35.42614558319972,22.827427942098904,97.12384882766645
1776353268921,-6.881836319521069,8.35142371891439,-1.3609526910208165,-35.68569277166021,25.132990739835268,99.4211897851894
1776353268937,-7.057061369001865,8.511685008019208,-1.3579599389456212,-37.14534859352153,28.378015322055617,101.2029880641598
1776353268954,-7.0395531848400825,8.321494444596768,-1.3941723121207206,-39.46264736379927,34.14257886833049,102.67613009453733
1776353268971,-6.908621158333123,7.5339540740966795,-1.6172819793265312,-39.62613135667811,35.10516425824956,101.1752233451837
1776353268987,-6.977454748323559,7.1498343452453605,-2.109589622630924,-32.87265545632836,31.269654454355972,97.42204805664004
1776353269004,-7.0019947308182715,7.135618188366293,-2.2746399726431816,-21.233063714331998,22.680928922138595,93.02865864662355
1776353269020,-7.055565577486157,7.617900185284018,-2.1320356285210695,-7.489006165463732,13.306621498569385,89.80072490525387
1776353269037,-6.887372326338291,8.202982631462811,-1.4478918465442954,-4.561576841912512,9.273708982378677,92.98872936073566
1776353269054,-6.936155061946809,8.345887712097168,-1.2407940605279058,-5.143717279967284,7.3555698822910704,96.78798110542024
1776353269070,-7.170337619569898,8.45946148430705,-1.2143079124014824,-6.134118188394405,6.470747049846245,100.93635796953001
1776353269087,-7.601892176552116,8.124723918262124,-1.4214065021354705,-5.599649055651737,7.4632486683299675,99.43138042743107
1776353269104,-7.912988754768669,7.873482381549477,-1.5210650001090018,-5.061751594832546,9.397836571486257,92.76278670299165
1776353269121,-8.344693826137483,7.506720030212402,-1.654242686650902,-8.31066767733251,21.37094815820163,78.03658466374233
1776353269137,-8.480863314906507,7.27178840778768,-1.5646094697378574,-13.440412951578887,26.98172658021908,61.74794953109593
1776353269154,-8.495228817128389,7.459585354071855,-1.6424212428886442,-13.872516331683281,31.766321905137204,46.055504535627
1776353269170,-8.492984545332938,8.32493903209269,-1.6397274737600236,-11.576791567672677,26.360469648787646,29.787568291260317
1776353269187,-8.565857327711582,9.176674519127607,-1.2632394818961619,-13.198758297422899,19.464895077850365,21.73470866547088
1776353269204,-8.617333247926831,9.386168917956947,-1.1517591748341918,-17.170388648832958,9.487288143951329,13.987441094657916
1776353269220,-8.92813098932728,9.336789677760004,-1.592143008025363,-17.55777990308316,-0.7902850102039155,6.589797247079567
1776353269237,-9.627985185328871,8.933364944458008,-2.263267660887912,-14.733853558667018,-5.925347906884264,-11.230012618227375
1776353269254,-9.884464622694999,8.795100383105874,-2.5052315931022164,-9.787974415556446,-4.8857102991646375,-30.506715493876378
1776353269270,-9.621102440077811,8.488942430335284,-2.804656657421216,1.8713446203102022,2.5638933587509376,-52.90061766897623
1776353269287,-8.767868238917737,8.192809612494706,-2.900274647832289,13.618624539855567,-0.6853727709439907,-65.96234700372304
1776353269304,-8.292769869893789,8.130859644538164,-2.8996765358086676,28.553856834690304,-14.463888624174972,-75.63671573658831
1776353269321,-7.808691344948112,8.430133098492027,-2.6581614433404055,48.691684347685126,-35.07517289760403,-88.11995195429714
1776353269337,-7.784001724849641,8.900745115882158,-2.059910084313154,59.01022529664722,-47.887764252185455,-97.29484944372689
1776353269353,-7.691525393465161,9.130737528339028,-1.6549910208001732,61.52753249639044,-55.26042753664813,-105.6772742347059
1776353269371,-7.4778426030352705,9.443330482593177,-0.9560334813773631,53.3058971886627,-60.38279962168548,-114.67349397544812
1776353269387,-7.201761516359448,9.687238607677816,-0.8319842001214623,44.91904985019609,-62.556363891069466,-119.91846454099262
1776353269404,-7.032671024110913,9.808894564056397,-0.9139848763294518,37.46865901297868,-64.42517194987666,-123.32092327603446
1776353269420,-6.721124948561191,10.08093514316976,-1.2334613064870237,30.055069235009285,-65.75856830983571,-125.23323963985463
1776353269437,-6.4811059398695825,10.238802230614423,-1.5427620873279868,26.576110673715995,-64.60764045355354,-124.78042541863947
1776353269454,-6.3651370892167085,10.269029026573897,-1.6353876179248095,22.72576399139785,-63.11470453496133,-122.79077765303641
1776353269471,-6.252609611189365,10.277259679302572,-1.8040296357534824,17.859240547385426,-60.36064931820712,-120.00619149069226
1776353269487,-6.231510709059238,10.17071712090373,-1.9545646998096255,13.756200771438904,-57.33344117616577,-119.05796998859772
1776353269504,-6.174200091341137,10.073303625378012,-2.0757715241812167,11.269810422973746,-54.67262145667683,-118.15284698016598
1776353269521,-6.2364493345052,9.85767642288208,-2.3738497039359063,11.741466574788038,-44.745457177345635,-117.54920852169859
1776353269537,-6.361396733644605,9.696964467400312,-2.1947331999745217,9.98443200042717,-32.73881789954196,-117.72851464778977
1776353269554,-6.449084369447827,9.585933949932455,-1.9595027407336978,3.077968186962182,-19.945948716188948,-119.83236317631543
1776353269571,-6.413619672834873,9.405918743565678,-1.7115531582385302,-7.600223843266342,-6.916722117268112,-124.39219746621595
1776353269587,-6.0933957853108645,9.41160555703044,-2.1182680191271004,-8.623416916785517,-5.282819631943294,-125.66945650138666
1776353269604,-5.970244621938467,9.436745258983969,-2.358287100883946,-2.2646181615396626,-8.385654616682789,-124.27560613708383
1776353269621,-5.9039534099072215,9.571866846135258,-2.4368464044664053,8.339884665280886,-7.884075406114671,-120.10408176187687
1776353269637,-5.959319323298335,9.37913361249268,-1.7211297456834465,8.15316266129837,-2.952190466839809,-117.34002714817778
1776353269654,-5.988948153364658,9.249547447636722,-1.2850861336536705,0.8317776623598025,5.817663998203489,-118.26472547877079
1776353269670,-5.761797686335444,8.576926418736576,-1.0907070325002073,-9.983110358822772,13.867317703951256,-120.16271210571226
1776353269687,-5.673062587305903,8.517370944701135,-1.5604195437673478,-10.301142749598784,14.903549608595986,-120.23625958269497
1776353269704,-5.449204732081293,8.55223592185527,-1.7709592138659207,-4.6034535854875065,15.173654561966018,-115.80518801902753
1776353269721,-4.801872458216548,8.812156731846928,-1.7016770033251494,1.7901761463176518,16.022028943678716,-99.64969376387218
1776353269737,-4.21993123267293,8.561513453288375,-1.3609525448903441,3.792266595597765,18.08033377081874,-86.04158686156478
1776353269754,-3.978267671644687,8.135196212437748,-1.1303604860398917,4.2684251227355645,17.04842025327675,-68.81946294486356
1776353269771,-3.955073258540034,7.892782709825038,-1.091455439714715,3.911728311728581,17.03869918654053,-58.587142888889126
1776353269787,-4.000412867957353,7.4944474086165425,-1.126171217656508,4.285325145176292,13.317246711596987,-51.41680346802057
1776353269804,-4.319441408216953,8.166320541758834,-0.960521878837794,4.318862654661524,10.572658137032423,-46.18705056394686
1776353269820,-3.8371588267773387,8.391974048228562,-0.7559675667591392,-0.3288921514324935,13.699466658871838,-32.857215813709544
1776353269837,-3.1126135493725537,8.61538299064189,-0.6449369031608104,-5.780262309195323,17.056339857619378,-13.628792130208778
1776353269854,-2.8363825328320265,8.601616331095993,-0.7664420528918504,-9.423959483740617,17.317662895264068,13.022197053604422
1776353269871,-2.655919582697749,8.426989247508347,-0.8071433349840342,-10.87980406004508,15.849416402974153,36.40919080477756
1776353269887,-2.625693371260166,7.895476478953659,-0.9265545811757445,-11.020699763565041,12.204747207132602,59.01536842909224
1776353269904,-3.013703677809238,6.9406386371016495,-1.3615505107834935,-3.5983903953464837,3.329747956232481,80.17570428914195
1776353269920,-3.2308272563427685,6.617421412980556,-1.45312872428447,4.491242968934306,-7.311012289466846,93.50389637888388
1776353269937,-3.9601615215897557,6.3539098850205535,-1.5243569543264806,14.266526039239222,-17.200202424560064,102.51155668648586
1776353269954,-4.813395138227939,6.763019385960698,-1.2793996124498546,25.187915706045924,-25.40034824961166,109.33563966738062
1776353269971,-5.25318005567789,7.041943587107956,-0.9549854336291551,27.169642159759057,-30.377536126103927,109.03690085346261
1776353269987,-6.337752823206782,7.492652341893315,-0.02049859814941883,23.46728689373487,-38.88558858648699,102.44729143658522
1776353270004,-8.192061424475908,7.056159451726079,1.4131790642771869,7.046608836506483,-63.6202000052448,72.57588257326299
1776353270020,-8.782681046515703,6.968322178319096,2.040160989356786,-12.672869589825059,-78.35238529020704,45.84671589798347
1776353270037,-8.275261685732007,7.601289242222904,2.426824411341548,-37.64569410117082,-78.01507639804596,35.309421065378785
1776353270054,-7.170186812922358,8.500611240819095,0.9804276621932163,-63.5240582624877,-61.38924165626519,45.3826045438811
1776353270071,-6.710500678694248,8.531137896507978,0.06060520228408277,-65.4903262905618,-43.649727494840924,54.14709987174688
1776353270087,-6.639272594782709,7.91687494855225,-0.7514784660458098,-64.06977671679338,-21.523473112557188,58.750322938349896
1776353270104,-7.052123328077792,7.511357042363286,-0.21233399903416136,-73.44760595665338,22.329684736523397,60.94111977500983
1776353270120,-7.044192535078525,7.395687759178877,0.09966004604322369,-88.6838933533084,55.1462984907118,63.374436138529404
1776353270137,-6.700027215474844,7.530960737499594,0.2968825173964491,-102.73934349530579,81.25089900790701,68.3506592508014
1776353270154,-6.572384001380205,7.809734424260259,0.003892545892554335,-112.55764480455073,101.48233597102416,78.93697435107926
1776353270171,-6.594830810987949,7.90415575223267,-0.099358481838851,-115.41914572713841,106.9882265930523,87.59491531279825
1776353270187,-6.737735307100415,7.969698191723227,-0.38516595225190975,-116.27805567564586,108.24894291005326,95.8259148098781
1776353270204,-6.965184464815259,8.055439954155682,-0.5600923258884518,-119.82734981746464,112.45460457073193,105.09089566427114
1776353270220,-7.0030427785664795,8.109758404320479,-0.720054323231909,-124.97162973426481,117.28662872924662,111.91622173959485
1776353270237,-7.308901456129551,8.167967432183026,-1.2668306953381396,-129.82536706415095,126.74303929550761,114.99451286643871
1776353270254,-7.565829806306958,8.03883018013835,-1.9740188532402971,-133.3134900317631,136.4530957667862,115.47191576866592
1776353270271,-7.586179935896396,7.909693512615561,-2.365321328635979,-129.46380417024716,137.4200456475849,114.24258417090118
1776353270287,-7.57061762510538,7.828141603088379,-2.983623386781523,-119.96021065719972,133.12235401802948,114.7406893765027
1776353270304,-7.680303157705068,7.7528750574409955,-3.249679238062631,-101.10164171725515,119.97645284704602,115.93069957521568
1776353270321,-7.8492440123498435,7.898172586169839,-3.210923591879196,-85.82759703486829,105.44487704819622,115.91105595116272
1776353270337,-8.231866196119785,8.247425584301352,-3.16962324791532,-63.884760552556074,78.45898405258343,117.20360094969594
1776353270354,-8.84433320056945,8.667757613262534,-3.0671215624051165,-46.91713972961328,55.52314734797808,117.56315576798376
1776353270371,-9.267209068794548,8.799289651489257,-2.975693388366699,-31.62874481978022,33.1843716296694,115.99860531594395
1776353270387,-10.026171287325024,8.792405737194418,-2.678064559814706,-19.58920793583918,14.65722225127406,109.00856922878539
1776353270404,-10.538679787941277,8.634837924957274,-2.457199018273875,-16.88407053392061,12.906769417952145,100.549154545482
1776353270421,-10.694452241194247,8.333916119274496,-2.438942646093294,-19.38383951542253,22.334629793482485,87.60375357758426
1776353270437,-11.000012812593578,7.5270713288456195,-2.3038205109527334,-30.232695134564636,41.36157655684622,60.163311492707116
1776353270454,-12.064235158272087,7.725041878619789,-2.0593131048006934,-37.436020954029765,54.313677940319735,29.278514292419267
1776353270471,-11.673231807386875,7.735365704235434,-2.001253531878814,-38.129329551015665,66.64998995879242,6.658957608181001
1776353270487,-10.607662723274528,7.810037206599116,-1.8915688395293428,-33.92811092839209,75.3237632990075,-4.695126676980125
1776353270504,-9.487774604475497,7.568371307483315,-1.7132006697172297,-32.521986714150735,73.30243711603393,-6.765275905914596
1776353270520,-9.04215469726175,7.438636674067378,-1.727416095943935,-27.922474147814324,66.6734994699156,-10.986217553540232
1776353270537,-8.22857416883707,7.080402497100829,-2.1782750363223253,-8.973926003291293,61.537757289577954,-14.260590604850481
1776353270554,-7.878571813642978,6.890213687244057,-2.100014167697169,9.474010256204824,57.04889208024846,-12.483643467738087
1776353270571,-7.918076141035557,6.699574795532226,-1.8052280882904306,23.925333039854266,52.89236338536427,-10.541792512173135
1776353270587,-8.44539964120686,6.166118491694331,-1.1156986860188656,35.741054869977745,44.52864306742733,-15.786979936223775
1776353270604,-9.034971507759392,5.857115670886635,-0.6872855140686035,40.51515560923614,41.8705554236064,-25.719596414059936
1776353270620,-9.169645058882235,5.946299098205566,-0.4948514486043903,42.40844306602865,35.53775087423773,-36.21028545086303
1776353270637,-9.2303979260087,6.293907836261392,-0.7071878450916148,51.53184775930568,17.519319107866817,-48.438035027572944
1776353270654,-9.228004893392324,6.780679545813799,-0.9291001009400933,63.0206186791444,4.242951505339179,-60.136687415322406
1776353270671,-9.188050484144688,7.154173251232504,-0.7960723077302798,71.55864883979464,-15.686214155398577,-72.21619115119178
1776353270687,-8.87007028389424,7.956978995403647,-0.6805521141603589,78.2841995117228,-43.39240694804986,-81.62858114825204
1776353270704,-8.81156314986795,8.722376507678627,-0.7133227493837475,78.79532305788237,-61.55771510233273,-86.27707129357931
1776353270720,-8.84448283817321,8.966434854888915,-0.9219173498291522,77.95679439385825,-78.45479714662221,-91.69853394727694
1776353270737,-9.150042532789707,9.318381914409995,-1.8700210611205548,82.45993811364765,-95.7379009922333,-106.22234382104043
1776353270754,-8.98873319593668,9.427766418236493,-2.7081412067137656,89.33918170227943,-103.86112010421034,-119.89298793538846
1776353270771,-8.672100026381015,9.498545004814863,-2.877531485626474,94.5967744574101,-101.16687685401794,-132.5152731442204
1776353270787,-7.718758268305659,9.78061188790202,-2.6584618145264685,92.19464473764081,-77.31291929099031,-138.85590167528332
1776353270804,-6.8355977154374115,9.850343011254072,-2.010979683862254,82.61965525719923,-44.74943234744258,-135.8108530791299
1776353270820,-6.481106232130527,9.696664607670902,-1.6229693042479454,68.20779901412142,-9.660395873370717,-128.72919000425563
1776353270837,-6.3646887609273195,9.488370232281088,-0.8960298251830041,47.69741712530095,21.478118948921008,-119.64425976657328
1776353270854,-6.480806956923008,9.082851741570234,-0.9534908111572266,40.89013640976442,21.767013752697746,-116.23615929527699
1776353270871,-6.523154398787021,8.961644698002933,-1.1361980330869554,42.9902932210437,6.848091095827354,-117.25708133089714
1776353270887,-6.387132647925615,9.012371845677494,-1.2095204589292405,47.80575417082111,-21.344281392134608,-119.77377381361507
1776353270904,-6.056286244100332,9.241917098888754,-0.8687957812987267,43.24018935220696,-35.84642078320895,-117.8858275647535
1776353270920,-5.859063297823071,9.313442704442142,-0.7852979984007775,33.41360643859337,-40.10618437230329,-112.91338837728168
1776353270937,-5.5746010440319775,9.195378635075688,-1.1171942035399376,24.323447691101382,-38.62376011484372,-104.77351726410815
1776353270954,-5.386057663294673,8.763524802885948,-1.5400696333736181,21.552498001435154,-33.60094828224306,-98.16170290223906
1776353270970,-5.312885459578037,8.50165841178447,-1.567602952465415,19.002354667257098,-25.753853227842132,-92.01603529084498
1776353270987,-5.158908949831128,7.867644469176232,-1.370381029101461,13.09144834159918,-13.901466942254027,-86.06492561795872
1776353271004,-5.008521989008784,7.471852130448818,-1.133654339953512,7.380994407702797,-4.6427237581204945,-82.27222402468819
1776353271020,-4.897492640584707,7.337029526244104,-1.0597333636961876,1.2674213216100847,0.10611344541934786,-78.6995638057188
1776353271037,-4.683959195497632,7.4476120076835155,-1.150563535308838,-2.7205446011388266,6.756888006726998,-70.30671614606634
1776353271054,-4.287118516761065,7.692268320786953,-1.2273271876461804,-2.0065859944144515,8.738318627871703,-59.58937069675095
1776353271071,-4.201525807410478,7.7477838717818255,-1.228074937273562,0.1669817967858272,7.144142657193795,-46.7785142102187
1776353271087,-4.048746398493647,7.590515042491257,-0.9913486865170299,0.7024819145671967,3.7928625296028486,-28.976066685781934
1776353271104,-4.151546847754717,7.055859591996669,-0.8349776828490197,0.032789443688556914,0.11104569577374332,-18.003104821873404
1776353271120,-4.322732850977778,6.789205382096767,-0.9847647780820726,2.7152183342466856,-0.1186420400695611,-9.456590712500352
1776353271137,-4.892253570887446,6.739226422441005,-0.9654610888056456,5.830679777440595,1.847066286018569,-7.059033804380382
1776353271154,-5.212926371222734,7.9999232341170305,0.018854922595620154,-1.3877800336779933,7.301655784077575,-3.0057192996954334
1776353271171,-5.0329140874654055,8.802879492674768,0.4423294873662293,-18.116830886648703,11.606299692434424,11.256342997477773
1776353271187,-5.014806183844804,9.119511785447598,0.3492543133057654,-26.79600519894997,12.9171999705884,25.53712449528846
1776353271204,-4.764762332484126,8.888620670585334,0.17627338948994875,-34.34738209059332,15.026677428763804,43.67039564726938
1776353271221,-5.2284892665356395,7.720250844950973,-0.24435806080922484,-43.3987077975592,18.145633794378647,58.1124310811949
1776353271237,-5.380819762641191,7.197416765153408,-0.5181945834286511,-46.23827015253279,21.59172377783854,60.629560696019695
1776353271254,-5.65585426287353,6.5752241932421915,-0.9554358077451586,-46.19296892286268,24.679324452521143,59.42207204322065
1776353271271,-5.678748816248774,6.490379087388515,-1.1492169430054724,-41.631894953627814,23.680590286419783,56.39893810901921
1776353271287,-5.663935862520336,6.6922410916432735,-1.0793361820496619,-37.15837034917416,18.766878772979034,55.81635712376298
1776353271304,-5.548114603644609,7.404066880467534,-0.6688797965452075,-35.2689658549248,11.01524756506008,60.06845382551398
1776353271320,-5.7176551777482025,8.09928289527446,-0.46312809137552974,-36.387119048474666,3.1905203129738835,69.94813804482983
1776353271337,-5.893029864832759,8.277651211217046,-0.456095562390238,-38.647966305262244,-0.5697899085706549,76.7963179331164
1776353271354,-6.225075123053789,8.271964982274174,-0.5318118976317345,-41.45176920483623,-1.5234184125277492,81.09673480815066
1776353271371,-6.533926552692055,8.175149452641605,-0.5916672313965856,-48.20206223703276,3.093300894431803,82.68176216732215
1776353271387,-6.545899314558506,8.139835562676192,-0.5621880389340221,-56.49203358740649,10.763840254542957,82.34045078430745
1776353271404,-6.4667404376477,8.099432240617276,-0.6504745174132287,-65.6447773582633,19.995035578206537,82.25766206137773
1776353271420,-6.295704656550288,8.074144654625654,-0.9620203007020056,-76.00913863127242,34.934020208216545,84.03132558504663
1776353271437,-6.229415782606601,7.98106948056519,-1.0971429107666015,-83.26421337898417,45.99107194609169,85.99955387741252
1776353271453,-6.265776551276445,7.828737815415859,-1.3498807504516095,-89.52040711152738,57.815871097622114,86.37372530052417
1776353271471,-6.390874757063388,7.7003499204337595,-1.544559492138773,-97.6521024882644,71.70510858616723,83.90922229325432
1776353271486,-6.439507562807202,7.684488918957114,-1.6307513364262878,-103.23718232352968,80.90772298324889,80.57925918606298
1776353271504,-6.464346235987544,7.794322335594892,-1.7360961364079266,-109.24300864185692,89.53922428269077,76.3307790694775
1776353271521,-6.352417308375239,7.932737119072676,-2.002900056976825,-116.16134140310868,96.44254428814685,73.07028581633436
1776353271537,-6.3344602114021775,8.02626003690064,-2.2037137212224303,-118.42606820734483,99.60687530796537,72.22842401999527
1776353271554,-6.360798183229565,8.201787284198403,-2.5192996467474846,-119.71127758270944,103.41104478885235,71.05218348264903
1776353271571,-6.444295381605625,8.254757242363691,-2.831144047656655,-121.75070376698355,106.51033191720485,69.4684401990415
1776353271587,-6.508789773347973,8.260295002746581,-3.048268576038256,-120.73056037292879,109.37460589659554,67.51115386972596
1776353271604,-6.505945489832759,8.153751275303959,-3.4894003780525176,-117.6790777385772,111.96416283737916,66.49078507942859
1776353271621,-6.459706885749101,8.013092512291669,-3.908385485916771,-109.75523184847285,117.30229718320263,66.16001950849238
1776353271637,-6.406586705458164,7.9213669992744915,-4.027048507557064,-101.79022040824081,122.35941022581508,66.76375358960814
1776353271654,-6.483350211665034,7.635857866778969,-4.098275605087913,-93.72511254572225,126.15149027187114,66.6135508995704
1776353271671,-6.685809889551996,7.439833190375566,-4.088998146720044,-82.4807018887245,126.74444631447663,63.98939905064067
1776353271687,-6.8136004031628365,7.502081849017739,-4.060866569474153,-72.8892926335182,122.38383498228706,60.24218651724242
1776353271704,-6.891710647803545,7.776666267395019,-4.00834406281542,-61.26616164742156,112.40619902008405,58.964626953748215
1776353271721,-7.0380556397587055,8.057085383275151,-3.88444401730448,-43.8588713023213,99.94661574747097,58.60497651281203
1776353271737,-7.1932307116404175,8.104223566547036,-3.733160071109794,-34.15102439723921,92.8828750889788,58.376554496399294
1776353271754,-7.575704426850378,8.07654060985148,-3.4334359873116016,-27.987265322281065,91.05532820294766,56.23602102184149
1776353271770,-7.897873603223264,7.867197017669677,-3.3557745824169367,-21.754900412204726,93.33222640428478,50.99761085299479
1776353271787,-8.008156224933266,7.735216066631675,-3.3845045639473943,-15.386553265942608,97.4847628535991,46.17028244953448
1776353271804,-8.310723751996457,7.8080907487064595,-3.236812833558395,-7.8107140517868565,105.74860190020834,35.130630618569946
1776353271821,-8.692299933844804,8.662671688300371,-2.8081005873300136,-3.6825165546930614,108.4406936408122,26.486230506880506
1776353271837,-8.601469616101681,9.233538562121987,-2.6446963240243493,0.5614434174048993,108.83718612213143,24.710505973629544
1776353271854,-8.439262453626096,9.724499540057778,-2.1484983952831476,1.9412537408993984,102.6766355285359,25.783351107320126
1776353271871,-8.18802091691345,9.206603793445229,-2.018164188538864,2.749633736483676,93.6636476733813,26.551463936096006
1776353271887,-8.011448836737872,8.776246629554032,-2.190995840077102,7.195045068870138,83.77103390596662,25.853891593520725
1776353271904,-7.873482089288532,7.757363601031899,-2.540848411536962,18.003285821886408,75.39488605883484,14.893516060705236
1776353271920,-7.7826523560673,6.809858294025063,-2.5945683112867175,29.513384007408497,68.68464867102585,0.9573744891908762
1776353271937,-7.653664741626382,6.629096068683266,-2.4585472910776733,41.93328388094379,65.77947551888512,-10.89813714155104
1776353271954,-7.517494522204995,6.896948548457026,-1.4957793868787586,48.33759709582791,66.58286968981871,-25.395124862443893
1776353271971,-7.519738794000446,7.277326168170571,-0.375442501398921,43.86823890676797,64.34237639675776,-36.27537373855867
1776353271987,-7.595455421502888,7.5724115227848285,-0.00164762107655406,36.441091203296104,57.80096079466398,-47.640426026866365
1776353272004,-7.783250906482339,8.355166997095942,0.3983334015123546,24.970500539480664,42.22313320365704,-62.31164504329708
1776353272020,-7.881412590026855,9.145549897545575,0.4198819471061229,16.84932023897088,25.467939801638106,-71.20102696504195
1776353272037,-7.908796563775837,9.60748234939575,0.2665026726000011,10.054294590352645,8.643449007847519,-76.94025733968525
1776353272054,-7.761403231811523,10.043376689147948,-0.18196049521565436,3.081392886500709,-8.43132894543631,-81.64390809274954
1776353272071,-7.640795323181152,9.791985514831543,-0.8263006015270948,1.8555779823848741,-18.138803605208633,-86.40541054808385
1776353272086,-7.568370722961426,9.644143562316893,-1.082629378376156,2.6851240938767864,-26.035064068802605,-91.01166963377294
1776353272104,-7.33239251409322,9.358037048450111,-1.5008669192761181,7.006642411464976,-30.310812008102072,-97.18995139845383
1776353272120,-7.209839316613972,9.222764654651284,-1.7570463507823646,12.180586266717327,-29.047517294689438,-102.15386650984146
1776353272137,-7.147291090503335,9.274239990344643,-1.7646778685741125,17.3156736026683,-25.97572850793541,-107.22795257254141
1776353272154,-7.176769113922119,9.451858072441816,-1.4824613478831945,20.217689499865195,-18.399679265462684,-114.49256909452365
1776353272171,-7.267748777008056,9.658957100567221,-1.0069127508737146,18.14345496403341,-12.948216713383076,-118.76856121308595
1776353272187,-7.333290631976723,9.651176529693602,-0.8644583366163074,13.89736882875202,-7.975384790033987,-123.53812329164087
1776353272204,-7.574356811633706,9.541342528533935,-0.7389119486704468,5.597258062555409,2.027417217609344,-133.86684463756086
1776353272220,-7.6182000450134275,9.484928567394613,-0.8547314539805054,-1.839054474122144,12.81914065222182,-141.6805537272988
1776353272238,-7.541586176410317,9.488969367218017,-0.9319447497814893,-8.548747581231645,26.747956525686224,-148.6200805655451
1776353272254,-7.347056707000732,9.460538222503661,-1.0741001810923219,-14.613416833032183,48.06943362372945,-155.90088463586025
1776353272271,-7.005135366931557,9.501688563537597,-0.9946426134958862,-19.562375537684787,63.39864915913709,-156.49127252733783
1776353272287,-6.920889396014809,9.317484673309325,-0.9273062763258815,-26.06619265594494,77.99808971758014,-156.3764843681466
1776353272304,-6.759580059161782,8.92573401118815,-0.9385290966078639,-32.87616958865633,92.21287451253558,-155.65553058049505
1776353272320,-6.564152764129639,8.63154589767456,-1.2340627795115113,-36.45137063799697,98.9086387294933,-151.98165378821525
1776353272338,-6.624905631256103,8.537124569702147,-1.396419579590857,-38.0409469031557,105.05147181238182,-150.06358640511394
1776353272354,-7.072621341705322,7.912387866266071,-1.9201514850109815,-39.11367933872498,122.02717616420733,-149.8714668441398
1776353272371,-7.861810063934326,7.669376105499267,-1.8360551516979933,-42.75549522304076,148.69178389145188,-155.6657485434934
1776353272387,-8.289623973083495,7.583933033752441,-1.0619795351877808,-60.946023850833896,169.93294821013953,-161.39592208729727
1776353272404,-6.733991444396972,6.959495897784829,-1.6560408221140503,-73.96969195643081,182.32670894972117,-156.82943519314514
1776353272420,-6.425738565173745,7.13786392146647,-2.0929835018754006,-80.89575649182304,192.20037577237824,-149.74090094796586
1776353272438,-6.408678124779462,6.528838581903279,-2.9296061754524705,-85.34027669796622,203.33758661035267,-141.10618945961406
1776353272454,-6.280290814319253,6.214151285718381,-3.3110330119580027,-79.5830146239141,206.67142926499255,-136.37759485570086
1776353272471,-6.0606216429561375,5.540632431195676,-3.7141561319649217,-68.04815017246153,195.81888705124595,-133.7015677200249
1776353272487,-5.856216091698408,5.293430817523598,-3.697098029658198,-57.31633155229489,181.2503530987972,-129.158631318131
1776353272504,-5.36316018730998,4.957494397082924,-3.3753771815747022,-55.01543548130894,165.14994431929802,-117.82950582485758
1776353272521,-5.58671876732707,4.785411591150611,-3.4492981578320263,-56.67034250587884,153.17207379827843,-113.27876934693151
1776353272538,-5.404010668614506,4.749648203852027,-3.6369431284248828,-60.460779891439515,136.29318737793787,-108.18898067932972
1776353272554,-5.455785279515386,4.833445408087969,-3.950434492823481,-64.11820958819794,117.26818721848758,-101.04320261871652
1776353272571,-5.269636100438237,4.692187364008277,-4.388273536902666,-65.72947853416063,105.06726320974289,-95.25209695732698
1776353272587,-5.257815314263105,4.384532742939144,-4.669143319159746,-68.38299336633224,90.75449935114362,-91.01458612454854
1776353272604,-5.257664507615566,3.9046448015511035,-5.033959212604165,-71.59760140863123,77.46697420771994,-88.78029464325397
1776353272620,-5.078998377770185,3.564518820466101,-5.406707068091631,-72.6877610718678,70.13413092611844,-87.35110488018549
1776353272637,-4.911553899163008,3.3601138537302613,-5.575348063006997,-69.60639635989742,62.0361288725571,-84.3503022494754
1776353272654,-4.63517324501872,3.1857861914806067,-5.884798627582192,-58.663374630215635,47.412700689748974,-77.2478480787676
1776353272671,-4.757876080101728,3.056648939435929,-5.929091358295083,-50.36906610971895,36.26556217181595,-73.34269425100199
1776353272687,-5.464315207451581,2.9628263080090282,-5.843947561755776,-49.797509049783116,34.2938607282571,-74.72617638814474
1776353272704,-5.676800604790449,3.0460246695689857,-5.774216438403725,-56.952432733694955,43.134874665394534,-76.03048297242871
1776353272721,-5.664380683678388,3.6822839068859814,-5.995081541553139,-66.7640609481208,56.172363658776966,-73.20281880698928
1776353272737,-5.731717020848393,4.11832803037241,-6.701520668902993,-75.82703895781071,71.7492794195297,-66.31376706670937
1776353272754,-6.0685512669116255,4.094236376167088,-7.20116062785685,-73.39093587710978,68.27954332116323,-66.89801461812309
1776353272771,-6.5957251294791694,3.6432287845656273,-8.331822361865639,-62.614898612256475,69.57714948987142,-73.58589679677863
1776353272787,-7.1417524533376096,3.35278204953745,-8.582015850830077,-52.25373045268432,81.1405709622438,-86.21336611919061
1776353272804,-7.244253919652104,3.282153246693313,-8.463951781463622,-50.311808633906736,98.58402715899928,-97.99825647540065
1776353272820,-6.87599636132121,2.9215267677627503,-8.155399042510986,-46.35212257580773,122.78417969029817,-107.3419757505456
1776353272837,-5.910684179466963,3.1162052902542055,-7.90415750579834,-51.01376766547646,124.48551151065665,-118.20024849300586
1776353272854,-5.3004620313346384,3.0434814148269593,-8.008454915618897,-46.53844672127109,115.69003102962111,-121.31818886798166
1776353272871,-4.451717542809248,2.9417278442703187,-8.718036432647704,-31.046273117550705,102.51564113960953,-121.99803857720805
1776353272887,-4.370015118895471,2.8095978401504453,-9.171737062725425,-4.1618378863034,87.98724820891296,-123.358748863658
1776353272904,-4.749795357237756,2.619408591902256,-9.157521490368246,15.631941472253654,80.26947595625705,-126.76231408934538
1776353272921,-5.126433498162031,2.22242017525807,-8.65623610229492,26.166664738635827,71.22226885336069,-130.6308239522139
1776353272937,-4.500050781084597,2.0413586747087535,-8.17230809173584,25.127750277194576,58.43993182170784,-133.21301794907222
1776353272954,-4.09617888853699,1.9234442429460583,-8.295160564422607,19.96840125553807,53.638438608783105,-132.41297057083196
1776353272971,-3.66178092482239,1.756598460884392,-8.699331732177734,13.636371078866553,63.97350520044205,-129.41410771384616
1776353272987,-3.781491007830202,1.5201709738787264,-9.152434396362304,4.976656402397473,74.6146462291876,-120.21048244876734
1776353273004,-3.8405978613153096,1.3735261952593922,-9.028833735656738,-0.34865404981588244,80.53893374920322,-111.06001654599872
1776353273020,-3.7035298162713643,0.880021304994449,-8.619275029644369,-7.857010781528495,75.67803155087772,-102.54216959434586
1776353273037,-3.4769786303095516,0.4520577582415193,-8.447491060528158,-10.489575715968387,62.99462297916333,-97.45720304029808
1776353273054,-3.4199668494075537,0.26949995471984145,-8.575880709075927,-7.082983008931385,50.777265535275596,-96.9494809283452
1776353273071,-2.9970911273129284,-0.02693213832825422,-8.869619325256346,-4.14131700982892,38.94752474188066,-95.31105515024254
1776353273087,-2.4961045760557052,0.15323153659850358,-9.04753843612671,-5.3428698013524,31.587169458302352,-89.44177797380219
1776353273104,-2.4025810737058517,0.2789271237567067,-9.197176039886473,-3.252767455418206,33.00567680550894,-82.21676971881686
1776353273120,-2.585887138311565,0.3429720181658864,-9.661650577434896,-0.3587253238296249,29.773699592150606,-74.03215403639058
1776353273137,-2.7286415584288535,0.052375864729657766,-9.670030867767334,4.096287280178318,28.65696024775894,-67.43526363785796
1776353273154,-2.7976244937621058,-0.023640074512921272,-9.699209615978598,5.367357310187365,29.213583099074544,-67.81116309882961
1776353273171,-2.61446792062968,-0.16609510982483625,-9.719859605297446,5.058702342254958,32.293950603426104,-68.13410127297698
1776353273187,-2.3319524169921872,-0.017953809037432072,-9.729287358856201,4.444966729760177,39.463897288417385,-67.5752620252757
1776353273204,-2.230497975512594,0.13033701975587755,-9.625587914928794,2.0040154954089995,40.0404711222986,-65.8541909582159
1776353273221,-2.1377228073120116,0.3151394969318062,-9.604489597320557,-0.700775060965781,41.87321578228811,-62.26188711519353
1776353273237,-1.8525135345458983,0.30840576822999866,-9.687837742614745,-6.453762503814539,41.999324980028646,-57.820672720608634
1776353273254,-1.663670878601074,0.24899963953737167,-9.798868844604492,-7.9693494641286335,33.71458896965373,-55.921644489818725
1776353273271,-1.2030864072937517,0.1405123402789235,-9.910198637279867,-6.075803740808128,11.67630571633247,-53.50987737313054
1776353273287,-0.9621699383057654,0.28521193964723496,-10.015693147930502,-2.3845957703962255,-3.800256636266211,-49.79252984187818
1776353273304,-0.9190743084229528,0.5762571154925972,-10.110264113506673,2.7036260091212934,-8.818137926059764,-39.15861173817991
1776353273321,-0.9138368461608887,0.829743143196404,-10.172363719066977,10.955066768283096,-7.356718207845279,-27.564024112624764
1776353273337,-1.000327673394978,0.3546437877917662,-9.321973801422118,17.913289541835027,-14.524267496437885,-25.95962121432523
1776353273380,-1.6705545006349682,-0.19946429546326397,-9.29533830795288,13.236986012433812,-38.61301622727929,-43.37770496586141
1776353273389,-1.7148473774783313,-0.07511541933943518,-9.024194969940185,5.081346553787666,-34.022012369101425,-49.43129479705454
1776354130781,0.23927093027066437,-1.8816931595399975,-9.070432989501953,-18.866370723524025,-14.58831930292697,6.376223208148792
1776354130797,0.282216886017099,-2.006042154394835,-8.837147965240478,-36.157078277228635,-23.91116210487378,7.124161792550569
1776354130814,0.3510501654802821,-1.817498627527058,-9.337685749816893,-42.26628633883318,-22.497954984463124,5.276139706935021
1776354130831,0.43993492037989196,-1.6539445804871618,-10.04906291809082,-36.631861801909146,-18.93840189851098,3.8416988090552633
1776354130847,0.3429697440104093,-1.3893854431703685,-12.085630705261229,-2.943451880127012,-1.9480681352569555,6.376272300133452
1776354130864,0.4920088064882904,-1.3631988625124096,-11.82421381149292,17.80711425118718,5.456029387313409,8.901702729233932
1776354130881,0.7526774665720295,-1.4558245392397045,-10.826879182434082,18.756343206184287,8.819429685586543,11.355949353691363
1776354130897,0.8439563591997139,-1.862838821466267,-9.186401547893881,5.791208541113915,8.873445382863943,13.775123810534424
1776354130914,0.7357684447466395,-2.136675636346638,-9.093177905273437,-12.335025381587778,5.6212350147499155,15.593909271407732
1776354130931,0.7251441748796962,-2.169296633966267,-9.364619933971762,-16.93093416936336,-1.3384020348470325,14.157850045581503
1776354130947,0.690128975599911,-2.1157262256897984,-10.382006586456297,-7.4965868216688,-7.6897992129101205,8.41239651483068
1776354130964,0.47973852297998965,-1.902193365124613,-11.397597003173827,8.074512179232027,-6.860591195782124,6.450311977623213
1776354130981,0.4837787656809669,-1.8152540634706615,-11.660210997772216,22.89538661679324,-2.3592869313135663,6.6385340619021935
1776354130997,0.49754540696055627,-1.7503113434389233,-11.048193198394774,32.60090613491565,6.521976029942279,8.658615442899531
1776354131014,0.6497268043184653,-1.8276739845827221,-10.239102674865721,34.060637088857845,12.34511100967095,11.683761721585185
1776354131031,0.7561191588579677,-1.8409917313173412,-9.76864146412313,32.72130870960463,19.000105827472872,15.912976435843
1776354131047,0.8369234831545501,-2.0551232884280384,-9.47355669403076,37.734329466030076,31.456702599871356,22.54367627076719
1776354131064,0.7372648573168553,-2.184559669549763,-9.147795630645751,41.374892010633154,30.75963739884195,25.729431886464752
1776354131081,0.7969702064180746,-2.499696316937357,-8.983642594799399,45.39765145062264,27.10739864585273,25.123573616517113
1776354131097,0.8291422912264242,-2.9513028973452746,-8.930670883068442,51.21823279337537,18.29244871058807,16.553192264863096
1776354131114,0.7273887572024017,-2.925265808160603,-8.889670764160156,52.81130953048373,3.163465933671463,7.726180215524193
1776354131131,0.5219363637728617,-2.8300965844303367,-9.11607245864868,51.45195162148946,-7.670902640797634,1.4160864720326418
1776354131147,-0.17268139287997036,-2.6544217453554273,-9.330802420043945,41.49161652845409,-1.610883680604817,-0.6116561400576298
1776354131164,-0.6178532640652731,-2.594417358508706,-9.852738381958007,34.38532037633816,3.2172888915482214,-3.4089013109764665
1776354131181,-0.7671916656827553,-2.6361662499576806,-9.989507151794433,23.619495951841312,-2.4968217548750586,-10.507147231381891
1776354131198,-0.533008779266104,-2.6029467019230124,-10.169670826721191,10.710042269545351,-15.85404556368413,-14.265270138205587
1776354131213,-0.284760031161271,-2.104653481402993,-10.72018757095337,9.84264068835229,-17.894405776327236,-10.91047331696573
1776354131231,-0.2252041917996481,-1.9536691392093897,-10.786477029418945,15.365929509743754,-8.09328922303404,-4.994646693784463
1776354131247,-0.17462668172884732,-2.362029867608845,-9.964667309570311,20.252532002368724,6.363562171861704,3.8130551301103455
1776354131264,-0.32471323483251036,-3.0488661766052245,-8.5101892165035,16.569116850912984,13.686555893793223,7.850487097097487
1776354131281,-0.31423856603670863,-3.284396349444985,-7.736413751983642,7.544503160017379,18.191399476912316,10.999366521466152
1776354131297,-0.40087877514623105,-3.719841484124958,-7.101800089916586,-0.4402068659460854,16.082807382008074,10.113833349347646
1776354131314,-0.5327094309933483,-3.700837508447468,-7.675959575542807,-0.998770024594502,3.7060845493110137,4.283968498852398
1776354131331,-0.4053679397916421,-3.733309160724282,-8.149413538360594,2.181706922091701,-2.8891412040548325,-0.17101681107929156
1776354131347,-0.31199396544769403,-3.716849024310708,-8.702474121856689,5.717199599475419,-3.9954617351978827,-1.6499239746835521
1776354131364,-0.3124429513242096,-3.8236902733951803,-8.703371947479248,3.325268205910599,-1.507457434376193,-2.931054019566381
1776354131381,-0.2792234032895416,-3.952528250232339,-8.461407942199706,-4.427418266235121,5.408201414537218,-4.577502708622866
1776354131397,-0.04923044284339994,-3.995922863061726,-8.323142211803793,-14.056036684492355,3.400188550916469,-6.105013471680511
1776354131414,0.08828658807706087,-3.957017086084187,-8.841636508831382,-14.186957750503158,-0.8228949479833481,-5.654375519489641
1776354131431,0.05985544336270541,-3.9137718185976147,-9.109189128875732,-7.93846932511736,-4.7492674520967,-4.14928442549574
1776354131447,0.3205241491122171,-3.742287416949868,-9.385420145416258,3.219850639373799,-11.409763560388246,1.711923949657285
1776354131464,0.5009870627138764,-3.6821325157165523,-9.147645408520102,7.63644433643492,-14.756563937657312,5.985550474889226
1776354131481,0.3763389022493735,-3.766528416498005,-8.941594428142905,7.312727520722166,-8.152935557508467,9.699234036538702
1776354131497,-0.12180460760165006,-4.01911669164449,-8.643665959057211,-0.7416888012286565,-2.8496748769266182,11.564764458317931
1776354131514,-0.2804205041196197,-4.272004241998493,-8.392873919677735,-9.667606845586958,-1.0970656248176827,10.369131306370736
1776354131531,-0.3236658081388101,-4.253149903924763,-8.400804712677001,-16.545607339789797,2.811839684349567,7.039026472754122
1776354131548,-0.14754231198094783,-4.013281117358804,-8.770409593963622,-18.229701470230456,6.5746316658012,5.299116463302944
1776354131564,0.16894121997095643,-3.743035312707722,-8.984690058025718,-15.787548549472177,3.7695784147222753,6.289540423618514
1776354131581,0.08020619400665163,-3.7415389366701244,-9.178321117290855,-11.465601210626748,8.056964569480618,8.215945760149127
1776354131597,-0.05536547499969601,-3.6785415054872628,-9.248201878246665,-4.7753980483138765,22.010132628657058,12.448220399155108
1776354131614,0.1839050534121692,-3.5357875237613916,-8.911966767120362,-0.6200177857056064,30.01841502482841,18.17092256978062
1776354131631,0.4275150358004495,-3.4504937973573804,-8.404396015167237,-2.2421581516711333,30.307738422975564,28.134650559286186
1776354131647,0.5979522664828225,-3.368791957965493,-7.3265563552856445,-9.906310858021502,24.027524622668704,32.04983964248985
1776354131686,-0.3579327828671783,-3.992032577624917,-9.223062760815024,-25.48891018993734,-1.541414040000029,26.580592985358816
1776354131697,-0.6845915988095105,-3.5823248185306786,-9.745148944854735,-17.670204816821567,7.420495099220273,18.54221848325168
1776662251951,-1.2210431389406322,-3.413383087103069,-9.511414423260092,3.9194989325699394,-12.670946037800054,-0.6675952826383285
1776662251967,-1.0345948307864368,-3.487154425756633,-8.851213899993896,0.6724594979052883,-7.999330579490405,-1.445839416387452
1776662251983,-1.130512388665974,-3.7059246024534103,-8.636333716472983,-3.9526680387268143,-0.9114679340055742,-3.2374473411098674
1776662252000,-0.9510969748232513,-3.7562028373166916,-8.727463601684569,-5.017751516199324,4.774355590691804,-0.8451409274709324
1776662252017,-0.8460513769838959,-3.670909403173625,-9.203610456848144,-1.0823068666817546,8.55201753429679,1.808588415329302
1776662252034,-0.8014593710634857,-3.4747345046445726,-9.443180260467528,3.3413261940927104,4.636031026507529,3.050912100112469
1776662252050,-0.7273886841371655,-3.5013699981138107,-9.271545928955078,1.136994056931931,-1.0401842362966396,3.9530501024335116
1776662252067,-0.8463505791261792,-3.5233667258664965,-9.067589875030517,-1.437756314391565,-10.872231087802827,0.07894919612082535
1776662252084,-0.81387921911031,-3.4844606566280123,-9.010278088268636,-1.7951171478519212,-12.319008587984099,-2.0545345627181755
1776662252101,-0.8032550953738391,-3.6260181220456955,-8.99591346282959,1.777489069934353,-3.525760725033507,-1.8685395469954427
1776662252117,-0.8686466551516204,-3.6703105604976414,-9.06609291447103,7.394439635083967,7.364547312181406,-1.1745046020799947
1776662252134,-0.8020578484132885,-3.705625034984946,-8.712199981579184,5.321325250276064,6.150890998561841,-0.26880679054090617
1776662252151,-0.7221515141360462,-3.7755057959407567,-8.615983002361654,-0.24334715368797788,-0.28274557913088905,0.4510903988625305
1776662252167,-0.56248811785914,-3.733009300994873,-8.603264390563965,-6.967612576113408,-5.602901933243955,2.621731400642606
1776662252184,-0.6753149441592395,-3.745728497314453,-8.654440451049805,-9.565391357110425,-1.829021993448453,4.4234738319894396
1776662252201,-0.8533836926333606,-3.7104137305662035,-8.791957408905029,-8.586689282071067,3.1875933634711213,4.475444314497243
1776662252217,-0.9226659031741321,-3.5519475081846115,-9.25074630203247,-2.9787189215761383,3.0520275553812968,3.856297484632519
1776662252234,-0.8792709250185639,-3.4659061782836913,-9.464728075408935,-0.4298873572446953,-0.6010736690731943,2.2881716420056284
1776662252251,-0.9135379362795502,-3.4172739570617674,-9.362974504852295,0.8745712521091653,-4.528747110780023,0.1809176772093275
1776662252268,-0.8348286297671497,-3.5506007697507735,-9.138218824005126,2.1681171935209025,-3.533521527477934,0.09615679051761467
1776662252286,-0.6841434897158295,-3.6011782798215743,-8.964040653228759,2.6688039971852757,-0.7826212177900439,0.9000355847171481
1776662252301,-0.6284783741824329,-3.5716996718809004,-8.866476935577392,1.158630388675239,-0.20274373346508837,1.7458597445484934
1776662252317,-0.648679377624765,-3.6309564552307125,-8.61852742614746,-2.9904032408119146,2.7494666102924223,2.3926492037579052
1776662252334,-0.588674698517099,-3.665223466491699,-8.685714710235596,-6.680156380930605,4.317090647458729,3.5736303192749532
1776662252351,-0.5231334280703216,-3.6002807464599607,-8.911368216705322,-6.884866968752819,0.3277483348703544,4.19665349493707
1776662252367,-0.4574425930850208,-3.510049271392822,-9.584887071228026,1.860684829449928,-1.8856434078942124,4.751972633894849
1776662252384,-0.5440826195314526,-3.5467101920530197,-9.335739876446127,4.64210306467967,0.011375039732421549,5.698215942451014
1776662252401,-0.48991395310088987,-3.5664626480102535,-9.00204860458374,0.8797855679319412,-1.4026157381637898,6.422269355325256
1776662252417,-0.6622964726321399,-3.6577415863037106,-8.732102367401122,-5.082332235462264,-1.6988012352709865,5.7679752257652925
1776662252434,-0.8680480316713451,-3.6076124045222997,-8.982595131573081,-4.755583242644847,1.5732331165787679,4.872743611912191
1776662252451,-0.9012677258364856,-3.547757947540283,-9.073425741577148,-3.043297292961551,4.438122026438178,3.590398647130746
1776662252468,-0.8406644232485443,-3.638288697814941,-8.982894991302489,-4.593572436192614,5.026209851712738,3.0874213822168914
1776662252484,-0.8340802956178784,-3.5245638266965744,-8.791956824383139,-6.729543771271675,7.522486045227842,2.162037044499122
1776662252500,-1.0381859871461987,-3.52097252420634,-8.967781008800864,-3.5843799698114953,11.037259557207738,0.22740832029037134
1776662252516,-0.9129393127992749,-3.451540676061809,-9.332149158477783,2.7990469534775446,9.549915002224822,-1.0020293054890674
1776662252533,-0.3516487341616302,-3.535936284582317,-9.061155458068846,3.229496787472561,4.716428329454103,1.2719188944568323
1776662252550,-0.21936916550323365,-3.6480148497983813,-8.782380602264404,-0.11555015217051384,1.9257026808197488,4.373008125533154
1776662252566,-0.5907696980349719,-3.639186231176555,-8.33720931560099,-6.971082312211774,1.0707691830697221,3.746010846991146
1776662252583,-0.7398087513796985,-3.5865137946531176,-8.274959487915039,-10.53519967207678,2.975005006214944,1.909829321188639
1776662252600,-0.7582141035769134,-3.501220360510051,-8.386440087237954,-13.012415368939317,2.2364775687157983,-0.17494998618501398
1776662252616,-0.560393118341267,-3.570951483862102,-8.368781680950521,-20.387546059239657,0.8128984325245054,0.9939385195303643
1776662252633,-0.5675757963869721,-3.6127006675720215,-8.85540375289917,-20.81059431605191,10.340188379762807,3.9633820442136254
1776662252650,-0.7987658941958099,-3.449745024816692,-9.360430665588378,-12.50979028565454,18.488452941652632,3.2836446062217184
1776662252666,-0.9458596586916596,-3.027018794195354,-9.919476753234862,-2.4554137330318566,19.591735105832086,-0.688298599868842
1776662252683,-0.7305311468813568,-3.1477763404294845,-9.712079034423828,-1.0229644756253913,11.415130381528584,-1.8557485236707127
1776662252700,-0.6172555173678324,-3.2365114394590258,-9.571569324493408,-2.770578938460343,-1.1253925537398413,-1.4923422257429548
1776662252716,-0.39474440057706084,-3.3469442832946776,-9.366715444946289,-5.374709155055237,-17.75893409678191,0.6535203971930479
1776662252733,-0.4668696890566498,-3.337965734808147,-9.305812940216065,-4.047379710626442,-17.022583355193884,3.3194369319067007
1776662252750,-0.6814499397829175,-3.265690479931235,-9.323170317730307,-0.9205901852506552,-9.646401669535008,3.0341646897110093
1776662252766,-1.0347443953249602,-3.18907631906718,-9.190891260528565,1.4417017091325994,-3.0222882714048267,-0.2952894883458819
1776662252783,-0.9576811024539172,-3.2410008598327633,-9.06564458618164,0.4105890312707945,-1.0806988907407455,-2.0743421113112124
1776662252800,-0.8438068129274994,-3.3438016013547776,-9.039158730316162,-1.45307525476114,-0.04532828362252517,-1.513534061581683
1776662252817,-0.461782083594054,-3.4250548201963302,-9.086444213104247,-5.177602702213363,-4.4801994068200415,2.782108511222736
1776662252833,-0.6239892460696399,-3.3578678283691406,-9.04095438156128,-8.161134345833421,-5.922446357147479,4.208316042944867
1776662252850,-0.7573162779543549,-3.2056863853454587,-9.089137689971924,-9.777539594051959,-0.8217862695428374,4.901109387535254
1776662252867,-0.7401079535219818,-3.1712697364807125,-9.21962168045044,-8.131469126720765,4.998069472332285,6.463121143637926
1776662252883,-0.8554786190859973,-3.0834321708127854,-9.729287358856201,-4.321425683147571,6.99233188449333,5.559831187224678
1776662252900,-0.9850647108767181,-2.934991667883098,-9.9152863158077,1.3238316405218085,3.2341028962940883,1.7017493156714931
1776662252917,-0.9370310400698333,-2.977788314819336,-9.805003986358642,3.0159342744860105,0.2787911397252897,1.0448981340410064
1776662252933,-0.6741178433291614,-3.100341512298584,-9.255085792541504,0.7146917848430936,-1.092018328464455,1.0283220119773258
1776662252950,-0.6693294400088489,-3.156604959051311,-8.958204786682128,-3.437534744637629,0.40101726820096206,2.038617233744284
1776662252967,-0.6470334370486438,-3.1893758865356445,-9.113378981781006,-2.3283226955981364,2.2365492857020834,3.2888197551784724
1776662252983,-0.727239119598642,-3.0253727805539965,-9.44916576461792,0.7807776003226693,2.1161573831836766,3.019975398597131
1776662253000,-0.886902515875548,-3.0768484085083005,-9.294290844726563,1.937739608571427,0.8551650304907196,2.1571150394284815
1776662253017,-0.9090488081667571,-3.081038261413574,-9.175328949737548,1.0713313930157788,-0.35064526340235275,1.5914270329803895
1776662253033,-0.9247607565615326,-3.018788725988567,-8.997109979137777,0.052029926497924164,-0.5920319927159783,0.9143552897554913
1776662253050,-0.9678564595095813,-3.048566901397705,-9.009081571960449,-1.0660466408671871,0.4660220461618246,-0.6902033155127765
1776662253067,-0.8915412815921008,-3.049763709966838,-8.928875816345215,-2.304034756352983,2.67782774429592,0.24119190883972152
1776662253084,-0.6961144249513745,-3.1173996146053073,-8.981398030743003,-3.361438326434048,5.21391454916209,1.8651848568959086
1776662253100,-0.830040153381601,-3.0452745818540454,-9.109638041687012,-5.482503627423202,5.251551452809799,1.2678873752992323
1776662253117,-0.8698437559816986,-3.0210332900449632,-9.300275764355064,-4.381699541251995,2.9912115510115034,0.8953652294287403
1776662253133,-0.7794627163760364,-3.0297122710630298,-9.526378768157958,-2.5682712965655043,0.41894699501992155,0.7935905549579372
1776662253150,-0.666037412726134,-3.091961514227092,-9.399336442565918,-0.9822291206937295,-1.5330249668736664,2.0620003863678225
1776662253167,-0.6036383858278394,-3.138798084203899,-9.348160382080078,-0.7940586897203475,-1.558498690991758,3.7047855327082417
1776662253184,-0.7817072073671967,-3.1016882507324217,-9.39095615223348,0.6085139328743067,-0.8769497054050637,3.6526767388697454
1776662253200,-0.7454949803225696,-3.012204671423137,-9.134627521514892,0.5393546923507838,2.830488875548052,3.7687925160809006
1776662253217,-0.7552213515017181,-3.1045310729429123,-9.042001844787597,-0.11351422218932114,5.95153997480397,3.792720376290748
1776662253233,-0.8640078894350677,-3.034650604248047,-9.12924056777954,0.40004524690470467,5.674931827570441,3.5341479838908714
1776662253250,-0.7308304220888763,-2.927509495434165,-9.933392465862632,6.812064409276476,-2.7547032309517063,4.831090557032515
1776662253267,-0.6069305592410266,-2.9861677283689376,-9.611372927093505,4.097663563296076,-7.7034186101151265,3.979329682151959
1776662253284,-0.7793130057070404,-3.1157538932248947,-9.010428310394287,-0.4994893327646524,-7.492144637387353,3.164663137766919
1776662253300,-0.7703347494814544,-3.117549544470012,-8.775796547698974,-4.620380074911267,-0.582578850822122,3.9811665761518693
1776662253317,-0.7839517714235931,-3.0992940490722654,-9.005939182281494,-3.8174742625033438,6.770011788330353,3.77198947149929
1776662253334,-0.6374565573427826,-2.922123126220703,-10.184185674285889,17.600352472179846,-13.45821925474511,6.462535454916597
1776662253350,-0.6555627073977143,-2.8571804061889647,-12.183643335723875,39.46424904315964,-3.7805797150410503,9.04891294264157
1776662253367,-0.9991306456301361,-3.485209429168701,-9.877727861785887,23.807512276671545,-8.75048917119902,7.66053099854297
1776662253383,-1.0402809866640716,-3.180696905517578,-7.634211268615722,7.009050906921051,-18.00874314303325,3.349084221772787
1776662253400,-0.8686466551516204,-3.1350571441099047,-7.97388862915039,-3.944343745675861,-17.58405734836749,0.48844801180620945
1776662253417,-1.2047327862612902,-3.1338600432798263,-8.352172491455077,-5.564801857393155,-7.397263918305767,-1.2967136550827423
1776662253433,-0.7942767660830169,-3.2939725715637205,-9.060556907653808,-3.1456098981903455,-3.100008353640167,1.4334940629060655
1776662253450,-0.7164652121279388,-3.146429894256592,-9.923217693328857,-0.6496960248663696,0.23849088918809883,4.7167570323079095
1776662253467,-0.5882257857058197,-3.414430550329387,-9.756671040344237,-2.160860544414587,-4.536901929762195,5.355090290438022
1776662253483,-1.474678877313435,-3.3828567236751317,-7.872583386883139,-18.975264429461536,-6.627320598832325,-6.712683449305498
1776662253500,-1.1833345358584075,-2.904465596716106,-9.19986951675415,-12.91604310729773,-6.292100037009976,-1.0828769740340392
1776662253517,-0.8360256575319915,-3.093906803075969,-9.349357482910156,-12.950742175828687,-1.1904155277515396,2.2983791462768006
1776662253534,-0.9642650108888745,-3.2287302840635177,-9.066841102489828,-19.206503898906902,-1.9046669788365789,0.20824264939675688
1776662253550,-1.1327570257876067,-3.285443228149414,-9.236530729675293,-20.77551104938014,0.6065357393359417,0.9546139188274274
1776662253567,-1.1195889166567474,-3.0075659057065844,-9.208099584960937,-20.09273801918898,-0.2917349618522721,4.394004127041773
1776662253583,-0.4415808609560132,-3.1964085616514084,-8.968678834423422,-17.654756636466292,3.8369834172070156,11.136523550189178
1776662253600,-1.0969936384890229,-2.7534812545225025,-9.273341580200194,-14.440691594206315,7.032250498210646,8.295184492257738
1776662253617,-1.5011648062441496,-2.6792610030576585,-9.21887349243164,-12.473484415121339,9.901567291642928,4.127634860260915
1776662253633,-0.7855978581301868,-2.7118822929382325,-8.815300875091552,-5.126187172575623,13.006430415679093,6.264694756738947
1776662253656,-0.8544310097292065,-2.7012577308103443,-9.256132671245933,4.044656599581723,17.27852932641448,7.141331180576689
1776662253667,-0.9639658087465911,-2.5567078055784105,-9.395594917950033,3.0896320156304484,12.658438253882467,7.397004371117307
1776662253683,-1.3326728644106536,-3.6342481902524826,-9.925312619781494,-3.86581236503317,3.586309925138847,7.424378915537072
1776662253699,-0.591218537781015,-2.174982570648193,-9.594314240264891,-12.221358227194074,-7.260636229243417,6.221886546115892
1776662254221,-0.9822215233400463,-2.6545707984372973,-9.492410447582602,1.6578286379873723,7.246044383855331,5.156026561512117
1776662254233,-0.6417960478518158,-2.4616880733214317,-9.515006310272216,-2.094164600943059,4.008355851690397,5.520617790539165
1776662254250,-0.6145620039675385,-2.318185465185344,-9.709235919952391,-6.2038104504774525,-5.913574795189278,5.215813768638177
1776662254267,-0.2383731411807239,-2.321028725787252,-9.62139864654541,-9.612939719017469,-11.156153513863796,6.382216272258655
1776662254283,-0.8349781943056732,-2.7422584342405196,-9.495702474865316,-7.358379651360885,-5.522936212875562,5.507987490103343
1776662254338,-0.9373303152773529,-1.8312647025510667,-9.092728992462158,-8.596187513885615,-3.7040884265260776,-1.5960473357887857
1776662254350,-1.595436496612802,-1.7788916873656213,-9.228599936676025,-7.010734975438283,-7.815631787989266,-3.8235416049204307
1776662254367,-0.5437834173891694,-2.5884311237059534,-9.900622415161132,-1.4201083862367214,-7.508527699885275,2.569622179917286
1776662254383,-0.708085506317392,-2.2188260962888595,-9.438541494750975,-0.7613438978649848,-5.247921207265937,2.8554357146047007
1776662254400,-0.8970777998659759,-2.1498433070860803,-9.260023833465576,-1.0410527375382892,0.03383216811489457,1.75263721319585
1776662254417,-1.2605475393984467,-2.1796211902342737,-9.273640855407715,-1.590443699183319,5.729776965945174,-2.1821549398125715
1776662254433,-1.0262150519106537,-2.2420199248716233,-9.586084172058104,-0.6287272373927246,4.822221983282076,-0.9069864761363996
1776662254450,-0.7314289725039154,-2.313247570391744,-9.91408979949951,-0.7211099215070842,-0.10709093620302661,0.21346315507846803
1776662254467,-0.8866031676027923,-2.0593124106809495,-9.626336687469482,-2.315824089747248,-4.7416086756030005,-0.6728123198646018
1776662254483,-1.0705077826235443,-2.096273044940084,-9.574113163757323,-0.598741106110782,-4.434493488441609,-0.7171383265872804
1776662254500,-0.9965867333009838,-2.1586717795774337,-9.300425401958822,-2.3223891822000997,-2.7752832312511897,-0.18340117134414116
1776662254517,-0.9196730780337006,-2.4073696231566366,-9.259126007843017,-3.3289219302297326,-0.5959150086199835,1.6401482664339713
1776662254533,-0.8729861456606537,-2.319233074542135,-9.44916576461792,-1.7711254680620168,-1.3015634095585686,3.849248729409066
1776662254550,-0.8304890661928802,-2.174832640783489,-9.605686113628744,-1.373437276751201,-1.0284072826202453,3.5594625859456426
1776662254567,-0.8562266609743237,-2.2545893374569714,-9.60912777851522,-1.825214589872994,-0.09948520039710006,3.452769908468166
1776662254584,-0.8755299118593335,-2.193986254064739,-9.598802783855795,-3.3908836988327957,2.4397200927532827,3.265214621406908
1776662254600,-0.8722379576418549,-2.0808605178833006,-9.463231699371338,-3.579177073211238,2.0114516504244393,2.2110001093380043
1776662254617,-0.9774332661502063,-2.253392528887838,-9.404424121093749,-2.799863374526773,2.742979638128203,1.515267648970397
1776662254634,-0.9445129933230578,-2.0872946425840255,-9.200617704772949,-8.236352657841834,0.5848129096500979,3.2926015455445437
1776662254658,-0.9888057240359485,-2.2722468669615683,-10.06881508178711,-4.331404162638137,9.200804396951607,2.3269730929068246
1776662254667,-0.9291002470705657,-1.904587128393352,-10.685322009277343,-3.7381241129338973,-0.7669546848247387,1.9024576260834913
1776662254683,-1.000327673394978,-1.3599063968382774,-10.651353688701986,-5.509521721345656,-22.080657746932022,-2.6044973392627826
